image_id,category_id,score,bbox_xyxy,bbox_xywh,is_tp,matched_gt_index,best_same_iou,best_any_iou,best_any_class,error_type,file_name,predicted_class,best_any_class_name
562,2,0.8042995929718018,"[0.023603439331054688, 490.89288330078125, 599.7100219726562, 600.0296020507812]","[0.023603439331054688, 490.89288330078125, 599.6864185333252, 109.13671875]",False,,0.38244363581978774,0.38244363581978774,2,localization,Japan_009349.jpg,D20,D20
553,2,0.7228338122367859,"[75.7306137084961, 404.7195129394531, 598.0826416015625, 597.7706298828125]","[75.7306137084961, 404.7195129394531, 522.3520278930664, 193.05111694335938]",False,,0.0,0.8996107079984953,0,class_confusion,Japan_009221.jpg,D20,D00
719,3,0.7118435502052307,"[323.2855529785156, 487.470458984375, 411.9223937988281, 527.5984497070312]","[323.2855529785156, 487.470458984375, 88.6368408203125, 40.12799072265625]",False,,0.0,0.08651031183590403,0,background_or_unlabeled,Japan_011876.jpg,D40,D00
586,0,0.7116925716400146,"[293.79693603515625, 349.5545959472656, 411.2026062011719, 520.4577026367188]","[293.79693603515625, 349.5545959472656, 117.40567016601562, 170.90310668945312]",False,,0.37438701689035503,0.37438701689035503,0,localization,Japan_009908.jpg,D00,D00
388,1,0.7089534401893616,"[256.1094970703125, 425.35205078125, 546.7069091796875, 463.86212158203125]","[256.1094970703125, 425.35205078125, 290.597412109375, 38.51007080078125]",False,,0.27571228662252567,0.27571228662252567,1,localization,Japan_006182.jpg,D10,D10
654,2,0.7027713656425476,"[164.87901306152344, 9.645545959472656, 595.50634765625, 443.6969299316406]","[164.87901306152344, 9.645545959472656, 430.62733459472656, 434.05138397216797]",False,,0.2619038190951354,0.2619038190951354,2,localization,Japan_011058.jpg,D20,D20
41,2,0.6887871623039246,"[268.8917541503906, 336.9232177734375, 488.23077392578125, 475.26483154296875]","[268.8917541503906, 336.9232177734375, 219.33901977539062, 138.34161376953125]",False,,0.43180376193013814,0.43180376193013814,2,localization,Japan_000680.jpg,D20,D20
40,0,0.6885240077972412,"[371.2742919921875, 495.5776062011719, 449.5832214355469, 570.7797241210938]","[371.2742919921875, 495.5776062011719, 78.30892944335938, 75.20211791992188]",False,,0.0,0.01249665233042952,1,background_or_unlabeled,Japan_000671.jpg,D00,D10
490,3,0.6796014904975891,"[218.15078735351562, 427.9314880371094, 276.583740234375, 477.81671142578125]","[218.15078735351562, 427.9314880371094, 58.432952880859375, 49.885223388671875]",False,,0.39900374414347034,0.39900374414347034,3,localization,Japan_007841.jpg,D40,D40
620,3,0.6764543056488037,"[247.68634033203125, 523.8648681640625, 313.9156494140625, 558.7613525390625]","[247.68634033203125, 523.8648681640625, 66.22930908203125, 34.896484375]",False,,0.37415736596214166,0.37415736596214166,3,localization,Japan_010546.jpg,D40,D40
156,2,0.675145149230957,"[46.486759185791016, 91.27349853515625, 596.8594970703125, 488.94110107421875]","[46.486759185791016, 91.27349853515625, 550.3727378845215, 397.6676025390625]",False,,0.34011536774710227,0.34011536774710227,2,localization,Japan_002774.jpg,D20,D20
314,2,0.674679160118103,"[262.6521301269531, 382.8863830566406, 367.8581848144531, 565.1944580078125]","[262.6521301269531, 382.8863830566406, 105.2060546875, 182.30807495117188]",False,,0.0,0.0,1,background_or_unlabeled,Japan_005095.jpg,D20,D10
141,2,0.67389315366745,"[85.25233459472656, 414.9563903808594, 227.38409423828125, 597.548583984375]","[85.25233459472656, 414.9563903808594, 142.1317596435547, 182.59219360351562]",False,,0.4118774919857175,0.4118774919857175,2,localization,Japan_002557.jpg,D20,D20
11,3,0.6716776490211487,"[713.9539794921875, 245.91067504882812, 818.4473876953125, 331.4972839355469]","[713.9539794921875, 245.91067504882812, 104.493408203125, 85.58660888671875]",False,,0.2454775049165873,0.2454775049165873,3,localization,Japan_000129.jpg,D40,D40
300,2,0.66959547996521,"[335.42510986328125, 403.1051940917969, 589.0171508789062, 510.3101501464844]","[335.42510986328125, 403.1051940917969, 253.592041015625, 107.2049560546875]",False,,0.4543093128686238,0.4543093128686238,2,localization,Japan_004792.jpg,D20,D20
619,2,0.6649467349052429,"[5.165987968444824, 332.7869567871094, 194.87486267089844, 587.6660766601562]","[5.165987968444824, 332.7869567871094, 189.7088747024536, 254.87911987304688]",False,,0.3380612667662804,0.3380612667662804,2,localization,Japan_010526.jpg,D20,D20
147,0,0.6643282175064087,"[296.0261535644531, 528.7708740234375, 383.3285827636719, 599.57177734375]","[296.0261535644531, 528.7708740234375, 87.30242919921875, 70.8009033203125]",False,,0.0,0.7893323804887123,2,class_confusion,Japan_002671.jpg,D00,D20
55,3,0.6631972193717957,"[190.07952880859375, 532.8033447265625, 291.88446044921875, 592.9309692382812]","[190.07952880859375, 532.8033447265625, 101.804931640625, 60.12762451171875]",False,,0.30875851338852695,0.30875851338852695,3,localization,Japan_000949.jpg,D40,D40
296,0,0.6610847115516663,"[452.5361633300781, 397.6483459472656, 517.0604248046875, 435.465087890625]","[452.5361633300781, 397.6483459472656, 64.52426147460938, 37.816741943359375]",False,,0.0,0.0,0,background_or_unlabeled,Japan_004767.jpg,D00,D00
740,2,0.6550388336181641,"[398.5288391113281, 356.3553161621094, 597.6311645507812, 599.5927734375]","[398.5288391113281, 356.3553161621094, 199.10232543945312, 243.23745727539062]",False,,0.0,0.9315258716913443,0,class_confusion,Japan_012185.jpg,D20,D00
11,3,0.6488974690437317,"[635.9607543945312, 165.37289428710938, 777.8284301757812, 257.2369689941406]","[635.9607543945312, 165.37289428710938, 141.86767578125, 91.86407470703125]",False,,0.3577224079512966,0.3577224079512966,3,localization,Japan_000129.jpg,D40,D40
505,2,0.6485869288444519,"[324.6512145996094, 389.71746826171875, 538.59033203125, 597.7171020507812]","[324.6512145996094, 389.71746826171875, 213.93911743164062, 207.9996337890625]",False,,0.0,0.4231842028367118,0,localization,Japan_008139.jpg,D20,D00
65,2,0.648118793964386,"[289.982421875, 473.68023681640625, 582.5346069335938, 589.3751831054688]","[289.982421875, 473.68023681640625, 292.55218505859375, 115.6949462890625]",False,,0.43701955155203803,0.43701955155203803,2,localization,Japan_001207.jpg,D20,D20
227,3,0.6467989683151245,"[0.2958526611328125, 163.07888793945312, 96.74543762207031, 389.9387512207031]","[0.2958526611328125, 163.07888793945312, 96.4495849609375, 226.85986328125]",False,,0.0,0.0,3,background_or_unlabeled,Japan_003815.jpg,D40,D40
454,2,0.6460822820663452,"[242.44752502441406, 390.4625549316406, 433.6259460449219, 598.999267578125]","[242.44752502441406, 390.4625549316406, 191.1784210205078, 208.53671264648438]",False,,0.4396144205005408,0.4396144205005408,2,localization,Japan_007283.jpg,D20,D20
702,1,0.6404708623886108,"[0.31114518642425537, 373.5141906738281, 115.27381896972656, 403.0064697265625]","[0.31114518642425537, 373.5141906738281, 114.96267378330231, 29.492279052734375]",False,,0.0,0.0,2,background_or_unlabeled,Japan_011660.jpg,D10,D20
664,0,0.6382567286491394,"[1.4583796262741089, 45.924102783203125, 142.71107482910156, 219.019287109375]","[1.4583796262741089, 45.924102783203125, 141.25269520282745, 173.09518432617188]",False,,0.0,0.0,1,background_or_unlabeled,Japan_011145.jpg,D00,D10
534,1,0.6374647617340088,"[209.62930297851562, 507.86474609375, 348.45379638671875, 535.3784790039062]","[209.62930297851562, 507.86474609375, 138.82449340820312, 27.51373291015625]",False,,0.4141816603718963,0.4141816603718963,1,localization,Japan_008755.jpg,D10,D10
302,2,0.6367527842521667,"[0.9505391120910645, 328.0270690917969, 188.59642028808594, 515.3466796875]","[0.9505391120910645, 328.0270690917969, 187.64588117599487, 187.31961059570312]",False,,0.35072792296985955,0.35072792296985955,2,localization,Japan_004836.jpg,D20,D20
397,0,0.6360191702842712,"[0.2224445343017578, 373.4759216308594, 114.92562103271484, 455.55517578125]","[0.2224445343017578, 373.4759216308594, 114.70317649841309, 82.07925415039062]",False,,0.0,0.6691626663783198,1,class_confusion,Japan_006325.jpg,D00,D10
623,2,0.635199248790741,"[256.02532958984375, 409.5330505371094, 571.2633666992188, 580.0723266601562]","[256.02532958984375, 409.5330505371094, 315.238037109375, 170.53927612304688]",False,,0.48476141710603915,0.48476141710603915,2,localization,Japan_010608.jpg,D20,D20
763,0,0.6337913274765015,"[382.9324645996094, 387.0963439941406, 422.6158752441406, 480.52789306640625]","[382.9324645996094, 387.0963439941406, 39.68341064453125, 93.43154907226562]",False,,0.0,0.0,3,background_or_unlabeled,Japan_012598.jpg,D00,D40
581,1,0.6334154009819031,"[-0.33763647079467773, 381.849853515625, 443.204833984375, 432.0338439941406]","[-0.33763647079467773, 381.849853515625, 443.5424704551697, 50.183990478515625]",False,,0.4311033165658406,0.4311033165658406,1,localization,Japan_009785.jpg,D10,D10
759,3,0.6319430470466614,"[117.09002685546875, 550.3472900390625, 180.53761291503906, 588.9827270507812]","[117.09002685546875, 550.3472900390625, 63.44758605957031, 38.63543701171875]",False,,0.0,0.0,3,background_or_unlabeled,Japan_012465.jpg,D40,D40
400,2,0.6311745643615723,"[89.83808898925781, 454.7568664550781, 244.8970489501953, 594.48193359375]","[89.83808898925781, 454.7568664550781, 155.0589599609375, 139.72506713867188]",False,,0.4531750612860143,0.4531750612860143,2,localization,Japan_006364.jpg,D20,D20
638,1,0.6305328011512756,"[122.0611801147461, 261.34814453125, 348.19775390625, 305.9359130859375]","[122.0611801147461, 261.34814453125, 226.1365737915039, 44.5877685546875]",False,,0.35496312282175313,0.35496312282175313,1,localization,Japan_010837.jpg,D10,D10
10,2,0.6274058222770691,"[187.37203979492188, 358.0508728027344, 291.9736022949219, 490.12799072265625]","[187.37203979492188, 358.0508728027344, 104.6015625, 132.07711791992188]",False,,0.4412338444930081,0.4412338444930081,2,localization,Japan_000128.jpg,D20,D20
710,0,0.6269980072975159,"[9.186994552612305, 437.1515808105469, 122.66372680664062, 591.6088256835938]","[9.186994552612305, 437.1515808105469, 113.47673225402832, 154.45724487304688]",False,,0.0,0.8052097920860898,2,class_confusion,Japan_011787.jpg,D00,D20
619,1,0.6254534721374512,"[145.9792022705078, 434.6798095703125, 261.73150634765625, 456.35162353515625]","[145.9792022705078, 434.6798095703125, 115.75230407714844, 21.67181396484375]",False,,0.0,0.02039647450981369,2,background_or_unlabeled,Japan_010526.jpg,D10,D20
307,0,0.6245217323303223,"[449.0983581542969, 467.1282958984375, 561.2899780273438, 581.6371459960938]","[449.0983581542969, 467.1282958984375, 112.19161987304688, 114.50885009765625]",False,,0.0,0.6037092754819529,2,class_confusion,Japan_004964.jpg,D00,D20
486,3,0.6202887296676636,"[265.59710693359375, 546.910888671875, 338.29180908203125, 581.0760498046875]","[265.59710693359375, 546.910888671875, 72.6947021484375, 34.1651611328125]",False,,0.0,0.08832555255888112,2,background_or_unlabeled,Japan_007782.jpg,D40,D20
102,0,0.6184026002883911,"[407.7054138183594, 524.7454223632812, 495.9071960449219, 595.95703125]","[407.7054138183594, 524.7454223632812, 88.2017822265625, 71.21160888671875]",False,,0.4805243608390748,0.4805243608390748,0,localization,Japan_001890.jpg,D00,D00
495,0,0.6174652576446533,"[158.3490753173828, 467.7971496582031, 303.6123352050781, 598.754150390625]","[158.3490753173828, 467.7971496582031, 145.2632598876953, 130.95700073242188]",False,,0.47306717617379884,0.47306717617379884,0,localization,Japan_007951.jpg,D00,D00
617,0,0.6168391704559326,"[526.3739624023438, 459.8289794921875, 597.69677734375, 509.9698181152344]","[526.3739624023438, 459.8289794921875, 71.32281494140625, 50.140838623046875]",False,,0.0,0.0,3,background_or_unlabeled,Japan_010510.jpg,D00,D40
774,2,0.6127763390541077,"[59.58601379394531, 353.904541015625, 334.93939208984375, 598.9503173828125]","[59.58601379394531, 353.904541015625, 275.35337829589844, 245.0457763671875]",False,,0.3187556082429734,0.3187556082429734,2,localization,Japan_012807.jpg,D20,D20
480,1,0.6125582456588745,"[112.43499755859375, 483.51336669921875, 264.5111999511719, 513.1947631835938]","[112.43499755859375, 483.51336669921875, 152.07620239257812, 29.681396484375]",False,,0.02352316699153643,0.02352316699153643,1,background_or_unlabeled,Japan_007679.jpg,D10,D10
62,1,0.6114786863327026,"[327.82928466796875, 493.44305419921875, 578.1092529296875, 524.3695678710938]","[327.82928466796875, 493.44305419921875, 250.27996826171875, 30.926513671875]",False,,0.4575578253336054,0.4575578253336054,1,localization,Japan_001157.jpg,D10,D10
229,0,0.610517144203186,"[52.667964935302734, 35.51813507080078, 287.3990173339844, 364.3717346191406]","[52.667964935302734, 35.51813507080078, 234.73105239868164, 328.85359954833984]",False,,0.4488828598915919,0.4488828598915919,0,localization,Japan_003821.jpg,D00,D00
56,0,0.6091016530990601,"[412.893310546875, 96.26716613769531, 550.0970458984375, 345.2549133300781]","[412.893310546875, 96.26716613769531, 137.2037353515625, 248.9877471923828]",False,,0.0,0.0,3,background_or_unlabeled,Japan_000994.jpg,D00,D40
6,0,0.608051061630249,"[200.6044158935547, 483.09722900390625, 248.78955078125, 585.533447265625]","[200.6044158935547, 483.09722900390625, 48.18513488769531, 102.43621826171875]",False,,0.30389576167202,0.30389576167202,0,localization,Japan_000072.jpg,D00,D00
9,0,0.6070162653923035,"[188.5998077392578, 525.6561889648438, 241.873779296875, 588.26904296875]","[188.5998077392578, 525.6561889648438, 53.27397155761719, 62.61285400390625]",False,,0.3987246323942152,0.3987246323942152,0,localization,Japan_000113.jpg,D00,D00
100,2,0.6034666895866394,"[37.506507873535156, 381.0220947265625, 353.0517272949219, 597.6937866210938]","[37.506507873535156, 381.0220947265625, 315.5452194213867, 216.67169189453125]",False,,0.3958226494379492,0.3958226494379492,2,localization,Japan_001878.jpg,D20,D20
256,3,0.6018878817558289,"[248.1779327392578, 530.9342651367188, 300.5660400390625, 566.0870361328125]","[248.1779327392578, 530.9342651367188, 52.38810729980469, 35.15277099609375]",False,,0.0,0.0,0,background_or_unlabeled,Japan_004176.jpg,D40,D00
722,2,0.6006075143814087,"[267.4220275878906, 386.4574890136719, 598.9876098632812, 598.8155517578125]","[267.4220275878906, 386.4574890136719, 331.5655822753906, 212.35806274414062]",False,,0.23083174349766483,0.23083174349766483,2,localization,Japan_011903.jpg,D20,D20
628,2,0.5989506244659424,"[6.020631313323975, 40.022247314453125, 539.3250732421875, 531.8741455078125]","[6.020631313323975, 40.022247314453125, 533.3044419288635, 491.8518981933594]",False,,0.4781017777014197,0.4781017777014197,2,localization,Japan_010686.jpg,D20,D20
595,0,0.5978195667266846,"[291.6887512207031, 457.12030029296875, 416.6952209472656, 599.246337890625]","[291.6887512207031, 457.12030029296875, 125.0064697265625, 142.12603759765625]",False,,0.0,0.8789556089101175,2,class_confusion,Japan_010111.jpg,D00,D20
79,0,0.5973057746887207,"[360.53338623046875, 380.9140930175781, 392.6365661621094, 491.91693115234375]","[360.53338623046875, 380.9140930175781, 32.103179931640625, 111.00283813476562]",False,,0.19975022901138792,0.19975022901138792,0,localization,Japan_001514.jpg,D00,D00
41,2,0.5971945524215698,"[117.45729064941406, 305.4272766113281, 241.92666625976562, 450.2569885253906]","[117.45729064941406, 305.4272766113281, 124.46937561035156, 144.8297119140625]",False,,0.19369015010534987,0.19369015010534987,2,localization,Japan_000680.jpg,D20,D20
268,1,0.5969436168670654,"[0.45388340950012207, 435.5455322265625, 95.85975646972656, 461.4717102050781]","[0.45388340950012207, 435.5455322265625, 95.40587306022644, 25.926177978515625]",False,,0.0,0.0,2,background_or_unlabeled,Japan_004283.jpg,D10,D20
404,0,0.5965456366539001,"[177.4197998046875, 356.6186218261719, 251.3961181640625, 466.10052490234375]","[177.4197998046875, 356.6186218261719, 73.976318359375, 109.48190307617188]",False,,0.0,0.8689888637453878,2,class_confusion,Japan_006423.jpg,D00,D20
288,0,0.5960851907730103,"[471.80780029296875, 467.7712707519531, 550.3079833984375, 545.978759765625]","[471.80780029296875, 467.7712707519531, 78.50018310546875, 78.20748901367188]",False,,0.0,0.0,1,background_or_unlabeled,Japan_004620.jpg,D00,D10
752,0,0.5937337875366211,"[158.15777587890625, 326.194091796875, 266.69561767578125, 441.139404296875]","[158.15777587890625, 326.194091796875, 108.537841796875, 114.9453125]",False,,0.19741106646577633,0.19741106646577633,0,localization,Japan_012383.jpg,D00,D00
640,2,0.5930895805358887,"[168.0457305908203, 419.2731018066406, 221.3771209716797, 460.4561767578125]","[168.0457305908203, 419.2731018066406, 53.331390380859375, 41.183074951171875]",False,,0.0,0.573678889364039,0,class_confusion,Japan_010847.jpg,D20,D00
647,1,0.5927312970161438,"[353.9190673828125, 404.90277099609375, 596.275146484375, 447.8995056152344]","[353.9190673828125, 404.90277099609375, 242.3560791015625, 42.996734619140625]",False,,0.3316533142817457,0.3316533142817457,1,localization,Japan_010948.jpg,D10,D10
76,0,0.5925325751304626,"[301.34991455078125, 484.89581298828125, 332.99603271484375, 554.111328125]","[301.34991455078125, 484.89581298828125, 31.6461181640625, 69.21551513671875]",False,,0.4774198715786962,0.4774198715786962,0,localization,Japan_001485.jpg,D00,D00
451,0,0.5921174883842468,"[448.5870056152344, 438.33154296875, 595.3645629882812, 579.4942626953125]","[448.5870056152344, 438.33154296875, 146.77755737304688, 141.1627197265625]",False,,0.0,0.4572835840565187,2,localization,Japan_007267.jpg,D00,D20
162,1,0.5911498665809631,"[257.9626770019531, 352.3592224121094, 362.3684387207031, 374.6904296875]","[257.9626770019531, 352.3592224121094, 104.40576171875, 22.331207275390625]",False,,0.0,0.0,0,background_or_unlabeled,Japan_002864.jpg,D10,D00
460,0,0.5907877087593079,"[86.27296447753906, 462.01080322265625, 163.245849609375, 536.209716796875]","[86.27296447753906, 462.01080322265625, 76.97288513183594, 74.19891357421875]",False,,0.3755255954526365,0.3755255954526365,0,localization,Japan_007367.jpg,D00,D00
73,1,0.5906554460525513,"[-0.27272701263427734, 551.5545654296875, 118.42024993896484, 596.457763671875]","[-0.27272701263427734, 551.5545654296875, 118.69297695159912, 44.9031982421875]",False,,0.0,0.8329748345172983,0,class_confusion,Japan_001385.jpg,D10,D00
380,0,0.5905599594116211,"[375.6517333984375, 494.78173828125, 505.6301574707031, 568.1384887695312]","[375.6517333984375, 494.78173828125, 129.97842407226562, 73.35675048828125]",False,,0.11375639880986191,0.11375639880986191,0,localization,Japan_006107.jpg,D00,D00
569,3,0.5893180966377258,"[358.1557312011719, 276.4905090332031, 411.5196838378906, 305.0561218261719]","[358.1557312011719, 276.4905090332031, 53.36395263671875, 28.56561279296875]",False,,0.02346793082239018,0.02346793082239018,3,background_or_unlabeled,Japan_009502.jpg,D40,D40
36,2,0.5888419151306152,"[0.1781255006790161, 362.965576171875, 102.4009017944336, 515.8865966796875]","[0.1781255006790161, 362.965576171875, 102.22277629375458, 152.9210205078125]",False,,0.14037999311510752,0.14037999311510752,2,localization,Japan_000641.jpg,D20,D20
494,1,0.5884095430374146,"[16.419410705566406, 545.4801025390625, 160.76913452148438, 577.5653686523438]","[16.419410705566406, 545.4801025390625, 144.34972381591797, 32.08526611328125]",False,,0.447803155038553,0.447803155038553,1,localization,Japan_007944.jpg,D10,D10
560,0,0.5871862173080444,"[347.68365478515625, 395.2283020019531, 403.1746520996094, 452.0281066894531]","[347.68365478515625, 395.2283020019531, 55.490997314453125, 56.7998046875]",False,,0.48859762120826544,0.48859762120826544,0,localization,Japan_009335.jpg,D00,D00
404,0,0.5867577791213989,"[373.1712951660156, 395.0456848144531, 526.320556640625, 595.8508911132812]","[373.1712951660156, 395.0456848144531, 153.14926147460938, 200.80520629882812]",False,,0.0,0.6010337069296107,2,class_confusion,Japan_006423.jpg,D00,D20
142,2,0.5835717916488647,"[410.68475341796875, 403.89483642578125, 560.41064453125, 525.6267700195312]","[410.68475341796875, 403.89483642578125, 149.72589111328125, 121.73193359375]",False,,0.44936938447403835,0.44936938447403835,2,localization,Japan_002577.jpg,D20,D20
209,0,0.5831415057182312,"[225.29421997070312, 380.9967041015625, 307.8416748046875, 466.1434631347656]","[225.29421997070312, 380.9967041015625, 82.54745483398438, 85.14675903320312]",False,,0.0,0.0,3,background_or_unlabeled,Japan_003596.jpg,D00,D40
607,0,0.5809235572814941,"[121.02033996582031, 439.6165466308594, 147.63525390625, 478.5259094238281]","[121.02033996582031, 439.6165466308594, 26.614913940429688, 38.90936279296875]",False,,0.0,0.0,0,background_or_unlabeled,Japan_010341.jpg,D00,D00
550,2,0.5807730555534363,"[0.6023883819580078, 403.43426513671875, 597.5440673828125, 592.5635986328125]","[0.6023883819580078, 403.43426513671875, 596.9416790008545, 189.12933349609375]",False,,0.3429608554584483,0.3429608554584483,2,localization,Japan_009159.jpg,D20,D20
369,1,0.5799645185470581,"[5.275332927703857, 512.3192138671875, 222.1712646484375, 550.504150390625]","[5.275332927703857, 512.3192138671875, 216.89593172073364, 38.1849365234375]",False,,0.2524704497647163,0.2524704497647163,1,localization,Japan_006022.jpg,D10,D10
131,3,0.5790143013000488,"[49.95289611816406, 344.9126892089844, 128.1132049560547, 379.43609619140625]","[49.95289611816406, 344.9126892089844, 78.16030883789062, 34.523406982421875]",False,,0.0,0.0,2,background_or_unlabeled,Japan_002389.jpg,D40,D20
187,3,0.5787582397460938,"[395.46112060546875, 496.9963073730469, 501.5639953613281, 549.6880493164062]","[395.46112060546875, 496.9963073730469, 106.10287475585938, 52.691741943359375]",False,,0.17468895438333715,0.17468895438333715,3,localization,Japan_003167.jpg,D40,D40
75,1,0.5774903297424316,"[457.4469299316406, 342.9989929199219, 598.400634765625, 368.9964599609375]","[457.4469299316406, 342.9989929199219, 140.95370483398438, 25.997467041015625]",False,,0.0,0.0,1,background_or_unlabeled,Japan_001423.jpg,D10,D10
425,2,0.5774587988853455,"[214.52236938476562, 465.5908508300781, 371.0143127441406, 553.3677368164062]","[214.52236938476562, 465.5908508300781, 156.491943359375, 87.77688598632812]",False,,0.24732060357253607,0.24732060357253607,2,localization,Japan_006888.jpg,D20,D20
619,1,0.575912594795227,"[172.32481384277344, 383.6879577636719, 255.4097442626953, 401.195068359375]","[172.32481384277344, 383.6879577636719, 83.08493041992188, 17.507110595703125]",False,,0.0,0.011826791330172138,2,background_or_unlabeled,Japan_010526.jpg,D10,D20
60,0,0.5745471715927124,"[472.50823974609375, 123.27886962890625, 598.2825317382812, 292.4991149902344]","[472.50823974609375, 123.27886962890625, 125.7742919921875, 169.22024536132812]",False,,0.0,0.20937100495163385,2,localization,Japan_001134.jpg,D00,D20
15,0,0.5736886858940125,"[334.42431640625, 472.8918762207031, 378.71575927734375, 585.8550415039062]","[334.42431640625, 472.8918762207031, 44.29144287109375, 112.96316528320312]",False,,0.0,0.05476228691474664,2,background_or_unlabeled,Japan_000257.jpg,D00,D20
262,0,0.573541522026062,"[309.1906433105469, 297.3122863769531, 423.1559753417969, 387.49774169921875]","[309.1906433105469, 297.3122863769531, 113.96533203125, 90.18545532226562]",False,,0.0,0.0,3,background_or_unlabeled,Japan_004217.jpg,D00,D40
347,1,0.5723994970321655,"[212.65576171875, 542.302001953125, 418.2243957519531, 589.636474609375]","[212.65576171875, 542.302001953125, 205.56863403320312, 47.33447265625]",False,,0.0,0.40328592865663615,0,localization,Japan_005587.jpg,D10,D00
141,3,0.5710501670837402,"[99.6867446899414, 515.3348999023438, 131.7381134033203, 542.648681640625]","[99.6867446899414, 515.3348999023438, 32.051368713378906, 27.31378173828125]",False,,0.17924735656232754,0.17924735656232754,3,localization,Japan_002557.jpg,D40,D40
733,3,0.5686227083206177,"[547.4859008789062, 514.681640625, 599.4196166992188, 556.4358520507812]","[547.4859008789062, 514.681640625, 51.9337158203125, 41.75421142578125]",False,,0.0,0.0,3,background_or_unlabeled,Japan_012062.jpg,D40,D40
666,2,0.5682110786437988,"[4.096698760986328, 398.9884033203125, 468.3480224609375, 598.8334350585938]","[4.096698760986328, 398.9884033203125, 464.2513236999512, 199.84503173828125]",False,,0.4718456757191003,0.4718456757191003,2,localization,Japan_011164.jpg,D20,D20
550,2,0.5671846866607666,"[1.1561036109924316, 405.3980712890625, 591.8524169921875, 547.8671264648438]","[1.1561036109924316, 405.3980712890625, 590.6963133811951, 142.46905517578125]",False,,0.4600982104692221,0.4600982104692221,2,localization,Japan_009159.jpg,D20,D20
727,3,0.5660247802734375,"[26.654800415039062, 469.8230285644531, 67.83333587646484, 491.0699768066406]","[26.654800415039062, 469.8230285644531, 41.17853546142578, 21.2469482421875]",False,,0.0,0.0017480137834615394,2,background_or_unlabeled,Japan_011978.jpg,D40,D20
2,0,0.5657931566238403,"[154.07931518554688, 366.0628662109375, 228.03526306152344, 593.1521606445312]","[154.07931518554688, 366.0628662109375, 73.95594787597656, 227.08929443359375]",False,,0.0,0.1227936040704766,2,localization,Japan_000004.jpg,D00,D20
182,2,0.5652163624763489,"[160.25474548339844, 321.12408447265625, 220.66360473632812, 356.5198059082031]","[160.25474548339844, 321.12408447265625, 60.40885925292969, 35.395721435546875]",False,,0.0,0.0,2,background_or_unlabeled,Japan_003067.jpg,D20,D20
670,1,0.5650066137313843,"[217.4347381591797, 469.4403076171875, 415.9983215332031, 492.3699645996094]","[217.4347381591797, 469.4403076171875, 198.56358337402344, 22.929656982421875]",False,,0.0,0.0,0,background_or_unlabeled,Japan_011215.jpg,D10,D00
418,2,0.5649032592773438,"[296.6488952636719, 505.380859375, 506.707763671875, 597.2801513671875]","[296.6488952636719, 505.380859375, 210.05886840820312, 91.8992919921875]",False,,0.0,0.8711734577619943,0,class_confusion,Japan_006752.jpg,D20,D00
1,2,0.5645335912704468,"[366.9955749511719, 335.5411376953125, 599.192626953125, 597.4002685546875]","[366.9955749511719, 335.5411376953125, 232.19705200195312, 261.859130859375]",False,,0.383843572693349,0.383843572693349,2,localization,Japan_000000.jpg,D20,D20
717,0,0.5640860795974731,"[349.6567077636719, 426.71539306640625, 422.8698425292969, 552.7728271484375]","[349.6567077636719, 426.71539306640625, 73.213134765625, 126.05743408203125]",False,,0.33615060310905653,0.33615060310905653,0,localization,Japan_011861.jpg,D00,D00
447,0,0.564049482345581,"[333.8410949707031, 143.44940185546875, 577.5770874023438, 452.07208251953125]","[333.8410949707031, 143.44940185546875, 243.73599243164062, 308.6226806640625]",False,,0.48811306227263507,0.48811306227263507,0,localization,Japan_007226.jpg,D00,D00
395,0,0.5628977417945862,"[271.7143249511719, 476.90283203125, 342.1811828613281, 597.0785522460938]","[271.7143249511719, 476.90283203125, 70.46685791015625, 120.17572021484375]",False,,0.49867711808952725,0.49867711808952725,0,localization,Japan_006253.jpg,D00,D00
534,2,0.5624105334281921,"[0.4432171583175659, 382.9803161621094, 139.11781311035156, 452.8897705078125]","[0.4432171583175659, 382.9803161621094, 138.674595952034, 69.90945434570312]",False,,0.0,0.18773211216494237,1,localization,Japan_008755.jpg,D20,D10
47,2,0.561860978603363,"[362.9768371582031, 337.5262451171875, 574.8629150390625, 599.3126831054688]","[362.9768371582031, 337.5262451171875, 211.88607788085938, 261.78643798828125]",False,,0.4759384506468681,0.4759384506468681,2,localization,Japan_000773.jpg,D20,D20
122,2,0.5610117316246033,"[357.0377197265625, 349.7479553222656, 599.4563598632812, 513.3525390625]","[357.0377197265625, 349.7479553222656, 242.41864013671875, 163.60458374023438]",False,,0.14770809812234684,0.14770809812234684,2,localization,Japan_002228.jpg,D20,D20
141,1,0.5584518313407898,"[250.10189819335938, 439.584228515625, 373.52691650390625, 458.49072265625]","[250.10189819335938, 439.584228515625, 123.42501831054688, 18.906494140625]",False,,0.0,0.0,2,background_or_unlabeled,Japan_002557.jpg,D10,D20
440,0,0.5582260489463806,"[265.48907470703125, 367.500244140625, 293.8401184082031, 446.4579162597656]","[265.48907470703125, 367.500244140625, 28.351043701171875, 78.95767211914062]",False,,0.26447182047574985,0.26447182047574985,0,localization,Japan_007120.jpg,D00,D00
339,2,0.5578929781913757,"[371.804443359375, 419.1251220703125, 498.8731994628906, 590.2254638671875]","[371.804443359375, 419.1251220703125, 127.06875610351562, 171.100341796875]",False,,0.343085767412106,0.343085767412106,2,localization,Japan_005467.jpg,D20,D20
112,1,0.5577715039253235,"[124.93775939941406, 368.50372314453125, 311.55096435546875, 390.2148132324219]","[124.93775939941406, 368.50372314453125, 186.6132049560547, 21.711090087890625]",False,,0.4886153931268356,0.4886153931268356,1,localization,Japan_002035.jpg,D10,D10
561,3,0.5576307773590088,"[140.1854705810547, 525.52734375, 200.2910919189453, 560.2553100585938]","[140.1854705810547, 525.52734375, 60.105621337890625, 34.72796630859375]",False,,0.0,0.0,3,background_or_unlabeled,Japan_009339.jpg,D40,D40
499,0,0.5574337840080261,"[235.70315551757812, 262.6298828125, 274.8410949707031, 343.1583251953125]","[235.70315551757812, 262.6298828125, 39.137939453125, 80.5284423828125]",False,,0.4711717002498551,0.4711717002498551,0,localization,Japan_008025.jpg,D00,D00
341,2,0.5561962723731995,"[214.90684509277344, 495.2442932128906, 597.8731689453125, 590.4129028320312]","[214.90684509277344, 495.2442932128906, 382.96632385253906, 95.16860961914062]",False,,0.4912963606002511,0.4912963606002511,2,localization,Japan_005510.jpg,D20,D20
422,3,0.5554623603820801,"[0.06094425916671753, 540.9345092773438, 29.514366149902344, 570.2078857421875]","[0.06094425916671753, 540.9345092773438, 29.453421890735626, 29.27337646484375]",False,,0.0,0.01481732775400851,2,background_or_unlabeled,Japan_006861.jpg,D40,D20
331,2,0.5553240776062012,"[3.532058000564575, 139.44203186035156, 239.5037841796875, 458.91033935546875]","[3.532058000564575, 139.44203186035156, 235.97172617912292, 319.4683074951172]",False,,0.3500095481618025,0.3500095481618025,2,localization,Japan_005394.jpg,D20,D20
757,2,0.5550962686538696,"[75.64566040039062, 500.5561218261719, 259.8825988769531, 563.9634399414062]","[75.64566040039062, 500.5561218261719, 184.2369384765625, 63.407318115234375]",False,,0.35933026273619284,0.35933026273619284,2,localization,Japan_012456.jpg,D20,D20
285,2,0.5545763373374939,"[4.635948181152344, 134.02322387695312, 219.25289916992188, 399.57891845703125]","[4.635948181152344, 134.02322387695312, 214.61695098876953, 265.5556945800781]",False,,0.0,0.4802894554616999,0,localization,Japan_004585.jpg,D20,D00
605,2,0.5526338815689087,"[211.82223510742188, 324.2802734375, 333.4703063964844, 402.9993896484375]","[211.82223510742188, 324.2802734375, 121.6480712890625, 78.7191162109375]",False,,0.0,0.25250550992381493,0,localization,Japan_010323.jpg,D20,D00
529,0,0.5521133542060852,"[174.5347900390625, 101.69036102294922, 215.0359649658203, 182.91610717773438]","[174.5347900390625, 101.69036102294922, 40.50117492675781, 81.22574615478516]",False,,0.0,0.3885823474570493,2,localization,Japan_008703.jpg,D00,D20
10,1,0.5520399212837219,"[272.29742431640625, 396.2177429199219, 390.5477294921875, 419.1471862792969]","[272.29742431640625, 396.2177429199219, 118.25030517578125, 22.929443359375]",False,,0.0,0.0681762483416734,2,background_or_unlabeled,Japan_000128.jpg,D10,D20
676,3,0.5518267750740051,"[370.05145263671875, 479.0906066894531, 438.36376953125, 518.7996826171875]","[370.05145263671875, 479.0906066894531, 68.31231689453125, 39.709075927734375]",False,,0.15675023915690128,0.15675023915690128,3,localization,Japan_011328.jpg,D40,D40
22,1,0.5512950420379639,"[97.4537353515625, 361.0354309082031, 418.42755126953125, 415.47552490234375]","[97.4537353515625, 361.0354309082031, 320.97381591796875, 54.440093994140625]",False,,0.48149292086376444,0.48149292086376444,1,localization,Japan_000354.jpg,D10,D10
681,3,0.551245927810669,"[145.87606811523438, 514.8609008789062, 232.80967712402344, 558.2227172851562]","[145.87606811523438, 514.8609008789062, 86.93360900878906, 43.36181640625]",False,,0.382799317905537,0.382799317905537,3,localization,Japan_011435.jpg,D40,D40
778,2,0.5503054261207581,"[0.541234016418457, 401.0694274902344, 599.6405029296875, 599.7868041992188]","[0.541234016418457, 401.0694274902344, 599.099268913269, 198.71737670898438]",False,,0.3954037095525133,0.3954037095525133,2,localization,Japan_012964.jpg,D20,D20
18,2,0.5502935647964478,"[301.7422180175781, 152.16104125976562, 583.6891479492188, 452.7122802734375]","[301.7422180175781, 152.16104125976562, 281.9469299316406, 300.5512390136719]",False,,0.0,0.455610763443669,0,localization,Japan_000296.jpg,D20,D00
318,2,0.5500062108039856,"[11.3983154296875, 335.112548828125, 208.3378143310547, 593.9932250976562]","[11.3983154296875, 335.112548828125, 196.9394989013672, 258.88067626953125]",False,,0.0,0.7409050616743819,0,class_confusion,Japan_005153.jpg,D20,D00
364,2,0.5488004684448242,"[0.40081143379211426, 314.9126892089844, 183.5117950439453, 565.8328247070312]","[0.40081143379211426, 314.9126892089844, 183.1109836101532, 250.92013549804688]",False,,0.0,0.7458501262732719,0,class_confusion,Japan_005842.jpg,D20,D00
333,2,0.548769474029541,"[276.0733642578125, 260.99078369140625, 327.224853515625, 307.2766418457031]","[276.0733642578125, 260.99078369140625, 51.1514892578125, 46.285858154296875]",False,,0.14877334534676184,0.14877334534676184,2,localization,Japan_005427.jpg,D20,D20
589,0,0.5468838810920715,"[251.31640625, 474.0065612792969, 283.90716552734375, 540.1985473632812]","[251.31640625, 474.0065612792969, 32.59075927734375, 66.19198608398438]",False,,0.35527784659954253,0.35527784659954253,0,localization,Japan_010025.jpg,D00,D00
198,1,0.5463383793830872,"[5.213713645935059, 415.2236328125, 130.8543701171875, 440.96368408203125]","[5.213713645935059, 415.2236328125, 125.64065647125244, 25.74005126953125]",False,,0.0,0.0,1,background_or_unlabeled,Japan_003442.jpg,D10,D10
556,3,0.5459476113319397,"[284.61248779296875, 522.9730224609375, 310.65167236328125, 546.4458618164062]","[284.61248779296875, 522.9730224609375, 26.0391845703125, 23.47283935546875]",False,,0.47119370660625837,0.47119370660625837,3,localization,Japan_009305.jpg,D40,D40
740,0,0.5458751916885376,"[394.5092468261719, 344.4844055175781, 449.20770263671875, 444.07037353515625]","[394.5092468261719, 344.4844055175781, 54.698455810546875, 99.58596801757812]",False,,0.08872948763817055,0.08872948763817055,0,background_or_unlabeled,Japan_012185.jpg,D00,D00
329,2,0.5454176068305969,"[-0.23978054523468018, 362.0478515625, 149.3567657470703, 592.3706665039062]","[-0.23978054523468018, 362.0478515625, 149.596546292305, 230.32281494140625]",False,,0.2947576955865665,0.2947576955865665,2,localization,Japan_005381.jpg,D20,D20
81,2,0.5451508164405823,"[197.15431213378906, 489.6930847167969, 258.6503601074219, 595.6083374023438]","[197.15431213378906, 489.6930847167969, 61.49604797363281, 105.91525268554688]",False,,0.0,0.7270417691429929,0,class_confusion,Japan_001538.jpg,D20,D00
790,3,0.5447835922241211,"[735.075927734375, 436.56634521484375, 889.452880859375, 568.2783203125]","[735.075927734375, 436.56634521484375, 154.376953125, 131.71197509765625]",False,,0.4032871478663424,0.4032871478663424,3,localization,Japan_013123.jpg,D40,D40
569,1,0.5446317195892334,"[238.0424041748047, 120.44107055664062, 309.7039489746094, 139.26065063476562]","[238.0424041748047, 120.44107055664062, 71.66154479980469, 18.819580078125]",False,,0.0,0.0,3,background_or_unlabeled,Japan_009502.jpg,D10,D40
786,1,0.5446133613586426,"[26.648212432861328, 492.8231506347656, 465.0382385253906, 531.8135986328125]","[26.648212432861328, 492.8231506347656, 438.3900260925293, 38.990447998046875]",False,,0.8408610544678855,0.8408610544678855,1,duplicate,Japan_013065.jpg,D10,D10
111,0,0.54432612657547,"[425.9823913574219, 219.1497802734375, 491.52691650390625, 306.4710693359375]","[425.9823913574219, 219.1497802734375, 65.54452514648438, 87.3212890625]",False,,0.0,0.4556197132135955,2,localization,Japan_002032.jpg,D00,D20
710,1,0.5414943695068359,"[285.4205017089844, 374.2020568847656, 375.3389587402344, 390.8629455566406]","[285.4205017089844, 374.2020568847656, 89.91845703125, 16.660888671875]",False,,0.0,0.0,2,background_or_unlabeled,Japan_011787.jpg,D10,D20
213,0,0.5410977602005005,"[258.8520202636719, 335.1587829589844, 292.46917724609375, 395.5019226074219]","[258.8520202636719, 335.1587829589844, 33.617156982421875, 60.3431396484375]",False,,0.4027477952170801,0.4027477952170801,0,localization,Japan_003626.jpg,D00,D00
328,0,0.5404382348060608,"[138.7992401123047, 400.6346130371094, 244.70822143554688, 596.3214111328125]","[138.7992401123047, 400.6346130371094, 105.90898132324219, 195.68679809570312]",False,,0.0,0.6460995007681142,2,class_confusion,Japan_005355.jpg,D00,D20
265,1,0.5400353074073792,"[91.15422821044922, 366.29827880859375, 312.0292663574219, 391.2837219238281]","[91.15422821044922, 366.29827880859375, 220.87503814697266, 24.985443115234375]",False,,0.3858209857513032,0.3858209857513032,1,localization,Japan_004260.jpg,D10,D10
451,1,0.5398149490356445,"[92.9737319946289, 439.3564147949219, 206.86566162109375, 474.4772033691406]","[92.9737319946289, 439.3564147949219, 113.89192962646484, 35.12078857421875]",False,,0.0,0.0,2,background_or_unlabeled,Japan_007267.jpg,D10,D20
530,2,0.5389516353607178,"[343.69146728515625, 210.49746704101562, 506.37066650390625, 517.1280517578125]","[343.69146728515625, 210.49746704101562, 162.67919921875, 306.6305847167969]",False,,0.0,0.7437490303012464,0,class_confusion,Japan_008718.jpg,D20,D00
445,1,0.5387962460517883,"[395.0864562988281, 430.8927917480469, 597.35205078125, 463.9248962402344]","[395.0864562988281, 430.8927917480469, 202.26559448242188, 33.0321044921875]",False,,0.0,0.0,1,background_or_unlabeled,Japan_007215.jpg,D10,D10
447,0,0.5386366844177246,"[335.6552734375, 139.22463989257812, 403.77496337890625, 235.3968505859375]","[335.6552734375, 139.22463989257812, 68.11968994140625, 96.17221069335938]",False,,0.33972812993960827,0.33972812993960827,0,localization,Japan_007226.jpg,D00,D00
701,3,0.5382313132286072,"[349.788818359375, 450.23236083984375, 499.743896484375, 508.60443115234375]","[349.788818359375, 450.23236083984375, 149.955078125, 58.3720703125]",False,,0.33007557410279065,0.3755915885321347,2,localization,Japan_011658.jpg,D40,D20
483,3,0.5375936627388,"[403.1651306152344, 504.39996337890625, 427.68695068359375, 527.1443481445312]","[403.1651306152344, 504.39996337890625, 24.521820068359375, 22.744384765625]",False,,0.004266265970841912,0.004266265970841912,3,background_or_unlabeled,Japan_007745.jpg,D40,D40
524,1,0.5369423627853394,"[158.5695343017578, 414.7303771972656, 242.558837890625, 431.513427734375]","[158.5695343017578, 414.7303771972656, 83.98930358886719, 16.783050537109375]",False,,0.46821902143679456,0.46821902143679456,1,localization,Japan_008516.jpg,D10,D10
663,3,0.5365847945213318,"[462.7986145019531, 413.95660400390625, 507.5736999511719, 445.5626220703125]","[462.7986145019531, 413.95660400390625, 44.77508544921875, 31.60601806640625]",False,,0.0,0.04450195470543684,2,background_or_unlabeled,Japan_011141.jpg,D40,D20
491,1,0.5362676978111267,"[1.1103808879852295, 389.00042724609375, 226.23193359375, 444.9731750488281]","[1.1103808879852295, 389.00042724609375, 225.12155270576477, 55.972747802734375]",False,,0.0,0.0,3,background_or_unlabeled,Japan_007905.jpg,D10,D40
45,1,0.5358861684799194,"[73.37508392333984, 408.26947021484375, 472.59979248046875, 448.9502258300781]","[73.37508392333984, 408.26947021484375, 399.2247085571289, 40.680755615234375]",False,,0.30549366823374724,0.30549366823374724,1,localization,Japan_000738.jpg,D10,D10
451,0,0.5357922911643982,"[359.4719543457031, 400.824951171875, 418.6612243652344, 463.59637451171875]","[359.4719543457031, 400.824951171875, 59.18927001953125, 62.77142333984375]",False,,0.0,0.06399533202368507,2,background_or_unlabeled,Japan_007267.jpg,D00,D20
661,2,0.5357490181922913,"[398.56683349609375, 84.92857360839844, 599.74462890625, 470.48162841796875]","[398.56683349609375, 84.92857360839844, 201.17779541015625, 385.5530548095703]",False,,0.49176191689806215,0.49176191689806215,2,localization,Japan_011119.jpg,D20,D20
660,1,0.5351996421813965,"[305.9072265625, 425.6081848144531, 411.7964172363281, 444.3574523925781]","[305.9072265625, 425.6081848144531, 105.88919067382812, 18.749267578125]",False,,0.0,0.0,2,background_or_unlabeled,Japan_011096.jpg,D10,D20
632,2,0.5349210500717163,"[309.507080078125, 353.7645568847656, 578.4248657226562, 581.5322875976562]","[309.507080078125, 353.7645568847656, 268.91778564453125, 227.76773071289062]",False,,0.49609648536662937,0.49609648536662937,2,localization,Japan_010784.jpg,D20,D20
343,0,0.5347437262535095,"[341.66436767578125, 364.0458984375, 420.92822265625, 488.39154052734375]","[341.66436767578125, 364.0458984375, 79.26385498046875, 124.34564208984375]",False,,0.33084889340738755,0.33084889340738755,0,localization,Japan_005532.jpg,D00,D00
210,1,0.5344135761260986,"[391.48065185546875, 275.36920166015625, 556.7173461914062, 301.7037353515625]","[391.48065185546875, 275.36920166015625, 165.2366943359375, 26.33453369140625]",False,,0.3395386514587249,0.3395386514587249,1,localization,Japan_003599.jpg,D10,D10
202,0,0.5341561436653137,"[436.39813232421875, 476.3529052734375, 474.301513671875, 547.0753784179688]","[436.39813232421875, 476.3529052734375, 37.90338134765625, 70.72247314453125]",False,,0.0,0.0,0,background_or_unlabeled,Japan_003496.jpg,D00,D00
541,1,0.5341253280639648,"[127.37281036376953, 299.6999206542969, 287.5311584472656, 333.3721618652344]","[127.37281036376953, 299.6999206542969, 160.1583480834961, 33.6722412109375]",False,,0.0,0.0,0,background_or_unlabeled,Japan_008973.jpg,D10,D00
469,3,0.5340604782104492,"[351.420166015625, 454.3885498046875, 433.5315246582031, 492.2197265625]","[351.420166015625, 454.3885498046875, 82.11135864257812, 37.8311767578125]",False,,0.44618004366134856,0.44618004366134856,3,localization,Japan_007486.jpg,D40,D40
421,1,0.5330973863601685,"[64.41716766357422, 460.7911376953125, 567.2208862304688, 515.1571655273438]","[64.41716766357422, 460.7911376953125, 502.80371856689453, 54.36602783203125]",False,,0.6531710123542782,0.6531710123542782,1,duplicate,Japan_006833.jpg,D10,D10
133,1,0.5330172777175903,"[319.5549621582031, 393.0295715332031, 453.06072998046875, 416.02789306640625]","[319.5549621582031, 393.0295715332031, 133.50576782226562, 22.998321533203125]",False,,0.32731800197902683,0.32731800197902683,1,localization,Japan_002411.jpg,D10,D10
168,0,0.5324332118034363,"[222.6109619140625, 182.19677734375, 285.5483703613281, 366.1504211425781]","[222.6109619140625, 182.19677734375, 62.937408447265625, 183.95364379882812]",False,,0.10980537818645877,0.10980537818645877,0,localization,Japan_002919.jpg,D00,D00
775,2,0.5311880111694336,"[314.95965576171875, 436.91497802734375, 522.2175903320312, 599.4934692382812]","[314.95965576171875, 436.91497802734375, 207.2579345703125, 162.5784912109375]",False,,0.0,0.1501541746886125,0,localization,Japan_012808.jpg,D20,D00
655,1,0.5311874747276306,"[432.0671691894531, 354.1349792480469, 561.4222412109375, 376.25628662109375]","[432.0671691894531, 354.1349792480469, 129.35507202148438, 22.121307373046875]",False,,0.0,0.0,0,background_or_unlabeled,Japan_011062.jpg,D10,D00
585,2,0.5310978293418884,"[330.9466857910156, 168.60910034179688, 589.6138916015625, 491.0154724121094]","[330.9466857910156, 168.60910034179688, 258.6672058105469, 322.4063720703125]",False,,0.45072714854765145,0.45072714854765145,2,localization,Japan_009897.jpg,D20,D20
252,1,0.530485212802887,"[301.8826904296875, 440.995361328125, 368.2140197753906, 457.035400390625]","[301.8826904296875, 440.995361328125, 66.33132934570312, 16.0400390625]",False,,0.0,0.0,2,background_or_unlabeled,Japan_004139.jpg,D10,D20
34,0,0.5298848748207092,"[315.1236572265625, 412.7610778808594, 418.4606628417969, 516.201904296875]","[315.1236572265625, 412.7610778808594, 103.33700561523438, 103.44082641601562]",False,,0.20439916955518553,0.20439916955518553,0,localization,Japan_000626.jpg,D00,D00
162,2,0.5295642614364624,"[232.71360778808594, 530.813232421875, 309.2742614746094, 588.5647583007812]","[232.71360778808594, 530.813232421875, 76.56065368652344, 57.75152587890625]",False,,0.0,0.0,0,background_or_unlabeled,Japan_002864.jpg,D20,D00
67,0,0.5293270349502563,"[79.57015991210938, 428.3332214355469, 201.07032775878906, 590.3847045898438]","[79.57015991210938, 428.3332214355469, 121.50016784667969, 162.05148315429688]",False,,0.0,0.16783689991689218,2,localization,Japan_001281.jpg,D00,D20
322,3,0.5277446508407593,"[373.4928894042969, 391.4628601074219, 406.20068359375, 410.7400817871094]","[373.4928894042969, 391.4628601074219, 32.707794189453125, 19.2772216796875]",False,,0.0,0.005533749335120964,2,background_or_unlabeled,Japan_005289.jpg,D40,D20
112,1,0.526220440864563,"[16.689058303833008, 505.9875793457031, 161.22122192382812, 536.405517578125]","[16.689058303833008, 505.9875793457031, 144.53216361999512, 30.417938232421875]",False,,0.4988034780302802,0.4988034780302802,1,localization,Japan_002035.jpg,D10,D10
309,1,0.5260544419288635,"[178.1891632080078, 414.0286560058594, 590.8515014648438, 476.96221923828125]","[178.1891632080078, 414.0286560058594, 412.66233825683594, 62.933563232421875]",False,,0.31767043090745184,0.31767043090745184,1,localization,Japan_004968.jpg,D10,D10
629,0,0.5254143476486206,"[254.10443115234375, 192.24171447753906, 308.6676940917969, 292.0833435058594]","[254.10443115234375, 192.24171447753906, 54.563262939453125, 99.84162902832031]",False,,0.147769188486626,0.2834887695937235,2,localization,Japan_010717.jpg,D00,D20
368,3,0.5246918201446533,"[132.37393188476562, 130.03665161132812, 172.69248962402344, 149.33309936523438]","[132.37393188476562, 130.03665161132812, 40.31855773925781, 19.29644775390625]",False,,0.4678633513945166,0.4678633513945166,3,localization,Japan_005982.jpg,D40,D40
642,0,0.5243819952011108,"[279.0819396972656, 412.9874572753906, 344.0690612792969, 574.67431640625]","[279.0819396972656, 412.9874572753906, 64.98712158203125, 161.68685913085938]",False,,0.0,0.4277938858859349,2,localization,Japan_010875.jpg,D00,D20
382,2,0.5242990255355835,"[115.54195404052734, 416.9816589355469, 290.7282409667969, 597.3677368164062]","[115.54195404052734, 416.9816589355469, 175.18628692626953, 180.38607788085938]",False,,0.3476961900633846,0.3476961900633846,2,localization,Japan_006125.jpg,D20,D20
134,2,0.523591160774231,"[26.311111450195312, 293.33477783203125, 410.6570129394531, 454.668701171875]","[26.311111450195312, 293.33477783203125, 384.3459014892578, 161.33392333984375]",False,,0.32960000073419465,0.32960000073419465,2,localization,Japan_002419.jpg,D20,D20
38,0,0.5234808325767517,"[309.82568359375, 355.0529479980469, 403.91485595703125, 476.3952331542969]","[309.82568359375, 355.0529479980469, 94.08917236328125, 121.34228515625]",False,,0.0,0.032737706736011424,1,background_or_unlabeled,Japan_000651.jpg,D00,D10
230,1,0.5233743786811829,"[416.43426513671875, 359.63653564453125, 581.7268676757812, 392.4169006347656]","[416.43426513671875, 359.63653564453125, 165.2926025390625, 32.780364990234375]",False,,0.0,0.13171126496807978,2,localization,Japan_003833.jpg,D10,D20
123,2,0.5232656002044678,"[331.3189697265625, 467.7510986328125, 441.4520568847656, 540.1176147460938]","[331.3189697265625, 467.7510986328125, 110.13308715820312, 72.36651611328125]",False,,0.20225979330157584,0.20225979330157584,2,localization,Japan_002229.jpg,D20,D20
280,2,0.5230652093887329,"[215.2436981201172, 460.95904541015625, 383.4254150390625, 599.2219848632812]","[215.2436981201172, 460.95904541015625, 168.1817169189453, 138.262939453125]",False,,0.462902068705216,0.462902068705216,2,localization,Japan_004454.jpg,D20,D20
449,3,0.5228071212768555,"[179.66455078125, 271.6373291015625, 370.1568908691406, 367.9902648925781]","[179.66455078125, 271.6373291015625, 190.49234008789062, 96.35293579101562]",False,,0.16540906188543356,0.16540906188543356,3,localization,Japan_007233.jpg,D40,D40
529,1,0.522483229637146,"[8.01059627532959, 398.136474609375, 193.3028564453125, 443.7252502441406]","[8.01059627532959, 398.136474609375, 185.2922601699829, 45.588775634765625]",False,,0.3594478394901988,0.3594478394901988,1,localization,Japan_008703.jpg,D10,D10
261,2,0.5215196013450623,"[220.25735473632812, 343.787109375, 282.4178771972656, 406.7781066894531]","[220.25735473632812, 343.787109375, 62.1605224609375, 62.990997314453125]",False,,0.0,0.0,2,background_or_unlabeled,Japan_004216.jpg,D20,D20
730,2,0.520851731300354,"[228.82315063476562, 473.2471008300781, 501.7492980957031, 598.9782104492188]","[228.82315063476562, 473.2471008300781, 272.9261474609375, 125.73110961914062]",False,,0.885279299099992,0.885279299099992,2,duplicate,Japan_012010.jpg,D20,D20
697,1,0.5206806659698486,"[13.090377807617188, 408.8615417480469, 186.23167419433594, 437.84234619140625]","[13.090377807617188, 408.8615417480469, 173.14129638671875, 28.980804443359375]",False,,0.44530122536484057,0.44530122536484057,1,localization,Japan_011605.jpg,D10,D10
162,0,0.5197117328643799,"[293.15020751953125, 400.3917236328125, 335.3424987792969, 486.6651611328125]","[293.15020751953125, 400.3917236328125, 42.192291259765625, 86.2734375]",False,,0.0,0.4183885602308747,1,localization,Japan_002864.jpg,D00,D10
266,0,0.5187932252883911,"[262.5934753417969, 328.42596435546875, 275.45513916015625, 360.8220520019531]","[262.5934753417969, 328.42596435546875, 12.861663818359375, 32.396087646484375]",False,,0.007696662901346084,0.007696662901346084,0,background_or_unlabeled,Japan_004268.jpg,D00,D00
293,0,0.5187573432922363,"[518.0595092773438, 406.8922119140625, 598.4490356445312, 453.95947265625]","[518.0595092773438, 406.8922119140625, 80.3895263671875, 47.0672607421875]",False,,0.0,0.0,2,background_or_unlabeled,Japan_004731.jpg,D00,D20
247,2,0.5187475681304932,"[207.17465209960938, 410.2603759765625, 418.7435607910156, 598.0936889648438]","[207.17465209960938, 410.2603759765625, 211.56890869140625, 187.83331298828125]",False,,0.4538395113757055,0.4538395113757055,2,localization,Japan_004079.jpg,D20,D20
483,3,0.5180730223655701,"[430.14727783203125, 540.5189208984375, 454.8958435058594, 558.3848266601562]","[430.14727783203125, 540.5189208984375, 24.748565673828125, 17.86590576171875]",False,,0.36344388562957125,0.36344388562957125,3,localization,Japan_007745.jpg,D40,D40
339,2,0.5179820656776428,"[177.27098083496094, 437.38067626953125, 347.8285217285156, 589.9409790039062]","[177.27098083496094, 437.38067626953125, 170.5575408935547, 152.560302734375]",False,,0.4332427393186095,0.4332427393186095,2,localization,Japan_005467.jpg,D20,D20
396,3,0.51747727394104,"[412.5806884765625, 507.0716857910156, 514.7216186523438, 536.3314819335938]","[412.5806884765625, 507.0716857910156, 102.14093017578125, 29.259796142578125]",False,,0.678456587309351,0.678456587309351,3,duplicate,Japan_006300.jpg,D40,D40
556,3,0.5170650482177734,"[524.7943115234375, 548.3064575195312, 598.3699340820312, 598.891845703125]","[524.7943115234375, 548.3064575195312, 73.57562255859375, 50.58538818359375]",False,,0.0,0.02771626871389028,2,background_or_unlabeled,Japan_009305.jpg,D40,D20
735,2,0.5154370665550232,"[302.665771484375, 348.38189697265625, 398.48419189453125, 427.86383056640625]","[302.665771484375, 348.38189697265625, 95.81842041015625, 79.48193359375]",False,,0.0,0.0,3,background_or_unlabeled,Japan_012133.jpg,D20,D40
639,0,0.5151028633117676,"[135.40574645996094, 282.513427734375, 165.05606079101562, 331.3128356933594]","[135.40574645996094, 282.513427734375, 29.650314331054688, 48.799407958984375]",False,,0.0,0.0,2,background_or_unlabeled,Japan_010844.jpg,D00,D20
694,2,0.5131400227546692,"[302.5599060058594, 429.4325256347656, 561.8828735351562, 597.458251953125]","[302.5599060058594, 429.4325256347656, 259.3229675292969, 168.02572631835938]",False,,0.3730756690252212,0.3730756690252212,2,localization,Japan_011580.jpg,D20,D20
608,1,0.512478768825531,"[137.35060119628906, 275.56610107421875, 346.0199890136719, 314.26861572265625]","[137.35060119628906, 275.56610107421875, 208.6693878173828, 38.7025146484375]",False,,0.0,0.0,1,background_or_unlabeled,Japan_010360.jpg,D10,D10
300,1,0.5120097994804382,"[151.29257202148438, 479.85369873046875, 348.040283203125, 515.444091796875]","[151.29257202148438, 479.85369873046875, 196.74771118164062, 35.59039306640625]",False,,0.0,0.0,3,background_or_unlabeled,Japan_004792.jpg,D10,D40
479,1,0.5117074251174927,"[156.6603240966797, 336.9128723144531, 262.10028076171875, 355.6607971191406]","[156.6603240966797, 336.9128723144531, 105.43995666503906, 18.7479248046875]",False,,0.0,0.0,1,background_or_unlabeled,Japan_007657.jpg,D10,D10
298,2,0.5115671753883362,"[88.77775573730469, 326.77459716796875, 398.180908203125, 583.4705810546875]","[88.77775573730469, 326.77459716796875, 309.4031524658203, 256.69598388671875]",False,,0.20387429819909833,0.20387429819909833,2,localization,Japan_004774.jpg,D20,D20
127,2,0.5113410949707031,"[255.60482788085938, 370.83056640625, 413.477294921875, 596.7906494140625]","[255.60482788085938, 370.83056640625, 157.87246704101562, 225.9600830078125]",False,,0.24001486936128413,0.24001486936128413,2,localization,Japan_002329.jpg,D20,D20
272,0,0.5112282037734985,"[365.8550720214844, 463.6191101074219, 436.03265380859375, 556.7487182617188]","[365.8550720214844, 463.6191101074219, 70.17758178710938, 93.12960815429688]",False,,0.0,0.564241620741571,2,class_confusion,Japan_004341.jpg,D00,D20
742,2,0.5111273527145386,"[0.6921529769897461, 335.21484375, 146.68785095214844, 495.3858947753906]","[0.6921529769897461, 335.21484375, 145.9956979751587, 160.17105102539062]",False,,0.0,0.6852237833720344,0,class_confusion,Japan_012247.jpg,D20,D00
517,2,0.5098568201065063,"[307.218505859375, 363.6334533691406, 548.240234375, 598.3159790039062]","[307.218505859375, 363.6334533691406, 241.021728515625, 234.68252563476562]",False,,0.3962506900586865,0.3962506900586865,2,localization,Japan_008404.jpg,D20,D20
706,2,0.5098459720611572,"[279.7403869628906, 118.11965942382812, 404.80743408203125, 234.677734375]","[279.7403869628906, 118.11965942382812, 125.06704711914062, 116.55807495117188]",False,,0.0,0.0,2,background_or_unlabeled,Japan_011717.jpg,D20,D20
32,2,0.5098170042037964,"[76.77777862548828, 387.2726135253906, 283.92132568359375, 595.0809936523438]","[76.77777862548828, 387.2726135253906, 207.14354705810547, 207.80838012695312]",False,,0.2243968257062908,0.2243968257062908,2,localization,Japan_000579.jpg,D20,D20
675,3,0.5097978711128235,"[482.1646423339844, 403.18994140625, 533.5548095703125, 424.2014465332031]","[482.1646423339844, 403.18994140625, 51.390167236328125, 21.011505126953125]",False,,0.0,0.0,2,background_or_unlabeled,Japan_011280.jpg,D40,D20
529,1,0.5096916556358337,"[112.47392272949219, 208.38243103027344, 330.3652038574219, 245.72142028808594]","[112.47392272949219, 208.38243103027344, 217.8912811279297, 37.3389892578125]",False,,0.2865100519613089,0.2865100519613089,1,localization,Japan_008703.jpg,D10,D10
391,3,0.5092738270759583,"[0.21225661039352417, 512.64453125, 26.284610748291016, 537.0496826171875]","[0.21225661039352417, 512.64453125, 26.07235413789749, 24.4051513671875]",False,,0.0,0.09984538410837333,2,background_or_unlabeled,Japan_006218.jpg,D40,D20
668,3,0.5090259909629822,"[326.8180847167969, 482.0130615234375, 368.3117980957031, 506.13507080078125]","[326.8180847167969, 482.0130615234375, 41.49371337890625, 24.12200927734375]",False,,0.35243371094275316,0.35243371094275316,3,localization,Japan_011202.jpg,D40,D40
725,2,0.5088465213775635,"[0.34275054931640625, 381.0599365234375, 292.3321838378906, 599.8302612304688]","[0.34275054931640625, 381.0599365234375, 291.9894332885742, 218.77032470703125]",False,,0.0,0.5530488646763566,3,class_confusion,Japan_011955.jpg,D20,D40
217,3,0.5086371302604675,"[558.9066162109375, 545.7904052734375, 599.8175659179688, 586.9487915039062]","[558.9066162109375, 545.7904052734375, 40.91094970703125, 41.15838623046875]",False,,0.0,0.0,2,background_or_unlabeled,Japan_003713.jpg,D40,D20
510,2,0.5081532597541809,"[320.3639831542969, 360.6611328125, 477.20489501953125, 599.879150390625]","[320.3639831542969, 360.6611328125, 156.84091186523438, 239.218017578125]",False,,0.7196054324357389,0.7196054324357389,2,duplicate,Japan_008289.jpg,D20,D20
135,2,0.5077991485595703,"[1.487213373184204, 435.765869140625, 175.659912109375, 504.7861328125]","[1.487213373184204, 435.765869140625, 174.1726987361908, 69.020263671875]",False,,0.47837272930608626,0.47837272930608626,2,localization,Japan_002421.jpg,D20,D20
179,2,0.5077691674232483,"[530.3280029296875, 316.18353271484375, 599.4366455078125, 387.4059753417969]","[530.3280029296875, 316.18353271484375, 69.108642578125, 71.22244262695312]",False,,0.0,0.0,1,background_or_unlabeled,Japan_003000.jpg,D20,D10
184,0,0.5077074766159058,"[248.51531982421875, 423.8278503417969, 305.55780029296875, 525.4649658203125]","[248.51531982421875, 423.8278503417969, 57.04248046875, 101.63711547851562]",False,,0.11331118893495769,0.11331118893495769,0,localization,Japan_003090.jpg,D00,D00
570,3,0.5076351165771484,"[526.15185546875, 346.6357727050781, 561.474609375, 368.86859130859375]","[526.15185546875, 346.6357727050781, 35.32275390625, 22.232818603515625]",False,,0.45985732017489517,0.45985732017489517,3,localization,Japan_009506.jpg,D40,D40
604,0,0.5076329112052917,"[350.1455078125, 484.79132080078125, 387.34552001953125, 537.9351806640625]","[350.1455078125, 484.79132080078125, 37.20001220703125, 53.14385986328125]",False,,0.0,0.0,0,background_or_unlabeled,Japan_010315.jpg,D00,D00
517,3,0.5069178342819214,"[180.34991455078125, 380.6697692871094, 241.44161987304688, 432.2694396972656]","[180.34991455078125, 380.6697692871094, 61.091705322265625, 51.59967041015625]",False,,0.09707161399189157,0.09707161399189157,3,background_or_unlabeled,Japan_008404.jpg,D40,D40
37,0,0.5068579912185669,"[511.2767333984375, 429.732666015625, 574.5189208984375, 481.1739807128906]","[511.2767333984375, 429.732666015625, 63.2421875, 51.441314697265625]",False,,0.3780715001707074,0.3780715001707074,0,localization,Japan_000649.jpg,D00,D00
744,0,0.5067915320396423,"[271.69586181640625, 447.25054931640625, 294.31304931640625, 502.46673583984375]","[271.69586181640625, 447.25054931640625, 22.6171875, 55.2161865234375]",False,,0.34728443927573943,0.34728443927573943,0,localization,Japan_012271.jpg,D00,D00
235,1,0.5061377882957458,"[42.309486389160156, 455.1188659667969, 457.14093017578125, 486.067138671875]","[42.309486389160156, 455.1188659667969, 414.8314437866211, 30.948272705078125]",False,,0.43459444725347607,0.43459444725347607,1,localization,Japan_003864.jpg,D10,D10
517,2,0.5057258605957031,"[51.20684051513672, 379.3756408691406, 257.6136474609375, 597.8775634765625]","[51.20684051513672, 379.3756408691406, 206.40680694580078, 218.50192260742188]",False,,0.41086128193078003,0.41086128193078003,2,localization,Japan_008404.jpg,D20,D20
690,0,0.5054768919944763,"[324.390869140625, 510.8863525390625, 356.37451171875, 574.6571044921875]","[324.390869140625, 510.8863525390625, 31.983642578125, 63.770751953125]",False,,0.0,0.007961193687487385,2,background_or_unlabeled,Japan_011536.jpg,D00,D20
691,0,0.5046613216400146,"[224.44735717773438, 432.3675842285156, 321.7828369140625, 521.3178100585938]","[224.44735717773438, 432.3675842285156, 97.33547973632812, 88.95022583007812]",False,,0.24594596098012092,0.2804086950113663,1,localization,Japan_011552.jpg,D00,D10
39,1,0.5028725862503052,"[367.3971862792969, 407.01458740234375, 517.6672973632812, 429.80487060546875]","[367.3971862792969, 407.01458740234375, 150.27011108398438, 22.790283203125]",False,,0.5121599117834585,0.5121599117834585,1,duplicate,Japan_000670.jpg,D10,D10
572,2,0.5025453567504883,"[237.9920196533203, 355.1028747558594, 344.1483459472656, 517.828125]","[237.9920196533203, 355.1028747558594, 106.15632629394531, 162.72525024414062]",False,,0.0,0.0,1,background_or_unlabeled,Japan_009526.jpg,D20,D10
434,1,0.5018485188484192,"[135.8223876953125, 364.89141845703125, 219.092529296875, 384.67584228515625]","[135.8223876953125, 364.89141845703125, 83.2701416015625, 19.784423828125]",False,,0.0,0.0,1,background_or_unlabeled,Japan_007056.jpg,D10,D10
97,0,0.5015252232551575,"[52.05173873901367, 402.0261535644531, 171.39501953125, 592.3925170898438]","[52.05173873901367, 402.0261535644531, 119.34328079223633, 190.36636352539062]",False,,0.0,0.8819654568940248,2,class_confusion,Japan_001772.jpg,D00,D20
724,1,0.5013963580131531,"[424.3979187011719, 386.1746520996094, 517.6785888671875, 412.47161865234375]","[424.3979187011719, 386.1746520996094, 93.28067016601562, 26.296966552734375]",False,,0.0,0.06058909799997682,2,background_or_unlabeled,Japan_011919.jpg,D10,D20
24,3,0.5010773539543152,"[298.149169921875, 414.95452880859375, 374.28228759765625, 459.2132873535156]","[298.149169921875, 414.95452880859375, 76.13311767578125, 44.258758544921875]",False,,0.0,0.08751642180885476,2,background_or_unlabeled,Japan_000404.jpg,D40,D20
378,2,0.5005849599838257,"[119.58564758300781, 379.1121826171875, 334.6900329589844, 595.7724609375]","[119.58564758300781, 379.1121826171875, 215.10438537597656, 216.6602783203125]",False,,0.4244978159844088,0.4244978159844088,2,localization,Japan_006100.jpg,D20,D20
221,2,0.5005772113800049,"[531.209228515625, 252.10879516601562, 599.1171875, 298.6200866699219]","[531.209228515625, 252.10879516601562, 67.907958984375, 46.51129150390625]",False,,0.0,0.0,2,background_or_unlabeled,Japan_003762.jpg,D20,D20
19,1,0.49998557567596436,"[56.19874572753906, 397.59857177734375, 126.17933654785156, 414.9722900390625]","[56.19874572753906, 397.59857177734375, 69.9805908203125, 17.37371826171875]",False,,0.24341045380548762,0.24341045380548762,1,localization,Japan_000297.jpg,D10,D10
161,0,0.49919092655181885,"[136.16555786132812, 201.9605712890625, 265.7409973144531, 477.3531188964844]","[136.16555786132812, 201.9605712890625, 129.575439453125, 275.3925476074219]",False,,0.4312843962431653,0.4312843962431653,0,localization,Japan_002856.jpg,D00,D00
529,0,0.4983777701854706,"[128.12899780273438, 104.25457000732422, 219.0753936767578, 223.81578063964844]","[128.12899780273438, 104.25457000732422, 90.94639587402344, 119.56121063232422]",False,,0.0,0.649080318367486,2,class_confusion,Japan_008703.jpg,D00,D20
263,2,0.4983169734477997,"[226.08729553222656, 346.7712097167969, 476.1329650878906, 460.0559997558594]","[226.08729553222656, 346.7712097167969, 250.04566955566406, 113.2847900390625]",False,,0.19243552116759752,0.19243552116759752,2,localization,Japan_004224.jpg,D20,D20
275,1,0.4981353282928467,"[0.2489537000656128, 544.2569580078125, 104.19683837890625, 588.69091796875]","[0.2489537000656128, 544.2569580078125, 103.94788467884064, 44.4339599609375]",False,,0.11246945004293013,0.11246945004293013,1,localization,Japan_004396.jpg,D10,D10
732,1,0.4981100857257843,"[295.60821533203125, 257.8129577636719, 436.1090087890625, 276.8896179199219]","[295.60821533203125, 257.8129577636719, 140.50079345703125, 19.07666015625]",False,,0.0,0.0,0,background_or_unlabeled,Japan_012028.jpg,D10,D00
247,2,0.4970204532146454,"[6.086915969848633, 434.97515869140625, 176.1204071044922, 595.2623901367188]","[6.086915969848633, 434.97515869140625, 170.03349113464355, 160.2872314453125]",False,,0.331081619446275,0.331081619446275,2,localization,Japan_004079.jpg,D20,D20
578,2,0.4965355098247528,"[295.0199279785156, 402.77752685546875, 453.0262451171875, 491.39605712890625]","[295.0199279785156, 402.77752685546875, 158.00631713867188, 88.6185302734375]",False,,0.38660924163494637,0.38660924163494637,2,localization,Japan_009698.jpg,D20,D20
436,2,0.49644652009010315,"[307.63397216796875, 348.3204650878906, 487.311767578125, 571.8919677734375]","[307.63397216796875, 348.3204650878906, 179.67779541015625, 223.57150268554688]",False,,0.15683382070462684,0.30411606855787404,0,localization,Japan_007066.jpg,D20,D00
304,3,0.4959104061126709,"[128.7408905029297, 539.0106201171875, 177.96742248535156, 584.9965209960938]","[128.7408905029297, 539.0106201171875, 49.226531982421875, 45.98590087890625]",False,,0.0,0.0,3,background_or_unlabeled,Japan_004864.jpg,D40,D40
607,1,0.4947686195373535,"[15.532082557678223, 386.01629638671875, 113.65885925292969, 404.8002014160156]","[15.532082557678223, 386.01629638671875, 98.12677669525146, 18.783905029296875]",False,,0.2407592394096668,0.2407592394096668,1,localization,Japan_010341.jpg,D10,D10
636,3,0.49426132440567017,"[369.1396484375, 453.0468444824219, 423.09661865234375, 476.946533203125]","[369.1396484375, 453.0468444824219, 53.95697021484375, 23.899688720703125]",False,,0.0,0.029457633534912424,2,background_or_unlabeled,Japan_010807.jpg,D40,D20
518,3,0.49363407492637634,"[478.06781005859375, 165.88388061523438, 587.1744995117188, 249.58804321289062]","[478.06781005859375, 165.88388061523438, 109.106689453125, 83.70416259765625]",False,,0.12233781956839013,0.12233781956839013,3,localization,Japan_008410.jpg,D40,D40
278,2,0.49227944016456604,"[437.8414611816406, 434.8032531738281, 598.2183227539062, 587.7841186523438]","[437.8414611816406, 434.8032531738281, 160.37686157226562, 152.98086547851562]",False,,0.0,0.17059199302873346,1,localization,Japan_004437.jpg,D20,D10
149,0,0.4922346770763397,"[319.8004150390625, 401.4822692871094, 364.7908630371094, 494.53631591796875]","[319.8004150390625, 401.4822692871094, 44.990447998046875, 93.05404663085938]",False,,0.36490396983818596,0.36490396983818596,0,localization,Japan_002685.jpg,D00,D00
731,2,0.4908024072647095,"[0.04520416259765625, 388.41241455078125, 87.9522705078125, 463.56304931640625]","[0.04520416259765625, 388.41241455078125, 87.90706634521484, 75.150634765625]",False,,0.0,0.0,1,background_or_unlabeled,Japan_012023.jpg,D20,D10
347,1,0.4906456470489502,"[208.514892578125, 363.8018493652344, 366.2984924316406, 387.217041015625]","[208.514892578125, 363.8018493652344, 157.78359985351562, 23.415191650390625]",False,,0.0,0.0,0,background_or_unlabeled,Japan_005587.jpg,D10,D00
652,0,0.49056676030158997,"[173.55526733398438, 409.3306884765625, 206.96192932128906, 466.3368835449219]","[173.55526733398438, 409.3306884765625, 33.40666198730469, 57.006195068359375]",False,,0.0,0.0,1,background_or_unlabeled,Japan_011026.jpg,D00,D10
546,2,0.49046629667282104,"[165.37327575683594, 421.5516357421875, 248.95570373535156, 531.6702880859375]","[165.37327575683594, 421.5516357421875, 83.58242797851562, 110.11865234375]",False,,0.0,0.5354202945218178,0,class_confusion,Japan_009086.jpg,D20,D00
104,3,0.4900379478931427,"[357.0126647949219, 389.62884521484375, 388.65338134765625, 406.723876953125]","[357.0126647949219, 389.62884521484375, 31.640716552734375, 17.09503173828125]",False,,0.47143731951451207,0.47143731951451207,3,localization,Japan_001909.jpg,D40,D40
665,0,0.48937752842903137,"[348.24700927734375, 67.08003234863281, 370.78857421875, 110.4005355834961]","[348.24700927734375, 67.08003234863281, 22.54156494140625, 43.32050323486328]",False,,0.0,0.0,2,background_or_unlabeled,Japan_011156.jpg,D00,D20
371,1,0.48935869336128235,"[480.5014953613281, 510.396484375, 583.1847534179688, 535.15478515625]","[480.5014953613281, 510.396484375, 102.68325805664062, 24.75830078125]",False,,0.3894397959811613,0.3894397959811613,1,localization,Japan_006037.jpg,D10,D10
106,0,0.48892611265182495,"[5.075240135192871, 337.08343505859375, 204.88182067871094, 434.76654052734375]","[5.075240135192871, 337.08343505859375, 199.80658054351807, 97.68310546875]",False,,0.0,0.5070517461883585,1,class_confusion,Japan_001960.jpg,D00,D10
472,1,0.4886007308959961,"[423.26458740234375, 336.7164306640625, 599.54345703125, 418.5910339355469]","[423.26458740234375, 336.7164306640625, 176.27886962890625, 81.87460327148438]",False,,0.4583392096755408,0.4583392096755408,1,localization,Japan_007518.jpg,D10,D10
676,3,0.48857632279396057,"[489.2863464355469, 500.2038269042969, 541.1820068359375, 540.5761108398438]","[489.2863464355469, 500.2038269042969, 51.895660400390625, 40.372283935546875]",False,,0.12862338613219268,0.12862338613219268,3,localization,Japan_011328.jpg,D40,D40
448,1,0.4883441627025604,"[41.8966178894043, 315.98382568359375, 124.19466400146484, 334.2658996582031]","[41.8966178894043, 315.98382568359375, 82.29804611206055, 18.282073974609375]",False,,0.0,0.0014198460191088209,2,background_or_unlabeled,Japan_007228.jpg,D10,D20
412,2,0.4879511296749115,"[55.37388229370117, 446.6517333984375, 142.1543426513672, 483.6866149902344]","[55.37388229370117, 446.6517333984375, 86.78046035766602, 37.034881591796875]",False,,0.0,0.6624556094548651,0,class_confusion,Japan_006552.jpg,D20,D00
766,2,0.48793819546699524,"[17.60503578186035, 166.07276916503906, 597.7811279296875, 562.14404296875]","[17.60503578186035, 166.07276916503906, 580.1760921478271, 396.07127380371094]",False,,0.41592991790632095,0.41592991790632095,2,localization,Japan_012631.jpg,D20,D20
167,0,0.48743125796318054,"[215.66168212890625, 335.3777770996094, 232.46356201171875, 384.480224609375]","[215.66168212890625, 335.3777770996094, 16.8018798828125, 49.102447509765625]",False,,0.22803024461337418,0.22803024461337418,0,localization,Japan_002912.jpg,D00,D00
443,3,0.48742353916168213,"[294.449951171875, 938.8331909179688, 408.65362548828125, 982.4263305664062]","[294.449951171875, 938.8331909179688, 114.20367431640625, 43.5931396484375]",False,,0.0,0.12782419438327444,2,localization,Japan_007152.jpg,D40,D20
59,0,0.48735207319259644,"[253.77703857421875, 372.44659423828125, 375.7247009277344, 526.9608154296875]","[253.77703857421875, 372.44659423828125, 121.94766235351562, 154.51422119140625]",False,,0.2505251746917228,0.2505251746917228,0,localization,Japan_001086.jpg,D00,D00
611,0,0.48733893036842346,"[300.3304443359375, 504.48516845703125, 400.363525390625, 599.329833984375]","[300.3304443359375, 504.48516845703125, 100.0330810546875, 94.84466552734375]",False,,0.3264588005332728,0.3264588005332728,0,localization,Japan_010399.jpg,D00,D00
57,0,0.48713818192481995,"[244.19004821777344, 295.4665222167969, 261.0605773925781, 323.8873291015625]","[244.19004821777344, 295.4665222167969, 16.870529174804688, 28.420806884765625]",False,,0.19715215942472386,0.19715215942472386,0,localization,Japan_000999.jpg,D00,D00
340,1,0.4867849349975586,"[6.217467784881592, 488.8622741699219, 337.0679626464844, 534.2318725585938]","[6.217467784881592, 488.8622741699219, 330.8504948616028, 45.369598388671875]",False,,0.0,0.25317176722152585,2,localization,Japan_005471.jpg,D10,D20
659,1,0.4867749810218811,"[436.8894348144531, 562.8128662109375, 594.059326171875, 599.6576538085938]","[436.8894348144531, 562.8128662109375, 157.16989135742188, 36.84478759765625]",False,,0.0,0.0,2,background_or_unlabeled,Japan_011091.jpg,D10,D20
642,0,0.48629099130630493,"[434.39434814453125, 393.185791015625, 496.8582763671875, 569.5995483398438]","[434.39434814453125, 393.185791015625, 62.46392822265625, 176.41375732421875]",False,,0.0,0.0,2,background_or_unlabeled,Japan_010875.jpg,D00,D20
370,1,0.4851052165031433,"[468.5200500488281, 205.29931640625, 549.6301879882812, 225.3851318359375]","[468.5200500488281, 205.29931640625, 81.11013793945312, 20.0858154296875]",False,,0.1261037465863976,0.1261037465863976,1,localization,Japan_006034.jpg,D10,D10
107,1,0.48459288477897644,"[0.5466341972351074, 352.1265869140625, 92.22725677490234, 380.0487976074219]","[0.5466341972351074, 352.1265869140625, 91.68062257766724, 27.922210693359375]",False,,0.0,0.3056967400377231,2,localization,Japan_001971.jpg,D10,D20
322,3,0.4839082658290863,"[545.77783203125, 511.4734802246094, 597.3268432617188, 554.8681030273438]","[545.77783203125, 511.4734802246094, 51.54901123046875, 43.394622802734375]",False,,0.0,0.019632700528349215,2,background_or_unlabeled,Japan_005289.jpg,D40,D20
713,2,0.48369520902633667,"[275.88995361328125, 514.9489135742188, 320.6994323730469, 598.6887817382812]","[275.88995361328125, 514.9489135742188, 44.809478759765625, 83.7398681640625]",False,,0.0,0.505451179012705,0,class_confusion,Japan_011834.jpg,D20,D00
688,2,0.48338326811790466,"[147.44097900390625, 491.1900634765625, 227.17803955078125, 594.8302001953125]","[147.44097900390625, 491.1900634765625, 79.737060546875, 103.64013671875]",False,,0.0,0.32563081702790125,0,localization,Japan_011513.jpg,D20,D00
355,2,0.48162439465522766,"[67.49653625488281, 278.4261474609375, 570.623291015625, 537.3770751953125]","[67.49653625488281, 278.4261474609375, 503.1267547607422, 258.950927734375]",False,,0.5581973279265932,0.5581973279265932,2,duplicate,Japan_005705.jpg,D20,D20
422,3,0.4816083014011383,"[227.84747314453125, 548.8323364257812, 270.0752868652344, 569.762939453125]","[227.84747314453125, 548.8323364257812, 42.227813720703125, 20.93060302734375]",False,,0.0,0.015697325430694006,2,background_or_unlabeled,Japan_006861.jpg,D40,D20
207,0,0.4814596474170685,"[270.2939758300781, 481.52117919921875, 305.5284729003906, 599.9346313476562]","[270.2939758300781, 481.52117919921875, 35.2344970703125, 118.4134521484375]",False,,0.0,0.0,0,background_or_unlabeled,Japan_003576.jpg,D00,D00
135,2,0.481198251247406,"[122.76374053955078, 425.6863098144531, 312.43743896484375, 474.20037841796875]","[122.76374053955078, 425.6863098144531, 189.67369842529297, 48.514068603515625]",False,,0.3775547355515749,0.3775547355515749,2,localization,Japan_002421.jpg,D20,D20
709,0,0.48053285479545593,"[232.39817810058594, 475.5155334472656, 268.48822021484375, 574.6723022460938]","[232.39817810058594, 475.5155334472656, 36.09004211425781, 99.15676879882812]",False,,0.0,0.07823212211405968,2,background_or_unlabeled,Japan_011783.jpg,D00,D20
114,0,0.4804728329181671,"[267.794677734375, 451.42205810546875, 322.6550598144531, 598.094970703125]","[267.794677734375, 451.42205810546875, 54.860382080078125, 146.67291259765625]",False,,0.24116280833022474,0.24116280833022474,0,localization,Japan_002100.jpg,D00,D00
260,0,0.48038408160209656,"[226.38250732421875, 424.1911315917969, 295.22503662109375, 536.9921264648438]","[226.38250732421875, 424.1911315917969, 68.842529296875, 112.80099487304688]",False,,0.0,0.0,0,background_or_unlabeled,Japan_004203.jpg,D00,D00
582,2,0.48034176230430603,"[351.67498779296875, 273.8319396972656, 578.8616333007812, 437.74615478515625]","[351.67498779296875, 273.8319396972656, 227.1866455078125, 163.91421508789062]",False,,0.3658001587074798,0.3658001587074798,2,localization,Japan_009801.jpg,D20,D20
584,3,0.48022863268852234,"[258.157470703125, 529.34033203125, 312.70819091796875, 555.8084106445312]","[258.157470703125, 529.34033203125, 54.55072021484375, 26.46807861328125]",False,,0.0,0.0,3,background_or_unlabeled,Japan_009862.jpg,D40,D40
197,2,0.47974932193756104,"[54.97105026245117, 512.706298828125, 285.6565856933594, 593.52734375]","[54.97105026245117, 512.706298828125, 230.6855354309082, 80.821044921875]",False,,0.0,0.0,2,background_or_unlabeled,Japan_003432.jpg,D20,D20
249,1,0.47942623496055603,"[0.8030891418457031, 509.8457946777344, 196.6439666748047, 552.2566528320312]","[0.8030891418457031, 509.8457946777344, 195.84087753295898, 42.410858154296875]",False,,0.0,0.0,2,background_or_unlabeled,Japan_004087.jpg,D10,D20
45,1,0.4794257879257202,"[501.4034423828125, 433.848388671875, 597.7071533203125, 459.5591125488281]","[501.4034423828125, 433.848388671875, 96.3037109375, 25.710723876953125]",False,,0.1278153066405107,0.1278153066405107,1,localization,Japan_000738.jpg,D10,D10
285,1,0.4792620539665222,"[194.48544311523438, 200.0388946533203, 351.8692321777344, 235.9449920654297]","[194.48544311523438, 200.0388946533203, 157.3837890625, 35.906097412109375]",False,,0.16416144231586835,0.16416144231586835,1,localization,Japan_004585.jpg,D10,D10
402,0,0.47896426916122437,"[401.4437255859375, 474.2635498046875, 571.1095581054688, 597.464111328125]","[401.4437255859375, 474.2635498046875, 169.66583251953125, 123.2005615234375]",False,,0.0,0.0,0,background_or_unlabeled,Japan_006400.jpg,D00,D00
302,3,0.47805994749069214,"[315.720458984375, 458.9107971191406, 346.6259460449219, 481.015625]","[315.720458984375, 458.9107971191406, 30.905487060546875, 22.104827880859375]",False,,0.25146517191110007,0.25146517191110007,3,localization,Japan_004836.jpg,D40,D40
418,1,0.47731029987335205,"[295.34344482421875, 532.3154296875, 438.5278015136719, 570.6943359375]","[295.34344482421875, 532.3154296875, 143.18435668945312, 38.37890625]",False,,0.0,0.2517397584660708,0,localization,Japan_006752.jpg,D10,D00
116,0,0.47725433111190796,"[389.15093994140625, 454.2498474121094, 433.8504333496094, 487.14385986328125]","[389.15093994140625, 454.2498474121094, 44.699493408203125, 32.894012451171875]",False,,0.0,0.7001108793336583,2,class_confusion,Japan_002138.jpg,D00,D20
261,2,0.47687190771102905,"[220.3078155517578, 343.7642822265625, 346.52899169921875, 406.2654724121094]","[220.3078155517578, 343.7642822265625, 126.22117614746094, 62.501190185546875]",False,,0.0,0.0,2,background_or_unlabeled,Japan_004216.jpg,D20,D20
277,0,0.4761825501918793,"[511.4474792480469, 390.3266296386719, 589.5953369140625, 456.80780029296875]","[511.4474792480469, 390.3266296386719, 78.14785766601562, 66.48117065429688]",False,,0.0,0.6560121262163784,2,class_confusion,Japan_004425.jpg,D00,D20
643,2,0.47613492608070374,"[8.172565460205078, 464.5295715332031, 129.31927490234375, 524.4312133789062]","[8.172565460205078, 464.5295715332031, 121.14670944213867, 59.901641845703125]",False,,0.0,0.0,2,background_or_unlabeled,Japan_010887.jpg,D20,D20
107,2,0.4757697284221649,"[1.993650197982788, 259.71307373046875, 196.20895385742188, 472.9108581542969]","[1.993650197982788, 259.71307373046875, 194.2153036594391, 213.19778442382812]",False,,0.1986345941065296,0.4554319085301808,0,localization,Japan_001971.jpg,D20,D00
307,0,0.4748832881450653,"[171.0164337158203, 460.2886047363281, 209.98663330078125, 538.4044189453125]","[171.0164337158203, 460.2886047363281, 38.97019958496094, 78.11581420898438]",False,,0.0,0.14486479825192008,2,localization,Japan_004964.jpg,D00,D20
506,0,0.474641889333725,"[191.93267822265625, 367.3828125, 221.7810821533203, 451.9676818847656]","[191.93267822265625, 367.3828125, 29.848403930664062, 84.58486938476562]",False,,0.004703657661989641,0.004703657661989641,0,background_or_unlabeled,Japan_008206.jpg,D00,D00
77,1,0.47436216473579407,"[494.72564697265625, 242.3043975830078, 568.4818115234375, 261.0437316894531]","[494.72564697265625, 242.3043975830078, 73.75616455078125, 18.739334106445312]",False,,0.0,0.08603432368048851,0,background_or_unlabeled,Japan_001493.jpg,D10,D00
142,2,0.4742310047149658,"[381.1153259277344, 527.2341918945312, 500.64544677734375, 584.9619140625]","[381.1153259277344, 527.2341918945312, 119.53012084960938, 57.72772216796875]",False,,0.1599979857754251,0.1599979857754251,2,localization,Japan_002577.jpg,D20,D20
570,0,0.47423025965690613,"[463.2879943847656, 386.53973388671875, 598.6625366210938, 500.7969665527344]","[463.2879943847656, 386.53973388671875, 135.37454223632812, 114.25723266601562]",False,,0.0,0.0,3,background_or_unlabeled,Japan_009506.jpg,D00,D40
649,2,0.4739346504211426,"[172.64938354492188, 281.3800354003906, 596.1873168945312, 368.164794921875]","[172.64938354492188, 281.3800354003906, 423.5379333496094, 86.78475952148438]",False,,0.0,0.0,2,background_or_unlabeled,Japan_010980.jpg,D20,D20
80,0,0.47380754351615906,"[327.6064453125, 58.96004104614258, 350.06231689453125, 102.90159606933594]","[327.6064453125, 58.96004104614258, 22.45587158203125, 43.94155502319336]",False,,0.0,0.0032958691384919574,2,background_or_unlabeled,Japan_001531.jpg,D00,D20
153,1,0.47364866733551025,"[495.5040588378906, 542.9077758789062, 599.1297607421875, 571.9172973632812]","[495.5040588378906, 542.9077758789062, 103.62570190429688, 29.009521484375]",False,,0.0,0.038483188003054676,2,background_or_unlabeled,Japan_002729.jpg,D10,D20
776,0,0.4731996953487396,"[399.39178466796875, 503.44891357421875, 429.43109130859375, 557.1421508789062]","[399.39178466796875, 503.44891357421875, 30.039306640625, 53.6932373046875]",False,,0.0,0.0,0,background_or_unlabeled,Japan_012811.jpg,D00,D00
741,1,0.4729432761669159,"[272.2309875488281, 363.4969787597656, 394.6866149902344, 386.410888671875]","[272.2309875488281, 363.4969787597656, 122.45562744140625, 22.913909912109375]",False,,0.3004286785828365,0.3004286785828365,1,localization,Japan_012189.jpg,D10,D10
239,2,0.4726274609565735,"[3.5183072090148926, 137.0924530029297, 534.5983276367188, 503.8908996582031]","[3.5183072090148926, 137.0924530029297, 531.0800204277039, 366.79844665527344]",False,,0.7882236521063689,0.7882236521063689,2,duplicate,Japan_003919.jpg,D20,D20
509,1,0.4719204604625702,"[70.7690200805664, 191.1405029296875, 249.41700744628906, 221.63404846191406]","[70.7690200805664, 191.1405029296875, 178.64798736572266, 30.493545532226562]",False,,0.0,0.022096971334258024,2,background_or_unlabeled,Japan_008279.jpg,D10,D20
414,2,0.47186216711997986,"[412.5094299316406, 18.645145416259766, 539.9219360351562, 179.4709014892578]","[412.5094299316406, 18.645145416259766, 127.41250610351562, 160.82575607299805]",False,,0.11725210644907576,0.11725210644907576,2,localization,Japan_006608.jpg,D20,D20
281,0,0.4717451333999634,"[489.92578125, 386.7397155761719, 503.6288757324219, 406.78546142578125]","[489.92578125, 386.7397155761719, 13.703094482421875, 20.045745849609375]",False,,0.0,0.0,0,background_or_unlabeled,Japan_004507.jpg,D00,D00
581,1,0.4701979160308838,"[55.34159851074219, 320.48309326171875, 347.3589782714844, 355.1058349609375]","[55.34159851074219, 320.48309326171875, 292.0173797607422, 34.62274169921875]",False,,0.3676397021626757,0.3676397021626757,1,localization,Japan_009785.jpg,D10,D10
738,0,0.4700687825679779,"[404.695556640625, 370.936767578125, 475.0645751953125, 440.7759094238281]","[404.695556640625, 370.936767578125, 70.3690185546875, 69.83914184570312]",False,,0.3782159170463962,0.3782159170463962,0,localization,Japan_012162.jpg,D00,D00
79,0,0.46994176506996155,"[334.228271484375, 515.906982421875, 391.0220031738281, 590.177978515625]","[334.228271484375, 515.906982421875, 56.793731689453125, 74.27099609375]",False,,0.2364420977834562,0.2364420977834562,0,localization,Japan_001514.jpg,D00,D00
483,3,0.4698314368724823,"[430.39849853515625, 525.2636108398438, 452.99627685546875, 542.6016235351562]","[430.39849853515625, 525.2636108398438, 22.5977783203125, 17.3380126953125]",False,,0.36011081562815783,0.36011081562815783,3,localization,Japan_007745.jpg,D40,D40
527,2,0.46920204162597656,"[71.61752319335938, 333.253662109375, 217.1941680908203, 401.36260986328125]","[71.61752319335938, 333.253662109375, 145.57664489746094, 68.10894775390625]",False,,0.4471916464327092,0.4471916464327092,2,localization,Japan_008559.jpg,D20,D20
534,1,0.46867701411247253,"[456.76824951171875, 502.83514404296875, 556.4876098632812, 526.0478515625]","[456.76824951171875, 502.83514404296875, 99.7193603515625, 23.21270751953125]",False,,0.0,0.0060110991254256774,2,background_or_unlabeled,Japan_008755.jpg,D10,D20
111,1,0.46836864948272705,"[113.02799987792969, 250.5561981201172, 410.90362548828125, 291.24737548828125]","[113.02799987792969, 250.5561981201172, 297.87562561035156, 40.69117736816406]",False,,0.4817572988043836,0.4817572988043836,1,localization,Japan_002032.jpg,D10,D10
256,1,0.4683539569377899,"[499.52874755859375, 465.436767578125, 599.1768188476562, 485.1374816894531]","[499.52874755859375, 465.436767578125, 99.6480712890625, 19.700714111328125]",False,,0.0,0.017977214432558834,0,background_or_unlabeled,Japan_004176.jpg,D10,D00
475,1,0.4681280851364136,"[517.0918579101562, 477.7774658203125, 598.3067016601562, 504.7279968261719]","[517.0918579101562, 477.7774658203125, 81.21484375, 26.950531005859375]",False,,0.0,0.0,2,background_or_unlabeled,Japan_007546.jpg,D10,D20
157,1,0.4679275453090668,"[173.68565368652344, 435.95831298828125, 279.894775390625, 458.0867614746094]","[173.68565368652344, 435.95831298828125, 106.20912170410156, 22.128448486328125]",False,,0.0,0.07768395429255907,2,background_or_unlabeled,Japan_002780.jpg,D10,D20
170,2,0.4676630198955536,"[246.58914184570312, 432.55670166015625, 394.50201416015625, 520.809326171875]","[246.58914184570312, 432.55670166015625, 147.91287231445312, 88.25262451171875]",False,,0.0,0.16179321820925993,0,localization,Japan_002929.jpg,D20,D00
231,2,0.46763214468955994,"[264.65948486328125, 292.38909912109375, 305.6435852050781, 344.2121887207031]","[264.65948486328125, 292.38909912109375, 40.984100341796875, 51.823089599609375]",False,,0.0,0.7957122049528458,0,class_confusion,Japan_003847.jpg,D20,D00
417,1,0.46714240312576294,"[301.79522705078125, 485.75006103515625, 396.2142639160156, 529.887939453125]","[301.79522705078125, 485.75006103515625, 94.41903686523438, 44.13787841796875]",False,,0.0,0.38020764250519334,0,localization,Japan_006738.jpg,D10,D00
2,1,0.46618667244911194,"[3.651684522628784, 508.7763671875, 166.9029083251953, 550.7655639648438]","[3.651684522628784, 508.7763671875, 163.25122380256653, 41.98919677734375]",False,,0.0,0.047113540926939125,2,background_or_unlabeled,Japan_000004.jpg,D10,D20
31,1,0.4656667411327362,"[235.6599578857422, 524.9423217773438, 351.8106994628906, 547.3723754882812]","[235.6599578857422, 524.9423217773438, 116.15074157714844, 22.4300537109375]",False,,0.0,0.07900267418939921,0,background_or_unlabeled,Japan_000548.jpg,D10,D00
610,0,0.4653526544570923,"[162.84193420410156, 402.8223876953125, 258.96771240234375, 490.8055419921875]","[162.84193420410156, 402.8223876953125, 96.12577819824219, 87.983154296875]",False,,0.47821123573575186,0.47821123573575186,0,localization,Japan_010392.jpg,D00,D00
632,3,0.4652346670627594,"[399.4402160644531, 400.9703063964844, 444.35614013671875, 425.3517761230469]","[399.4402160644531, 400.9703063964844, 44.915924072265625, 24.3814697265625]",False,,0.0,0.009735145416153506,2,background_or_unlabeled,Japan_010784.jpg,D40,D20
110,2,0.46495214104652405,"[267.4778747558594, 159.00653076171875, 591.390625, 445.208740234375]","[267.4778747558594, 159.00653076171875, 323.9127502441406, 286.20220947265625]",False,,0.47152904443417915,0.47152904443417915,2,localization,Japan_002006.jpg,D20,D20
685,2,0.46487537026405334,"[4.408764839172363, 407.23992919921875, 121.25923919677734, 500.16180419921875]","[4.408764839172363, 407.23992919921875, 116.85047435760498, 92.921875]",False,,0.1230950160070297,0.1230950160070297,2,localization,Japan_011480.jpg,D20,D20
571,2,0.4646925628185272,"[390.7709045410156, 42.35293960571289, 539.4434204101562, 136.27879333496094]","[390.7709045410156, 42.35293960571289, 148.67251586914062, 93.92585372924805]",False,,0.36874998445904783,0.36874998445904783,2,localization,Japan_009509.jpg,D20,D20
619,2,0.46452561020851135,"[249.677978515625, 370.4821472167969, 475.6053771972656, 586.5174560546875]","[249.677978515625, 370.4821472167969, 225.92739868164062, 216.03530883789062]",False,,0.3968476733810023,0.3968476733810023,2,localization,Japan_010526.jpg,D20,D20
697,1,0.46434566378593445,"[104.97014617919922, 509.18634033203125, 216.92779541015625, 533.8200073242188]","[104.97014617919922, 509.18634033203125, 111.95764923095703, 24.6336669921875]",False,,0.0,0.0,0,background_or_unlabeled,Japan_011605.jpg,D10,D00
221,1,0.46430161595344543,"[366.86431884765625, 244.2397003173828, 445.24505615234375, 260.0072326660156]","[366.86431884765625, 244.2397003173828, 78.3807373046875, 15.767532348632812]",False,,0.0,0.0,2,background_or_unlabeled,Japan_003762.jpg,D10,D20
214,1,0.46391528844833374,"[3.7482619285583496, 565.0408935546875, 129.5628662109375, 590.9818725585938]","[3.7482619285583496, 565.0408935546875, 125.81460428237915, 25.94097900390625]",False,,0.0,0.0,1,background_or_unlabeled,Japan_003637.jpg,D10,D10
687,1,0.4631820321083069,"[71.6250991821289, 440.0175476074219, 413.9097595214844, 511.4416809082031]","[71.6250991821289, 440.0175476074219, 342.28466033935547, 71.42413330078125]",False,,0.6915434875627866,0.6915434875627866,1,duplicate,Japan_011506.jpg,D10,D10
597,2,0.4626270532608032,"[154.43727111816406, 300.0894775390625, 320.89947509765625, 338.4440612792969]","[154.43727111816406, 300.0894775390625, 166.4622039794922, 38.354583740234375]",False,,0.0,0.0,2,background_or_unlabeled,Japan_010140.jpg,D20,D20
21,0,0.46257254481315613,"[546.0355834960938, 442.61572265625, 599.0396118164062, 495.7901306152344]","[546.0355834960938, 442.61572265625, 53.0040283203125, 53.174407958984375]",False,,0.0,0.03827762148758499,2,background_or_unlabeled,Japan_000308.jpg,D00,D20
222,1,0.4619111120700836,"[6.540235996246338, 495.355712890625, 142.9717254638672, 522.8217163085938]","[6.540235996246338, 495.355712890625, 136.43148946762085, 27.46600341796875]",False,,0.0,0.0,2,background_or_unlabeled,Japan_003778.jpg,D10,D20
236,2,0.46179845929145813,"[391.9541931152344, 366.06427001953125, 502.8739318847656, 504.90435791015625]","[391.9541931152344, 366.06427001953125, 110.91973876953125, 138.840087890625]",False,,0.0,0.6690222885342011,0,class_confusion,Japan_003873.jpg,D20,D00
375,2,0.46163156628608704,"[220.61355590820312, 307.2221374511719, 312.8379821777344, 379.5472412109375]","[220.61355590820312, 307.2221374511719, 92.22442626953125, 72.32510375976562]",False,,0.029288637384186435,0.029288637384186435,2,background_or_unlabeled,Japan_006082.jpg,D20,D20
425,2,0.46090808510780334,"[240.159912109375, 355.92462158203125, 288.4184265136719, 415.3550720214844]","[240.159912109375, 355.92462158203125, 48.258514404296875, 59.430450439453125]",False,,0.021372047890129593,0.021372047890129593,2,background_or_unlabeled,Japan_006888.jpg,D20,D20
517,1,0.46074017882347107,"[216.95980834960938, 456.78033447265625, 323.0723571777344, 478.6907653808594]","[216.95980834960938, 456.78033447265625, 106.112548828125, 21.910430908203125]",False,,0.0,0.02154547001753279,2,background_or_unlabeled,Japan_008404.jpg,D10,D20
581,1,0.46067357063293457,"[460.1976013183594, 389.1388854980469, 584.8568115234375, 423.8211364746094]","[460.1976013183594, 389.1388854980469, 124.65921020507812, 34.6822509765625]",False,,0.0,0.0,0,background_or_unlabeled,Japan_009785.jpg,D10,D00
770,1,0.46066537499427795,"[0.9775534272193909, 568.1802978515625, 63.15721893310547, 589.5603637695312]","[0.9775534272193909, 568.1802978515625, 62.17966550588608, 21.38006591796875]",False,,0.0,0.0,1,background_or_unlabeled,Japan_012715.jpg,D10,D10
461,3,0.4598678648471832,"[688.589599609375, 160.738037109375, 944.73583984375, 321.3426513671875]","[688.589599609375, 160.738037109375, 256.146240234375, 160.6046142578125]",False,,0.0,0.0,3,background_or_unlabeled,Japan_007371.jpg,D40,D40
761,1,0.4598510265350342,"[272.9332275390625, 514.6123657226562, 428.1307067871094, 542.3081665039062]","[272.9332275390625, 514.6123657226562, 155.19747924804688, 27.69580078125]",False,,0.2461490475515427,0.2461490475515427,1,localization,Japan_012563.jpg,D10,D10
331,1,0.4593731760978699,"[360.43145751953125, 297.55645751953125, 539.33349609375, 348.5680847167969]","[360.43145751953125, 297.55645751953125, 178.90203857421875, 51.011627197265625]",False,,0.0,0.043229456470521635,2,background_or_unlabeled,Japan_005394.jpg,D10,D20
706,2,0.4592304229736328,"[211.59710693359375, 111.13238525390625, 405.04461669921875, 238.03665161132812]","[211.59710693359375, 111.13238525390625, 193.447509765625, 126.90426635742188]",False,,0.0,0.0,2,background_or_unlabeled,Japan_011717.jpg,D20,D20
417,0,0.4590526223182678,"[481.6986999511719, 379.0733337402344, 599.6226196289062, 496.611328125]","[481.6986999511719, 379.0733337402344, 117.92391967773438, 117.53799438476562]",False,,0.49651741555942774,0.49651741555942774,0,localization,Japan_006738.jpg,D00,D00
543,2,0.45884138345718384,"[-0.03885626792907715, 326.45916748046875, 102.43412017822266, 407.4256896972656]","[-0.03885626792907715, 326.45916748046875, 102.47297644615173, 80.96652221679688]",False,,0.0,0.0,0,background_or_unlabeled,Japan_009039.jpg,D20,D00
572,2,0.4585144519805908,"[242.2736358642578, 403.0890808105469, 341.7474060058594, 503.5981140136719]","[242.2736358642578, 403.0890808105469, 99.47377014160156, 100.509033203125]",False,,0.0,0.0,1,background_or_unlabeled,Japan_009526.jpg,D20,D10
771,2,0.45838627219200134,"[173.3823699951172, 441.39666748046875, 599.5247192382812, 588.2682495117188]","[173.3823699951172, 441.39666748046875, 426.14234924316406, 146.87158203125]",False,,0.8412128668909253,0.8412128668909253,2,duplicate,Japan_012759.jpg,D20,D20
31,0,0.45837703347206116,"[305.7729797363281, 423.1629638671875, 457.41693115234375, 588.0419921875]","[305.7729797363281, 423.1629638671875, 151.64395141601562, 164.8790283203125]",False,,0.4440136324448185,0.4440136324448185,0,localization,Japan_000548.jpg,D00,D00
486,2,0.4583391845226288,"[261.74249267578125, 347.66119384765625, 484.98150634765625, 430.685302734375]","[261.74249267578125, 347.66119384765625, 223.239013671875, 83.02410888671875]",False,,0.0,0.0,2,background_or_unlabeled,Japan_007782.jpg,D20,D20
320,0,0.45743581652641296,"[119.7813720703125, 548.3179321289062, 203.9210205078125, 588.0151977539062]","[119.7813720703125, 548.3179321289062, 84.1396484375, 39.697265625]",False,,0.44805126803196166,0.44805126803196166,0,localization,Japan_005190.jpg,D00,D00
56,1,0.4574207365512848,"[493.984375, 315.74420166015625, 599.0155029296875, 362.3948974609375]","[493.984375, 315.74420166015625, 105.0311279296875, 46.65069580078125]",False,,0.0,0.0,3,background_or_unlabeled,Japan_000994.jpg,D10,D40
94,2,0.4569127857685089,"[387.885498046875, 317.7119140625, 548.108154296875, 420.361328125]","[387.885498046875, 317.7119140625, 160.22265625, 102.6494140625]",False,,0.10932200661797677,0.10932200661797677,2,localization,Japan_001729.jpg,D20,D20
628,1,0.45682376623153687,"[349.259521484375, 443.213134765625, 539.6829223632812, 502.6518249511719]","[349.259521484375, 443.213134765625, 190.42340087890625, 59.438690185546875]",False,,0.35441079175605056,0.35441079175605056,1,localization,Japan_010686.jpg,D10,D10
310,1,0.4566270709037781,"[97.08180236816406, 444.81182861328125, 318.77349853515625, 477.46868896484375]","[97.08180236816406, 444.81182861328125, 221.6916961669922, 32.6568603515625]",False,,0.0,0.0,0,background_or_unlabeled,Japan_004987.jpg,D10,D00
54,1,0.4553019106388092,"[280.9534606933594, 345.50787353515625, 368.986572265625, 362.3351135253906]","[280.9534606933594, 345.50787353515625, 88.03311157226562, 16.827239990234375]",False,,0.0,0.0,0,background_or_unlabeled,Japan_000930.jpg,D10,D00
97,1,0.4551556706428528,"[314.1057434082031, 346.8742980957031, 405.04656982421875, 368.7327880859375]","[314.1057434082031, 346.8742980957031, 90.94082641601562, 21.858489990234375]",False,,0.0,0.0,2,background_or_unlabeled,Japan_001772.jpg,D10,D20
585,0,0.4551151692867279,"[332.9090270996094, 170.00677490234375, 503.9566345214844, 474.22576904296875]","[332.9090270996094, 170.00677490234375, 171.047607421875, 304.218994140625]",False,,0.2203958806843963,0.3811546655712075,2,localization,Japan_009897.jpg,D00,D20
33,2,0.45497387647628784,"[464.4410400390625, 416.78179931640625, 599.1482543945312, 511.4140625]","[464.4410400390625, 416.78179931640625, 134.70721435546875, 94.63226318359375]",False,,0.4215618751739154,0.4215618751739154,2,localization,Japan_000580.jpg,D20,D20
514,0,0.45470643043518066,"[331.2198486328125, 356.91290283203125, 393.131103515625, 502.3624267578125]","[331.2198486328125, 356.91290283203125, 61.9112548828125, 145.44952392578125]",False,,0.0,0.6094297376663864,2,class_confusion,Japan_008371.jpg,D00,D20
176,1,0.4546473026275635,"[1.111663818359375, 564.8810424804688, 73.96839141845703, 588.0505981445312]","[1.111663818359375, 564.8810424804688, 72.85672760009766, 23.1695556640625]",False,,0.0,0.0,2,background_or_unlabeled,Japan_002984.jpg,D10,D20
567,1,0.45421314239501953,"[18.099260330200195, 552.91162109375, 109.71781921386719, 571.4302368164062]","[18.099260330200195, 552.91162109375, 91.61855888366699, 18.51861572265625]",False,,0.0,0.0,0,background_or_unlabeled,Japan_009478.jpg,D10,D00
496,3,0.4534139633178711,"[302.46063232421875, 364.68035888671875, 582.4320068359375, 595.8433837890625]","[302.46063232421875, 364.68035888671875, 279.97137451171875, 231.16302490234375]",False,,0.05757193843088837,0.05757193843088837,3,background_or_unlabeled,Japan_007959.jpg,D40,D40
346,2,0.4531933069229126,"[306.29840087890625, 450.9906311035156, 378.9685363769531, 485.91070556640625]","[306.29840087890625, 450.9906311035156, 72.67013549804688, 34.920074462890625]",False,,0.0,0.5120687680628953,1,class_confusion,Japan_005572.jpg,D20,D10
458,2,0.4527945816516876,"[309.7646789550781, 469.588623046875, 354.456787109375, 546.1740112304688]","[309.7646789550781, 469.588623046875, 44.692108154296875, 76.58538818359375]",False,,0.0,0.8215586210402954,0,class_confusion,Japan_007341.jpg,D20,D00
440,1,0.4525914192199707,"[42.93995666503906, 357.7910461425781, 270.4823913574219, 391.1108093261719]","[42.93995666503906, 357.7910461425781, 227.5424346923828, 33.31976318359375]",False,,0.45174803179744755,0.45174803179744755,1,localization,Japan_007120.jpg,D10,D10
208,0,0.45128217339515686,"[158.3974609375, 422.7005615234375, 216.0198974609375, 520.0577392578125]","[158.3974609375, 422.7005615234375, 57.6224365234375, 97.357177734375]",False,,0.0,0.12294275497289968,2,localization,Japan_003582.jpg,D00,D20
276,2,0.4509727954864502,"[1.3266921043395996, 409.36883544921875, 215.2091827392578, 597.9903564453125]","[1.3266921043395996, 409.36883544921875, 213.8824906349182, 188.62152099609375]",False,,0.6230554547952286,0.6230554547952286,2,duplicate,Japan_004418.jpg,D20,D20
336,1,0.4508422017097473,"[375.5462341308594, 409.3672790527344, 435.0145263671875, 422.7514953613281]","[375.5462341308594, 409.3672790527344, 59.468292236328125, 13.38421630859375]",False,,0.0,0.0,0,background_or_unlabeled,Japan_005439.jpg,D10,D00
329,2,0.4501146376132965,"[197.108154296875, 359.5298156738281, 441.4798583984375, 575.5130004882812]","[197.108154296875, 359.5298156738281, 244.3717041015625, 215.98318481445312]",False,,0.4564180121963907,0.4564180121963907,2,localization,Japan_005381.jpg,D20,D20
648,0,0.45009279251098633,"[65.70614624023438, 427.8640441894531, 237.6094207763672, 549.1898803710938]","[65.70614624023438, 427.8640441894531, 171.9032745361328, 121.32583618164062]",False,,0.5572363892746761,0.5572363892746761,0,duplicate,Japan_010967.jpg,D00,D00
539,0,0.44995638728141785,"[452.3991394042969, 539.2321166992188, 575.2203369140625, 595.6787109375]","[452.3991394042969, 539.2321166992188, 122.82119750976562, 56.44659423828125]",False,,0.0,0.0,2,background_or_unlabeled,Japan_008933.jpg,D00,D20
652,1,0.44980567693710327,"[456.90771484375, 530.6727294921875, 591.7610473632812, 554.6224975585938]","[456.90771484375, 530.6727294921875, 134.85333251953125, 23.94976806640625]",False,,0.4873538972478213,0.4873538972478213,1,localization,Japan_011026.jpg,D10,D10
252,1,0.44945111870765686,"[389.20184326171875, 472.5745544433594, 446.953369140625, 486.38214111328125]","[389.20184326171875, 472.5745544433594, 57.75152587890625, 13.807586669921875]",False,,0.0,0.0,2,background_or_unlabeled,Japan_004139.jpg,D10,D20
45,0,0.4491545557975769,"[185.05511474609375, 427.0645446777344, 229.27333068847656, 548.0230102539062]","[185.05511474609375, 427.0645446777344, 44.21821594238281, 120.95846557617188]",False,,0.3501288001378925,0.3501288001378925,0,localization,Japan_000738.jpg,D00,D00
577,1,0.4486806094646454,"[168.22679138183594, 516.7489624023438, 235.61404418945312, 535.650146484375]","[168.22679138183594, 516.7489624023438, 67.38725280761719, 18.90118408203125]",False,,0.0,0.01641296237589735,2,background_or_unlabeled,Japan_009658.jpg,D10,D20
481,0,0.44862881302833557,"[355.0204162597656, 125.66773223876953, 431.81011962890625, 172.6770782470703]","[355.0204162597656, 125.66773223876953, 76.78970336914062, 47.00934600830078]",False,,0.0,0.0,1,background_or_unlabeled,Japan_007702.jpg,D00,D10
336,2,0.44848698377609253,"[305.0306091308594, 312.87432861328125, 372.9620361328125, 366.0605163574219]","[305.0306091308594, 312.87432861328125, 67.93142700195312, 53.186187744140625]",False,,0.0,0.0,0,background_or_unlabeled,Japan_005439.jpg,D20,D00
23,0,0.4483720660209656,"[314.1766662597656, 436.0712585449219, 418.20159912109375, 574.432373046875]","[314.1766662597656, 436.0712585449219, 104.02493286132812, 138.36111450195312]",False,,0.0,0.0,0,background_or_unlabeled,Japan_000365.jpg,D00,D00
655,0,0.44830217957496643,"[202.0965576171875, 290.55279541015625, 241.20968627929688, 589.359619140625]","[202.0965576171875, 290.55279541015625, 39.113128662109375, 298.80682373046875]",False,,0.7551228905970139,0.7551228905970139,0,duplicate,Japan_011062.jpg,D00,D00
151,2,0.44790515303611755,"[141.2688446044922, 449.79229736328125, 375.1083679199219, 502.3176574707031]","[141.2688446044922, 449.79229736328125, 233.8395233154297, 52.525360107421875]",False,,0.0,0.39226525318040917,1,localization,Japan_002711.jpg,D20,D10
359,1,0.44762954115867615,"[244.08885192871094, 567.3787841796875, 589.2593994140625, 599.7608032226562]","[244.08885192871094, 567.3787841796875, 345.17054748535156, 32.38201904296875]",False,,0.2717631242765882,0.2717631242765882,1,localization,Japan_005762.jpg,D10,D10
434,2,0.4475283920764923,"[391.402587890625, 402.8543395996094, 482.7022705078125, 453.90728759765625]","[391.402587890625, 402.8543395996094, 91.2996826171875, 51.052947998046875]",False,,0.0,0.061716524732800336,1,background_or_unlabeled,Japan_007056.jpg,D20,D10
252,1,0.44732820987701416,"[129.929931640625, 439.94830322265625, 237.2052001953125, 459.1702880859375]","[129.929931640625, 439.94830322265625, 107.2752685546875, 19.22198486328125]",False,,0.0,0.0,2,background_or_unlabeled,Japan_004139.jpg,D10,D20
507,3,0.44716349244117737,"[411.8353271484375, 458.8780517578125, 451.9391174316406, 487.70928955078125]","[411.8353271484375, 458.8780517578125, 40.103790283203125, 28.83123779296875]",False,,0.0,0.01609647391210573,2,background_or_unlabeled,Japan_008224.jpg,D40,D20
774,3,0.4470430016517639,"[167.49794006347656, 427.885009765625, 244.1319122314453, 457.0381164550781]","[167.49794006347656, 427.885009765625, 76.63397216796875, 29.153106689453125]",False,,0.0,0.02771199601647547,1,background_or_unlabeled,Japan_012807.jpg,D40,D10
258,2,0.44691649079322815,"[318.354248046875, 461.45623779296875, 579.4680786132812, 597.0192260742188]","[318.354248046875, 461.45623779296875, 261.11383056640625, 135.56298828125]",False,,0.17971026116141275,0.17971026116141275,2,localization,Japan_004196.jpg,D20,D20
258,3,0.4467838406562805,"[233.26303100585938, 377.9806823730469, 319.4800720214844, 454.8141784667969]","[233.26303100585938, 377.9806823730469, 86.217041015625, 76.83349609375]",False,,0.0,0.0,2,background_or_unlabeled,Japan_004196.jpg,D40,D20
298,2,0.44618865847587585,"[264.8243408203125, 357.04144287109375, 390.1948547363281, 586.4072265625]","[264.8243408203125, 357.04144287109375, 125.37051391601562, 229.36578369140625]",False,,0.49943557274422595,0.49943557274422595,2,localization,Japan_004774.jpg,D20,D20
448,0,0.4461394250392914,"[505.0806884765625, 367.0330810546875, 598.7059326171875, 510.5741882324219]","[505.0806884765625, 367.0330810546875, 93.625244140625, 143.54110717773438]",False,,0.0,0.0,2,background_or_unlabeled,Japan_007228.jpg,D00,D20
326,1,0.4461272954940796,"[176.56802368164062, 289.5686340332031, 272.94903564453125, 316.03668212890625]","[176.56802368164062, 289.5686340332031, 96.38101196289062, 26.468048095703125]",False,,0.0,0.0,0,background_or_unlabeled,Japan_005315.jpg,D10,D00
451,2,0.4456924796104431,"[359.4719543457031, 400.824951171875, 418.6612243652344, 463.59637451171875]","[359.4719543457031, 400.824951171875, 59.18927001953125, 62.77142333984375]",False,,0.06399533202368507,0.06399533202368507,2,background_or_unlabeled,Japan_007267.jpg,D20,D20
226,2,0.4453134536743164,"[278.7847900390625, 468.5368957519531, 455.1822509765625, 597.6839599609375]","[278.7847900390625, 468.5368957519531, 176.3974609375, 129.14706420898438]",False,,0.23005919183548973,0.23005919183548973,2,localization,Japan_003814.jpg,D20,D20
14,1,0.4451765716075897,"[449.3101501464844, 536.00146484375, 528.5357055664062, 561.0660400390625]","[449.3101501464844, 536.00146484375, 79.22555541992188, 25.0645751953125]",False,,0.0,0.0,1,background_or_unlabeled,Japan_000213.jpg,D10,D10
169,0,0.4451560080051422,"[454.7085266113281, 424.14044189453125, 591.651123046875, 541.8981323242188]","[454.7085266113281, 424.14044189453125, 136.94259643554688, 117.7576904296875]",False,,0.0,0.0,2,background_or_unlabeled,Japan_002926.jpg,D00,D20
139,1,0.4447234272956848,"[120.468505859375, 366.0788879394531, 282.09417724609375, 388.35382080078125]","[120.468505859375, 366.0788879394531, 161.62567138671875, 22.274932861328125]",False,,0.0,0.0,0,background_or_unlabeled,Japan_002467.jpg,D10,D00
117,3,0.4446307420730591,"[329.99359130859375, 480.7910461425781, 451.8638000488281, 538.15234375]","[329.99359130859375, 480.7910461425781, 121.87020874023438, 57.361297607421875]",False,,0.25276679821085074,0.25276679821085074,3,localization,Japan_002153.jpg,D40,D40
353,3,0.4446293115615845,"[190.35101318359375, 374.45892333984375, 418.9964599609375, 726.4974975585938]","[190.35101318359375, 374.45892333984375, 228.64544677734375, 352.03857421875]",False,,0.47743865033680916,0.47743865033680916,3,localization,Japan_005683.jpg,D40,D40
6,0,0.44434264302253723,"[382.01416015625, 500.84796142578125, 530.7194213867188, 568.1536865234375]","[382.01416015625, 500.84796142578125, 148.70526123046875, 67.30572509765625]",False,,0.31572240078543135,0.31572240078543135,0,localization,Japan_000072.jpg,D00,D00
330,1,0.44414955377578735,"[215.5255126953125, 383.8050842285156, 490.8684387207031, 411.22369384765625]","[215.5255126953125, 383.8050842285156, 275.3429260253906, 27.418609619140625]",False,,0.269387673312403,0.269387673312403,1,localization,Japan_005382.jpg,D10,D10
523,2,0.44395241141319275,"[122.8515396118164, 338.8305969238281, 430.22613525390625, 491.529541015625]","[122.8515396118164, 338.8305969238281, 307.37459564208984, 152.69894409179688]",False,,0.4618509689611569,0.4618509689611569,2,localization,Japan_008510.jpg,D20,D20
739,2,0.4437572658061981,"[182.90093994140625, 209.0794219970703, 403.68743896484375, 444.35833740234375]","[182.90093994140625, 209.0794219970703, 220.7864990234375, 235.27891540527344]",False,,0.3274110894798284,0.3274110894798284,2,localization,Japan_012165.jpg,D20,D20
494,2,0.44348999857902527,"[130.45394897460938, 294.0413513183594, 337.605712890625, 598.2400512695312]","[130.45394897460938, 294.0413513183594, 207.15176391601562, 304.1986999511719]",False,,0.42754270311639636,0.42754270311639636,2,localization,Japan_007944.jpg,D20,D20
149,0,0.44326484203338623,"[220.04510498046875, 310.30926513671875, 253.8520965576172, 401.5235290527344]","[220.04510498046875, 310.30926513671875, 33.80699157714844, 91.21426391601562]",False,,0.1690052272996201,0.1690052272996201,0,localization,Japan_002685.jpg,D00,D00
669,2,0.4428337514400482,"[95.64002990722656, 463.2524108886719, 213.6250762939453, 576.8655395507812]","[95.64002990722656, 463.2524108886719, 117.98504638671875, 113.61312866210938]",False,,0.0,0.0,0,background_or_unlabeled,Japan_011210.jpg,D20,D00
726,2,0.44279444217681885,"[220.0777130126953, 430.9322204589844, 416.81072998046875, 597.9195556640625]","[220.0777130126953, 430.9322204589844, 196.73301696777344, 166.98733520507812]",False,,0.4335913077188405,0.4335913077188405,2,localization,Japan_011973.jpg,D20,D20
22,1,0.44249528646469116,"[225.23768615722656, 361.9146728515625, 420.4556579589844, 400.8387451171875]","[225.23768615722656, 361.9146728515625, 195.2179718017578, 38.924072265625]",False,,0.34547299122347647,0.34547299122347647,1,localization,Japan_000354.jpg,D10,D10
543,0,0.4424094557762146,"[300.3172912597656, 397.3120422363281, 333.6366271972656, 455.7214660644531]","[300.3172912597656, 397.3120422363281, 33.3193359375, 58.409423828125]",False,,0.4617748171771493,0.4617748171771493,0,localization,Japan_009039.jpg,D00,D00
23,2,0.44232529401779175,"[314.1766662597656, 436.0712585449219, 418.20159912109375, 574.432373046875]","[314.1766662597656, 436.0712585449219, 104.02493286132812, 138.36111450195312]",False,,0.0,0.0,0,background_or_unlabeled,Japan_000365.jpg,D20,D00
214,3,0.44173771142959595,"[125.18202209472656, 472.2379455566406, 167.08746337890625, 497.9284973144531]","[125.18202209472656, 472.2379455566406, 41.90544128417969, 25.6905517578125]",False,,0.0,0.00014498233920210598,1,background_or_unlabeled,Japan_003637.jpg,D40,D10
596,1,0.44162124395370483,"[488.0028991699219, 385.27056884765625, 597.1851196289062, 412.3999328613281]","[488.0028991699219, 385.27056884765625, 109.18222045898438, 27.129364013671875]",False,,0.0,0.0,0,background_or_unlabeled,Japan_010133.jpg,D10,D00
512,2,0.4412800371646881,"[106.40213012695312, 426.4487609863281, 234.6490478515625, 572.1809692382812]","[106.40213012695312, 426.4487609863281, 128.24691772460938, 145.73220825195312]",False,,0.22786287939531574,0.22786287939531574,2,localization,Japan_008351.jpg,D20,D20
195,0,0.44020089507102966,"[331.64691162109375, 358.92181396484375, 425.05816650390625, 429.0369567871094]","[331.64691162109375, 358.92181396484375, 93.4112548828125, 70.11514282226562]",False,,0.0,0.029993112112947768,2,background_or_unlabeled,Japan_003377.jpg,D00,D20
613,1,0.44002941250801086,"[238.78598022460938, 388.4840087890625, 312.97015380859375, 411.89459228515625]","[238.78598022460938, 388.4840087890625, 74.18417358398438, 23.41058349609375]",False,,0.0,0.8920080696995766,0,class_confusion,Japan_010415.jpg,D10,D00
334,1,0.439966082572937,"[2.8437674045562744, 419.2051696777344, 107.64910125732422, 441.1816101074219]","[2.8437674045562744, 419.2051696777344, 104.80533385276794, 21.9764404296875]",False,,0.0,0.05215799535345524,2,background_or_unlabeled,Japan_005428.jpg,D10,D20
702,3,0.4393225610256195,"[417.7810974121094, 431.9393005371094, 442.8769226074219, 453.90093994140625]","[417.7810974121094, 431.9393005371094, 25.0958251953125, 21.961639404296875]",False,,0.0,0.010411150090534612,2,background_or_unlabeled,Japan_011660.jpg,D40,D20
337,3,0.43886858224868774,"[370.9770812988281, 384.10455322265625, 403.3359680175781, 402.40582275390625]","[370.9770812988281, 384.10455322265625, 32.35888671875, 18.30126953125]",False,,0.0,0.005237957452800078,2,background_or_unlabeled,Japan_005451.jpg,D40,D20
780,3,0.43884333968162537,"[39.00981521606445, 436.68536376953125, 92.6678237915039, 470.1325988769531]","[39.00981521606445, 436.68536376953125, 53.65800857543945, 33.447235107421875]",False,,0.0,0.013621275582649877,2,background_or_unlabeled,Japan_012991.jpg,D40,D20
456,2,0.4383562505245209,"[87.96504974365234, 115.21074676513672, 488.7250671386719, 470.0621337890625]","[87.96504974365234, 115.21074676513672, 400.76001739501953, 354.8513870239258]",False,,0.7371578767862245,0.7371578767862245,2,duplicate,Japan_007310.jpg,D20,D20
651,0,0.43785151839256287,"[366.9131774902344, 417.47119140625, 388.1567077636719, 450.58404541015625]","[366.9131774902344, 417.47119140625, 21.2435302734375, 33.11285400390625]",False,,0.47273784709132965,0.47273784709132965,0,localization,Japan_011010.jpg,D00,D00
96,1,0.43762102723121643,"[357.87542724609375, 326.3819885253906, 429.03643798828125, 339.98907470703125]","[357.87542724609375, 326.3819885253906, 71.1610107421875, 13.607086181640625]",False,,0.0,0.0,1,background_or_unlabeled,Japan_001770.jpg,D10,D10
269,2,0.4375295639038086,"[297.7991943359375, 369.84466552734375, 596.8499755859375, 598.9769897460938]","[297.7991943359375, 369.84466552734375, 299.05078125, 229.13232421875]",False,,0.9152464448635873,0.9152464448635873,2,duplicate,Japan_004304.jpg,D20,D20
719,0,0.4374515116214752,"[358.5597839355469, 452.0877685546875, 378.927978515625, 495.7886047363281]","[358.5597839355469, 452.0877685546875, 20.368194580078125, 43.700836181640625]",False,,0.1705186081723706,0.1705186081723706,0,localization,Japan_011876.jpg,D00,D00
37,0,0.4373779296875,"[178.88656616210938, 335.3826599121094, 273.945068359375, 402.0172424316406]","[178.88656616210938, 335.3826599121094, 95.05850219726562, 66.63458251953125]",False,,0.0,0.0,0,background_or_unlabeled,Japan_000649.jpg,D00,D00
637,0,0.4366092383861542,"[248.30496215820312, 405.149169921875, 289.21673583984375, 466.89263916015625]","[248.30496215820312, 405.149169921875, 40.911773681640625, 61.74346923828125]",False,,0.29093002038147464,0.29093002038147464,0,localization,Japan_010833.jpg,D00,D00
97,1,0.43635767698287964,"[451.4081115722656, 440.15301513671875, 589.2378540039062, 471.61309814453125]","[451.4081115722656, 440.15301513671875, 137.82974243164062, 31.4600830078125]",False,,0.0,0.0,2,background_or_unlabeled,Japan_001772.jpg,D10,D20
721,3,0.4363242983818054,"[319.4630432128906, 397.38214111328125, 356.3304748535156, 416.413818359375]","[319.4630432128906, 397.38214111328125, 36.867431640625, 19.03167724609375]",False,,0.1425704894708006,0.1425704894708006,3,localization,Japan_011895.jpg,D40,D40
122,3,0.43625128269195557,"[444.77532958984375, 417.322265625, 471.8902587890625, 435.15728759765625]","[444.77532958984375, 417.322265625, 27.11492919921875, 17.83502197265625]",False,,0.0,0.0,2,background_or_unlabeled,Japan_002228.jpg,D40,D20
755,0,0.4361816942691803,"[224.16709899902344, 473.9545593261719, 389.0805969238281, 571.5380859375]","[224.16709899902344, 473.9545593261719, 164.9134979248047, 97.58352661132812]",False,,0.0,0.8103085076857421,2,class_confusion,Japan_012436.jpg,D00,D20
766,1,0.4358842074871063,"[296.694580078125, 180.67767333984375, 358.83514404296875, 197.78302001953125]","[296.694580078125, 180.67767333984375, 62.14056396484375, 17.1053466796875]",False,,0.0,0.0022490828412660225,2,background_or_unlabeled,Japan_012631.jpg,D10,D20
86,0,0.4358522593975067,"[309.974609375, 455.3458251953125, 404.97235107421875, 596.0885620117188]","[309.974609375, 455.3458251953125, 94.99774169921875, 140.74273681640625]",False,,0.3310697696307024,0.3310697696307024,0,localization,Japan_001625.jpg,D00,D00
174,3,0.43558385968208313,"[281.5549621582031, 559.9308471679688, 365.817138671875, 599.9915161132812]","[281.5549621582031, 559.9308471679688, 84.26217651367188, 40.0606689453125]",False,,0.0,0.0,2,background_or_unlabeled,Japan_002973.jpg,D40,D20
699,2,0.4353574216365814,"[135.1111602783203, 496.46044921875, 364.3016662597656, 599.9207763671875]","[135.1111602783203, 496.46044921875, 229.1905059814453, 103.4603271484375]",False,,0.0,0.0900383253072576,0,background_or_unlabeled,Japan_011637.jpg,D20,D00
265,1,0.4349134862422943,"[0.7973849773406982, 566.4393920898438, 99.43975830078125, 588.88916015625]","[0.7973849773406982, 566.4393920898438, 98.64237332344055, 22.44976806640625]",False,,0.0,0.0,1,background_or_unlabeled,Japan_004260.jpg,D10,D10
134,2,0.4349115192890167,"[5.540156364440918, 483.70477294921875, 599.407470703125, 599.41455078125]","[5.540156364440918, 483.70477294921875, 593.8673143386841, 115.70977783203125]",False,,0.37986188351355016,0.37986188351355016,2,localization,Japan_002419.jpg,D20,D20
542,0,0.4348301589488983,"[42.64950180053711, 549.6925659179688, 166.2942352294922, 600.0873413085938]","[42.64950180053711, 549.6925659179688, 123.64473342895508, 50.394775390625]",False,,0.6016261741198299,0.6016261741198299,0,duplicate,Japan_008976.jpg,D00,D00
271,0,0.43462273478507996,"[118.69358825683594, 15.511787414550781, 249.15164184570312, 257.215576171875]","[118.69358825683594, 15.511787414550781, 130.4580535888672, 241.70378875732422]",False,,0.37604404782208056,0.37604404782208056,0,localization,Japan_004339.jpg,D00,D00
98,0,0.4343993663787842,"[362.4632263183594, 341.0088195800781, 449.2964172363281, 450.3458251953125]","[362.4632263183594, 341.0088195800781, 86.83319091796875, 109.33700561523438]",False,,0.0,0.17490293436105278,2,localization,Japan_001799.jpg,D00,D20
629,0,0.43438541889190674,"[143.5993194580078, 202.10260009765625, 305.8965759277344, 519.8372192382812]","[143.5993194580078, 202.10260009765625, 162.29725646972656, 317.734619140625]",False,,0.1835208179665911,0.1835208179665911,0,localization,Japan_010717.jpg,D00,D00
680,2,0.43437740206718445,"[1.6025304794311523, 345.5550537109375, 187.74322509765625, 456.2895202636719]","[1.6025304794311523, 345.5550537109375, 186.1406946182251, 110.73446655273438]",False,,0.4585858115034827,0.4585858115034827,2,localization,Japan_011424.jpg,D20,D20
443,3,0.4343741834163666,"[0.3282219171524048, 968.0599365234375, 118.48351287841797, 1017.2064208984375]","[0.3282219171524048, 968.0599365234375, 118.15529096126556, 49.146484375]",False,,0.0,0.1481208622027769,2,localization,Japan_007152.jpg,D40,D20
632,2,0.43422266840934753,"[144.5482177734375, 407.0369567871094, 265.9826965332031, 508.6863708496094]","[144.5482177734375, 407.0369567871094, 121.43447875976562, 101.6494140625]",False,,0.09738350050274097,0.09738350050274097,2,background_or_unlabeled,Japan_010784.jpg,D20,D20
371,3,0.43415534496307373,"[528.7249145507812, 384.5445861816406, 598.300537109375, 423.9189758300781]","[528.7249145507812, 384.5445861816406, 69.57562255859375, 39.3743896484375]",False,,0.0,0.0,1,background_or_unlabeled,Japan_006037.jpg,D40,D10
775,0,0.4340119957923889,"[451.96630859375, 370.3655090332031, 544.6165161132812, 429.9686279296875]","[451.96630859375, 370.3655090332031, 92.65020751953125, 59.603118896484375]",False,,0.0,0.0,0,background_or_unlabeled,Japan_012808.jpg,D00,D00
637,0,0.43398746848106384,"[241.1956024169922, 405.33807373046875, 290.5230712890625, 467.81243896484375]","[241.1956024169922, 405.33807373046875, 49.32746887207031, 62.474365234375]",False,,0.30506887277300104,0.30506887277300104,0,localization,Japan_010833.jpg,D00,D00
478,0,0.4339275658130646,"[278.2297668457031, 497.5687255859375, 315.22357177734375, 560.35888671875]","[278.2297668457031, 497.5687255859375, 36.993804931640625, 62.7901611328125]",False,,0.0,0.21442324126036633,2,localization,Japan_007636.jpg,D00,D20
82,0,0.433655709028244,"[412.29937744140625, 86.5174789428711, 529.644287109375, 393.39337158203125]","[412.29937744140625, 86.5174789428711, 117.34490966796875, 306.87589263916016]",False,,0.0,0.1983445939424402,2,localization,Japan_001543.jpg,D00,D20
354,0,0.4333571195602417,"[336.8470458984375, 325.0856628417969, 454.3276672363281, 458.847412109375]","[336.8470458984375, 325.0856628417969, 117.48062133789062, 133.76174926757812]",False,,0.37163334358709416,0.37163334358709416,0,localization,Japan_005685.jpg,D00,D00
119,0,0.43287068605422974,"[156.7018280029297, 442.0478820800781, 198.13963317871094, 476.3891906738281]","[156.7018280029297, 442.0478820800781, 41.43780517578125, 34.34130859375]",False,,0.341138662828128,0.341138662828128,0,localization,Japan_002202.jpg,D00,D00
363,3,0.43284380435943604,"[544.7099609375, 513.3638916015625, 598.0017700195312, 555.3692016601562]","[544.7099609375, 513.3638916015625, 53.29180908203125, 42.00531005859375]",False,,0.0,0.05477789128446952,2,background_or_unlabeled,Japan_005803.jpg,D40,D20
62,2,0.4326249361038208,"[236.7985076904297, 368.3655700683594, 269.0935974121094, 437.0086669921875]","[236.7985076904297, 368.3655700683594, 32.29508972167969, 68.64309692382812]",False,,0.31578845782464166,0.31578845782464166,2,localization,Japan_001157.jpg,D20,D20
135,2,0.43239128589630127,"[251.07919311523438, 427.94232177734375, 311.53485107421875, 461.10809326171875]","[251.07919311523438, 427.94232177734375, 60.455657958984375, 33.165771484375]",False,,0.07849032057685118,0.07849032057685118,2,background_or_unlabeled,Japan_002421.jpg,D20,D20
237,2,0.4323430061340332,"[388.48077392578125, 346.71441650390625, 596.2740478515625, 477.5422668457031]","[388.48077392578125, 346.71441650390625, 207.79327392578125, 130.82785034179688]",False,,0.273127083192318,0.273127083192318,2,localization,Japan_003893.jpg,D20,D20
575,1,0.4322846531867981,"[1.3121724128723145, 569.3348999023438, 94.15703582763672, 594.00634765625]","[1.3121724128723145, 569.3348999023438, 92.8448634147644, 24.67144775390625]",False,,0.0,0.0,0,background_or_unlabeled,Japan_009618.jpg,D10,D00
136,2,0.4319899082183838,"[16.825855255126953, 145.83889770507812, 474.55987548828125, 410.2780456542969]","[16.825855255126953, 145.83889770507812, 457.7340202331543, 264.43914794921875]",False,,0.0,0.08463122533997884,1,background_or_unlabeled,Japan_002440.jpg,D20,D10
213,0,0.43122097849845886,"[496.9248046875, 357.710693359375, 596.6655883789062, 415.7174987792969]","[496.9248046875, 357.710693359375, 99.74078369140625, 58.006805419921875]",False,,0.0,0.0,0,background_or_unlabeled,Japan_003626.jpg,D00,D00
494,2,0.4308604896068573,"[126.02727508544922, 295.5433044433594, 596.5462646484375, 599.4114379882812]","[126.02727508544922, 295.5433044433594, 470.5189895629883, 303.8681335449219]",False,,0.9130685488503006,0.9130685488503006,2,duplicate,Japan_007944.jpg,D20,D20
379,1,0.4308170676231384,"[55.96797561645508, 441.1994323730469, 365.65911865234375, 485.38018798828125]","[55.96797561645508, 441.1994323730469, 309.6911430358887, 44.180755615234375]",False,,0.21852909342811982,0.27012060807725075,2,localization,Japan_006105.jpg,D10,D20
553,0,0.43043336272239685,"[363.2369689941406, 311.4122009277344, 382.0556335449219, 338.69305419921875]","[363.2369689941406, 311.4122009277344, 18.81866455078125, 27.280853271484375]",False,,0.0,0.0,0,background_or_unlabeled,Japan_009221.jpg,D00,D00
158,0,0.4299269914627075,"[215.5414581298828, 330.7170104980469, 233.1082763671875, 370.5240783691406]","[215.5414581298828, 330.7170104980469, 17.566818237304688, 39.80706787109375]",False,,0.3397879134361298,0.3397879134361298,0,localization,Japan_002821.jpg,D00,D00
536,3,0.428324431180954,"[135.8817138671875, 432.6481018066406, 182.9796600341797, 455.159912109375]","[135.8817138671875, 432.6481018066406, 47.09794616699219, 22.511810302734375]",False,,0.43154351352471615,0.43154351352471615,3,localization,Japan_008900.jpg,D40,D40
422,3,0.4282413423061371,"[165.10873413085938, 543.9573364257812, 269.6664733886719, 581.6077270507812]","[165.10873413085938, 543.9573364257812, 104.5577392578125, 37.650390625]",False,,0.3407409316203965,0.3407409316203965,3,localization,Japan_006861.jpg,D40,D40
83,2,0.42820194363594055,"[199.82839965820312, 249.10940551757812, 382.364990234375, 337.70013427734375]","[199.82839965820312, 249.10940551757812, 182.53659057617188, 88.59072875976562]",False,,0.5100389231971008,0.5100389231971008,2,duplicate,Japan_001544.jpg,D20,D20
183,0,0.4272887408733368,"[335.7831726074219, 470.48406982421875, 376.0826721191406, 539.7103881835938]","[335.7831726074219, 470.48406982421875, 40.29949951171875, 69.226318359375]",False,,0.675728797889884,0.675728797889884,0,duplicate,Japan_003085.jpg,D00,D00
197,1,0.42715662717819214,"[135.96408081054688, 522.7061767578125, 286.60137939453125, 566.7544555664062]","[135.96408081054688, 522.7061767578125, 150.63729858398438, 44.04827880859375]",False,,0.0,0.0,2,background_or_unlabeled,Japan_003432.jpg,D10,D20
402,2,0.42688682675361633,"[109.61571502685547, 393.3548889160156, 160.73194885253906, 464.52484130859375]","[109.61571502685547, 393.3548889160156, 51.116233825683594, 71.16995239257812]",False,,0.3696926382209569,0.3696926382209569,2,localization,Japan_006400.jpg,D20,D20
458,0,0.4267761707305908,"[193.4854736328125, 513.3943481445312, 234.5704803466797, 599.0284423828125]","[193.4854736328125, 513.3943481445312, 41.08500671386719, 85.63409423828125]",False,,0.0,0.0,1,background_or_unlabeled,Japan_007341.jpg,D00,D10
425,0,0.4267571270465851,"[240.159912109375, 355.92462158203125, 288.4184265136719, 415.3550720214844]","[240.159912109375, 355.92462158203125, 48.258514404296875, 59.430450439453125]",False,,0.0,0.021372047890129593,2,background_or_unlabeled,Japan_006888.jpg,D00,D20
27,2,0.42674219608306885,"[0.7922887802124023, 300.460205078125, 186.62867736816406, 561.696044921875]","[0.7922887802124023, 300.460205078125, 185.83638858795166, 261.23583984375]",False,,0.285749237938324,0.285749237938324,2,localization,Japan_000419.jpg,D20,D20
39,1,0.4267367422580719,"[268.8756408691406, 352.9520263671875, 324.40191650390625, 368.10394287109375]","[268.8756408691406, 352.9520263671875, 55.526275634765625, 15.15191650390625]",False,,0.0,0.0,1,background_or_unlabeled,Japan_000670.jpg,D10,D10
492,0,0.4265880286693573,"[428.4335632324219, 351.7942810058594, 480.53216552734375, 428.990478515625]","[428.4335632324219, 351.7942810058594, 52.098602294921875, 77.19619750976562]",False,,0.0,0.05006271701182383,1,background_or_unlabeled,Japan_007921.jpg,D00,D10
139,0,0.42640650272369385,"[507.6718444824219, 385.68695068359375, 599.1888427734375, 444.60693359375]","[507.6718444824219, 385.68695068359375, 91.51699829101562, 58.91998291015625]",False,,0.0,0.0,0,background_or_unlabeled,Japan_002467.jpg,D00,D00
128,1,0.4262382686138153,"[65.94793701171875, 298.3780517578125, 529.0016479492188, 342.6856994628906]","[65.94793701171875, 298.3780517578125, 463.0537109375, 44.307647705078125]",False,,0.7587636501342678,0.7587636501342678,1,duplicate,Japan_002336.jpg,D10,D10
632,2,0.4262138605117798,"[254.2445068359375, 304.364501953125, 456.70281982421875, 373.1275939941406]","[254.2445068359375, 304.364501953125, 202.45831298828125, 68.76309204101562]",False,,0.11845282947368249,0.11845282947368249,2,localization,Japan_010784.jpg,D20,D20
643,2,0.4259326756000519,"[0.782543420791626, 457.26568603515625, 132.21351623535156, 580.5270385742188]","[0.782543420791626, 457.26568603515625, 131.43097281455994, 123.2613525390625]",False,,0.0009998120959625052,0.0009998120959625052,2,background_or_unlabeled,Japan_010887.jpg,D20,D20
161,0,0.4256417453289032,"[234.51600646972656, 202.31129455566406, 266.6165771484375, 268.8753662109375]","[234.51600646972656, 202.31129455566406, 32.10057067871094, 66.56407165527344]",False,,0.07258556309944843,0.07258556309944843,0,background_or_unlabeled,Japan_002856.jpg,D00,D00
638,0,0.42499494552612305,"[397.96844482421875, 146.97581481933594, 593.36572265625, 268.3445739746094]","[397.96844482421875, 146.97581481933594, 195.39727783203125, 121.36875915527344]",False,,0.2879535497640694,0.6183327141530054,2,class_confusion,Japan_010837.jpg,D00,D20
472,1,0.42416509985923767,"[240.10755920410156, 471.65771484375, 567.2762451171875, 526.4852294921875]","[240.10755920410156, 471.65771484375, 327.16868591308594, 54.8275146484375]",False,,0.4841560487064077,0.4841560487064077,1,localization,Japan_007518.jpg,D10,D10
27,2,0.4239884316921234,"[0.02054572105407715, 325.8124694824219, 178.8919219970703, 586.5100708007812]","[0.02054572105407715, 325.8124694824219, 178.87137627601624, 260.6976013183594]",False,,0.2729519683228843,0.2729519683228843,2,localization,Japan_000419.jpg,D20,D20
7,1,0.4237004518508911,"[406.252685546875, 387.08612060546875, 581.478759765625, 415.9496765136719]","[406.252685546875, 387.08612060546875, 175.22607421875, 28.863555908203125]",False,,0.1885244119164654,0.1885244119164654,1,localization,Japan_000075.jpg,D10,D10
428,2,0.4236888885498047,"[189.45387268066406, 129.3236083984375, 539.3397216796875, 527.9589233398438]","[189.45387268066406, 129.3236083984375, 349.88584899902344, 398.63531494140625]",False,,0.35810298269351515,0.35810298269351515,2,localization,Japan_006946.jpg,D20,D20
449,3,0.4232866168022156,"[183.6812744140625, 292.581787109375, 297.0434265136719, 356.395263671875]","[183.6812744140625, 292.581787109375, 113.36215209960938, 63.8134765625]",False,,0.20923390853987991,0.20923390853987991,3,localization,Japan_007233.jpg,D40,D40
649,2,0.42302778363227844,"[309.37835693359375, 454.5013122558594, 377.6755676269531, 572.7147216796875]","[309.37835693359375, 454.5013122558594, 68.29721069335938, 118.21340942382812]",False,,0.13573798104663082,0.13573798104663082,2,localization,Japan_010980.jpg,D20,D20
438,0,0.4225698411464691,"[41.63077926635742, 488.72467041015625, 121.14273834228516, 599.559326171875]","[41.63077926635742, 488.72467041015625, 79.51195907592773, 110.83465576171875]",False,,0.0,0.0,1,background_or_unlabeled,Japan_007092.jpg,D00,D10
438,0,0.4225597083568573,"[209.2714080810547, 480.47393798828125, 254.75698852539062, 599.7184448242188]","[209.2714080810547, 480.47393798828125, 45.48558044433594, 119.2445068359375]",False,,0.0,0.05172646095707407,1,background_or_unlabeled,Japan_007092.jpg,D00,D10
162,1,0.42206010222435,"[251.42015075683594, 384.0160217285156, 375.08795166015625, 413.78253173828125]","[251.42015075683594, 384.0160217285156, 123.66780090332031, 29.766510009765625]",False,,0.25348768680728256,0.25348768680728256,1,localization,Japan_002864.jpg,D10,D10
735,3,0.4220401346683502,"[88.46208190917969, 452.76983642578125, 124.91018676757812, 470.6253356933594]","[88.46208190917969, 452.76983642578125, 36.44810485839844, 17.855499267578125]",False,,0.0,0.0,3,background_or_unlabeled,Japan_012133.jpg,D40,D40
62,0,0.42188188433647156,"[206.188232421875, 447.2286071777344, 247.9055938720703, 596.5809326171875]","[206.188232421875, 447.2286071777344, 41.71736145019531, 149.35232543945312]",False,,0.5563070939310516,0.5563070939310516,0,duplicate,Japan_001157.jpg,D00,D00
109,2,0.42182815074920654,"[428.3614807128906, 391.60565185546875, 571.18798828125, 557.0311279296875]","[428.3614807128906, 391.60565185546875, 142.82650756835938, 165.42547607421875]",False,,0.0,0.5315966935363952,0,class_confusion,Japan_001996.jpg,D20,D00
643,3,0.4212506115436554,"[386.50811767578125, 573.7696533203125, 437.6900939941406, 599.951416015625]","[386.50811767578125, 573.7696533203125, 51.181976318359375, 26.1817626953125]",False,,0.0,0.06608190093575564,2,background_or_unlabeled,Japan_010887.jpg,D40,D20
712,2,0.4208918511867523,"[505.34735107421875, 124.51524353027344, 599.9237670898438, 221.19248962402344]","[505.34735107421875, 124.51524353027344, 94.576416015625, 96.67724609375]",False,,0.0,0.0,2,background_or_unlabeled,Japan_011820.jpg,D20,D20
303,1,0.42087897658348083,"[527.5383911132812, 438.3631591796875, 599.3934326171875, 460.8583679199219]","[527.5383911132812, 438.3631591796875, 71.85504150390625, 22.495208740234375]",False,,0.0,0.0,2,background_or_unlabeled,Japan_004840.jpg,D10,D20
310,0,0.42070117592811584,"[284.9109191894531, 519.76708984375, 315.73236083984375, 597.9554443359375]","[284.9109191894531, 519.76708984375, 30.821441650390625, 78.1883544921875]",False,,0.0,0.0,0,background_or_unlabeled,Japan_004987.jpg,D00,D00
392,0,0.42056065797805786,"[115.92471313476562, 387.6581726074219, 260.6800537109375, 550.6533813476562]","[115.92471313476562, 387.6581726074219, 144.75534057617188, 162.99520874023438]",False,,0.2551449972432112,0.2551449972432112,0,localization,Japan_006230.jpg,D00,D00
445,1,0.42050355672836304,"[503.908935546875, 436.5357666015625, 598.4696044921875, 460.53826904296875]","[503.908935546875, 436.5357666015625, 94.5606689453125, 24.00250244140625]",False,,0.0,0.0,1,background_or_unlabeled,Japan_007215.jpg,D10,D10
256,2,0.4198332726955414,"[433.5065612792969, 410.58868408203125, 476.2586975097656, 454.4403076171875]","[433.5065612792969, 410.58868408203125, 42.75213623046875, 43.85162353515625]",False,,0.0,0.3223059029934967,0,localization,Japan_004176.jpg,D20,D00
360,1,0.4197888970375061,"[120.30654907226562, 521.1106567382812, 309.5881042480469, 552.6940307617188]","[120.30654907226562, 521.1106567382812, 189.28155517578125, 31.5833740234375]",False,,0.20494356716196918,0.20494356716196918,1,localization,Japan_005777.jpg,D10,D10
659,0,0.4190874695777893,"[0.14874637126922607, 451.4414978027344, 46.16639709472656, 531.9663696289062]","[0.14874637126922607, 451.4414978027344, 46.017650723457336, 80.52487182617188]",False,,0.0,0.0,2,background_or_unlabeled,Japan_011091.jpg,D00,D20
758,1,0.41877883672714233,"[473.19287109375, 90.5544662475586, 585.9274291992188, 114.75516510009766]","[473.19287109375, 90.5544662475586, 112.73455810546875, 24.200698852539062]",False,,0.0,0.0,2,background_or_unlabeled,Japan_012463.jpg,D10,D20
657,0,0.41846591234207153,"[254.64007568359375, 521.2252197265625, 288.5982971191406, 598.2672119140625]","[254.64007568359375, 521.2252197265625, 33.958221435546875, 77.0419921875]",False,,0.45153774863064944,0.45153774863064944,0,localization,Japan_011076.jpg,D00,D00
783,1,0.4181920886039734,"[7.281374931335449, 410.3172302246094, 207.8826141357422, 439.66424560546875]","[7.281374931335449, 410.3172302246094, 200.60123920440674, 29.347015380859375]",False,,0.0,0.17720554691581342,2,localization,Japan_013046.jpg,D10,D20
168,0,0.41778725385665894,"[222.42050170898438, 261.66680908203125, 282.935791015625, 368.7802734375]","[222.42050170898438, 261.66680908203125, 60.515289306640625, 107.11346435546875]",False,,0.06619083503464479,0.06619083503464479,0,background_or_unlabeled,Japan_002919.jpg,D00,D00
271,1,0.41720008850097656,"[244.45867919921875, 117.88526916503906, 412.7008361816406, 147.02056884765625]","[244.45867919921875, 117.88526916503906, 168.24215698242188, 29.135299682617188]",False,,0.0,0.0,0,background_or_unlabeled,Japan_004339.jpg,D10,D00
672,1,0.4169982075691223,"[62.96821975708008, 172.8551788330078, 262.7290344238281, 220.89132690429688]","[62.96821975708008, 172.8551788330078, 199.76081466674805, 48.03614807128906]",False,,0.0,0.37014309400456225,0,localization,Japan_011240.jpg,D10,D00
234,2,0.4165303409099579,"[389.773193359375, 371.0243225097656, 599.9281616210938, 598.6253051757812]","[389.773193359375, 371.0243225097656, 210.15496826171875, 227.60098266601562]",False,,0.8577821374151369,0.8577821374151369,2,duplicate,Japan_003860.jpg,D20,D20
180,1,0.4163643717765808,"[447.9361572265625, 390.6488952636719, 545.1827392578125, 416.4059753417969]","[447.9361572265625, 390.6488952636719, 97.24658203125, 25.757080078125]",False,,0.0,0.39131737813166245,2,localization,Japan_003006.jpg,D10,D20
771,1,0.4161072075366974,"[158.8120574951172, 525.6315307617188, 337.3836364746094, 570.6500244140625]","[158.8120574951172, 525.6315307617188, 178.5715789794922, 45.01849365234375]",False,,0.0,0.1227473472111744,2,localization,Japan_012759.jpg,D10,D20
627,1,0.41580095887184143,"[0.15780329704284668, 327.8144226074219, 77.10712432861328, 354.7410888671875]","[0.15780329704284668, 327.8144226074219, 76.94932103157043, 26.926666259765625]",False,,0.0,0.02101433049246089,2,background_or_unlabeled,Japan_010669.jpg,D10,D20
787,0,0.4150550961494446,"[161.40496826171875, 513.5573120117188, 203.3607940673828, 585.0570068359375]","[161.40496826171875, 513.5573120117188, 41.95582580566406, 71.49969482421875]",False,,0.3866380987009898,0.3866380987009898,0,localization,Japan_013085.jpg,D00,D00
28,3,0.4148612916469574,"[133.30026245117188, 513.7926635742188, 179.14364624023438, 534.4197998046875]","[133.30026245117188, 513.7926635742188, 45.8433837890625, 20.62713623046875]",False,,0.0,0.0,3,background_or_unlabeled,Japan_000446.jpg,D40,D40
648,0,0.41469359397888184,"[177.99842834472656, 425.9105529785156, 237.0377197265625, 497.6084899902344]","[177.99842834472656, 425.9105529785156, 59.03929138183594, 71.69793701171875]",False,,0.2768473116227196,0.2768473116227196,0,localization,Japan_010967.jpg,D00,D00
659,0,0.41438451409339905,"[290.74334716796875, 313.4219055175781, 306.1889953613281, 337.9018249511719]","[290.74334716796875, 313.4219055175781, 15.445648193359375, 24.47991943359375]",False,,0.0,0.0,2,background_or_unlabeled,Japan_011091.jpg,D00,D20
629,0,0.41427895426750183,"[140.8465576171875, 201.7198028564453, 306.8155517578125, 523.2597045898438]","[140.8465576171875, 201.7198028564453, 165.968994140625, 321.53990173339844]",False,,0.18079043850805362,0.18079043850805362,0,localization,Japan_010717.jpg,D00,D00
662,0,0.41404008865356445,"[366.6488952636719, 342.4443359375, 390.5707702636719, 392.1235656738281]","[366.6488952636719, 342.4443359375, 23.921875, 49.679229736328125]",False,,0.0,0.0,2,background_or_unlabeled,Japan_011121.jpg,D00,D20
58,2,0.41358456015586853,"[444.138916015625, 531.8960571289062, 512.1455688476562, 599.4373168945312]","[444.138916015625, 531.8960571289062, 68.00665283203125, 67.541259765625]",False,,0.0,0.26214405700650556,0,localization,Japan_001040.jpg,D20,D00
168,1,0.41329291462898254,"[84.76509094238281, 454.4437255859375, 335.3608093261719, 579.5095825195312]","[84.76509094238281, 454.4437255859375, 250.59571838378906, 125.06585693359375]",False,,0.0,0.2930206279598543,0,localization,Japan_002919.jpg,D10,D00
773,2,0.41265082359313965,"[398.850341796875, 213.83013916015625, 589.7034912109375, 421.9599609375]","[398.850341796875, 213.83013916015625, 190.8531494140625, 208.12982177734375]",False,,0.0,0.0,2,background_or_unlabeled,Japan_012793.jpg,D20,D20
609,2,0.41262704133987427,"[307.66912841796875, 431.3683776855469, 455.22467041015625, 590.1435546875]","[307.66912841796875, 431.3683776855469, 147.5555419921875, 158.77517700195312]",False,,0.7261101588221098,0.7261101588221098,2,duplicate,Japan_010368.jpg,D20,D20
114,0,0.4122307598590851,"[455.280517578125, 427.55255126953125, 535.4920043945312, 482.7295227050781]","[455.280517578125, 427.55255126953125, 80.21148681640625, 55.176971435546875]",False,,0.0,0.0,0,background_or_unlabeled,Japan_002100.jpg,D00,D00
736,0,0.4120774567127228,"[3.806948661804199, 428.3529968261719, 199.6753387451172, 548.0557861328125]","[3.806948661804199, 428.3529968261719, 195.868390083313, 119.70278930664062]",False,,0.6113967175424199,0.6113967175424199,0,duplicate,Japan_012140.jpg,D00,D00
511,0,0.41129887104034424,"[448.6678466796875, 461.80908203125, 498.29736328125, 488.8078308105469]","[448.6678466796875, 461.80908203125, 49.6295166015625, 26.998748779296875]",False,,0.0,0.0,2,background_or_unlabeled,Japan_008321.jpg,D00,D20
134,1,0.41121530532836914,"[0.8020341396331787, 419.9450988769531, 177.76759338378906, 463.34637451171875]","[0.8020341396331787, 419.9450988769531, 176.96555924415588, 43.401275634765625]",False,,0.0,0.04240828905217157,2,background_or_unlabeled,Japan_002419.jpg,D10,D20
24,3,0.41119185090065,"[358.97906494140625, 504.7791748046875, 391.15240478515625, 528.3642578125]","[358.97906494140625, 504.7791748046875, 32.17333984375, 23.5850830078125]",False,,0.0,0.01970834997801166,2,background_or_unlabeled,Japan_000404.jpg,D40,D20
649,2,0.41075584292411804,"[175.65533447265625, 280.1792297363281, 350.9259338378906, 335.8468933105469]","[175.65533447265625, 280.1792297363281, 175.27059936523438, 55.66766357421875]",False,,0.0,0.0,2,background_or_unlabeled,Japan_010980.jpg,D20,D20
424,3,0.41073668003082275,"[34.634605407714844, 459.45318603515625, 77.48103332519531, 491.44970703125]","[34.634605407714844, 459.45318603515625, 42.84642791748047, 31.99652099609375]",False,,0.0,0.013232468152477523,2,background_or_unlabeled,Japan_006868.jpg,D40,D20
783,0,0.41055211424827576,"[395.7495422363281, 369.61590576171875, 410.2052001953125, 398.6405029296875]","[395.7495422363281, 369.61590576171875, 14.455657958984375, 29.02459716796875]",False,,0.0,0.0,2,background_or_unlabeled,Japan_013046.jpg,D00,D20
253,0,0.4105156362056732,"[419.8095703125, 538.857421875, 463.4378662109375, 599.6387329101562]","[419.8095703125, 538.857421875, 43.6282958984375, 60.78131103515625]",False,,0.23864690264723554,0.23864690264723554,0,localization,Japan_004140.jpg,D00,D00
473,0,0.4104960262775421,"[399.47247314453125, 426.25738525390625, 594.7174072265625, 583.0955200195312]","[399.47247314453125, 426.25738525390625, 195.24493408203125, 156.838134765625]",False,,0.47336155499952093,0.47336155499952093,0,localization,Japan_007525.jpg,D00,D00
600,1,0.4104357063770294,"[473.2041931152344, 426.43804931640625, 560.6497802734375, 444.9910583496094]","[473.2041931152344, 426.43804931640625, 87.44558715820312, 18.553009033203125]",False,,0.0,0.0,0,background_or_unlabeled,Japan_010209.jpg,D10,D00
493,0,0.41036084294319153,"[479.48577880859375, 540.4660034179688, 580.8622436523438, 583.3143920898438]","[479.48577880859375, 540.4660034179688, 101.37646484375, 42.848388671875]",False,,0.0,0.0,2,background_or_unlabeled,Japan_007941.jpg,D00,D20
144,3,0.4103430509567261,"[578.97509765625, 931.5125732421875, 703.216064453125, 1023.8104248046875]","[578.97509765625, 931.5125732421875, 124.240966796875, 92.2978515625]",False,,0.14119137561902181,0.14119137561902181,3,localization,Japan_002623.jpg,D40,D40
369,1,0.41015109419822693,"[230.29483032226562, 525.7090454101562, 594.3115234375, 574.9204711914062]","[230.29483032226562, 525.7090454101562, 364.0166931152344, 49.21142578125]",False,,0.571760422848282,0.571760422848282,1,duplicate,Japan_006022.jpg,D10,D10
521,1,0.4095975458621979,"[0.6410837173461914, 514.2119140625, 117.07291412353516, 545.169189453125]","[0.6410837173461914, 514.2119140625, 116.43183040618896, 30.957275390625]",False,,0.0,0.0,0,background_or_unlabeled,Japan_008497.jpg,D10,D00
4,2,0.4093756377696991,"[41.36112976074219, 242.24563598632812, 440.5309753417969, 443.65850830078125]","[41.36112976074219, 242.24563598632812, 399.1698455810547, 201.41287231445312]",False,,0.4258246063893308,0.4258246063893308,2,localization,Japan_000050.jpg,D20,D20
211,1,0.40925052762031555,"[138.83897399902344, 456.2924499511719, 216.18179321289062, 474.0845947265625]","[138.83897399902344, 456.2924499511719, 77.34281921386719, 17.792144775390625]",False,,0.0,0.07372685530804912,3,background_or_unlabeled,Japan_003605.jpg,D10,D40
15,1,0.4090481698513031,"[239.42909240722656, 404.7359619140625, 473.97930908203125, 431.6301574707031]","[239.42909240722656, 404.7359619140625, 234.5502166748047, 26.894195556640625]",False,,0.0,0.054767076568358324,2,background_or_unlabeled,Japan_000257.jpg,D10,D20
483,2,0.40901434421539307,"[124.28485107421875, 451.889892578125, 268.73590087890625, 591.2495727539062]","[124.28485107421875, 451.889892578125, 144.4510498046875, 139.35968017578125]",False,,0.6535903932509111,0.6535903932509111,2,duplicate,Japan_007745.jpg,D20,D20
333,0,0.40865567326545715,"[228.71913146972656, 255.4208221435547, 240.2456512451172, 285.75640869140625]","[228.71913146972656, 255.4208221435547, 11.526519775390625, 30.335586547851562]",False,,0.0,0.0,2,background_or_unlabeled,Japan_005427.jpg,D00,D20
452,2,0.40843433141708374,"[322.4763488769531, 95.62185668945312, 598.5167236328125, 382.47796630859375]","[322.4763488769531, 95.62185668945312, 276.0403747558594, 286.8561096191406]",False,,0.4962121830151479,0.4962121830151479,2,localization,Japan_007271.jpg,D20,D20
187,3,0.4084151089191437,"[491.9829406738281, 471.284423828125, 600.0123291015625, 537.236328125]","[491.9829406738281, 471.284423828125, 108.02938842773438, 65.951904296875]",False,,0.21555117750232858,0.21555117750232858,3,localization,Japan_003167.jpg,D40,D40
685,0,0.40811818838119507,"[187.21482849121094, 330.8592834472656, 280.4508361816406, 585.9076538085938]","[187.21482849121094, 330.8592834472656, 93.23600769042969, 255.04837036132812]",False,,0.0,0.2695865660760968,2,localization,Japan_011480.jpg,D00,D20
714,0,0.4080468714237213,"[407.5074462890625, 426.9974365234375, 596.6109008789062, 598.1494140625]","[407.5074462890625, 426.9974365234375, 189.10345458984375, 171.1519775390625]",False,,0.0,0.7894534332534839,2,class_confusion,Japan_011851.jpg,D00,D20
4,1,0.4079160988330841,"[366.00341796875, 270.862060546875, 596.1337280273438, 316.3336486816406]","[366.00341796875, 270.862060546875, 230.13031005859375, 45.471588134765625]",False,,0.0,0.16655484927556638,2,localization,Japan_000050.jpg,D10,D20
522,2,0.4074316918849945,"[0.9039580821990967, 94.2215576171875, 277.74786376953125, 522.8612670898438]","[0.9039580821990967, 94.2215576171875, 276.84390568733215, 428.63970947265625]",False,,0.9162725810465638,0.9162725810465638,2,duplicate,Japan_008509.jpg,D20,D20
638,0,0.4073261618614197,"[421.45135498046875, 264.8711853027344, 555.7763671875, 429.85736083984375]","[421.45135498046875, 264.8711853027344, 134.32501220703125, 164.98617553710938]",False,,0.42796677896754753,0.42796677896754753,0,localization,Japan_010837.jpg,D00,D00
789,0,0.4072031080722809,"[252.28721618652344, 508.5638122558594, 328.40521240234375, 599.1641845703125]","[252.28721618652344, 508.5638122558594, 76.11799621582031, 90.60037231445312]",False,,0.0,0.786734337541261,2,class_confusion,Japan_013111.jpg,D00,D20
597,0,0.40709027647972107,"[146.87384033203125, 281.0076599121094, 178.9376678466797, 302.74237060546875]","[146.87384033203125, 281.0076599121094, 32.06382751464844, 21.734710693359375]",False,,0.0,0.0,2,background_or_unlabeled,Japan_010140.jpg,D00,D20
409,0,0.4069327712059021,"[293.22332763671875, 337.63525390625, 441.0650939941406, 580.3872680664062]","[293.22332763671875, 337.63525390625, 147.84176635742188, 242.75201416015625]",False,,0.0,0.028745054616507403,1,background_or_unlabeled,Japan_006513.jpg,D00,D10
472,1,0.40686070919036865,"[285.79302978515625, 403.24761962890625, 598.8109741210938, 442.91436767578125]","[285.79302978515625, 403.24761962890625, 313.0179443359375, 39.666748046875]",False,,0.3379438263621518,0.3379438263621518,1,localization,Japan_007518.jpg,D10,D10
96,1,0.40672218799591064,"[223.22792053222656, 320.12286376953125, 365.20782470703125, 338.5293884277344]","[223.22792053222656, 320.12286376953125, 141.9799041748047, 18.406524658203125]",False,,0.0,0.0,1,background_or_unlabeled,Japan_001770.jpg,D10,D10
248,2,0.4065154194831848,"[390.66217041015625, 403.00299072265625, 599.21875, 488.0118408203125]","[390.66217041015625, 403.00299072265625, 208.55657958984375, 85.00885009765625]",False,,0.3318135372691605,0.3318135372691605,2,localization,Japan_004081.jpg,D20,D20
605,2,0.4061221182346344,"[385.0681457519531, 307.2120666503906, 483.9738464355469, 398.2987976074219]","[385.0681457519531, 307.2120666503906, 98.90570068359375, 91.08673095703125]",False,,0.0,0.0,0,background_or_unlabeled,Japan_010323.jpg,D20,D00
725,0,0.4060688614845276,"[208.49168395996094, 509.5320129394531, 246.72109985351562, 595.4494018554688]","[208.49168395996094, 509.5320129394531, 38.22941589355469, 85.91738891601562]",False,,0.0,0.09297360714896533,3,background_or_unlabeled,Japan_011955.jpg,D00,D40
554,2,0.4058387279510498,"[160.50567626953125, 383.4451599121094, 265.8277282714844, 508.2568664550781]","[160.50567626953125, 383.4451599121094, 105.32205200195312, 124.81170654296875]",False,,0.2846982464491174,0.2846982464491174,2,localization,Japan_009236.jpg,D20,D20
431,1,0.4057646095752716,"[242.54458618164062, 547.0361938476562, 396.5865478515625, 585.802978515625]","[242.54458618164062, 547.0361938476562, 154.04196166992188, 38.76678466796875]",False,,0.0,0.13908793137231207,2,localization,Japan_007045.jpg,D10,D20
592,1,0.4056049585342407,"[186.4297637939453, 436.9048767089844, 263.56219482421875, 455.1612243652344]","[186.4297637939453, 436.9048767089844, 77.13243103027344, 18.25634765625]",False,,0.0,0.0,0,background_or_unlabeled,Japan_010101.jpg,D10,D00
601,2,0.40560388565063477,"[290.708251953125, 381.5811462402344, 346.50421142578125, 455.0967102050781]","[290.708251953125, 381.5811462402344, 55.79595947265625, 73.51556396484375]",False,,0.5045057624900602,0.5045057624900602,2,duplicate,Japan_010274.jpg,D20,D20
648,1,0.40556418895721436,"[323.1513671875, 496.1826171875, 411.1253967285156, 513.804931640625]","[323.1513671875, 496.1826171875, 87.97402954101562, 17.622314453125]",False,,0.0,0.0,0,background_or_unlabeled,Japan_010967.jpg,D10,D00
688,0,0.4055497348308563,"[370.27691650390625, 358.7117614746094, 403.2001953125, 401.26641845703125]","[370.27691650390625, 358.7117614746094, 32.92327880859375, 42.554656982421875]",False,,0.0,0.0,1,background_or_unlabeled,Japan_011513.jpg,D00,D10
729,1,0.40531983971595764,"[424.2176818847656, 293.50469970703125, 561.2728271484375, 321.421630859375]","[424.2176818847656, 293.50469970703125, 137.05514526367188, 27.91693115234375]",False,,0.0,0.33901028353931145,2,localization,Japan_012003.jpg,D10,D20
340,1,0.404788076877594,"[312.4906311035156, 408.3145751953125, 550.8368530273438, 442.9524841308594]","[312.4906311035156, 408.3145751953125, 238.34622192382812, 34.637908935546875]",False,,0.4403606991885892,0.4403606991885892,1,localization,Japan_005471.jpg,D10,D10
490,3,0.40477558970451355,"[287.7900085449219, 524.6062622070312, 402.1506042480469, 577.9865112304688]","[287.7900085449219, 524.6062622070312, 114.360595703125, 53.3802490234375]",False,,0.0,0.0,3,background_or_unlabeled,Japan_007841.jpg,D40,D40
746,1,0.40436381101608276,"[222.16357421875, 376.06402587890625, 330.2579345703125, 396.5758361816406]","[222.16357421875, 376.06402587890625, 108.0943603515625, 20.511810302734375]",False,,0.0,0.0,1,background_or_unlabeled,Japan_012314.jpg,D10,D10
493,0,0.404191255569458,"[304.7261962890625, 522.3404541015625, 326.43707275390625, 575.2964477539062]","[304.7261962890625, 522.3404541015625, 21.71087646484375, 52.95599365234375]",False,,0.0,0.14126382447529082,2,localization,Japan_007941.jpg,D00,D20
770,0,0.40407630801200867,"[424.4291687011719, 520.010498046875, 490.3623046875, 597.173095703125]","[424.4291687011719, 520.010498046875, 65.93313598632812, 77.16259765625]",False,,0.0,0.0,1,background_or_unlabeled,Japan_012715.jpg,D00,D10
179,1,0.40386220812797546,"[272.0544128417969, 516.10107421875, 349.0455017089844, 538.1100463867188]","[272.0544128417969, 516.10107421875, 76.9910888671875, 22.00897216796875]",False,,0.0,0.0,1,background_or_unlabeled,Japan_003000.jpg,D10,D10
372,0,0.4037916958332062,"[223.31399536132812, 416.56976318359375, 257.98162841796875, 451.0152587890625]","[223.31399536132812, 416.56976318359375, 34.667633056640625, 34.44549560546875]",False,,0.627262316697586,0.627262316697586,0,duplicate,Japan_006042.jpg,D00,D00
714,2,0.4037187099456787,"[197.3681640625, 397.97265625, 381.3616943359375, 587.628173828125]","[197.3681640625, 397.97265625, 183.9935302734375, 189.655517578125]",False,,0.2298011402132759,0.2298011402132759,2,localization,Japan_011851.jpg,D20,D20
319,0,0.4037010669708252,"[417.1038818359375, 422.33612060546875, 507.0537414550781, 502.4403381347656]","[417.1038818359375, 422.33612060546875, 89.94985961914062, 80.10421752929688]",False,,0.0,0.8298862868805089,2,class_confusion,Japan_005168.jpg,D00,D20
135,2,0.4034886956214905,"[339.93072509765625, 344.27911376953125, 480.34222412109375, 407.9583435058594]","[339.93072509765625, 344.27911376953125, 140.4114990234375, 63.679229736328125]",False,,0.0,0.0,2,background_or_unlabeled,Japan_002421.jpg,D20,D20
349,2,0.4034116566181183,"[292.4344177246094, 372.1865539550781, 596.6480102539062, 537.7825927734375]","[292.4344177246094, 372.1865539550781, 304.2135925292969, 165.59603881835938]",False,,0.5960568095227977,0.5960568095227977,2,duplicate,Japan_005617.jpg,D20,D20
337,3,0.4033608138561249,"[528.5198364257812, 486.5485534667969, 585.7792358398438, 531.3682250976562]","[528.5198364257812, 486.5485534667969, 57.2593994140625, 44.819671630859375]",False,,0.013407126389332424,0.022698786314631066,2,background_or_unlabeled,Japan_005451.jpg,D40,D20
478,1,0.40301457047462463,"[293.75164794921875, 489.1571044921875, 594.3154296875, 534.8529052734375]","[293.75164794921875, 489.1571044921875, 300.56378173828125, 45.69580078125]",False,,0.0,0.29651892936913227,2,localization,Japan_007636.jpg,D10,D20
178,3,0.402739942073822,"[420.1352844238281, 477.3219909667969, 517.465576171875, 538.2420043945312]","[420.1352844238281, 477.3219909667969, 97.33029174804688, 60.920013427734375]",False,,0.05546620067830874,0.05546620067830874,3,background_or_unlabeled,Japan_002996.jpg,D40,D40
166,0,0.4024334251880646,"[400.9179992675781, 194.95407104492188, 443.5448303222656, 244.7570037841797]","[400.9179992675781, 194.95407104492188, 42.6268310546875, 49.80293273925781]",False,,0.0,0.0,1,background_or_unlabeled,Japan_002909.jpg,D00,D10
347,0,0.40242481231689453,"[225.73260498046875, 394.6250305175781, 335.0879821777344, 572.6030883789062]","[225.73260498046875, 394.6250305175781, 109.35537719726562, 177.97805786132812]",False,,0.23788788216343304,0.23788788216343304,0,localization,Japan_005587.jpg,D00,D00
233,3,0.402243971824646,"[114.13545227050781, 549.42041015625, 185.20297241210938, 594.959716796875]","[114.13545227050781, 549.42041015625, 71.06752014160156, 45.539306640625]",False,,0.0,0.029012690200960888,2,background_or_unlabeled,Japan_003853.jpg,D40,D20
649,0,0.40188783407211304,"[309.37835693359375, 454.5013122558594, 377.6755676269531, 572.7147216796875]","[309.37835693359375, 454.5013122558594, 68.29721069335938, 118.21340942382812]",False,,0.0,0.13573798104663082,2,localization,Japan_010980.jpg,D00,D20
492,0,0.40148597955703735,"[445.0773010253906, 351.7701721191406, 479.98126220703125, 406.5267333984375]","[445.0773010253906, 351.7701721191406, 34.903961181640625, 54.756561279296875]",False,,0.0,0.07529924741784659,1,background_or_unlabeled,Japan_007921.jpg,D00,D10
91,1,0.40140336751937866,"[509.4274597167969, 254.715087890625, 598.4154052734375, 280.11761474609375]","[509.4274597167969, 254.715087890625, 88.98794555664062, 25.40252685546875]",False,,0.49457675862910927,0.49457675862910927,1,localization,Japan_001690.jpg,D10,D10
55,3,0.40129196643829346,"[483.990234375, 409.16656494140625, 511.2889709472656, 424.16046142578125]","[483.990234375, 409.16656494140625, 27.298736572265625, 14.993896484375]",False,,0.0,0.0,3,background_or_unlabeled,Japan_000949.jpg,D40,D40
256,0,0.40094804763793945,"[433.5065612792969, 410.58868408203125, 476.2586975097656, 454.4403076171875]","[433.5065612792969, 410.58868408203125, 42.75213623046875, 43.85162353515625]",False,,0.3223059029934967,0.3223059029934967,0,localization,Japan_004176.jpg,D00,D00
707,2,0.40084734559059143,"[516.783447265625, 442.9493713378906, 599.581298828125, 537.4369506835938]","[516.783447265625, 442.9493713378906, 82.7978515625, 94.48757934570312]",False,,0.0,0.0,3,background_or_unlabeled,Japan_011728.jpg,D20,D40
493,0,0.40078991651535034,"[234.06422424316406, 517.2826538085938, 304.9253845214844, 588.6736450195312]","[234.06422424316406, 517.2826538085938, 70.86116027832031, 71.3909912109375]",False,,0.0,0.661818331697839,2,class_confusion,Japan_007941.jpg,D00,D20
106,1,0.400667667388916,"[78.30026245117188, 339.7423400878906, 211.046142578125, 390.96435546875]","[78.30026245117188, 339.7423400878906, 132.74588012695312, 51.222015380859375]",False,,0.5349888233754513,0.5349888233754513,1,duplicate,Japan_001960.jpg,D10,D10
757,2,0.4006531238555908,"[187.84625244140625, 438.1649475097656, 300.0434875488281, 490.5810241699219]","[187.84625244140625, 438.1649475097656, 112.19723510742188, 52.41607666015625]",False,,0.17599773880157776,0.17599773880157776,2,localization,Japan_012456.jpg,D20,D20
617,0,0.4003424048423767,"[469.7703552246094, 411.2013244628906, 511.3157653808594, 442.5257873535156]","[469.7703552246094, 411.2013244628906, 41.54541015625, 31.324462890625]",False,,0.0,0.0,3,background_or_unlabeled,Japan_010510.jpg,D00,D40
68,0,0.4003041088581085,"[131.6317901611328, 444.75201416015625, 195.48992919921875, 554.6971435546875]","[131.6317901611328, 444.75201416015625, 63.85813903808594, 109.94512939453125]",False,,0.4252862444964577,0.4252862444964577,0,localization,Japan_001288.jpg,D00,D00
132,2,0.39980652928352356,"[182.15089416503906, 399.0731506347656, 312.823974609375, 594.1932373046875]","[182.15089416503906, 399.0731506347656, 130.67308044433594, 195.12008666992188]",False,,0.28703076417566703,0.28703076417566703,2,localization,Japan_002390.jpg,D20,D20
732,0,0.3994012176990509,"[285.1386413574219, 274.6974792480469, 338.71356201171875, 596.1336059570312]","[285.1386413574219, 274.6974792480469, 53.574920654296875, 321.4361267089844]",False,,0.28267637886398916,0.28267637886398916,0,localization,Japan_012028.jpg,D00,D00
91,1,0.39906689524650574,"[319.2554016113281, 169.43115234375, 570.6587524414062, 194.0464324951172]","[319.2554016113281, 169.43115234375, 251.40335083007812, 24.615280151367188]",False,,0.4778735668478248,0.4778735668478248,1,localization,Japan_001690.jpg,D10,D10
687,1,0.3990657925605774,"[77.1054916381836, 439.6095886230469, 234.23974609375, 482.5540466308594]","[77.1054916381836, 439.6095886230469, 157.1342544555664, 42.9444580078125]",False,,0.17629733264669534,0.17629733264669534,1,localization,Japan_011506.jpg,D10,D10
633,1,0.39889490604400635,"[213.5960693359375, 468.5230407714844, 315.6023254394531, 491.5030822753906]","[213.5960693359375, 468.5230407714844, 102.00625610351562, 22.98004150390625]",False,,0.0,0.014078311369038301,2,background_or_unlabeled,Japan_010791.jpg,D10,D20
404,2,0.39870113134384155,"[410.4425048828125, 364.3499755859375, 531.34130859375, 424.7361755371094]","[410.4425048828125, 364.3499755859375, 120.8988037109375, 60.386199951171875]",False,,0.11539673644815396,0.11539673644815396,2,localization,Japan_006423.jpg,D20,D20
425,0,0.3985981345176697,"[363.10638427734375, 424.6558532714844, 530.6175537109375, 596.395751953125]","[363.10638427734375, 424.6558532714844, 167.51116943359375, 171.73989868164062]",False,,0.0,0.35503938944915886,2,localization,Japan_006888.jpg,D00,D20
350,2,0.39836522936820984,"[236.92861938476562, 363.9706726074219, 465.51947021484375, 487.50543212890625]","[236.92861938476562, 363.9706726074219, 228.59085083007812, 123.53475952148438]",False,,0.34738222530226165,0.34738222530226165,2,localization,Japan_005623.jpg,D20,D20
302,3,0.39836421608924866,"[338.7900390625, 485.39434814453125, 367.630859375, 507.7593994140625]","[338.7900390625, 485.39434814453125, 28.8408203125, 22.36505126953125]",False,,0.20250743004548857,0.20250743004548857,3,localization,Japan_004836.jpg,D40,D40
712,2,0.39820945262908936,"[471.4729919433594, 116.58108520507812, 599.999267578125, 240.7557373046875]","[471.4729919433594, 116.58108520507812, 128.52627563476562, 124.17465209960938]",False,,0.0,0.0,2,background_or_unlabeled,Japan_011820.jpg,D20,D20
237,1,0.3980393409729004,"[207.8204803466797, 333.4092102050781, 361.6391906738281, 362.4497375488281]","[207.8204803466797, 333.4092102050781, 153.81871032714844, 29.04052734375]",False,,0.0,0.0,2,background_or_unlabeled,Japan_003893.jpg,D10,D20
726,3,0.3976247310638428,"[9.842562675476074, 453.18231201171875, 48.91065216064453, 479.8044128417969]","[9.842562675476074, 453.18231201171875, 39.06808948516846, 26.622100830078125]",False,,0.0,0.0,3,background_or_unlabeled,Japan_011973.jpg,D40,D40
299,1,0.39698728919029236,"[106.06352233886719, 414.4228210449219, 188.85862731933594, 431.5201416015625]","[106.06352233886719, 414.4228210449219, 82.79510498046875, 17.097320556640625]",False,,0.0,0.0,2,background_or_unlabeled,Japan_004776.jpg,D10,D20
227,0,0.3969454765319824,"[417.3492736816406, 615.598876953125, 650.1927490234375, 1019.87255859375]","[417.3492736816406, 615.598876953125, 232.84347534179688, 404.273681640625]",False,,0.0,0.0,3,background_or_unlabeled,Japan_003815.jpg,D00,D40
450,1,0.3964456021785736,"[335.2811279296875, 373.93109130859375, 498.666015625, 405.09271240234375]","[335.2811279296875, 373.93109130859375, 163.3848876953125, 31.16162109375]",False,,0.0,0.39940195854641797,2,localization,Japan_007247.jpg,D10,D20
430,2,0.39630326628685,"[281.91314697265625, 354.88592529296875, 333.6052551269531, 399.9953918457031]","[281.91314697265625, 354.88592529296875, 51.692108154296875, 45.109466552734375]",False,,0.2470382947186014,0.2470382947186014,2,localization,Japan_007019.jpg,D20,D20
55,3,0.3959701955318451,"[276.8767395019531, 441.9388427734375, 357.6669006347656, 472.4443054199219]","[276.8767395019531, 441.9388427734375, 80.7901611328125, 30.505462646484375]",False,,0.45769167116533255,0.45769167116533255,3,localization,Japan_000949.jpg,D40,D40
471,2,0.39587825536727905,"[113.82411193847656, 477.5015869140625, 196.80386352539062, 539.39892578125]","[113.82411193847656, 477.5015869140625, 82.97975158691406, 61.8973388671875]",False,,0.0,0.0,2,background_or_unlabeled,Japan_007508.jpg,D20,D20
31,0,0.39586180448532104,"[98.56678009033203, 409.0938415527344, 133.36952209472656, 452.171630859375]","[98.56678009033203, 409.0938415527344, 34.80274200439453, 43.077789306640625]",False,,0.0,0.0,0,background_or_unlabeled,Japan_000548.jpg,D00,D00
331,1,0.3957163691520691,"[377.8491516113281, 339.9314270019531, 593.010009765625, 385.7804870605469]","[377.8491516113281, 339.9314270019531, 215.16085815429688, 45.84906005859375]",False,,0.0,0.04672927178399174,2,background_or_unlabeled,Japan_005394.jpg,D10,D20
263,2,0.39553800225257874,"[223.13783264160156, 346.3308410644531, 592.2438354492188, 464.83148193359375]","[223.13783264160156, 346.3308410644531, 369.1060028076172, 118.50064086914062]",False,,0.12462477140778064,0.12462477140778064,2,localization,Japan_004224.jpg,D20,D20
494,1,0.39540234208106995,"[272.0412902832031, 322.8376159667969, 337.6893310546875, 336.96026611328125]","[272.0412902832031, 322.8376159667969, 65.64804077148438, 14.122650146484375]",False,,0.3397602626885818,0.3397602626885818,1,localization,Japan_007944.jpg,D10,D10
12,2,0.39492809772491455,"[463.97344970703125, 499.88726806640625, 595.6190795898438, 587.9412231445312]","[463.97344970703125, 499.88726806640625, 131.6456298828125, 88.053955078125]",False,,0.3818502651221938,0.3818502651221938,2,localization,Japan_000170.jpg,D20,D20
394,3,0.39463064074516296,"[461.1875915527344, 572.8990478515625, 542.914306640625, 599.5747680664062]","[461.1875915527344, 572.8990478515625, 81.72671508789062, 26.67572021484375]",False,,0.0,0.03208675712356644,2,background_or_unlabeled,Japan_006246.jpg,D40,D20
275,1,0.39455047249794006,"[315.8609313964844, 446.64544677734375, 558.9962768554688, 497.6669921875]","[315.8609313964844, 446.64544677734375, 243.13534545898438, 51.02154541015625]",False,,0.4741582515839318,0.4741582515839318,1,localization,Japan_004396.jpg,D10,D10
29,2,0.39436689019203186,"[232.47833251953125, 368.58306884765625, 489.8250732421875, 536.2002563476562]","[232.47833251953125, 368.58306884765625, 257.34674072265625, 167.6171875]",False,,0.0,0.09495606879822284,1,background_or_unlabeled,Japan_000460.jpg,D20,D10
602,0,0.39422839879989624,"[136.66387939453125, 417.3128967285156, 190.84854125976562, 595.9365844726562]","[136.66387939453125, 417.3128967285156, 54.184661865234375, 178.62368774414062]",False,,0.0,0.4945854152288403,2,localization,Japan_010298.jpg,D00,D20
28,3,0.3938259184360504,"[261.10040283203125, 539.094482421875, 301.762939453125, 562.7072143554688]","[261.10040283203125, 539.094482421875, 40.66253662109375, 23.61273193359375]",False,,0.6540803270933588,0.6540803270933588,3,duplicate,Japan_000446.jpg,D40,D40
469,3,0.39380085468292236,"[289.0541687011719, 443.1650085449219, 345.31988525390625, 473.1728515625]","[289.0541687011719, 443.1650085449219, 56.265716552734375, 30.007843017578125]",False,,0.0,0.0,3,background_or_unlabeled,Japan_007486.jpg,D40,D40
376,1,0.39329198002815247,"[168.2405242919922, 386.0909423828125, 293.4920349121094, 411.8179016113281]","[168.2405242919922, 386.0909423828125, 125.25151062011719, 25.726959228515625]",False,,0.0,0.002743295052668887,2,background_or_unlabeled,Japan_006085.jpg,D10,D20
254,1,0.3932340443134308,"[269.1766052246094, 516.884521484375, 363.3739929199219, 540.8875122070312]","[269.1766052246094, 516.884521484375, 94.1973876953125, 24.00299072265625]",False,,0.0,0.06311021166529844,0,background_or_unlabeled,Japan_004156.jpg,D10,D00
334,1,0.3930596709251404,"[302.4472351074219, 429.4837341308594, 375.858154296875, 446.1783752441406]","[302.4472351074219, 429.4837341308594, 73.41091918945312, 16.69464111328125]",False,,0.0,0.0,2,background_or_unlabeled,Japan_005428.jpg,D10,D20
134,2,0.392992228269577,"[29.878162384033203, 286.2308349609375, 513.9176635742188, 455.0521240234375]","[29.878162384033203, 286.2308349609375, 484.03950119018555, 168.8212890625]",False,,0.407403935702867,0.407403935702867,2,localization,Japan_002419.jpg,D20,D20
398,1,0.39274096488952637,"[132.88980102539062, 519.3077392578125, 308.5235595703125, 552.949462890625]","[132.88980102539062, 519.3077392578125, 175.63375854492188, 33.6417236328125]",False,,0.3012546563095816,0.3012546563095816,1,localization,Japan_006326.jpg,D10,D10
216,0,0.39258405566215515,"[266.5892028808594, 520.1205444335938, 315.65631103515625, 585.781005859375]","[266.5892028808594, 520.1205444335938, 49.067108154296875, 65.66046142578125]",False,,0.0,0.8750719903196483,2,class_confusion,Japan_003698.jpg,D00,D20
148,2,0.3925322890281677,"[456.64959716796875, 368.9023742675781, 598.9982299804688, 478.27978515625]","[456.64959716796875, 368.9023742675781, 142.3486328125, 109.37741088867188]",False,,0.23665792522531529,0.23665792522531529,2,localization,Japan_002684.jpg,D20,D20
101,1,0.39226481318473816,"[347.01934814453125, 377.2070007324219, 522.0853881835938, 407.5837707519531]","[347.01934814453125, 377.2070007324219, 175.0660400390625, 30.37677001953125]",False,,0.0,0.026807240809395186,0,background_or_unlabeled,Japan_001886.jpg,D10,D00
242,1,0.3922390937805176,"[127.53035736083984, 202.71995544433594, 249.9424285888672, 229.65005493164062]","[127.53035736083984, 202.71995544433594, 122.41207122802734, 26.930099487304688]",False,,0.0,0.0,0,background_or_unlabeled,Japan_003990.jpg,D10,D00
428,3,0.39216989278793335,"[394.02587890625, 195.99014282226562, 435.84130859375, 224.19151306152344]","[394.02587890625, 195.99014282226562, 41.8154296875, 28.201370239257812]",False,,0.44689329747867684,0.44689329747867684,3,localization,Japan_006946.jpg,D40,D40
299,1,0.39165449142456055,"[0.9866863489151001, 509.9165344238281, 89.68699645996094, 535.2080078125]","[0.9866863489151001, 509.9165344238281, 88.70031011104584, 25.291473388671875]",False,,0.0,0.0,2,background_or_unlabeled,Japan_004776.jpg,D10,D20
447,1,0.39138302206993103,"[229.8631591796875, 349.2069396972656, 462.35345458984375, 398.977294921875]","[229.8631591796875, 349.2069396972656, 232.49029541015625, 49.770355224609375]",False,,0.6732778343009754,0.6732778343009754,1,duplicate,Japan_007226.jpg,D10,D10
261,2,0.3913653492927551,"[157.4625244140625, 344.00689697265625, 204.81192016601562, 383.5340881347656]","[157.4625244140625, 344.00689697265625, 47.349395751953125, 39.527191162109375]",False,,0.0,0.0,2,background_or_unlabeled,Japan_004216.jpg,D20,D20
417,0,0.39130979776382446,"[301.79522705078125, 485.75006103515625, 396.2142639160156, 529.887939453125]","[301.79522705078125, 485.75006103515625, 94.41903686523438, 44.13787841796875]",False,,0.38020764250519334,0.38020764250519334,0,localization,Japan_006738.jpg,D00,D00
237,2,0.39121001958847046,"[317.647216796875, 335.00604248046875, 595.6140747070312, 480.3175354003906]","[317.647216796875, 335.00604248046875, 277.96685791015625, 145.31149291992188]",False,,0.18382453470703752,0.18382453470703752,2,localization,Japan_003893.jpg,D20,D20
645,0,0.39113718271255493,"[2.8824985027313232, 336.5527038574219, 45.50914764404297, 386.04241943359375]","[2.8824985027313232, 336.5527038574219, 42.626649141311646, 49.489715576171875]",False,,0.0,0.0,2,background_or_unlabeled,Japan_010905.jpg,D00,D20
154,1,0.3909040093421936,"[367.5107116699219, 352.6268615722656, 587.9866333007812, 383.72119140625]","[367.5107116699219, 352.6268615722656, 220.47592163085938, 31.094329833984375]",False,,0.31714659646232707,0.31714659646232707,1,localization,Japan_002766.jpg,D10,D10
717,2,0.39069151878356934,"[349.6567077636719, 426.71539306640625, 422.8698425292969, 552.7728271484375]","[349.6567077636719, 426.71539306640625, 73.213134765625, 126.05743408203125]",False,,0.0,0.33615060310905653,0,localization,Japan_011861.jpg,D20,D00
702,2,0.390595406293869,"[291.80963134765625, 352.4200439453125, 449.0896301269531, 492.503173828125]","[291.80963134765625, 352.4200439453125, 157.27999877929688, 140.0831298828125]",False,,0.40989362283799713,0.40989362283799713,2,localization,Japan_011660.jpg,D20,D20
485,0,0.39055123925209045,"[36.17630386352539, 361.2917785644531, 115.68296813964844, 416.564453125]","[36.17630386352539, 361.2917785644531, 79.50666427612305, 55.272674560546875]",False,,0.0,0.0,1,background_or_unlabeled,Japan_007767.jpg,D00,D10
690,1,0.39053109288215637,"[388.8914794921875, 450.0901794433594, 599.1160888671875, 495.0995788574219]","[388.8914794921875, 450.0901794433594, 210.224609375, 45.0093994140625]",False,,0.0,0.3049237808255991,2,localization,Japan_011536.jpg,D10,D20
439,2,0.39050623774528503,"[168.3058624267578, 536.5403442382812, 227.50982666015625, 592.7855224609375]","[168.3058624267578, 536.5403442382812, 59.20396423339844, 56.24517822265625]",False,,0.0,0.0,1,background_or_unlabeled,Japan_007095.jpg,D20,D10
478,1,0.39036592841148376,"[127.13945770263672, 485.9139099121094, 310.0782775878906, 518.3104248046875]","[127.13945770263672, 485.9139099121094, 182.9388198852539, 32.396514892578125]",False,,0.0,0.06271762361758207,2,background_or_unlabeled,Japan_007636.jpg,D10,D20
56,0,0.390131413936615,"[6.552725791931152, 130.45819091796875, 155.68438720703125, 312.4919738769531]","[6.552725791931152, 130.45819091796875, 149.1316614151001, 182.03378295898438]",False,,0.0,0.0,3,background_or_unlabeled,Japan_000994.jpg,D00,D40
706,0,0.3899396061897278,"[135.31683349609375, 193.14512634277344, 231.51895141601562, 329.7913818359375]","[135.31683349609375, 193.14512634277344, 96.20211791992188, 136.64625549316406]",False,,0.0,0.0,2,background_or_unlabeled,Japan_011717.jpg,D00,D20
226,1,0.38992545008659363,"[408.5368347167969, 420.4063720703125, 475.1281433105469, 448.8379211425781]","[408.5368347167969, 420.4063720703125, 66.59130859375, 28.431549072265625]",False,,0.0,0.7384990449304847,0,class_confusion,Japan_003814.jpg,D10,D00
488,2,0.3896814286708832,"[310.998046875, 438.34100341796875, 599.4688720703125, 597.6378173828125]","[310.998046875, 438.34100341796875, 288.4708251953125, 159.29681396484375]",False,,0.0,0.1184307161760159,1,localization,Japan_007809.jpg,D20,D10
212,0,0.38943201303482056,"[215.04696655273438, 342.9128723144531, 251.1917724609375, 381.03594970703125]","[215.04696655273438, 342.9128723144531, 36.144805908203125, 38.123077392578125]",False,,0.0,0.6434605047319356,2,class_confusion,Japan_003623.jpg,D00,D20
10,1,0.3893086612224579,"[201.8427734375, 393.9035949707031, 387.1721496582031, 418.70452880859375]","[201.8427734375, 393.9035949707031, 185.32937622070312, 24.800933837890625]",False,,0.0,0.12876100551588449,2,localization,Japan_000128.jpg,D10,D20
148,2,0.38930055499076843,"[215.90673828125, 395.1585388183594, 528.4803466796875, 588.5774536132812]","[215.90673828125, 395.1585388183594, 312.5736083984375, 193.41891479492188]",False,,0.5412641887834996,0.5412641887834996,2,duplicate,Japan_002684.jpg,D20,D20
218,0,0.3888339102268219,"[367.92138671875, 406.7488098144531, 436.5045471191406, 471.6264343261719]","[367.92138671875, 406.7488098144531, 68.58316040039062, 64.87762451171875]",False,,0.19747160869546754,0.19747160869546754,0,localization,Japan_003718.jpg,D00,D00
110,0,0.38844844698905945,"[394.00469970703125, 168.4425506591797, 587.7548828125, 438.9895935058594]","[394.00469970703125, 168.4425506591797, 193.75018310546875, 270.5470428466797]",False,,0.0,0.801236698280194,2,class_confusion,Japan_002006.jpg,D00,D20
687,1,0.3879934549331665,"[70.97540283203125, 441.3533935546875, 229.9299774169922, 471.4307556152344]","[70.97540283203125, 441.3533935546875, 158.95457458496094, 30.077362060546875]",False,,0.10388623071988748,0.10388623071988748,1,localization,Japan_011506.jpg,D10,D10
117,3,0.38760286569595337,"[413.50006103515625, 554.9174194335938, 574.2723999023438, 599.109375]","[413.50006103515625, 554.9174194335938, 160.7723388671875, 44.19195556640625]",False,,0.4166237683566624,0.4166237683566624,3,localization,Japan_002153.jpg,D40,D40
32,2,0.38747093081474304,"[73.51805877685547, 389.85174560546875, 549.1691284179688, 597.5477294921875]","[73.51805877685547, 389.85174560546875, 475.6510696411133, 207.69598388671875]",False,,0.43911751089549217,0.43911751089549217,2,localization,Japan_000579.jpg,D20,D20
252,1,0.3870695233345032,"[133.1523895263672, 437.9118347167969, 362.92236328125, 460.9070129394531]","[133.1523895263672, 437.9118347167969, 229.7699737548828, 22.99517822265625]",False,,0.0,0.0,2,background_or_unlabeled,Japan_004139.jpg,D10,D20
535,0,0.3867877125740051,"[348.42718505859375, 409.3579406738281, 507.3813781738281, 458.32763671875]","[348.42718505859375, 409.3579406738281, 158.95419311523438, 48.969696044921875]",False,,0.0,0.38545445316279314,1,localization,Japan_008767.jpg,D00,D10
212,1,0.38675642013549805,"[2.311518669128418, 523.64892578125, 121.5308837890625, 556.9407958984375]","[2.311518669128418, 523.64892578125, 119.21936511993408, 33.2918701171875]",False,,0.0,0.12886479282553245,2,localization,Japan_003623.jpg,D10,D20
786,0,0.38666293025016785,"[390.336669921875, 396.2771911621094, 420.6883850097656, 436.08331298828125]","[390.336669921875, 396.2771911621094, 30.351715087890625, 39.806121826171875]",False,,0.12925153665270764,0.12925153665270764,0,localization,Japan_013065.jpg,D00,D00
245,2,0.3861950635910034,"[371.90802001953125, 393.83319091796875, 586.5169067382812, 594.2461547851562]","[371.90802001953125, 393.83319091796875, 214.60888671875, 200.4129638671875]",False,,0.7269472726925101,0.7269472726925101,2,duplicate,Japan_004062.jpg,D20,D20
332,3,0.38618502020835876,"[230.35411071777344, 227.504638671875, 300.2138366699219, 269.8304138183594]","[230.35411071777344, 227.504638671875, 69.85972595214844, 42.325775146484375]",False,,0.0,0.06801773676034353,2,background_or_unlabeled,Japan_005395.jpg,D40,D20
153,2,0.38609859347343445,"[355.479248046875, 366.2752380371094, 584.6800537109375, 575.3809814453125]","[355.479248046875, 366.2752380371094, 229.2008056640625, 209.10574340820312]",False,,0.7540434773095783,0.7540434773095783,2,duplicate,Japan_002729.jpg,D20,D20
498,1,0.3859561085700989,"[143.57281494140625, 418.1906433105469, 263.7763366699219, 439.8031005859375]","[143.57281494140625, 418.1906433105469, 120.20352172851562, 21.612457275390625]",False,,0.0,0.02090932050340723,2,background_or_unlabeled,Japan_008003.jpg,D10,D20
604,0,0.38503068685531616,"[173.7426300048828, 428.7073669433594, 223.32798767089844, 511.6734619140625]","[173.7426300048828, 428.7073669433594, 49.585357666015625, 82.96609497070312]",False,,0.3917257182703232,0.3917257182703232,0,localization,Japan_010315.jpg,D00,D00
714,2,0.3842971622943878,"[216.6916961669922, 401.6104431152344, 365.2030944824219, 551.8892822265625]","[216.6916961669922, 401.6104431152344, 148.5113983154297, 150.27883911132812]",False,,0.35930444895267877,0.35930444895267877,2,localization,Japan_011851.jpg,D20,D20
637,1,0.38411855697631836,"[150.19981384277344, 448.167236328125, 265.623046875, 471.5257568359375]","[150.19981384277344, 448.167236328125, 115.42323303222656, 23.3585205078125]",False,,0.0,0.004568010019816781,0,background_or_unlabeled,Japan_010833.jpg,D10,D00
465,0,0.3840852379798889,"[335.3880615234375, 414.59344482421875, 428.1452941894531, 507.7525634765625]","[335.3880615234375, 414.59344482421875, 92.75723266601562, 93.15911865234375]",False,,0.3857670555266252,0.3857670555266252,0,localization,Japan_007420.jpg,D00,D00
75,1,0.3839145302772522,"[119.20269775390625, 291.9370422363281, 191.14598083496094, 306.2191162109375]","[119.20269775390625, 291.9370422363281, 71.94328308105469, 14.282073974609375]",False,,0.0,0.0,1,background_or_unlabeled,Japan_001423.jpg,D10,D10
74,2,0.38384926319122314,"[37.60982894897461, 444.4417419433594, 198.19976806640625, 595.6536865234375]","[37.60982894897461, 444.4417419433594, 160.58993911743164, 151.21194458007812]",False,,0.0,0.2876812189964433,0,localization,Japan_001396.jpg,D20,D00
76,1,0.3836584985256195,"[338.346923828125, 473.63763427734375, 512.8262939453125, 496.7283630371094]","[338.346923828125, 473.63763427734375, 174.4793701171875, 23.090728759765625]",False,,0.0,0.009756797186039773,0,background_or_unlabeled,Japan_001485.jpg,D10,D00
375,2,0.38334617018699646,"[219.33676147460938, 309.2512512207031, 429.2069396972656, 395.2570495605469]","[219.33676147460938, 309.2512512207031, 209.87017822265625, 86.00579833984375]",False,,0.08966267404947141,0.08966267404947141,2,background_or_unlabeled,Japan_006082.jpg,D20,D20
97,1,0.38329648971557617,"[145.05157470703125, 355.0030822753906, 440.89404296875, 395.57110595703125]","[145.05157470703125, 355.0030822753906, 295.84246826171875, 40.568023681640625]",False,,0.33515018597197116,0.33515018597197116,1,localization,Japan_001772.jpg,D10,D10
571,1,0.3832218647003174,"[288.45587158203125, 186.63973999023438, 539.2962646484375, 230.1399383544922]","[288.45587158203125, 186.63973999023438, 250.84039306640625, 43.50019836425781]",False,,0.0,0.7503546466789447,2,class_confusion,Japan_009509.jpg,D10,D20
218,0,0.3831454813480377,"[457.95947265625, 488.1264953613281, 537.376220703125, 547.8125]","[457.95947265625, 488.1264953613281, 79.416748046875, 59.686004638671875]",False,,0.13012555094329395,0.13012555094329395,0,localization,Japan_003718.jpg,D00,D00
409,0,0.3830875754356384,"[288.6722106933594, 329.6524963378906, 331.49072265625, 388.2193603515625]","[288.6722106933594, 329.6524963378906, 42.818511962890625, 58.566864013671875]",False,,0.0,0.08504168089462569,1,background_or_unlabeled,Japan_006513.jpg,D00,D10
459,3,0.3830614686012268,"[519.24853515625, 400.9799499511719, 599.3032836914062, 454.08697509765625]","[519.24853515625, 400.9799499511719, 80.05474853515625, 53.107025146484375]",False,,0.0,0.43739398596214263,2,localization,Japan_007347.jpg,D40,D20
266,0,0.38295653462409973,"[273.4400939941406, 287.7230529785156, 286.6848449707031, 317.74755859375]","[273.4400939941406, 287.7230529785156, 13.2447509765625, 30.024505615234375]",False,,0.0,0.0,0,background_or_unlabeled,Japan_004268.jpg,D00,D00
40,0,0.3827942907810211,"[318.65478515625, 441.2590637207031, 353.724365234375, 479.5043640136719]","[318.65478515625, 441.2590637207031, 35.069580078125, 38.24530029296875]",False,,0.0,0.0,1,background_or_unlabeled,Japan_000671.jpg,D00,D10
621,2,0.3824605345726013,"[2.33842134475708, 337.7026062011719, 595.1516723632812, 599.263916015625]","[2.33842134475708, 337.7026062011719, 592.8132510185242, 261.5613098144531]",False,,0.5377763944923235,0.5377763944923235,2,duplicate,Japan_010585.jpg,D20,D20
351,0,0.38243207335472107,"[133.41213989257812, 264.5260925292969, 244.4014129638672, 507.2760314941406]","[133.41213989257812, 264.5260925292969, 110.98927307128906, 242.74993896484375]",False,,0.33033140936401956,0.33033140936401956,0,localization,Japan_005627.jpg,D00,D00
656,3,0.38219037652015686,"[470.2027587890625, 557.1198120117188, 536.8892211914062, 595.424560546875]","[470.2027587890625, 557.1198120117188, 66.68646240234375, 38.30474853515625]",False,,0.0,0.1034890162590855,2,localization,Japan_011066.jpg,D40,D20
645,0,0.38205763697624207,"[482.817138671875, 398.1495361328125, 596.2210693359375, 494.31195068359375]","[482.817138671875, 398.1495361328125, 113.4039306640625, 96.16241455078125]",False,,0.0,0.7066005844929799,2,class_confusion,Japan_010905.jpg,D00,D20
597,3,0.3819699287414551,"[140.76358032226562, 326.8059387207031, 181.29312133789062, 344.6283874511719]","[140.76358032226562, 326.8059387207031, 40.529541015625, 17.82244873046875]",False,,0.0,0.0,2,background_or_unlabeled,Japan_010140.jpg,D40,D20
726,3,0.38196149468421936,"[286.31085205078125, 501.0728759765625, 335.4696044921875, 545.0757446289062]","[286.31085205078125, 501.0728759765625, 49.15875244140625, 44.00286865234375]",False,,0.4154040794395886,0.4154040794395886,3,localization,Japan_011973.jpg,D40,D40
308,0,0.381957471370697,"[97.87217712402344, 297.8226013183594, 132.36163330078125, 338.0270080566406]","[97.87217712402344, 297.8226013183594, 34.48945617675781, 40.20440673828125]",False,,0.0,0.016265406292618183,1,background_or_unlabeled,Japan_004966.jpg,D00,D10
334,1,0.38183459639549255,"[528.3364868164062, 546.146240234375, 599.1956787109375, 568.5969848632812]","[528.3364868164062, 546.146240234375, 70.85919189453125, 22.45074462890625]",False,,0.0,0.0,2,background_or_unlabeled,Japan_005428.jpg,D10,D20
93,0,0.3817192018032074,"[7.056199073791504, 281.1986083984375, 150.6862335205078, 413.7552490234375]","[7.056199073791504, 281.1986083984375, 143.6300344467163, 132.556640625]",False,,0.0,0.16976521629310742,2,localization,Japan_001698.jpg,D00,D20
323,1,0.38167089223861694,"[173.9192657470703, 172.82542419433594, 289.99072265625, 199.08123779296875]","[173.9192657470703, 172.82542419433594, 116.07145690917969, 26.255813598632812]",False,,0.0,0.0,0,background_or_unlabeled,Japan_005290.jpg,D10,D00
226,2,0.38143864274024963,"[279.2048645019531, 468.8825378417969, 397.9184265136719, 538.2506103515625]","[279.2048645019531, 468.8825378417969, 118.71356201171875, 69.36807250976562]",False,,0.47246339425964984,0.47246339425964984,2,localization,Japan_003814.jpg,D20,D20
655,0,0.3812127411365509,"[199.5276641845703, 293.5700988769531, 244.5435791015625, 589.2535400390625]","[199.5276641845703, 293.5700988769531, 45.01591491699219, 295.6834411621094]",False,,0.7192662225559084,0.7192662225559084,0,duplicate,Japan_011062.jpg,D00,D00
161,0,0.3810780346393585,"[101.19441986083984, 205.34814453125, 267.7181091308594, 487.435546875]","[101.19441986083984, 205.34814453125, 166.52368927001953, 282.08740234375]",False,,0.32762641097477835,0.32762641097477835,0,localization,Japan_002856.jpg,D00,D00
185,1,0.3810402750968933,"[0.8162409067153931, 405.3326416015625, 98.03631591796875, 427.7191467285156]","[0.8162409067153931, 405.3326416015625, 97.22007501125336, 22.386505126953125]",False,,0.0,0.0,0,background_or_unlabeled,Japan_003127.jpg,D10,D00
486,2,0.38097885251045227,"[263.20794677734375, 349.95379638671875, 555.8646240234375, 443.1892395019531]","[263.20794677734375, 349.95379638671875, 292.65667724609375, 93.23544311523438]",False,,0.0,0.0,2,background_or_unlabeled,Japan_007782.jpg,D20,D20
27,2,0.38090333342552185,"[2.166670560836792, 302.2213134765625, 186.0172576904297, 533.6687622070312]","[2.166670560836792, 302.2213134765625, 183.8505871295929, 231.44744873046875]",False,,0.25082080364717374,0.25082080364717374,2,localization,Japan_000419.jpg,D20,D20
286,0,0.38058140873908997,"[202.36680603027344, 312.8068542480469, 241.26048278808594, 386.48065185546875]","[202.36680603027344, 312.8068542480469, 38.8936767578125, 73.67379760742188]",False,,0.0,0.6995148763299146,2,class_confusion,Japan_004590.jpg,D00,D20
52,0,0.38043567538261414,"[230.8580322265625, 388.9250183105469, 261.1615905761719, 482.7528381347656]","[230.8580322265625, 388.9250183105469, 30.303558349609375, 93.82781982421875]",False,,0.0,0.2106160602118406,2,localization,Japan_000871.jpg,D00,D20
632,2,0.38005220890045166,"[250.77877807617188, 309.29901123046875, 361.3914489746094, 365.3016052246094]","[250.77877807617188, 309.29901123046875, 110.6126708984375, 56.002593994140625]",False,,0.055067485389343945,0.055067485389343945,2,background_or_unlabeled,Japan_010784.jpg,D20,D20
161,0,0.379583477973938,"[388.5932922363281, 153.83326721191406, 428.84423828125, 210.65740966796875]","[388.5932922363281, 153.83326721191406, 40.250946044921875, 56.82414245605469]",False,,0.0,0.0,0,background_or_unlabeled,Japan_002856.jpg,D00,D00
334,2,0.37951499223709106,"[297.7791748046875, 349.5849304199219, 435.93389892578125, 400.9817810058594]","[297.7791748046875, 349.5849304199219, 138.15472412109375, 51.3968505859375]",False,,0.0,0.0,2,background_or_unlabeled,Japan_005428.jpg,D20,D20
425,1,0.3791649639606476,"[212.07650756835938, 470.02471923828125, 378.1037902832031, 499.13922119140625]","[212.07650756835938, 470.02471923828125, 166.02728271484375, 29.114501953125]",False,,0.0,0.08762233394422328,2,background_or_unlabeled,Japan_006888.jpg,D10,D20
13,3,0.3790908753871918,"[188.6228790283203, 396.9376220703125, 254.44943237304688, 444.8537292480469]","[188.6228790283203, 396.9376220703125, 65.82655334472656, 47.916107177734375]",False,,0.0,0.029945999024065462,2,background_or_unlabeled,Japan_000188.jpg,D40,D20
311,3,0.3790675103664398,"[91.24717712402344, 462.8013916015625, 131.2795867919922, 486.27166748046875]","[91.24717712402344, 462.8013916015625, 40.03240966796875, 23.47027587890625]",False,,0.0,0.0,3,background_or_unlabeled,Japan_005047.jpg,D40,D40
364,2,0.3781280219554901,"[59.19654846191406, 309.73724365234375, 191.38108825683594, 412.1949157714844]","[59.19654846191406, 309.73724365234375, 132.18453979492188, 102.45767211914062]",False,,0.0,0.2806933264927065,0,localization,Japan_005842.jpg,D20,D00
610,0,0.3780571222305298,"[167.35528564453125, 424.1110534667969, 224.03143310546875, 482.1216125488281]","[167.35528564453125, 424.1110534667969, 56.6761474609375, 58.01055908203125]",False,,0.4954513262243264,0.4954513262243264,0,localization,Japan_010392.jpg,D00,D00
232,3,0.37784525752067566,"[7.951837539672852, 498.2938537597656, 69.8731918334961, 534.1201782226562]","[7.951837539672852, 498.2938537597656, 61.92135429382324, 35.826324462890625]",False,,0.0,0.030256608430334384,2,background_or_unlabeled,Japan_003849.jpg,D40,D20
440,1,0.377804696559906,"[33.87493896484375, 352.74603271484375, 524.9979248046875, 465.1842346191406]","[33.87493896484375, 352.74603271484375, 491.12298583984375, 112.43820190429688]",False,,0.16347046195925072,0.16347046195925072,1,localization,Japan_007120.jpg,D10,D10
24,3,0.3775789737701416,"[297.9260559082031, 413.35968017578125, 384.0273742675781, 490.8881530761719]","[297.9260559082031, 413.35968017578125, 86.101318359375, 77.52847290039062]",False,,0.0,0.17337550587275233,2,localization,Japan_000404.jpg,D40,D20
379,2,0.37756121158599854,"[63.28253936767578, 425.7112731933594, 365.63409423828125, 584.4866943359375]","[63.28253936767578, 425.7112731933594, 302.35155487060547, 158.77542114257812]",False,,0.6803362292997898,0.6803362292997898,2,duplicate,Japan_006105.jpg,D20,D20
453,2,0.37748971581459045,"[394.086181640625, 496.01153564453125, 511.06768798828125, 590.69580078125]","[394.086181640625, 496.01153564453125, 116.98150634765625, 94.68426513671875]",False,,0.0,0.13936744645322682,3,localization,Japan_007272.jpg,D20,D40
732,1,0.37702950835227966,"[498.1663818359375, 262.1167907714844, 598.5632934570312, 282.85784912109375]","[498.1663818359375, 262.1167907714844, 100.39691162109375, 20.741058349609375]",False,,0.0,0.0,0,background_or_unlabeled,Japan_012028.jpg,D10,D00
151,2,0.37700355052948,"[22.290552139282227, 445.09814453125, 372.0727844238281, 547.393310546875]","[22.290552139282227, 445.09814453125, 349.7822322845459, 102.295166015625]",False,,0.0,0.1346523505671064,1,localization,Japan_002711.jpg,D20,D10
