Not init distributed mode.
cfg:  {'task': 'detection', '_model': None, '_postprocessor': None, '_criterion': None, '_optimizer': None, '_lr_scheduler': None, '_lr_warmup_scheduler': None, '_train_dataloader': None, '_val_dataloader': None, '_ema': None, '_scaler': None, '_train_dataset': None, '_val_dataset': None, '_collate_fn': None, '_evaluator': None, '_writer': None, 'num_workers': 0, 'batch_size': None, '_train_batch_size': None, '_val_batch_size': None, '_train_shuffle': None, '_val_shuffle': None, 'resume': None, 'tuning': 'weights/deimv2_hgnetv2_n_coco_hf.pth', 'epoches': 160, 'last_epoch': -1, 'lrsheduler': 'flatcosine', 'lr_gamma': 1.0, 'no_aug_epoch': 12, 'warmup_iter': 2000, 'flat_epoch': 78, 'use_amp': True, 'use_ema': True, 'ema_decay': 0.9999, 'ema_warmups': 2000, 'sync_bn': True, 'clip_max_norm': 0.1, 'find_unused_parameters': True, 'seed': 42, 'print_freq': 500, 'checkpoint_freq': 5, 'output_dir': 'outputs/formal_deimv2_n_japan4_b0_160e_seed42_20260810', 'summary_dir': None, 'device': 'cuda:0', 'yaml_cfg': {'task': 'detection', 'evaluator': {'type': 'CocoEvaluator', 'iou_types': ['bbox']}, 'num_classes': 4, 'remap_mscoco_category': False, 'train_dataloader': {'type': 'DataLoader', 'dataset': {'type': 'CocoDetection', 'img_folder': '/JAPAN4-DETR/JAPAN4-DETR/images/train', 'ann_file': '/JAPAN4-DETR/JAPAN4-DETR/annotations/deimv2/instances_train.json', 'return_masks': False, 'transforms': {'type': 'Compose', 'ops': [{'type': 'Mosaic', 'output_size': 320, 'rotation_range': 10, 'translation_range': [0.1, 0.1], 'scaling_range': [0.5, 1.5], 'probability': 1.0, 'fill_value': 0, 'use_cache': True, 'max_cached_images': 50, 'random_pop': True}, {'type': 'RandomPhotometricDistort', 'p': 0.5}, {'type': 'RandomZoomOut', 'fill': 0}, {'type': 'RandomIoUCrop', 'p': 0.8}, {'type': 'SanitizeBoundingBoxes', 'min_size': 1}, {'type': 'RandomHorizontalFlip'}, {'type': 'Resize', 'size': [640, 640]}, {'type': 'SanitizeBoundingBoxes', 'min_size': 1}, {'type': 'ConvertPILImage', 'dtype': 'float32', 'scale': True}, {'type': 'ConvertBoxes', 'fmt': 'cxcywh', 'normalize': True}], 'policy': {'name': 'stop_epoch', 'epoch': [4, 78, 148], 'ops': ['Mosaic', 'RandomPhotometricDistort', 'RandomZoomOut', 'RandomIoUCrop']}, 'mosaic_prob': 0.5}}, 'shuffle': True, 'num_workers': 8, 'drop_last': True, 'collate_fn': {'type': 'BatchImageCollateFunction', 'base_size': 640, 'base_size_repeat': None, 'stop_epoch': 148, 'mixup_prob': 0.5, 'mixup_epochs': [4, 78], 'copyblend_prob': 0.4, 'copyblend_epochs': [4, 78], 'area_threshold': 100, 'num_objects': 3, 'with_expand': True, 'expand_ratios': [0.1, 0.25], 'ema_restart_decay': 0.9999}, 'total_batch_size': 32}, 'val_dataloader': {'type': 'DataLoader', 'dataset': {'type': 'CocoDetection', 'img_folder': '/JAPAN4-DETR/JAPAN4-DETR/images/val', 'ann_file': '/JAPAN4-DETR/JAPAN4-DETR/annotations/deimv2/instances_val.json', 'return_masks': False, 'transforms': {'type': 'Compose', 'ops': [{'type': 'Resize', 'size': [640, 640]}, {'type': 'ConvertPILImage', 'dtype': 'float32', 'scale': True}]}}, 'shuffle': False, 'num_workers': 8, 'drop_last': False, 'collate_fn': {'type': 'BatchImageCollateFunction'}, 'total_batch_size': 64}, 'print_freq': 500, 'output_dir': 'outputs/formal_deimv2_n_japan4_b0_160e_seed42_20260810', 'checkpoint_freq': 5, 'sync_bn': True, 'find_unused_parameters': True, 'use_amp': True, 'scaler': {'type': 'GradScaler', 'enabled': True}, 'use_ema': True, 'ema': {'type': 'ModelEMA', 'decay': 0.9999, 'warmups': 1000, 'start': 0}, 'epoches': 160, 'clip_max_norm': 0.1, 'optimizer': {'type': 'AdamW', 'params': [{'params': '^(?=.*backbone)(?!.*norm|bn).*$', 'lr': 0.0004}, {'params': '^(?=.*backbone)(?=.*norm|bn).*$', 'lr': 0.0004, 'weight_decay': 0.0}, {'params': '^(?=.*(?:encoder|decoder))(?=.*(?:norm|bn|bias)).*$', 'weight_decay': 0.0}], 'lr': 0.0008, 'betas': [0.9, 0.999], 'weight_decay': 0.0001}, 'lr_scheduler': {'type': 'MultiStepLR', 'milestones': [500], 'gamma': 0.1}, 'lr_warmup_scheduler': {'type': 'LinearWarmup', 'warmup_duration': 500}, 'model': 'DEIM', 'criterion': 'DEIMCriterion', 'postprocessor': 'PostProcessor', 'use_focal_loss': True, 'eval_spatial_size': [640, 640], 'DEIM': {'backbone': 'HGNetv2', 'encoder': 'HybridEncoder', 'decoder': 'DEIMTransformer'}, 'HGNetv2': {'name': 'B0', 'return_idx': [2, 3], 'freeze_at': -1, 'freeze_stem_only': True, 'freeze_norm': False, 'pretrained': False, 'local_model_dir': './weight/hgnetv2/', 'use_lab': True}, 'HybridEncoder': {'in_channels': [512, 1024], 'feat_strides': [16, 32], 'hidden_dim': 128, 'use_encoder_idx': [1], 'num_encoder_layers': 1, 'nhead': 8, 'dim_feedforward': 512, 'dropout': 0.0, 'enc_act': 'gelu', 'expansion': 0.34, 'depth_mult': 0.5, 'act': 'silu', 'version': 'dfine', 'csp_type': 'csp2', 'fuse_op': 'sum'}, 'DEIMTransformer': {'feat_channels': [128, 128], 'feat_strides': [16, 32], 'hidden_dim': 128, 'num_levels': 2, 'num_layers': 3, 'eval_idx': -1, 'num_queries': 300, 'num_denoising': 100, 'label_noise_ratio': 0.5, 'box_noise_scale': 1.0, 'reg_max': 32, 'reg_scale': 4, 'layer_scale': 1, 'num_points': [6, 6], 'cross_attn_method': 'default', 'query_select_method': 'default', 'activation': 'silu', 'mlp_act': 'silu', 'dim_feedforward': 512}, 'PostProcessor': {'num_top_queries': 300}, 'lrsheduler': 'flatcosine', 'lr_gamma': 1.0, 'warmup_iter': 2000, 'flat_epoch': 78, 'no_aug_epoch': 12, 'DEIMCriterion': {'weight_dict': {'loss_mal': 1, 'loss_bbox': 5, 'loss_giou': 2, 'loss_fgl': 0.15, 'loss_ddf': 1.5}, 'losses': ['mal', 'boxes', 'local'], 'gamma': 1.5, 'alpha': 0.75, 'reg_max': 32, 'matcher': {'type': 'HungarianMatcher', 'weight_dict': {'cost_class': 2, 'cost_bbox': 5, 'cost_giou': 2}, 'alpha': 0.25, 'gamma': 2.0, 'change_matcher': True, 'iou_order_alpha': 4.0, 'matcher_change_epoch': 136}}, '__include__': ['deimv2_hgnetv2_n_coco.yml', '../dataset/japan4_detection.yml'], 'config': 'configs/deimv2/deimv2_hgnetv2_n_japan4.yml', 'tuning': 'weights/deimv2_hgnetv2_n_coco_hf.pth', 'device': 'cuda:0', 'seed': 42, 'test_only': False, 'print_method': 'builtin', 'print_rank': 0}}
        ### Backbone.act: relu ###     
        ### Backbone.act: relu ###     
     --- Use Gateway@True ---
     --- Use Share Bbox Head@False ---
     --- Use Share Score Head@False ---
     --- Wide Layer@1 ---
Tuning checkpoint from weights/deimv2_hgnetv2_n_coco_hf.pth
/root/ROAD-DEIMv2/engine/solver/_solver.py:169: FutureWarning: You are using `torch.load` with `weights_only=False` (the current default value), which uses the default pickle module implicitly. It is possible to construct malicious pickle data which will execute arbitrary code during unpickling (See https://github.com/pytorch/pytorch/blob/main/SECURITY.md#untrusted-models for more details). In a future release, the default value for `weights_only` will be flipped to `True`. This limits the functions that could be executed during unpickling. Arbitrary objects will no longer be allowed to be loaded via this mode unless they are explicitly allowlisted by the user via `torch.serialization.add_safe_globals`. We recommend you start setting `weights_only=True` for any use case where you don't have full control of the loaded file. Please open an issue on GitHub for any issues related to this experimental feature.
  state = torch.load(path, map_location='cpu')
Load model.state_dict, {'missed': ['decoder.up', 'decoder.reg_scale', 'decoder.denoising_class_embed.weight'], 'unmatched': ['decoder.enc_score_head.weight', 'decoder.enc_score_head.bias', 'decoder.dec_score_head.0.weight', 'decoder.dec_score_head.0.bias', 'decoder.dec_score_head.1.weight', 'decoder.dec_score_head.1.bias', 'decoder.dec_score_head.2.weight', 'decoder.dec_score_head.2.bias']}
Using the new matching cost with iou_order_alpha = 4.0 at epoch 136
/root/ROAD-DEIMv2/engine/core/workspace.py:177: FutureWarning: `torch.cuda.amp.GradScaler(args...)` is deprecated. Please use `torch.amp.GradScaler('cuda', args...)` instead.
  return module(**module_kwargs)
Initial lr: [0.0004, 0.0004, 0.0008, 0.0008]
building train_dataloader with batch_size=32...
     ### Transform @Mosaic ###    
     ### Transform @RandomPhotometricDistort ###    
     ### Transform @RandomZoomOut ###    
     ### Transform @RandomIoUCrop ###    
     ### Transform @SanitizeBoundingBoxes ###    
     ### Transform @RandomHorizontalFlip ###    
     ### Transform @Resize ###    
     ### Transform @SanitizeBoundingBoxes ###    
     ### Transform @ConvertPILImage ###    
     ### Transform @ConvertBoxes ###    
     ### Mosaic with Prob.@0.5 and ZoomOut/IoUCrop existed ### 
     ### ImgTransforms Epochs: [4, 78, 148] ### 
     ### Policy_ops@['Mosaic', 'RandomPhotometricDistort', 'RandomZoomOut', 'RandomIoUCrop'] ###
     ### Using MixUp with Prob@0.5 in [4, 78] epochs ### 
     ### Using CopyBlend-blend with Prob@0.4 in [4, 78] epochs ### 
     ### CopyBlend -- area threshold@100 and num of object@3 ###     
     ### CopyBlend -- expand@[0.1, 0.25] ###     
     ### Multi-scale Training until 148 epochs ### 
     ### Multi-scales@ None ###        
building val_dataloader with batch_size=64...
     ### Transform @Resize ###    
     ### Transform @ConvertPILImage ###    

------------------------------------- Calculate Flops Results -------------------------------------
Notations:
number of parameters (Params), number of multiply-accumulate operations(MACs),
number of floating-point operations (FLOPs), floating-point operations per second (FLOPS),
fwd FLOPs (model forward propagation FLOPs), bwd FLOPs (model backward propagation FLOPs),
default model backpropagation takes 2.00 times as much computation as forward propagation.

Total Training Params:                                                  3.54 M  
fwd MACs:                                                               3.3801 GMACs
fwd FLOPs:                                                              6.8204 GFLOPS
fwd+bwd MACs:                                                           10.1404 GMACs
fwd+bwd FLOPs:                                                          20.4612 GFLOPS
---------------------------------------------------------------------------------------------------
{'Model FLOPs:6.8204 GFLOPS   MACs:3.3801 GMACs   Params:3542191'}
------------------------------------------Start training-------------------------------------------
Index 194: decoder.decoder.layers.0.cross_attn.sampling_offsets.bias - requires_grad: True
Index 195: decoder.decoder.layers.0.cross_attn.attention_weights.weight - requires_grad: True
     ## Using Self-defined Scheduler-flatcosine ## 
[0.0004, 0.0004, 0.0008, 0.0008] [0.0004, 0.0004, 0.0008, 0.0008] 31520 2000 15366 2364
number of trainable parameters: 3551475
number of non-trainable parameters: 2
Epoch: [0]  [  0/197]  eta: 0:20:44  lr: 0.000000  loss: 40.4154 (40.4154)  loss_mal: 1.0098 (1.0098)  loss_bbox: 1.2880 (1.2880)  loss_giou: 1.8385 (1.8385)  loss_fgl: 0.6315 (0.6315)  loss_mal_aux_0: 0.8848 (0.8848)  loss_bbox_aux_0: 1.2718 (1.2718)  loss_giou_aux_0: 1.8102 (1.8102)  loss_fgl_aux_0: 0.6320 (0.6320)  loss_ddf_aux_0: 0.0122 (0.0122)  loss_mal_aux_1: 0.9092 (0.9092)  loss_bbox_aux_1: 1.2683 (1.2683)  loss_giou_aux_1: 1.8240 (1.8240)  loss_fgl_aux_1: 0.6337 (0.6337)  loss_ddf_aux_1: 0.0014 (0.0014)  loss_mal_pre: 0.8706 (0.8706)  loss_bbox_pre: 1.2533 (1.2533)  loss_giou_pre: 1.7984 (1.7984)  loss_mal_enc_0: 0.8296 (0.8296)  loss_bbox_enc_0: 1.3402 (1.3402)  loss_giou_enc_0: 1.8537 (1.8537)  loss_mal_dn_0: 0.8491 (0.8491)  loss_bbox_dn_0: 1.3800 (1.3800)  loss_giou_dn_0: 1.5757 (1.5757)  loss_fgl_dn_0: 1.1167 (1.1167)  loss_ddf_dn_0: 0.0953 (0.0953)  loss_mal_dn_1: 0.9385 (0.9385)  loss_bbox_dn_1: 1.2713 (1.2713)  loss_giou_dn_1: 1.5596 (1.5596)  loss_fgl_dn_1: 0.9971 (0.9971)  loss_ddf_dn_1: 0.0090 (0.0090)  loss_mal_dn_2: 1.0537 (1.0537)  loss_bbox_dn_2: 1.2823 (1.2823)  loss_giou_dn_2: 1.5541 (1.5541)  loss_fgl_dn_2: 0.9957 (0.9957)  loss_mal_dn_pre: 0.8589 (0.8589)  loss_bbox_dn_pre: 1.3469 (1.3469)  loss_giou_dn_pre: 1.5702 (1.5702)  time: 6.3155  data: 1.8804  max mem: 7421
Epoch: [0]  [196/197]  eta: 0:00:00  lr: 0.000004  loss: 40.5906 (41.2175)  loss_mal: 1.2617 (1.2148)  loss_bbox: 1.2098 (1.2149)  loss_giou: 1.6655 (1.6818)  loss_fgl: 0.8213 (0.9012)  loss_mal_aux_0: 1.0195 (1.0178)  loss_bbox_aux_0: 1.1946 (1.2246)  loss_giou_aux_0: 1.6834 (1.6923)  loss_fgl_aux_0: 0.8089 (0.8688)  loss_ddf_aux_0: 0.0137 (0.0148)  loss_mal_aux_1: 1.1133 (1.0771)  loss_bbox_aux_1: 1.2088 (1.2118)  loss_giou_aux_1: 1.6617 (1.6768)  loss_fgl_aux_1: 0.8227 (0.8970)  loss_ddf_aux_1: 0.0012 (0.0014)  loss_mal_pre: 1.0322 (1.0149)  loss_bbox_pre: 1.2227 (1.2380)  loss_giou_pre: 1.7018 (1.6955)  loss_mal_enc_0: 1.0000 (0.9892)  loss_bbox_enc_0: 1.2885 (1.3153)  loss_giou_enc_0: 1.7020 (1.7096)  loss_mal_dn_0: 1.0107 (0.9344)  loss_bbox_dn_0: 1.2629 (1.4091)  loss_giou_dn_0: 1.4798 (1.5243)  loss_fgl_dn_0: 1.0690 (1.0670)  loss_ddf_dn_0: 0.0815 (0.0848)  loss_mal_dn_1: 1.1621 (1.0698)  loss_bbox_dn_1: 1.1342 (1.2565)  loss_giou_dn_1: 1.4210 (1.4745)  loss_fgl_dn_1: 0.9835 (0.9837)  loss_ddf_dn_1: 0.0074 (0.0083)  loss_mal_dn_2: 1.3018 (1.1959)  loss_bbox_dn_2: 1.1222 (1.2510)  loss_giou_dn_2: 1.4085 (1.4725)  loss_fgl_dn_2: 0.9761 (0.9824)  loss_mal_dn_pre: 1.0137 (0.9445)  loss_bbox_dn_pre: 1.2497 (1.3837)  loss_giou_dn_pre: 1.4740 (1.5176)  time: 0.4165  data: 0.0455  max mem: 7848
Epoch: [0] Total time: 0:01:34 (0.4793 s / it)
Averaged stats: lr: 0.000004  loss: 40.5906 (41.2175)  loss_mal: 1.2617 (1.2148)  loss_bbox: 1.2098 (1.2149)  loss_giou: 1.6655 (1.6818)  loss_fgl: 0.8213 (0.9012)  loss_mal_aux_0: 1.0195 (1.0178)  loss_bbox_aux_0: 1.1946 (1.2246)  loss_giou_aux_0: 1.6834 (1.6923)  loss_fgl_aux_0: 0.8089 (0.8688)  loss_ddf_aux_0: 0.0137 (0.0148)  loss_mal_aux_1: 1.1133 (1.0771)  loss_bbox_aux_1: 1.2088 (1.2118)  loss_giou_aux_1: 1.6617 (1.6768)  loss_fgl_aux_1: 0.8227 (0.8970)  loss_ddf_aux_1: 0.0012 (0.0014)  loss_mal_pre: 1.0322 (1.0149)  loss_bbox_pre: 1.2227 (1.2380)  loss_giou_pre: 1.7018 (1.6955)  loss_mal_enc_0: 1.0000 (0.9892)  loss_bbox_enc_0: 1.2885 (1.3153)  loss_giou_enc_0: 1.7020 (1.7096)  loss_mal_dn_0: 1.0107 (0.9344)  loss_bbox_dn_0: 1.2629 (1.4091)  loss_giou_dn_0: 1.4798 (1.5243)  loss_fgl_dn_0: 1.0690 (1.0670)  loss_ddf_dn_0: 0.0815 (0.0848)  loss_mal_dn_1: 1.1621 (1.0698)  loss_bbox_dn_1: 1.1342 (1.2565)  loss_giou_dn_1: 1.4210 (1.4745)  loss_fgl_dn_1: 0.9835 (0.9837)  loss_ddf_dn_1: 0.0074 (0.0083)  loss_mal_dn_2: 1.3018 (1.1959)  loss_bbox_dn_2: 1.1222 (1.2510)  loss_giou_dn_2: 1.4085 (1.4725)  loss_fgl_dn_2: 0.9761 (0.9824)  loss_mal_dn_pre: 1.0137 (0.9445)  loss_bbox_dn_pre: 1.2497 (1.3837)  loss_giou_dn_pre: 1.4740 (1.5176)
Test:  [ 0/13]  eta: 0:00:41    time: 3.2023  data: 2.7844  max mem: 7848
Test:  [10/13]  eta: 0:00:01    time: 0.6171  data: 0.3349  max mem: 7848
Test:  [12/13]  eta: 0:00:00    time: 0.5587  data: 0.2895  max mem: 7848
Test: Total time: 0:00:07 (0.5631 s / it)
Averaged stats: 
Accumulating evaluation results...
COCOeval_opt.accumulate() finished...
DONE (t=0.29s).
IoU metric: bbox
 Average Precision  (AP) @[ IoU=0.50:0.95 | area=   all | maxDets=100 ] = 0.000
 Average Precision  (AP) @[ IoU=0.50      | area=   all | maxDets=100 ] = 0.000
 Average Precision  (AP) @[ IoU=0.75      | area=   all | maxDets=100 ] = 0.000
 Average Precision  (AP) @[ IoU=0.50:0.95 | area= small | maxDets=100 ] = 0.000
 Average Precision  (AP) @[ IoU=0.50:0.95 | area=medium | maxDets=100 ] = 0.000
 Average Precision  (AP) @[ IoU=0.50:0.95 | area= large | maxDets=100 ] = 0.000
 Average Recall     (AR) @[ IoU=0.50:0.95 | area=   all | maxDets=  1 ] = 0.001
 Average Recall     (AR) @[ IoU=0.50:0.95 | area=   all | maxDets= 10 ] = 0.004
 Average Recall     (AR) @[ IoU=0.50:0.95 | area=   all | maxDets=100 ] = 0.018
 Average Recall     (AR) @[ IoU=0.50:0.95 | area= small | maxDets=100 ] = 0.000
 Average Recall     (AR) @[ IoU=0.50:0.95 | area=medium | maxDets=100 ] = 0.001
 Average Recall     (AR) @[ IoU=0.50:0.95 | area= large | maxDets=100 ] = 0.031
 Average Recall     (AR) @[ IoU=0.50      | area=   all | maxDets=100 ] = 0.050
 Average Recall     (AR) @[ IoU=0.75      | area=   all | maxDets=100 ] = 0.010
best_stat: {'epoch': 0, 'coco_eval_bbox': 2.4976773815308105e-05}
Epoch: [1]  [  0/197]  eta: 0:06:15  lr: 0.000004  loss: 40.3084 (40.3084)  loss_mal: 1.4395 (1.4395)  loss_bbox: 1.0773 (1.0773)  loss_giou: 1.5948 (1.5948)  loss_fgl: 0.9097 (0.9097)  loss_mal_aux_0: 1.1816 (1.1816)  loss_bbox_aux_0: 1.1003 (1.1003)  loss_giou_aux_0: 1.5941 (1.5941)  loss_fgl_aux_0: 0.9178 (0.9178)  loss_ddf_aux_0: 0.0110 (0.0110)  loss_mal_aux_1: 1.2637 (1.2637)  loss_bbox_aux_1: 1.0788 (1.0788)  loss_giou_aux_1: 1.5901 (1.5901)  loss_fgl_aux_1: 0.9121 (0.9121)  loss_ddf_aux_1: 0.0009 (0.0009)  loss_mal_pre: 1.1514 (1.1514)  loss_bbox_pre: 1.1148 (1.1148)  loss_giou_pre: 1.5842 (1.5842)  loss_mal_enc_0: 1.1094 (1.1094)  loss_bbox_enc_0: 1.2072 (1.2072)  loss_giou_enc_0: 1.6127 (1.6127)  loss_mal_dn_0: 1.0000 (1.0000)  loss_bbox_dn_0: 1.2778 (1.2778)  loss_giou_dn_0: 1.4787 (1.4787)  loss_fgl_dn_0: 1.0153 (1.0153)  loss_ddf_dn_0: 0.0844 (0.0844)  loss_mal_dn_1: 1.2051 (1.2051)  loss_bbox_dn_1: 1.0325 (1.0325)  loss_giou_dn_1: 1.3993 (1.3993)  loss_fgl_dn_1: 0.9401 (0.9401)  loss_ddf_dn_1: 0.0072 (0.0072)  loss_mal_dn_2: 1.3359 (1.3359)  loss_bbox_dn_2: 1.0093 (1.0093)  loss_giou_dn_2: 1.3953 (1.3953)  loss_fgl_dn_2: 0.9416 (0.9416)  loss_mal_dn_pre: 1.0049 (1.0049)  loss_bbox_dn_pre: 1.2534 (1.2534)  loss_giou_dn_pre: 1.4763 (1.4763)  time: 1.9077  data: 1.4009  max mem: 7848
Epoch: [1]  [196/197]  eta: 0:00:00  lr: 0.000015  loss: 37.4680 (38.7011)  loss_mal: 1.2354 (1.2608)  loss_bbox: 1.0463 (1.1161)  loss_giou: 1.5034 (1.6047)  loss_fgl: 0.7103 (0.7201)  loss_mal_aux_0: 1.1143 (1.0579)  loss_bbox_aux_0: 1.0449 (1.1275)  loss_giou_aux_0: 1.5209 (1.6326)  loss_fgl_aux_0: 0.7052 (0.7058)  loss_ddf_aux_0: 0.0117 (0.0113)  loss_mal_aux_1: 1.1670 (1.1411)  loss_bbox_aux_1: 1.0542 (1.1186)  loss_giou_aux_1: 1.4919 (1.6001)  loss_fgl_aux_1: 0.7073 (0.7209)  loss_ddf_aux_1: 0.0008 (0.0009)  loss_mal_pre: 1.0938 (1.0496)  loss_bbox_pre: 1.0550 (1.1350)  loss_giou_pre: 1.5324 (1.6371)  loss_mal_enc_0: 1.0518 (1.0306)  loss_bbox_enc_0: 1.0641 (1.1844)  loss_giou_enc_0: 1.5726 (1.6646)  loss_mal_dn_0: 1.2402 (1.1573)  loss_bbox_dn_0: 0.8630 (1.0034)  loss_giou_dn_0: 1.2999 (1.3843)  loss_fgl_dn_0: 0.9376 (0.9755)  loss_ddf_dn_0: 0.0433 (0.0624)  loss_mal_dn_1: 1.4404 (1.3466)  loss_bbox_dn_1: 0.8017 (0.9040)  loss_giou_dn_1: 1.2091 (1.3017)  loss_fgl_dn_1: 0.9169 (0.9252)  loss_ddf_dn_1: 0.0038 (0.0054)  loss_mal_dn_2: 1.5195 (1.4681)  loss_bbox_dn_2: 0.7797 (0.8896)  loss_giou_dn_2: 1.1993 (1.2950)  loss_fgl_dn_2: 0.9173 (0.9259)  loss_mal_dn_pre: 1.2363 (1.1589)  loss_bbox_dn_pre: 0.8580 (0.9945)  loss_giou_dn_pre: 1.3014 (1.3835)  time: 0.3765  data: 0.0341  max mem: 7886
Epoch: [1] Total time: 0:01:25 (0.4345 s / it)
Averaged stats: lr: 0.000015  loss: 37.4680 (38.7011)  loss_mal: 1.2354 (1.2608)  loss_bbox: 1.0463 (1.1161)  loss_giou: 1.5034 (1.6047)  loss_fgl: 0.7103 (0.7201)  loss_mal_aux_0: 1.1143 (1.0579)  loss_bbox_aux_0: 1.0449 (1.1275)  loss_giou_aux_0: 1.5209 (1.6326)  loss_fgl_aux_0: 0.7052 (0.7058)  loss_ddf_aux_0: 0.0117 (0.0113)  loss_mal_aux_1: 1.1670 (1.1411)  loss_bbox_aux_1: 1.0542 (1.1186)  loss_giou_aux_1: 1.4919 (1.6001)  loss_fgl_aux_1: 0.7073 (0.7209)  loss_ddf_aux_1: 0.0008 (0.0009)  loss_mal_pre: 1.0938 (1.0496)  loss_bbox_pre: 1.0550 (1.1350)  loss_giou_pre: 1.5324 (1.6371)  loss_mal_enc_0: 1.0518 (1.0306)  loss_bbox_enc_0: 1.0641 (1.1844)  loss_giou_enc_0: 1.5726 (1.6646)  loss_mal_dn_0: 1.2402 (1.1573)  loss_bbox_dn_0: 0.8630 (1.0034)  loss_giou_dn_0: 1.2999 (1.3843)  loss_fgl_dn_0: 0.9376 (0.9755)  loss_ddf_dn_0: 0.0433 (0.0624)  loss_mal_dn_1: 1.4404 (1.3466)  loss_bbox_dn_1: 0.8017 (0.9040)  loss_giou_dn_1: 1.2091 (1.3017)  loss_fgl_dn_1: 0.9169 (0.9252)  loss_ddf_dn_1: 0.0038 (0.0054)  loss_mal_dn_2: 1.5195 (1.4681)  loss_bbox_dn_2: 0.7797 (0.8896)  loss_giou_dn_2: 1.1993 (1.2950)  loss_fgl_dn_2: 0.9173 (0.9259)  loss_mal_dn_pre: 1.2363 (1.1589)  loss_bbox_dn_pre: 0.8580 (0.9945)  loss_giou_dn_pre: 1.3014 (1.3835)
Test:  [ 0/13]  eta: 0:00:45    time: 3.5293  data: 3.1598  max mem: 7886
Test:  [10/13]  eta: 0:00:01    time: 0.6275  data: 0.3602  max mem: 7886
Test:  [12/13]  eta: 0:00:00    time: 0.5582  data: 0.3110  max mem: 7886
Test: Total time: 0:00:07 (0.5639 s / it)
Averaged stats: 
Accumulating evaluation results...
COCOeval_opt.accumulate() finished...
DONE (t=0.28s).
IoU metric: bbox
 Average Precision  (AP) @[ IoU=0.50:0.95 | area=   all | maxDets=100 ] = 0.000
 Average Precision  (AP) @[ IoU=0.50      | area=   all | maxDets=100 ] = 0.001
 Average Precision  (AP) @[ IoU=0.75      | area=   all | maxDets=100 ] = 0.000
 Average Precision  (AP) @[ IoU=0.50:0.95 | area= small | maxDets=100 ] = 0.000
 Average Precision  (AP) @[ IoU=0.50:0.95 | area=medium | maxDets=100 ] = 0.000
 Average Precision  (AP) @[ IoU=0.50:0.95 | area= large | maxDets=100 ] = 0.001
 Average Recall     (AR) @[ IoU=0.50:0.95 | area=   all | maxDets=  1 ] = 0.003
 Average Recall     (AR) @[ IoU=0.50:0.95 | area=   all | maxDets= 10 ] = 0.019
 Average Recall     (AR) @[ IoU=0.50:0.95 | area=   all | maxDets=100 ] = 0.062
 Average Recall     (AR) @[ IoU=0.50:0.95 | area= small | maxDets=100 ] = 0.000
 Average Recall     (AR) @[ IoU=0.50:0.95 | area=medium | maxDets=100 ] = 0.018
 Average Recall     (AR) @[ IoU=0.50:0.95 | area= large | maxDets=100 ] = 0.087
 Average Recall     (AR) @[ IoU=0.50      | area=   all | maxDets=100 ] = 0.166
 Average Recall     (AR) @[ IoU=0.75      | area=   all | maxDets=100 ] = 0.036
best_stat: {'epoch': 1, 'coco_eval_bbox': 0.0003939851383303655}
Epoch: [2]  [  0/197]  eta: 0:07:01  lr: 0.000016  loss: 36.8742 (36.8742)  loss_mal: 1.4492 (1.4492)  loss_bbox: 0.9295 (0.9295)  loss_giou: 1.3448 (1.3448)  loss_fgl: 0.7728 (0.7728)  loss_mal_aux_0: 1.2598 (1.2598)  loss_bbox_aux_0: 0.9447 (0.9447)  loss_giou_aux_0: 1.3800 (1.3800)  loss_fgl_aux_0: 0.7602 (0.7602)  loss_ddf_aux_0: 0.0116 (0.0116)  loss_mal_aux_1: 1.3369 (1.3369)  loss_bbox_aux_1: 0.9292 (0.9292)  loss_giou_aux_1: 1.3261 (1.3261)  loss_fgl_aux_1: 0.7817 (0.7817)  loss_ddf_aux_1: 0.0009 (0.0009)  loss_mal_pre: 1.2461 (1.2461)  loss_bbox_pre: 0.9454 (0.9454)  loss_giou_pre: 1.3863 (1.3863)  loss_mal_enc_0: 1.2539 (1.2539)  loss_bbox_enc_0: 0.9407 (0.9407)  loss_giou_enc_0: 1.4202 (1.4202)  loss_mal_dn_0: 1.2607 (1.2607)  loss_bbox_dn_0: 0.8130 (0.8130)  loss_giou_dn_0: 1.2831 (1.2831)  loss_fgl_dn_0: 0.9260 (0.9260)  loss_ddf_dn_0: 0.0445 (0.0445)  loss_mal_dn_1: 1.4883 (1.4883)  loss_bbox_dn_1: 0.7694 (0.7694)  loss_giou_dn_1: 1.1840 (1.1840)  loss_fgl_dn_1: 0.9167 (0.9167)  loss_ddf_dn_1: 0.0045 (0.0045)  loss_mal_dn_2: 1.5830 (1.5830)  loss_bbox_dn_2: 0.7408 (0.7408)  loss_giou_dn_2: 1.1656 (1.1656)  loss_fgl_dn_2: 0.9218 (0.9218)  loss_mal_dn_pre: 1.2656 (1.2656)  loss_bbox_dn_pre: 0.8078 (0.8078)  loss_giou_dn_pre: 1.2793 (1.2793)  time: 2.1417  data: 1.7719  max mem: 7886
Epoch: [2]  [196/197]  eta: 0:00:00  lr: 0.000035  loss: 34.4082 (36.0063)  loss_mal: 1.4531 (1.2934)  loss_bbox: 0.7688 (0.9144)  loss_giou: 1.1504 (1.3321)  loss_fgl: 0.8864 (0.7965)  loss_mal_aux_0: 1.3887 (1.2752)  loss_bbox_aux_0: 0.8111 (0.9443)  loss_giou_aux_0: 1.1897 (1.3610)  loss_fgl_aux_0: 0.8754 (0.7837)  loss_ddf_aux_0: 0.0245 (0.0194)  loss_mal_aux_1: 1.5469 (1.3045)  loss_bbox_aux_1: 0.7678 (0.9168)  loss_giou_aux_1: 1.1468 (1.3296)  loss_fgl_aux_1: 0.8872 (0.7968)  loss_ddf_aux_1: 0.0021 (0.0017)  loss_mal_pre: 1.4102 (1.2786)  loss_bbox_pre: 0.8146 (0.9514)  loss_giou_pre: 1.1872 (1.3642)  loss_mal_enc_0: 1.4180 (1.2753)  loss_bbox_enc_0: 0.8655 (0.9886)  loss_giou_enc_0: 1.2584 (1.4221)  loss_mal_dn_0: 1.0967 (1.2072)  loss_bbox_dn_0: 0.7716 (0.8118)  loss_giou_dn_0: 1.1717 (1.2355)  loss_fgl_dn_0: 0.9401 (0.9242)  loss_ddf_dn_0: 0.0561 (0.0474)  loss_mal_dn_1: 0.9639 (1.3151)  loss_bbox_dn_1: 0.6993 (0.7434)  loss_giou_dn_1: 1.0385 (1.1171)  loss_fgl_dn_1: 0.9773 (0.9424)  loss_ddf_dn_1: 0.0057 (0.0047)  loss_mal_dn_2: 1.0039 (1.2615)  loss_bbox_dn_2: 0.6916 (0.7339)  loss_giou_dn_2: 1.0241 (1.1017)  loss_fgl_dn_2: 0.9874 (0.9497)  loss_mal_dn_pre: 1.1123 (1.2115)  loss_bbox_dn_pre: 0.7816 (0.8114)  loss_giou_dn_pre: 1.1748 (1.2381)  time: 0.3853  data: 0.0387  max mem: 7886
Epoch: [2] Total time: 0:01:26 (0.4407 s / it)
Averaged stats: lr: 0.000035  loss: 34.4082 (36.0063)  loss_mal: 1.4531 (1.2934)  loss_bbox: 0.7688 (0.9144)  loss_giou: 1.1504 (1.3321)  loss_fgl: 0.8864 (0.7965)  loss_mal_aux_0: 1.3887 (1.2752)  loss_bbox_aux_0: 0.8111 (0.9443)  loss_giou_aux_0: 1.1897 (1.3610)  loss_fgl_aux_0: 0.8754 (0.7837)  loss_ddf_aux_0: 0.0245 (0.0194)  loss_mal_aux_1: 1.5469 (1.3045)  loss_bbox_aux_1: 0.7678 (0.9168)  loss_giou_aux_1: 1.1468 (1.3296)  loss_fgl_aux_1: 0.8872 (0.7968)  loss_ddf_aux_1: 0.0021 (0.0017)  loss_mal_pre: 1.4102 (1.2786)  loss_bbox_pre: 0.8146 (0.9514)  loss_giou_pre: 1.1872 (1.3642)  loss_mal_enc_0: 1.4180 (1.2753)  loss_bbox_enc_0: 0.8655 (0.9886)  loss_giou_enc_0: 1.2584 (1.4221)  loss_mal_dn_0: 1.0967 (1.2072)  loss_bbox_dn_0: 0.7716 (0.8118)  loss_giou_dn_0: 1.1717 (1.2355)  loss_fgl_dn_0: 0.9401 (0.9242)  loss_ddf_dn_0: 0.0561 (0.0474)  loss_mal_dn_1: 0.9639 (1.3151)  loss_bbox_dn_1: 0.6993 (0.7434)  loss_giou_dn_1: 1.0385 (1.1171)  loss_fgl_dn_1: 0.9773 (0.9424)  loss_ddf_dn_1: 0.0057 (0.0047)  loss_mal_dn_2: 1.0039 (1.2615)  loss_bbox_dn_2: 0.6916 (0.7339)  loss_giou_dn_2: 1.0241 (1.1017)  loss_fgl_dn_2: 0.9874 (0.9497)  loss_mal_dn_pre: 1.1123 (1.2115)  loss_bbox_dn_pre: 0.7816 (0.8114)  loss_giou_dn_pre: 1.1748 (1.2381)
Test:  [ 0/13]  eta: 0:00:32    time: 2.4928  data: 2.0919  max mem: 7886
Test:  [10/13]  eta: 0:00:01    time: 0.6294  data: 0.3522  max mem: 7886
Test:  [12/13]  eta: 0:00:00    time: 0.5680  data: 0.3042  max mem: 7886
Test: Total time: 0:00:07 (0.5753 s / it)
Averaged stats: 
Accumulating evaluation results...
COCOeval_opt.accumulate() finished...
DONE (t=0.27s).
IoU metric: bbox
 Average Precision  (AP) @[ IoU=0.50:0.95 | area=   all | maxDets=100 ] = 0.006
 Average Precision  (AP) @[ IoU=0.50      | area=   all | maxDets=100 ] = 0.018
 Average Precision  (AP) @[ IoU=0.75      | area=   all | maxDets=100 ] = 0.002
 Average Precision  (AP) @[ IoU=0.50:0.95 | area= small | maxDets=100 ] = 0.001
 Average Precision  (AP) @[ IoU=0.50:0.95 | area=medium | maxDets=100 ] = 0.003
 Average Precision  (AP) @[ IoU=0.50:0.95 | area= large | maxDets=100 ] = 0.007
 Average Recall     (AR) @[ IoU=0.50:0.95 | area=   all | maxDets=  1 ] = 0.040
 Average Recall     (AR) @[ IoU=0.50:0.95 | area=   all | maxDets= 10 ] = 0.119
 Average Recall     (AR) @[ IoU=0.50:0.95 | area=   all | maxDets=100 ] = 0.197
 Average Recall     (AR) @[ IoU=0.50:0.95 | area= small | maxDets=100 ] = 0.055
 Average Recall     (AR) @[ IoU=0.50:0.95 | area=medium | maxDets=100 ] = 0.121
 Average Recall     (AR) @[ IoU=0.50:0.95 | area= large | maxDets=100 ] = 0.231
 Average Recall     (AR) @[ IoU=0.50      | area=   all | maxDets=100 ] = 0.435
 Average Recall     (AR) @[ IoU=0.75      | area=   all | maxDets=100 ] = 0.147
best_stat: {'epoch': 2, 'coco_eval_bbox': 0.005778377380029565}
Epoch: [3]  [  0/197]  eta: 0:05:43  lr: 0.000035  loss: 33.7780 (33.7780)  loss_mal: 1.4727 (1.4727)  loss_bbox: 0.7062 (0.7062)  loss_giou: 1.0983 (1.0983)  loss_fgl: 0.9392 (0.9392)  loss_mal_aux_0: 1.4395 (1.4395)  loss_bbox_aux_0: 0.7474 (0.7474)  loss_giou_aux_0: 1.1230 (1.1230)  loss_fgl_aux_0: 0.9311 (0.9311)  loss_ddf_aux_0: 0.0223 (0.0223)  loss_mal_aux_1: 1.5098 (1.5098)  loss_bbox_aux_1: 0.7074 (0.7074)  loss_giou_aux_1: 1.1004 (1.1004)  loss_fgl_aux_1: 0.9387 (0.9387)  loss_ddf_aux_1: 0.0019 (0.0019)  loss_mal_pre: 1.4512 (1.4512)  loss_bbox_pre: 0.7473 (0.7473)  loss_giou_pre: 1.1203 (1.1203)  loss_mal_enc_0: 1.5625 (1.5625)  loss_bbox_enc_0: 0.7948 (0.7948)  loss_giou_enc_0: 1.2056 (1.2056)  loss_mal_dn_0: 1.0605 (1.0605)  loss_bbox_dn_0: 0.7380 (0.7380)  loss_giou_dn_0: 1.1686 (1.1686)  loss_fgl_dn_0: 0.9346 (0.9346)  loss_ddf_dn_0: 0.0596 (0.0596)  loss_mal_dn_1: 0.9365 (0.9365)  loss_bbox_dn_1: 0.6570 (0.6570)  loss_giou_dn_1: 1.0188 (1.0188)  loss_fgl_dn_1: 0.9721 (0.9721)  loss_ddf_dn_1: 0.0055 (0.0055)  loss_mal_dn_2: 0.9976 (0.9976)  loss_bbox_dn_2: 0.6426 (0.6426)  loss_giou_dn_2: 0.9969 (0.9969)  loss_fgl_dn_2: 0.9802 (0.9802)  loss_mal_dn_pre: 1.0840 (1.0840)  loss_bbox_dn_pre: 0.7360 (0.7360)  loss_giou_dn_pre: 1.1700 (1.1700)  time: 1.7452  data: 1.2194  max mem: 7886
Epoch: [3]  [196/197]  eta: 0:00:00  lr: 0.000062  loss: 30.7211 (32.2413)  loss_mal: 1.6123 (1.6119)  loss_bbox: 0.4174 (0.5299)  loss_giou: 0.7079 (0.8645)  loss_fgl: 1.1353 (1.0793)  loss_mal_aux_0: 1.9111 (1.7644)  loss_bbox_aux_0: 0.4432 (0.5542)  loss_giou_aux_0: 0.7421 (0.8875)  loss_fgl_aux_0: 1.1477 (1.0773)  loss_ddf_aux_0: 0.0184 (0.0200)  loss_mal_aux_1: 1.6318 (1.6447)  loss_bbox_aux_1: 0.4236 (0.5300)  loss_giou_aux_1: 0.7041 (0.8648)  loss_fgl_aux_1: 1.1362 (1.0784)  loss_ddf_aux_1: 0.0015 (0.0018)  loss_mal_pre: 1.7822 (1.6771)  loss_bbox_pre: 0.4442 (0.5567)  loss_giou_pre: 0.7393 (0.8872)  loss_mal_enc_0: 1.7646 (1.7184)  loss_bbox_enc_0: 0.5188 (0.6429)  loss_giou_enc_0: 0.8285 (0.9722)  loss_mal_dn_0: 0.8149 (0.8960)  loss_bbox_dn_0: 0.6376 (0.6970)  loss_giou_dn_0: 0.9890 (1.0748)  loss_fgl_dn_0: 1.0305 (0.9907)  loss_ddf_dn_0: 0.0840 (0.0871)  loss_mal_dn_1: 0.8359 (0.8516)  loss_bbox_dn_1: 0.5425 (0.6010)  loss_giou_dn_1: 0.8292 (0.9180)  loss_fgl_dn_1: 1.0679 (1.0352)  loss_ddf_dn_1: 0.0077 (0.0091)  loss_mal_dn_2: 0.8188 (0.8735)  loss_bbox_dn_2: 0.5389 (0.5932)  loss_giou_dn_2: 0.8201 (0.9038)  loss_fgl_dn_2: 1.0736 (1.0422)  loss_mal_dn_pre: 0.8374 (0.9262)  loss_bbox_dn_pre: 0.6445 (0.7008)  loss_giou_dn_pre: 0.9923 (1.0781)  time: 0.3911  data: 0.0433  max mem: 7957
Epoch: [3] Total time: 0:01:25 (0.4365 s / it)
Averaged stats: lr: 0.000062  loss: 30.7211 (32.2413)  loss_mal: 1.6123 (1.6119)  loss_bbox: 0.4174 (0.5299)  loss_giou: 0.7079 (0.8645)  loss_fgl: 1.1353 (1.0793)  loss_mal_aux_0: 1.9111 (1.7644)  loss_bbox_aux_0: 0.4432 (0.5542)  loss_giou_aux_0: 0.7421 (0.8875)  loss_fgl_aux_0: 1.1477 (1.0773)  loss_ddf_aux_0: 0.0184 (0.0200)  loss_mal_aux_1: 1.6318 (1.6447)  loss_bbox_aux_1: 0.4236 (0.5300)  loss_giou_aux_1: 0.7041 (0.8648)  loss_fgl_aux_1: 1.1362 (1.0784)  loss_ddf_aux_1: 0.0015 (0.0018)  loss_mal_pre: 1.7822 (1.6771)  loss_bbox_pre: 0.4442 (0.5567)  loss_giou_pre: 0.7393 (0.8872)  loss_mal_enc_0: 1.7646 (1.7184)  loss_bbox_enc_0: 0.5188 (0.6429)  loss_giou_enc_0: 0.8285 (0.9722)  loss_mal_dn_0: 0.8149 (0.8960)  loss_bbox_dn_0: 0.6376 (0.6970)  loss_giou_dn_0: 0.9890 (1.0748)  loss_fgl_dn_0: 1.0305 (0.9907)  loss_ddf_dn_0: 0.0840 (0.0871)  loss_mal_dn_1: 0.8359 (0.8516)  loss_bbox_dn_1: 0.5425 (0.6010)  loss_giou_dn_1: 0.8292 (0.9180)  loss_fgl_dn_1: 1.0679 (1.0352)  loss_ddf_dn_1: 0.0077 (0.0091)  loss_mal_dn_2: 0.8188 (0.8735)  loss_bbox_dn_2: 0.5389 (0.5932)  loss_giou_dn_2: 0.8201 (0.9038)  loss_fgl_dn_2: 1.0736 (1.0422)  loss_mal_dn_pre: 0.8374 (0.9262)  loss_bbox_dn_pre: 0.6445 (0.7008)  loss_giou_dn_pre: 0.9923 (1.0781)
Test:  [ 0/13]  eta: 0:00:35    time: 2.7132  data: 2.3498  max mem: 7957
Test:  [10/13]  eta: 0:00:01    time: 0.5709  data: 0.3049  max mem: 7957
Test:  [12/13]  eta: 0:00:00    time: 0.5257  data: 0.2713  max mem: 7957
Test: Total time: 0:00:06 (0.5314 s / it)
Averaged stats: 
Accumulating evaluation results...
COCOeval_opt.accumulate() finished...
DONE (t=0.27s).
IoU metric: bbox
 Average Precision  (AP) @[ IoU=0.50:0.95 | area=   all | maxDets=100 ] = 0.073
 Average Precision  (AP) @[ IoU=0.50      | area=   all | maxDets=100 ] = 0.185
 Average Precision  (AP) @[ IoU=0.75      | area=   all | maxDets=100 ] = 0.047
 Average Precision  (AP) @[ IoU=0.50:0.95 | area= small | maxDets=100 ] = 0.034
 Average Precision  (AP) @[ IoU=0.50:0.95 | area=medium | maxDets=100 ] = 0.060
 Average Precision  (AP) @[ IoU=0.50:0.95 | area= large | maxDets=100 ] = 0.082
 Average Recall     (AR) @[ IoU=0.50:0.95 | area=   all | maxDets=  1 ] = 0.136
 Average Recall     (AR) @[ IoU=0.50:0.95 | area=   all | maxDets= 10 ] = 0.297
 Average Recall     (AR) @[ IoU=0.50:0.95 | area=   all | maxDets=100 ] = 0.425
 Average Recall     (AR) @[ IoU=0.50:0.95 | area= small | maxDets=100 ] = 0.182
 Average Recall     (AR) @[ IoU=0.50:0.95 | area=medium | maxDets=100 ] = 0.384
 Average Recall     (AR) @[ IoU=0.50:0.95 | area= large | maxDets=100 ] = 0.482
 Average Recall     (AR) @[ IoU=0.50      | area=   all | maxDets=100 ] = 0.800
 Average Recall     (AR) @[ IoU=0.75      | area=   all | maxDets=100 ] = 0.400
best_stat: {'epoch': 3, 'coco_eval_bbox': 0.07312942145158387}
Epoch: [4]  [  0/197]  eta: 0:09:42  lr: 0.000062  loss: 30.4420 (30.4420)  loss_mal: 0.5391 (0.5391)  loss_bbox: 0.8763 (0.8763)  loss_giou: 1.8920 (1.8920)  loss_fgl: 0.4470 (0.4470)  loss_mal_aux_0: 0.5557 (0.5557)  loss_bbox_aux_0: 0.8885 (0.8885)  loss_giou_aux_0: 1.9014 (1.9014)  loss_fgl_aux_0: 0.4426 (0.4426)  loss_ddf_aux_0: 0.0113 (0.0113)  loss_mal_aux_1: 0.5337 (0.5337)  loss_bbox_aux_1: 0.8771 (0.8771)  loss_giou_aux_1: 1.8871 (1.8871)  loss_fgl_aux_1: 0.4492 (0.4492)  loss_ddf_aux_1: 0.0010 (0.0010)  loss_mal_pre: 0.5483 (0.5483)  loss_bbox_pre: 0.8948 (0.8948)  loss_giou_pre: 1.8980 (1.8980)  loss_mal_enc_0: 0.5693 (0.5693)  loss_bbox_enc_0: 0.9203 (0.9203)  loss_giou_enc_0: 1.8837 (1.8837)  loss_mal_dn_0: 0.6489 (0.6489)  loss_bbox_dn_0: 0.4833 (0.4833)  loss_giou_dn_0: 1.3387 (1.3387)  loss_fgl_dn_0: 0.8137 (0.8137)  loss_ddf_dn_0: 0.0932 (0.0932)  loss_mal_dn_1: 0.6782 (0.6782)  loss_bbox_dn_1: 0.4674 (0.4674)  loss_giou_dn_1: 1.3074 (1.3074)  loss_fgl_dn_1: 0.8266 (0.8266)  loss_ddf_dn_1: 0.0073 (0.0073)  loss_mal_dn_2: 0.6753 (0.6753)  loss_bbox_dn_2: 0.4738 (0.4738)  loss_giou_dn_2: 1.3184 (1.3184)  loss_fgl_dn_2: 0.8247 (0.8247)  loss_mal_dn_pre: 0.6577 (0.6577)  loss_bbox_dn_pre: 0.4830 (0.4830)  loss_giou_dn_pre: 1.3282 (1.3282)  time: 2.9574  data: 2.2754  max mem: 7957
Epoch: [4]  [196/197]  eta: 0:00:00  lr: 0.000097  loss: 28.5328 (29.0312)  loss_mal: 0.9536 (0.9594)  loss_bbox: 0.5853 (0.5897)  loss_giou: 1.2825 (1.3085)  loss_fgl: 0.7947 (0.7873)  loss_mal_aux_0: 0.9937 (1.0588)  loss_bbox_aux_0: 0.6013 (0.6031)  loss_giou_aux_0: 1.3010 (1.3284)  loss_fgl_aux_0: 0.7943 (0.7900)  loss_ddf_aux_0: 0.0243 (0.0248)  loss_mal_aux_1: 0.9644 (0.9757)  loss_bbox_aux_1: 0.5854 (0.5909)  loss_giou_aux_1: 1.2812 (1.3078)  loss_fgl_aux_1: 0.7937 (0.7877)  loss_ddf_aux_1: 0.0012 (0.0013)  loss_mal_pre: 0.9644 (0.9996)  loss_bbox_pre: 0.6056 (0.6061)  loss_giou_pre: 1.3003 (1.3277)  loss_mal_enc_0: 1.0059 (1.0168)  loss_bbox_enc_0: 0.6388 (0.6422)  loss_giou_enc_0: 1.3350 (1.3609)  loss_mal_dn_0: 0.7583 (0.7512)  loss_bbox_dn_0: 0.4313 (0.4447)  loss_giou_dn_0: 1.0309 (1.1088)  loss_fgl_dn_0: 0.9638 (0.9536)  loss_ddf_dn_0: 0.0669 (0.0673)  loss_mal_dn_1: 0.7720 (0.7692)  loss_bbox_dn_1: 0.3787 (0.4037)  loss_giou_dn_1: 0.9418 (1.0231)  loss_fgl_dn_1: 0.9820 (0.9739)  loss_ddf_dn_1: 0.0028 (0.0038)  loss_mal_dn_2: 0.7666 (0.7628)  loss_bbox_dn_2: 0.3763 (0.4027)  loss_giou_dn_2: 0.9395 (1.0202)  loss_fgl_dn_2: 0.9846 (0.9756)  loss_mal_dn_pre: 0.7559 (0.7503)  loss_bbox_dn_pre: 0.4303 (0.4453)  loss_giou_dn_pre: 1.0322 (1.1081)  time: 0.4802  data: 0.0485  max mem: 8106
Epoch: [4] Total time: 0:01:44 (0.5291 s / it)
Averaged stats: lr: 0.000097  loss: 28.5328 (29.0312)  loss_mal: 0.9536 (0.9594)  loss_bbox: 0.5853 (0.5897)  loss_giou: 1.2825 (1.3085)  loss_fgl: 0.7947 (0.7873)  loss_mal_aux_0: 0.9937 (1.0588)  loss_bbox_aux_0: 0.6013 (0.6031)  loss_giou_aux_0: 1.3010 (1.3284)  loss_fgl_aux_0: 0.7943 (0.7900)  loss_ddf_aux_0: 0.0243 (0.0248)  loss_mal_aux_1: 0.9644 (0.9757)  loss_bbox_aux_1: 0.5854 (0.5909)  loss_giou_aux_1: 1.2812 (1.3078)  loss_fgl_aux_1: 0.7937 (0.7877)  loss_ddf_aux_1: 0.0012 (0.0013)  loss_mal_pre: 0.9644 (0.9996)  loss_bbox_pre: 0.6056 (0.6061)  loss_giou_pre: 1.3003 (1.3277)  loss_mal_enc_0: 1.0059 (1.0168)  loss_bbox_enc_0: 0.6388 (0.6422)  loss_giou_enc_0: 1.3350 (1.3609)  loss_mal_dn_0: 0.7583 (0.7512)  loss_bbox_dn_0: 0.4313 (0.4447)  loss_giou_dn_0: 1.0309 (1.1088)  loss_fgl_dn_0: 0.9638 (0.9536)  loss_ddf_dn_0: 0.0669 (0.0673)  loss_mal_dn_1: 0.7720 (0.7692)  loss_bbox_dn_1: 0.3787 (0.4037)  loss_giou_dn_1: 0.9418 (1.0231)  loss_fgl_dn_1: 0.9820 (0.9739)  loss_ddf_dn_1: 0.0028 (0.0038)  loss_mal_dn_2: 0.7666 (0.7628)  loss_bbox_dn_2: 0.3763 (0.4027)  loss_giou_dn_2: 0.9395 (1.0202)  loss_fgl_dn_2: 0.9846 (0.9756)  loss_mal_dn_pre: 0.7559 (0.7503)  loss_bbox_dn_pre: 0.4303 (0.4453)  loss_giou_dn_pre: 1.0322 (1.1081)
Test:  [ 0/13]  eta: 0:00:34    time: 2.6675  data: 2.4418  max mem: 8106
Test:  [10/13]  eta: 0:00:01    time: 0.5610  data: 0.2974  max mem: 8106
Test:  [12/13]  eta: 0:00:00    time: 0.5186  data: 0.2657  max mem: 8106
Test: Total time: 0:00:06 (0.5268 s / it)
Averaged stats: 
Accumulating evaluation results...
COCOeval_opt.accumulate() finished...
DONE (t=0.30s).
IoU metric: bbox
 Average Precision  (AP) @[ IoU=0.50:0.95 | area=   all | maxDets=100 ] = 0.087
 Average Precision  (AP) @[ IoU=0.50      | area=   all | maxDets=100 ] = 0.211
 Average Precision  (AP) @[ IoU=0.75      | area=   all | maxDets=100 ] = 0.063
 Average Precision  (AP) @[ IoU=0.50:0.95 | area= small | maxDets=100 ] = 0.049
 Average Precision  (AP) @[ IoU=0.50:0.95 | area=medium | maxDets=100 ] = 0.064
 Average Precision  (AP) @[ IoU=0.50:0.95 | area= large | maxDets=100 ] = 0.100
 Average Recall     (AR) @[ IoU=0.50:0.95 | area=   all | maxDets=  1 ] = 0.135
 Average Recall     (AR) @[ IoU=0.50:0.95 | area=   all | maxDets= 10 ] = 0.311
 Average Recall     (AR) @[ IoU=0.50:0.95 | area=   all | maxDets=100 ] = 0.420
 Average Recall     (AR) @[ IoU=0.50:0.95 | area= small | maxDets=100 ] = 0.230
 Average Recall     (AR) @[ IoU=0.50:0.95 | area=medium | maxDets=100 ] = 0.376
 Average Recall     (AR) @[ IoU=0.50:0.95 | area= large | maxDets=100 ] = 0.465
 Average Recall     (AR) @[ IoU=0.50      | area=   all | maxDets=100 ] = 0.823
 Average Recall     (AR) @[ IoU=0.75      | area=   all | maxDets=100 ] = 0.364
best_stat: {'epoch': 4, 'coco_eval_bbox': 0.08726812652379695}
Epoch: [5]  [  0/197]  eta: 0:11:15  lr: 0.000097  loss: 28.5256 (28.5256)  loss_mal: 0.7959 (0.7959)  loss_bbox: 0.6119 (0.6119)  loss_giou: 1.4515 (1.4515)  loss_fgl: 0.6956 (0.6956)  loss_mal_aux_0: 0.8335 (0.8335)  loss_bbox_aux_0: 0.6350 (0.6350)  loss_giou_aux_0: 1.4614 (1.4614)  loss_fgl_aux_0: 0.6992 (0.6992)  loss_ddf_aux_0: 0.0211 (0.0211)  loss_mal_aux_1: 0.8120 (0.8120)  loss_bbox_aux_1: 0.6131 (0.6131)  loss_giou_aux_1: 1.4514 (1.4514)  loss_fgl_aux_1: 0.6961 (0.6961)  loss_ddf_aux_1: 0.0010 (0.0010)  loss_mal_pre: 0.8140 (0.8140)  loss_bbox_pre: 0.6393 (0.6393)  loss_giou_pre: 1.4640 (1.4640)  loss_mal_enc_0: 0.8223 (0.8223)  loss_bbox_enc_0: 0.6629 (0.6629)  loss_giou_enc_0: 1.4843 (1.4843)  loss_mal_dn_0: 0.7427 (0.7427)  loss_bbox_dn_0: 0.4204 (0.4204)  loss_giou_dn_0: 1.1153 (1.1153)  loss_fgl_dn_0: 0.9408 (0.9408)  loss_ddf_dn_0: 0.0733 (0.0733)  loss_mal_dn_1: 0.7642 (0.7642)  loss_bbox_dn_1: 0.3742 (0.3742)  loss_giou_dn_1: 1.0553 (1.0553)  loss_fgl_dn_1: 0.9564 (0.9564)  loss_ddf_dn_1: 0.0027 (0.0027)  loss_mal_dn_2: 0.7524 (0.7524)  loss_bbox_dn_2: 0.3748 (0.3748)  loss_giou_dn_2: 1.0561 (1.0561)  loss_fgl_dn_2: 0.9556 (0.9556)  loss_mal_dn_pre: 0.7349 (0.7349)  loss_bbox_dn_pre: 0.4235 (0.4235)  loss_giou_dn_pre: 1.1178 (1.1178)  time: 3.4280  data: 2.7231  max mem: 8106
Epoch: [5]  [196/197]  eta: 0:00:00  lr: 0.000139  loss: 28.0825 (28.2353)  loss_mal: 1.0439 (1.0353)  loss_bbox: 0.5116 (0.5071)  loss_giou: 1.0284 (1.1518)  loss_fgl: 0.9123 (0.8699)  loss_mal_aux_0: 1.1875 (1.1373)  loss_bbox_aux_0: 0.5176 (0.5194)  loss_giou_aux_0: 1.0418 (1.1718)  loss_fgl_aux_0: 0.9210 (0.8756)  loss_ddf_aux_0: 0.0296 (0.0278)  loss_mal_aux_1: 1.0791 (1.0632)  loss_bbox_aux_1: 0.5121 (0.5076)  loss_giou_aux_1: 1.0279 (1.1522)  loss_fgl_aux_1: 0.9134 (0.8700)  loss_ddf_aux_1: 0.0014 (0.0014)  loss_mal_pre: 1.1641 (1.0960)  loss_bbox_pre: 0.5209 (0.5213)  loss_giou_pre: 1.0414 (1.1711)  loss_mal_enc_0: 1.1299 (1.1168)  loss_bbox_enc_0: 0.5689 (0.5621)  loss_giou_enc_0: 1.1055 (1.2188)  loss_mal_dn_0: 0.7690 (0.7700)  loss_bbox_dn_0: 0.4265 (0.4181)  loss_giou_dn_0: 0.9746 (1.0244)  loss_fgl_dn_0: 1.0216 (0.9955)  loss_ddf_dn_0: 0.0747 (0.0751)  loss_mal_dn_1: 0.7720 (0.7734)  loss_bbox_dn_1: 0.3681 (0.3696)  loss_giou_dn_1: 0.8828 (0.9341)  loss_fgl_dn_1: 1.0285 (1.0111)  loss_ddf_dn_1: 0.0036 (0.0035)  loss_mal_dn_2: 0.7568 (0.7643)  loss_bbox_dn_2: 0.3690 (0.3683)  loss_giou_dn_2: 0.8796 (0.9308)  loss_fgl_dn_2: 1.0287 (1.0121)  loss_mal_dn_pre: 0.7676 (0.7656)  loss_bbox_dn_pre: 0.4253 (0.4193)  loss_giou_dn_pre: 0.9689 (1.0235)  time: 0.4950  data: 0.0502  max mem: 8107
Epoch: [5] Total time: 0:01:45 (0.5334 s / it)
Averaged stats: lr: 0.000139  loss: 28.0825 (28.2353)  loss_mal: 1.0439 (1.0353)  loss_bbox: 0.5116 (0.5071)  loss_giou: 1.0284 (1.1518)  loss_fgl: 0.9123 (0.8699)  loss_mal_aux_0: 1.1875 (1.1373)  loss_bbox_aux_0: 0.5176 (0.5194)  loss_giou_aux_0: 1.0418 (1.1718)  loss_fgl_aux_0: 0.9210 (0.8756)  loss_ddf_aux_0: 0.0296 (0.0278)  loss_mal_aux_1: 1.0791 (1.0632)  loss_bbox_aux_1: 0.5121 (0.5076)  loss_giou_aux_1: 1.0279 (1.1522)  loss_fgl_aux_1: 0.9134 (0.8700)  loss_ddf_aux_1: 0.0014 (0.0014)  loss_mal_pre: 1.1641 (1.0960)  loss_bbox_pre: 0.5209 (0.5213)  loss_giou_pre: 1.0414 (1.1711)  loss_mal_enc_0: 1.1299 (1.1168)  loss_bbox_enc_0: 0.5689 (0.5621)  loss_giou_enc_0: 1.1055 (1.2188)  loss_mal_dn_0: 0.7690 (0.7700)  loss_bbox_dn_0: 0.4265 (0.4181)  loss_giou_dn_0: 0.9746 (1.0244)  loss_fgl_dn_0: 1.0216 (0.9955)  loss_ddf_dn_0: 0.0747 (0.0751)  loss_mal_dn_1: 0.7720 (0.7734)  loss_bbox_dn_1: 0.3681 (0.3696)  loss_giou_dn_1: 0.8828 (0.9341)  loss_fgl_dn_1: 1.0285 (1.0111)  loss_ddf_dn_1: 0.0036 (0.0035)  loss_mal_dn_2: 0.7568 (0.7643)  loss_bbox_dn_2: 0.3690 (0.3683)  loss_giou_dn_2: 0.8796 (0.9308)  loss_fgl_dn_2: 1.0287 (1.0121)  loss_mal_dn_pre: 0.7676 (0.7656)  loss_bbox_dn_pre: 0.4253 (0.4193)  loss_giou_dn_pre: 0.9689 (1.0235)
Test:  [ 0/13]  eta: 0:00:33    time: 2.6138  data: 2.3973  max mem: 8107
Test:  [10/13]  eta: 0:00:01    time: 0.5780  data: 0.3107  max mem: 8107
Test:  [12/13]  eta: 0:00:00    time: 0.5243  data: 0.2694  max mem: 8107
Test: Total time: 0:00:06 (0.5311 s / it)
Averaged stats: 
Accumulating evaluation results...
COCOeval_opt.accumulate() finished...
DONE (t=0.28s).
IoU metric: bbox
 Average Precision  (AP) @[ IoU=0.50:0.95 | area=   all | maxDets=100 ] = 0.103
 Average Precision  (AP) @[ IoU=0.50      | area=   all | maxDets=100 ] = 0.242
 Average Precision  (AP) @[ IoU=0.75      | area=   all | maxDets=100 ] = 0.073
 Average Precision  (AP) @[ IoU=0.50:0.95 | area= small | maxDets=100 ] = 0.052
 Average Precision  (AP) @[ IoU=0.50:0.95 | area=medium | maxDets=100 ] = 0.074
 Average Precision  (AP) @[ IoU=0.50:0.95 | area= large | maxDets=100 ] = 0.110
 Average Recall     (AR) @[ IoU=0.50:0.95 | area=   all | maxDets=  1 ] = 0.153
 Average Recall     (AR) @[ IoU=0.50:0.95 | area=   all | maxDets= 10 ] = 0.331
 Average Recall     (AR) @[ IoU=0.50:0.95 | area=   all | maxDets=100 ] = 0.427
 Average Recall     (AR) @[ IoU=0.50:0.95 | area= small | maxDets=100 ] = 0.217
 Average Recall     (AR) @[ IoU=0.50:0.95 | area=medium | maxDets=100 ] = 0.364
 Average Recall     (AR) @[ IoU=0.50:0.95 | area= large | maxDets=100 ] = 0.494
 Average Recall     (AR) @[ IoU=0.50      | area=   all | maxDets=100 ] = 0.838
 Average Recall     (AR) @[ IoU=0.75      | area=   all | maxDets=100 ] = 0.380
best_stat: {'epoch': 5, 'coco_eval_bbox': 0.10253913649572535}
Epoch: [6]  [  0/197]  eta: 0:09:27  lr: 0.000140  loss: 27.2047 (27.2047)  loss_mal: 0.9810 (0.9810)  loss_bbox: 0.4626 (0.4626)  loss_giou: 1.0746 (1.0746)  loss_fgl: 0.9310 (0.9310)  loss_mal_aux_0: 1.1514 (1.1514)  loss_bbox_aux_0: 0.4612 (0.4612)  loss_giou_aux_0: 1.0722 (1.0722)  loss_fgl_aux_0: 0.9405 (0.9405)  loss_ddf_aux_0: 0.0301 (0.0301)  loss_mal_aux_1: 1.0117 (1.0117)  loss_bbox_aux_1: 0.4598 (0.4598)  loss_giou_aux_1: 1.0699 (1.0699)  loss_fgl_aux_1: 0.9303 (0.9303)  loss_ddf_aux_1: 0.0017 (0.0017)  loss_mal_pre: 1.1338 (1.1338)  loss_bbox_pre: 0.4621 (0.4621)  loss_giou_pre: 1.0688 (1.0688)  loss_mal_enc_0: 1.1094 (1.1094)  loss_bbox_enc_0: 0.5169 (0.5169)  loss_giou_enc_0: 1.1371 (1.1371)  loss_mal_dn_0: 0.7876 (0.7876)  loss_bbox_dn_0: 0.3451 (0.3451)  loss_giou_dn_0: 0.9195 (0.9195)  loss_fgl_dn_0: 1.0535 (1.0535)  loss_ddf_dn_0: 0.0756 (0.0756)  loss_mal_dn_1: 0.7729 (0.7729)  loss_bbox_dn_1: 0.3124 (0.3124)  loss_giou_dn_1: 0.8387 (0.8387)  loss_fgl_dn_1: 1.0667 (1.0667)  loss_ddf_dn_1: 0.0045 (0.0045)  loss_mal_dn_2: 0.7568 (0.7568)  loss_bbox_dn_2: 0.3124 (0.3124)  loss_giou_dn_2: 0.8415 (0.8415)  loss_fgl_dn_2: 1.0665 (1.0665)  loss_mal_dn_pre: 0.7881 (0.7881)  loss_bbox_dn_pre: 0.3437 (0.3437)  loss_giou_dn_pre: 0.9134 (0.9134)  time: 2.8806  data: 2.0804  max mem: 8107
Epoch: [6]  [196/197]  eta: 0:00:00  lr: 0.000190  loss: 26.9240 (27.6597)  loss_mal: 1.0537 (1.0588)  loss_bbox: 0.3979 (0.4583)  loss_giou: 0.9167 (1.0711)  loss_fgl: 0.9845 (0.9143)  loss_mal_aux_0: 1.1914 (1.1673)  loss_bbox_aux_0: 0.4178 (0.4700)  loss_giou_aux_0: 0.9528 (1.0887)  loss_fgl_aux_0: 0.9886 (0.9219)  loss_ddf_aux_0: 0.0244 (0.0294)  loss_mal_aux_1: 1.0957 (1.0858)  loss_bbox_aux_1: 0.3995 (0.4585)  loss_giou_aux_1: 0.9184 (1.0716)  loss_fgl_aux_1: 0.9864 (0.9143)  loss_ddf_aux_1: 0.0012 (0.0015)  loss_mal_pre: 1.1816 (1.1455)  loss_bbox_pre: 0.4216 (0.4717)  loss_giou_pre: 0.9556 (1.0876)  loss_mal_enc_0: 1.1885 (1.1528)  loss_bbox_enc_0: 0.4802 (0.5152)  loss_giou_enc_0: 1.0237 (1.1404)  loss_mal_dn_0: 0.7749 (0.7739)  loss_bbox_dn_0: 0.3726 (0.3936)  loss_giou_dn_0: 0.9051 (0.9786)  loss_fgl_dn_0: 1.0510 (1.0195)  loss_ddf_dn_0: 0.0805 (0.0825)  loss_mal_dn_1: 0.7656 (0.7688)  loss_bbox_dn_1: 0.3126 (0.3421)  loss_giou_dn_1: 0.7935 (0.8826)  loss_fgl_dn_1: 1.0582 (1.0330)  loss_ddf_dn_1: 0.0043 (0.0045)  loss_mal_dn_2: 0.7549 (0.7596)  loss_bbox_dn_2: 0.3091 (0.3402)  loss_giou_dn_2: 0.7886 (0.8784)  loss_fgl_dn_2: 1.0597 (1.0343)  loss_mal_dn_pre: 0.7720 (0.7713)  loss_bbox_dn_pre: 0.3756 (0.3945)  loss_giou_dn_pre: 0.9050 (0.9774)  time: 0.4910  data: 0.0558  max mem: 8121
Epoch: [6] Total time: 0:01:47 (0.5432 s / it)
Averaged stats: lr: 0.000190  loss: 26.9240 (27.6597)  loss_mal: 1.0537 (1.0588)  loss_bbox: 0.3979 (0.4583)  loss_giou: 0.9167 (1.0711)  loss_fgl: 0.9845 (0.9143)  loss_mal_aux_0: 1.1914 (1.1673)  loss_bbox_aux_0: 0.4178 (0.4700)  loss_giou_aux_0: 0.9528 (1.0887)  loss_fgl_aux_0: 0.9886 (0.9219)  loss_ddf_aux_0: 0.0244 (0.0294)  loss_mal_aux_1: 1.0957 (1.0858)  loss_bbox_aux_1: 0.3995 (0.4585)  loss_giou_aux_1: 0.9184 (1.0716)  loss_fgl_aux_1: 0.9864 (0.9143)  loss_ddf_aux_1: 0.0012 (0.0015)  loss_mal_pre: 1.1816 (1.1455)  loss_bbox_pre: 0.4216 (0.4717)  loss_giou_pre: 0.9556 (1.0876)  loss_mal_enc_0: 1.1885 (1.1528)  loss_bbox_enc_0: 0.4802 (0.5152)  loss_giou_enc_0: 1.0237 (1.1404)  loss_mal_dn_0: 0.7749 (0.7739)  loss_bbox_dn_0: 0.3726 (0.3936)  loss_giou_dn_0: 0.9051 (0.9786)  loss_fgl_dn_0: 1.0510 (1.0195)  loss_ddf_dn_0: 0.0805 (0.0825)  loss_mal_dn_1: 0.7656 (0.7688)  loss_bbox_dn_1: 0.3126 (0.3421)  loss_giou_dn_1: 0.7935 (0.8826)  loss_fgl_dn_1: 1.0582 (1.0330)  loss_ddf_dn_1: 0.0043 (0.0045)  loss_mal_dn_2: 0.7549 (0.7596)  loss_bbox_dn_2: 0.3091 (0.3402)  loss_giou_dn_2: 0.7886 (0.8784)  loss_fgl_dn_2: 1.0597 (1.0343)  loss_mal_dn_pre: 0.7720 (0.7713)  loss_bbox_dn_pre: 0.3756 (0.3945)  loss_giou_dn_pre: 0.9050 (0.9774)
Test:  [ 0/13]  eta: 0:00:34    time: 2.6678  data: 2.1934  max mem: 8121
Test:  [10/13]  eta: 0:00:01    time: 0.6075  data: 0.3303  max mem: 8121
Test:  [12/13]  eta: 0:00:00    time: 0.5488  data: 0.2858  max mem: 8121
Test: Total time: 0:00:07 (0.5561 s / it)
Averaged stats: 
Accumulating evaluation results...
COCOeval_opt.accumulate() finished...
DONE (t=0.31s).
IoU metric: bbox
 Average Precision  (AP) @[ IoU=0.50:0.95 | area=   all | maxDets=100 ] = 0.124
 Average Precision  (AP) @[ IoU=0.50      | area=   all | maxDets=100 ] = 0.291
 Average Precision  (AP) @[ IoU=0.75      | area=   all | maxDets=100 ] = 0.090
 Average Precision  (AP) @[ IoU=0.50:0.95 | area= small | maxDets=100 ] = 0.045
 Average Precision  (AP) @[ IoU=0.50:0.95 | area=medium | maxDets=100 ] = 0.090
 Average Precision  (AP) @[ IoU=0.50:0.95 | area= large | maxDets=100 ] = 0.127
 Average Recall     (AR) @[ IoU=0.50:0.95 | area=   all | maxDets=  1 ] = 0.172
 Average Recall     (AR) @[ IoU=0.50:0.95 | area=   all | maxDets= 10 ] = 0.341
 Average Recall     (AR) @[ IoU=0.50:0.95 | area=   all | maxDets=100 ] = 0.440
 Average Recall     (AR) @[ IoU=0.50:0.95 | area= small | maxDets=100 ] = 0.203
 Average Recall     (AR) @[ IoU=0.50:0.95 | area=medium | maxDets=100 ] = 0.382
 Average Recall     (AR) @[ IoU=0.50:0.95 | area= large | maxDets=100 ] = 0.547
 Average Recall     (AR) @[ IoU=0.50      | area=   all | maxDets=100 ] = 0.845
 Average Recall     (AR) @[ IoU=0.75      | area=   all | maxDets=100 ] = 0.405
best_stat: {'epoch': 6, 'coco_eval_bbox': 0.12372330719097419}
Epoch: [7]  [  0/197]  eta: 0:10:02  lr: 0.000190  loss: 27.5042 (27.5042)  loss_mal: 1.1523 (1.1523)  loss_bbox: 0.4147 (0.4147)  loss_giou: 0.9499 (0.9499)  loss_fgl: 1.0046 (1.0046)  loss_mal_aux_0: 1.3047 (1.3047)  loss_bbox_aux_0: 0.4277 (0.4277)  loss_giou_aux_0: 0.9843 (0.9843)  loss_fgl_aux_0: 1.0040 (1.0040)  loss_ddf_aux_0: 0.0348 (0.0348)  loss_mal_aux_1: 1.1514 (1.1514)  loss_bbox_aux_1: 0.4142 (0.4142)  loss_giou_aux_1: 0.9493 (0.9493)  loss_fgl_aux_1: 1.0054 (1.0054)  loss_ddf_aux_1: 0.0014 (0.0014)  loss_mal_pre: 1.2715 (1.2715)  loss_bbox_pre: 0.4301 (0.4301)  loss_giou_pre: 0.9859 (0.9859)  loss_mal_enc_0: 1.1992 (1.1992)  loss_bbox_enc_0: 0.4727 (0.4727)  loss_giou_enc_0: 1.0505 (1.0505)  loss_mal_dn_0: 0.8105 (0.8105)  loss_bbox_dn_0: 0.3725 (0.3725)  loss_giou_dn_0: 0.9160 (0.9160)  loss_fgl_dn_0: 1.0492 (1.0492)  loss_ddf_dn_0: 0.0881 (0.0881)  loss_mal_dn_1: 0.7837 (0.7837)  loss_bbox_dn_1: 0.3243 (0.3243)  loss_giou_dn_1: 0.8165 (0.8165)  loss_fgl_dn_1: 1.0606 (1.0606)  loss_ddf_dn_1: 0.0039 (0.0039)  loss_mal_dn_2: 0.7817 (0.7817)  loss_bbox_dn_2: 0.3205 (0.3205)  loss_giou_dn_2: 0.8133 (0.8133)  loss_fgl_dn_2: 1.0595 (1.0595)  loss_mal_dn_pre: 0.8066 (0.8066)  loss_bbox_dn_pre: 0.3731 (0.3731)  loss_giou_dn_pre: 0.9155 (0.9155)  time: 3.0604  data: 2.4704  max mem: 8121
Epoch: [7]  [196/197]  eta: 0:00:00  lr: 0.000248  loss: 27.5001 (27.2932)  loss_mal: 1.0166 (1.0551)  loss_bbox: 0.4901 (0.4385)  loss_giou: 0.9855 (1.0312)  loss_fgl: 0.9050 (0.9300)  loss_mal_aux_0: 1.1074 (1.1607)  loss_bbox_aux_0: 0.5024 (0.4505)  loss_giou_aux_0: 1.0020 (1.0497)  loss_fgl_aux_0: 0.9146 (0.9385)  loss_ddf_aux_0: 0.0226 (0.0296)  loss_mal_aux_1: 1.0498 (1.0812)  loss_bbox_aux_1: 0.4867 (0.4388)  loss_giou_aux_1: 0.9869 (1.0322)  loss_fgl_aux_1: 0.9052 (0.9299)  loss_ddf_aux_1: 0.0011 (0.0018)  loss_mal_pre: 1.0967 (1.1491)  loss_bbox_pre: 0.5061 (0.4520)  loss_giou_pre: 1.0042 (1.0487)  loss_mal_enc_0: 1.1211 (1.1547)  loss_bbox_enc_0: 0.5310 (0.4951)  loss_giou_enc_0: 1.0713 (1.1028)  loss_mal_dn_0: 0.7690 (0.7719)  loss_bbox_dn_0: 0.3939 (0.3895)  loss_giou_dn_0: 0.9581 (0.9552)  loss_fgl_dn_0: 1.0132 (1.0278)  loss_ddf_dn_0: 0.0748 (0.0899)  loss_mal_dn_1: 0.7593 (0.7636)  loss_bbox_dn_1: 0.3496 (0.3343)  loss_giou_dn_1: 0.8704 (0.8542)  loss_fgl_dn_1: 1.0353 (1.0401)  loss_ddf_dn_1: 0.0033 (0.0057)  loss_mal_dn_2: 0.7515 (0.7550)  loss_bbox_dn_2: 0.3503 (0.3309)  loss_giou_dn_2: 0.8748 (0.8482)  loss_fgl_dn_2: 1.0369 (1.0417)  loss_mal_dn_pre: 0.7681 (0.7704)  loss_bbox_dn_pre: 0.3941 (0.3904)  loss_giou_dn_pre: 0.9566 (0.9541)  time: 0.4849  data: 0.0472  max mem: 8121
Epoch: [7] Total time: 0:01:44 (0.5313 s / it)
Averaged stats: lr: 0.000248  loss: 27.5001 (27.2932)  loss_mal: 1.0166 (1.0551)  loss_bbox: 0.4901 (0.4385)  loss_giou: 0.9855 (1.0312)  loss_fgl: 0.9050 (0.9300)  loss_mal_aux_0: 1.1074 (1.1607)  loss_bbox_aux_0: 0.5024 (0.4505)  loss_giou_aux_0: 1.0020 (1.0497)  loss_fgl_aux_0: 0.9146 (0.9385)  loss_ddf_aux_0: 0.0226 (0.0296)  loss_mal_aux_1: 1.0498 (1.0812)  loss_bbox_aux_1: 0.4867 (0.4388)  loss_giou_aux_1: 0.9869 (1.0322)  loss_fgl_aux_1: 0.9052 (0.9299)  loss_ddf_aux_1: 0.0011 (0.0018)  loss_mal_pre: 1.0967 (1.1491)  loss_bbox_pre: 0.5061 (0.4520)  loss_giou_pre: 1.0042 (1.0487)  loss_mal_enc_0: 1.1211 (1.1547)  loss_bbox_enc_0: 0.5310 (0.4951)  loss_giou_enc_0: 1.0713 (1.1028)  loss_mal_dn_0: 0.7690 (0.7719)  loss_bbox_dn_0: 0.3939 (0.3895)  loss_giou_dn_0: 0.9581 (0.9552)  loss_fgl_dn_0: 1.0132 (1.0278)  loss_ddf_dn_0: 0.0748 (0.0899)  loss_mal_dn_1: 0.7593 (0.7636)  loss_bbox_dn_1: 0.3496 (0.3343)  loss_giou_dn_1: 0.8704 (0.8542)  loss_fgl_dn_1: 1.0353 (1.0401)  loss_ddf_dn_1: 0.0033 (0.0057)  loss_mal_dn_2: 0.7515 (0.7550)  loss_bbox_dn_2: 0.3503 (0.3309)  loss_giou_dn_2: 0.8748 (0.8482)  loss_fgl_dn_2: 1.0369 (1.0417)  loss_mal_dn_pre: 0.7681 (0.7704)  loss_bbox_dn_pre: 0.3941 (0.3904)  loss_giou_dn_pre: 0.9566 (0.9541)
Test:  [ 0/13]  eta: 0:00:38    time: 2.9723  data: 2.6034  max mem: 8121
Test:  [10/13]  eta: 0:00:01    time: 0.5869  data: 0.3208  max mem: 8121
Test:  [12/13]  eta: 0:00:00    time: 0.5245  data: 0.2777  max mem: 8121
Test: Total time: 0:00:06 (0.5316 s / it)
Averaged stats: 
Accumulating evaluation results...
COCOeval_opt.accumulate() finished...
DONE (t=0.30s).
IoU metric: bbox
 Average Precision  (AP) @[ IoU=0.50:0.95 | area=   all | maxDets=100 ] = 0.149
 Average Precision  (AP) @[ IoU=0.50      | area=   all | maxDets=100 ] = 0.338
 Average Precision  (AP) @[ IoU=0.75      | area=   all | maxDets=100 ] = 0.107
 Average Precision  (AP) @[ IoU=0.50:0.95 | area= small | maxDets=100 ] = 0.056
 Average Precision  (AP) @[ IoU=0.50:0.95 | area=medium | maxDets=100 ] = 0.105
 Average Precision  (AP) @[ IoU=0.50:0.95 | area= large | maxDets=100 ] = 0.157
 Average Recall     (AR) @[ IoU=0.50:0.95 | area=   all | maxDets=  1 ] = 0.179
 Average Recall     (AR) @[ IoU=0.50:0.95 | area=   all | maxDets= 10 ] = 0.360
 Average Recall     (AR) @[ IoU=0.50:0.95 | area=   all | maxDets=100 ] = 0.455
 Average Recall     (AR) @[ IoU=0.50:0.95 | area= small | maxDets=100 ] = 0.224
 Average Recall     (AR) @[ IoU=0.50:0.95 | area=medium | maxDets=100 ] = 0.407
 Average Recall     (AR) @[ IoU=0.50:0.95 | area= large | maxDets=100 ] = 0.530
 Average Recall     (AR) @[ IoU=0.50      | area=   all | maxDets=100 ] = 0.865
 Average Recall     (AR) @[ IoU=0.75      | area=   all | maxDets=100 ] = 0.425
best_stat: {'epoch': 7, 'coco_eval_bbox': 0.14917459879176348}
Epoch: [8]  [  0/197]  eta: 0:10:53  lr: 0.000248  loss: 27.0393 (27.0393)  loss_mal: 0.9282 (0.9282)  loss_bbox: 0.4471 (0.4471)  loss_giou: 1.2092 (1.2092)  loss_fgl: 0.8549 (0.8549)  loss_mal_aux_0: 0.9951 (0.9951)  loss_bbox_aux_0: 0.4564 (0.4564)  loss_giou_aux_0: 1.2257 (1.2257)  loss_fgl_aux_0: 0.8601 (0.8601)  loss_ddf_aux_0: 0.0175 (0.0175)  loss_mal_aux_1: 0.9316 (0.9316)  loss_bbox_aux_1: 0.4461 (0.4461)  loss_giou_aux_1: 1.2131 (1.2131)  loss_fgl_aux_1: 0.8543 (0.8543)  loss_ddf_aux_1: 0.0007 (0.0007)  loss_mal_pre: 0.9795 (0.9795)  loss_bbox_pre: 0.4626 (0.4626)  loss_giou_pre: 1.2257 (1.2257)  loss_mal_enc_0: 0.9697 (0.9697)  loss_bbox_enc_0: 0.4990 (0.4990)  loss_giou_enc_0: 1.2666 (1.2666)  loss_mal_dn_0: 0.7510 (0.7510)  loss_bbox_dn_0: 0.3508 (0.3508)  loss_giou_dn_0: 1.0062 (1.0062)  loss_fgl_dn_0: 0.9957 (0.9957)  loss_ddf_dn_0: 0.0753 (0.0753)  loss_mal_dn_1: 0.7393 (0.7393)  loss_bbox_dn_1: 0.2980 (0.2980)  loss_giou_dn_1: 0.9118 (0.9118)  loss_fgl_dn_1: 1.0091 (1.0091)  loss_ddf_dn_1: 0.0026 (0.0026)  loss_mal_dn_2: 0.7329 (0.7329)  loss_bbox_dn_2: 0.2969 (0.2969)  loss_giou_dn_2: 0.9071 (0.9071)  loss_fgl_dn_2: 1.0114 (1.0114)  loss_mal_dn_pre: 0.7490 (0.7490)  loss_bbox_dn_pre: 0.3530 (0.3530)  loss_giou_dn_pre: 1.0061 (1.0061)  time: 3.3178  data: 2.6808  max mem: 8121
Epoch: [8]  [196/197]  eta: 0:00:00  lr: 0.000314  loss: 26.8769 (27.0690)  loss_mal: 0.9990 (1.0494)  loss_bbox: 0.4342 (0.4244)  loss_giou: 1.1838 (1.0269)  loss_fgl: 0.8624 (0.9358)  loss_mal_aux_0: 1.0322 (1.1269)  loss_bbox_aux_0: 0.4517 (0.4353)  loss_giou_aux_0: 1.1882 (1.0455)  loss_fgl_aux_0: 0.8589 (0.9444)  loss_ddf_aux_0: 0.0330 (0.0318)  loss_mal_aux_1: 1.0283 (1.0688)  loss_bbox_aux_1: 0.4349 (0.4245)  loss_giou_aux_1: 1.1859 (1.0277)  loss_fgl_aux_1: 0.8593 (0.9358)  loss_ddf_aux_1: 0.0020 (0.0017)  loss_mal_pre: 1.0205 (1.1206)  loss_bbox_pre: 0.4538 (0.4363)  loss_giou_pre: 1.1848 (1.0444)  loss_mal_enc_0: 1.0312 (1.1391)  loss_bbox_enc_0: 0.4791 (0.4718)  loss_giou_enc_0: 1.2149 (1.0932)  loss_mal_dn_0: 0.7554 (0.7675)  loss_bbox_dn_0: 0.3795 (0.3808)  loss_giou_dn_0: 1.0274 (0.9533)  loss_fgl_dn_0: 0.9939 (1.0313)  loss_ddf_dn_0: 0.1011 (0.0908)  loss_mal_dn_1: 0.7539 (0.7600)  loss_bbox_dn_1: 0.3303 (0.3281)  loss_giou_dn_1: 0.9430 (0.8548)  loss_fgl_dn_1: 1.0118 (1.0424)  loss_ddf_dn_1: 0.0068 (0.0055)  loss_mal_dn_2: 0.7500 (0.7515)  loss_bbox_dn_2: 0.3299 (0.3257)  loss_giou_dn_2: 0.9424 (0.8494)  loss_fgl_dn_2: 1.0115 (1.0435)  loss_mal_dn_pre: 0.7534 (0.7666)  loss_bbox_dn_pre: 0.3796 (0.3814)  loss_giou_dn_pre: 1.0275 (0.9521)  time: 0.4758  data: 0.0474  max mem: 8121
Epoch: [8] Total time: 0:01:43 (0.5268 s / it)
Averaged stats: lr: 0.000314  loss: 26.8769 (27.0690)  loss_mal: 0.9990 (1.0494)  loss_bbox: 0.4342 (0.4244)  loss_giou: 1.1838 (1.0269)  loss_fgl: 0.8624 (0.9358)  loss_mal_aux_0: 1.0322 (1.1269)  loss_bbox_aux_0: 0.4517 (0.4353)  loss_giou_aux_0: 1.1882 (1.0455)  loss_fgl_aux_0: 0.8589 (0.9444)  loss_ddf_aux_0: 0.0330 (0.0318)  loss_mal_aux_1: 1.0283 (1.0688)  loss_bbox_aux_1: 0.4349 (0.4245)  loss_giou_aux_1: 1.1859 (1.0277)  loss_fgl_aux_1: 0.8593 (0.9358)  loss_ddf_aux_1: 0.0020 (0.0017)  loss_mal_pre: 1.0205 (1.1206)  loss_bbox_pre: 0.4538 (0.4363)  loss_giou_pre: 1.1848 (1.0444)  loss_mal_enc_0: 1.0312 (1.1391)  loss_bbox_enc_0: 0.4791 (0.4718)  loss_giou_enc_0: 1.2149 (1.0932)  loss_mal_dn_0: 0.7554 (0.7675)  loss_bbox_dn_0: 0.3795 (0.3808)  loss_giou_dn_0: 1.0274 (0.9533)  loss_fgl_dn_0: 0.9939 (1.0313)  loss_ddf_dn_0: 0.1011 (0.0908)  loss_mal_dn_1: 0.7539 (0.7600)  loss_bbox_dn_1: 0.3303 (0.3281)  loss_giou_dn_1: 0.9430 (0.8548)  loss_fgl_dn_1: 1.0118 (1.0424)  loss_ddf_dn_1: 0.0068 (0.0055)  loss_mal_dn_2: 0.7500 (0.7515)  loss_bbox_dn_2: 0.3299 (0.3257)  loss_giou_dn_2: 0.9424 (0.8494)  loss_fgl_dn_2: 1.0115 (1.0435)  loss_mal_dn_pre: 0.7534 (0.7666)  loss_bbox_dn_pre: 0.3796 (0.3814)  loss_giou_dn_pre: 1.0275 (0.9521)
Test:  [ 0/13]  eta: 0:00:41    time: 3.2262  data: 2.8525  max mem: 8121
Test:  [10/13]  eta: 0:00:01    time: 0.6111  data: 0.3419  max mem: 8121
Test:  [12/13]  eta: 0:00:00    time: 0.5453  data: 0.2960  max mem: 8121
Test: Total time: 0:00:07 (0.5521 s / it)
Averaged stats: 
Accumulating evaluation results...
COCOeval_opt.accumulate() finished...
DONE (t=0.32s).
IoU metric: bbox
 Average Precision  (AP) @[ IoU=0.50:0.95 | area=   all | maxDets=100 ] = 0.152
 Average Precision  (AP) @[ IoU=0.50      | area=   all | maxDets=100 ] = 0.355
 Average Precision  (AP) @[ IoU=0.75      | area=   all | maxDets=100 ] = 0.108
 Average Precision  (AP) @[ IoU=0.50:0.95 | area= small | maxDets=100 ] = 0.057
 Average Precision  (AP) @[ IoU=0.50:0.95 | area=medium | maxDets=100 ] = 0.104
 Average Precision  (AP) @[ IoU=0.50:0.95 | area= large | maxDets=100 ] = 0.166
 Average Recall     (AR) @[ IoU=0.50:0.95 | area=   all | maxDets=  1 ] = 0.186
 Average Recall     (AR) @[ IoU=0.50:0.95 | area=   all | maxDets= 10 ] = 0.348
 Average Recall     (AR) @[ IoU=0.50:0.95 | area=   all | maxDets=100 ] = 0.432
 Average Recall     (AR) @[ IoU=0.50:0.95 | area= small | maxDets=100 ] = 0.195
 Average Recall     (AR) @[ IoU=0.50:0.95 | area=medium | maxDets=100 ] = 0.383
 Average Recall     (AR) @[ IoU=0.50:0.95 | area= large | maxDets=100 ] = 0.525
 Average Recall     (AR) @[ IoU=0.50      | area=   all | maxDets=100 ] = 0.856
 Average Recall     (AR) @[ IoU=0.75      | area=   all | maxDets=100 ] = 0.382
best_stat: {'epoch': 8, 'coco_eval_bbox': 0.1521634571884015}
Epoch: [9]  [  0/197]  eta: 0:08:49  lr: 0.000314  loss: 26.6051 (26.6051)  loss_mal: 1.1738 (1.1738)  loss_bbox: 0.3261 (0.3261)  loss_giou: 0.8695 (0.8695)  loss_fgl: 1.0422 (1.0422)  loss_mal_aux_0: 1.3311 (1.3311)  loss_bbox_aux_0: 0.3428 (0.3428)  loss_giou_aux_0: 0.9086 (0.9086)  loss_fgl_aux_0: 1.0483 (1.0483)  loss_ddf_aux_0: 0.0464 (0.0464)  loss_mal_aux_1: 1.2383 (1.2383)  loss_bbox_aux_1: 0.3301 (0.3301)  loss_giou_aux_1: 0.8764 (0.8764)  loss_fgl_aux_1: 1.0392 (1.0392)  loss_ddf_aux_1: 0.0026 (0.0026)  loss_mal_pre: 1.3262 (1.3262)  loss_bbox_pre: 0.3348 (0.3348)  loss_giou_pre: 0.8981 (0.8981)  loss_mal_enc_0: 1.3496 (1.3496)  loss_bbox_enc_0: 0.3269 (0.3269)  loss_giou_enc_0: 0.9017 (0.9017)  loss_mal_dn_0: 0.8027 (0.8027)  loss_bbox_dn_0: 0.3295 (0.3295)  loss_giou_dn_0: 0.8921 (0.8921)  loss_fgl_dn_0: 1.0502 (1.0502)  loss_ddf_dn_0: 0.0992 (0.0992)  loss_mal_dn_1: 0.7842 (0.7842)  loss_bbox_dn_1: 0.2611 (0.2611)  loss_giou_dn_1: 0.7529 (0.7529)  loss_fgl_dn_1: 1.0760 (1.0760)  loss_ddf_dn_1: 0.0070 (0.0070)  loss_mal_dn_2: 0.7632 (0.7632)  loss_bbox_dn_2: 0.2504 (0.2504)  loss_giou_dn_2: 0.7347 (0.7347)  loss_fgl_dn_2: 1.0804 (1.0804)  loss_mal_dn_pre: 0.8003 (0.8003)  loss_bbox_dn_pre: 0.3240 (0.3240)  loss_giou_dn_pre: 0.8844 (0.8844)  time: 2.6870  data: 2.1159  max mem: 8121
Epoch: [9]  [196/197]  eta: 0:00:00  lr: 0.000388  loss: 26.2540 (26.6719)  loss_mal: 1.0361 (1.0479)  loss_bbox: 0.3624 (0.4056)  loss_giou: 0.9469 (1.0138)  loss_fgl: 0.9801 (0.9481)  loss_mal_aux_0: 1.1074 (1.0970)  loss_bbox_aux_0: 0.3687 (0.4118)  loss_giou_aux_0: 0.9523 (1.0278)  loss_fgl_aux_0: 0.9868 (0.9535)  loss_ddf_aux_0: 0.0187 (0.0237)  loss_mal_aux_1: 1.0781 (1.0611)  loss_bbox_aux_1: 0.3642 (0.4059)  loss_giou_aux_1: 0.9500 (1.0145)  loss_fgl_aux_1: 0.9821 (0.9478)  loss_ddf_aux_1: 0.0012 (0.0017)  loss_mal_pre: 1.1055 (1.0932)  loss_bbox_pre: 0.3693 (0.4123)  loss_giou_pre: 0.9510 (1.0267)  loss_mal_enc_0: 1.1465 (1.1180)  loss_bbox_enc_0: 0.3882 (0.4291)  loss_giou_enc_0: 0.9937 (1.0605)  loss_mal_dn_0: 0.7754 (0.7680)  loss_bbox_dn_0: 0.3446 (0.3705)  loss_giou_dn_0: 0.8443 (0.9295)  loss_fgl_dn_0: 1.0658 (1.0406)  loss_ddf_dn_0: 0.0791 (0.0881)  loss_mal_dn_1: 0.7598 (0.7572)  loss_bbox_dn_1: 0.2957 (0.3189)  loss_giou_dn_1: 0.7463 (0.8322)  loss_fgl_dn_1: 1.0644 (1.0504)  loss_ddf_dn_1: 0.0057 (0.0057)  loss_mal_dn_2: 0.7554 (0.7506)  loss_bbox_dn_2: 0.2919 (0.3157)  loss_giou_dn_2: 0.7366 (0.8260)  loss_fgl_dn_2: 1.0626 (1.0520)  loss_mal_dn_pre: 0.7739 (0.7674)  loss_bbox_dn_pre: 0.3443 (0.3712)  loss_giou_dn_pre: 0.8444 (0.9280)  time: 0.4958  data: 0.0564  max mem: 8121
Epoch: [9] Total time: 0:01:48 (0.5485 s / it)
Averaged stats: lr: 0.000388  loss: 26.2540 (26.6719)  loss_mal: 1.0361 (1.0479)  loss_bbox: 0.3624 (0.4056)  loss_giou: 0.9469 (1.0138)  loss_fgl: 0.9801 (0.9481)  loss_mal_aux_0: 1.1074 (1.0970)  loss_bbox_aux_0: 0.3687 (0.4118)  loss_giou_aux_0: 0.9523 (1.0278)  loss_fgl_aux_0: 0.9868 (0.9535)  loss_ddf_aux_0: 0.0187 (0.0237)  loss_mal_aux_1: 1.0781 (1.0611)  loss_bbox_aux_1: 0.3642 (0.4059)  loss_giou_aux_1: 0.9500 (1.0145)  loss_fgl_aux_1: 0.9821 (0.9478)  loss_ddf_aux_1: 0.0012 (0.0017)  loss_mal_pre: 1.1055 (1.0932)  loss_bbox_pre: 0.3693 (0.4123)  loss_giou_pre: 0.9510 (1.0267)  loss_mal_enc_0: 1.1465 (1.1180)  loss_bbox_enc_0: 0.3882 (0.4291)  loss_giou_enc_0: 0.9937 (1.0605)  loss_mal_dn_0: 0.7754 (0.7680)  loss_bbox_dn_0: 0.3446 (0.3705)  loss_giou_dn_0: 0.8443 (0.9295)  loss_fgl_dn_0: 1.0658 (1.0406)  loss_ddf_dn_0: 0.0791 (0.0881)  loss_mal_dn_1: 0.7598 (0.7572)  loss_bbox_dn_1: 0.2957 (0.3189)  loss_giou_dn_1: 0.7463 (0.8322)  loss_fgl_dn_1: 1.0644 (1.0504)  loss_ddf_dn_1: 0.0057 (0.0057)  loss_mal_dn_2: 0.7554 (0.7506)  loss_bbox_dn_2: 0.2919 (0.3157)  loss_giou_dn_2: 0.7366 (0.8260)  loss_fgl_dn_2: 1.0626 (1.0520)  loss_mal_dn_pre: 0.7739 (0.7674)  loss_bbox_dn_pre: 0.3443 (0.3712)  loss_giou_dn_pre: 0.8444 (0.9280)
Test:  [ 0/13]  eta: 0:00:36    time: 2.7899  data: 2.4098  max mem: 8121
Test:  [10/13]  eta: 0:00:01    time: 0.5862  data: 0.3165  max mem: 8121
Test:  [12/13]  eta: 0:00:00    time: 0.5252  data: 0.2746  max mem: 8121
Test: Total time: 0:00:06 (0.5319 s / it)
Averaged stats: 
Accumulating evaluation results...
COCOeval_opt.accumulate() finished...
DONE (t=0.30s).
IoU metric: bbox
 Average Precision  (AP) @[ IoU=0.50:0.95 | area=   all | maxDets=100 ] = 0.156
 Average Precision  (AP) @[ IoU=0.50      | area=   all | maxDets=100 ] = 0.359
 Average Precision  (AP) @[ IoU=0.75      | area=   all | maxDets=100 ] = 0.112
 Average Precision  (AP) @[ IoU=0.50:0.95 | area= small | maxDets=100 ] = 0.063
 Average Precision  (AP) @[ IoU=0.50:0.95 | area=medium | maxDets=100 ] = 0.121
 Average Precision  (AP) @[ IoU=0.50:0.95 | area= large | maxDets=100 ] = 0.169
 Average Recall     (AR) @[ IoU=0.50:0.95 | area=   all | maxDets=  1 ] = 0.190
 Average Recall     (AR) @[ IoU=0.50:0.95 | area=   all | maxDets= 10 ] = 0.382
 Average Recall     (AR) @[ IoU=0.50:0.95 | area=   all | maxDets=100 ] = 0.460
 Average Recall     (AR) @[ IoU=0.50:0.95 | area= small | maxDets=100 ] = 0.247
 Average Recall     (AR) @[ IoU=0.50:0.95 | area=medium | maxDets=100 ] = 0.420
 Average Recall     (AR) @[ IoU=0.50:0.95 | area= large | maxDets=100 ] = 0.521
 Average Recall     (AR) @[ IoU=0.50      | area=   all | maxDets=100 ] = 0.884
 Average Recall     (AR) @[ IoU=0.75      | area=   all | maxDets=100 ] = 0.428
best_stat: {'epoch': 9, 'coco_eval_bbox': 0.15641574528272026}
Epoch: [10]  [  0/197]  eta: 0:10:18  lr: 0.000388  loss: 27.0180 (27.0180)  loss_mal: 1.0566 (1.0566)  loss_bbox: 0.4587 (0.4587)  loss_giou: 1.0257 (1.0257)  loss_fgl: 0.9336 (0.9336)  loss_mal_aux_0: 1.0928 (1.0928)  loss_bbox_aux_0: 0.4616 (0.4616)  loss_giou_aux_0: 1.0463 (1.0463)  loss_fgl_aux_0: 0.9349 (0.9349)  loss_ddf_aux_0: 0.0166 (0.0166)  loss_mal_aux_1: 1.0596 (1.0596)  loss_bbox_aux_1: 0.4589 (0.4589)  loss_giou_aux_1: 1.0278 (1.0278)  loss_fgl_aux_1: 0.9324 (0.9324)  loss_ddf_aux_1: 0.0011 (0.0011)  loss_mal_pre: 1.0928 (1.0928)  loss_bbox_pre: 0.4641 (0.4641)  loss_giou_pre: 1.0427 (1.0427)  loss_mal_enc_0: 1.0684 (1.0684)  loss_bbox_enc_0: 0.4821 (0.4821)  loss_giou_enc_0: 1.0720 (1.0720)  loss_mal_dn_0: 0.7466 (0.7466)  loss_bbox_dn_0: 0.4281 (0.4281)  loss_giou_dn_0: 0.9518 (0.9518)  loss_fgl_dn_0: 1.0262 (1.0262)  loss_ddf_dn_0: 0.0648 (0.0648)  loss_mal_dn_1: 0.7397 (0.7397)  loss_bbox_dn_1: 0.3630 (0.3630)  loss_giou_dn_1: 0.8367 (0.8367)  loss_fgl_dn_1: 1.0412 (1.0412)  loss_ddf_dn_1: 0.0053 (0.0053)  loss_mal_dn_2: 0.7373 (0.7373)  loss_bbox_dn_2: 0.3555 (0.3555)  loss_giou_dn_2: 0.8264 (0.8264)  loss_fgl_dn_2: 1.0424 (1.0424)  loss_mal_dn_pre: 0.7476 (0.7476)  loss_bbox_dn_pre: 0.4281 (0.4281)  loss_giou_dn_pre: 0.9488 (0.9488)  time: 3.1400  data: 2.6072  max mem: 8121
Epoch: [10]  [196/197]  eta: 0:00:00  lr: 0.000400  loss: 25.5846 (26.4923)  loss_mal: 1.0596 (1.0631)  loss_bbox: 0.3274 (0.3903)  loss_giou: 0.8693 (0.9869)  loss_fgl: 1.0029 (0.9623)  loss_mal_aux_0: 1.1045 (1.1101)  loss_bbox_aux_0: 0.3284 (0.3965)  loss_giou_aux_0: 0.8797 (1.0011)  loss_fgl_aux_0: 1.0137 (0.9688)  loss_ddf_aux_0: 0.0210 (0.0235)  loss_mal_aux_1: 1.0840 (1.0790)  loss_bbox_aux_1: 0.3255 (0.3907)  loss_giou_aux_1: 0.8701 (0.9879)  loss_fgl_aux_1: 1.0038 (0.9619)  loss_ddf_aux_1: 0.0016 (0.0017)  loss_mal_pre: 1.1025 (1.1070)  loss_bbox_pre: 0.3290 (0.3972)  loss_giou_pre: 0.8761 (0.9994)  loss_mal_enc_0: 1.1445 (1.1180)  loss_bbox_enc_0: 0.3458 (0.4114)  loss_giou_enc_0: 0.9289 (1.0302)  loss_mal_dn_0: 0.7700 (0.7677)  loss_bbox_dn_0: 0.3292 (0.3683)  loss_giou_dn_0: 0.8398 (0.9099)  loss_fgl_dn_0: 1.0756 (1.0518)  loss_ddf_dn_0: 0.0838 (0.0927)  loss_mal_dn_1: 0.7515 (0.7536)  loss_bbox_dn_1: 0.2800 (0.3166)  loss_giou_dn_1: 0.7414 (0.8116)  loss_fgl_dn_1: 1.0748 (1.0580)  loss_ddf_dn_1: 0.0053 (0.0063)  loss_mal_dn_2: 0.7427 (0.7472)  loss_bbox_dn_2: 0.2750 (0.3132)  loss_giou_dn_2: 0.7371 (0.8048)  loss_fgl_dn_2: 1.0751 (1.0594)  loss_mal_dn_pre: 0.7695 (0.7673)  loss_bbox_dn_pre: 0.3308 (0.3688)  loss_giou_dn_pre: 0.8395 (0.9083)  time: 0.4700  data: 0.0433  max mem: 8121
Epoch: [10] Total time: 0:01:45 (0.5348 s / it)
Averaged stats: lr: 0.000400  loss: 25.5846 (26.4923)  loss_mal: 1.0596 (1.0631)  loss_bbox: 0.3274 (0.3903)  loss_giou: 0.8693 (0.9869)  loss_fgl: 1.0029 (0.9623)  loss_mal_aux_0: 1.1045 (1.1101)  loss_bbox_aux_0: 0.3284 (0.3965)  loss_giou_aux_0: 0.8797 (1.0011)  loss_fgl_aux_0: 1.0137 (0.9688)  loss_ddf_aux_0: 0.0210 (0.0235)  loss_mal_aux_1: 1.0840 (1.0790)  loss_bbox_aux_1: 0.3255 (0.3907)  loss_giou_aux_1: 0.8701 (0.9879)  loss_fgl_aux_1: 1.0038 (0.9619)  loss_ddf_aux_1: 0.0016 (0.0017)  loss_mal_pre: 1.1025 (1.1070)  loss_bbox_pre: 0.3290 (0.3972)  loss_giou_pre: 0.8761 (0.9994)  loss_mal_enc_0: 1.1445 (1.1180)  loss_bbox_enc_0: 0.3458 (0.4114)  loss_giou_enc_0: 0.9289 (1.0302)  loss_mal_dn_0: 0.7700 (0.7677)  loss_bbox_dn_0: 0.3292 (0.3683)  loss_giou_dn_0: 0.8398 (0.9099)  loss_fgl_dn_0: 1.0756 (1.0518)  loss_ddf_dn_0: 0.0838 (0.0927)  loss_mal_dn_1: 0.7515 (0.7536)  loss_bbox_dn_1: 0.2800 (0.3166)  loss_giou_dn_1: 0.7414 (0.8116)  loss_fgl_dn_1: 1.0748 (1.0580)  loss_ddf_dn_1: 0.0053 (0.0063)  loss_mal_dn_2: 0.7427 (0.7472)  loss_bbox_dn_2: 0.2750 (0.3132)  loss_giou_dn_2: 0.7371 (0.8048)  loss_fgl_dn_2: 1.0751 (1.0594)  loss_mal_dn_pre: 0.7695 (0.7673)  loss_bbox_dn_pre: 0.3308 (0.3688)  loss_giou_dn_pre: 0.8395 (0.9083)
Test:  [ 0/13]  eta: 0:00:35    time: 2.7060  data: 2.3297  max mem: 8121
Test:  [10/13]  eta: 0:00:01    time: 0.5935  data: 0.3147  max mem: 8121
Test:  [12/13]  eta: 0:00:00    time: 0.5378  data: 0.2729  max mem: 8121
Test: Total time: 0:00:07 (0.5450 s / it)
Averaged stats: 
Accumulating evaluation results...
COCOeval_opt.accumulate() finished...
DONE (t=0.32s).
IoU metric: bbox
 Average Precision  (AP) @[ IoU=0.50:0.95 | area=   all | maxDets=100 ] = 0.171
 Average Precision  (AP) @[ IoU=0.50      | area=   all | maxDets=100 ] = 0.395
 Average Precision  (AP) @[ IoU=0.75      | area=   all | maxDets=100 ] = 0.134
 Average Precision  (AP) @[ IoU=0.50:0.95 | area= small | maxDets=100 ] = 0.069
 Average Precision  (AP) @[ IoU=0.50:0.95 | area=medium | maxDets=100 ] = 0.133
 Average Precision  (AP) @[ IoU=0.50:0.95 | area= large | maxDets=100 ] = 0.191
 Average Recall     (AR) @[ IoU=0.50:0.95 | area=   all | maxDets=  1 ] = 0.195
 Average Recall     (AR) @[ IoU=0.50:0.95 | area=   all | maxDets= 10 ] = 0.387
 Average Recall     (AR) @[ IoU=0.50:0.95 | area=   all | maxDets=100 ] = 0.461
 Average Recall     (AR) @[ IoU=0.50:0.95 | area= small | maxDets=100 ] = 0.236
 Average Recall     (AR) @[ IoU=0.50:0.95 | area=medium | maxDets=100 ] = 0.428
 Average Recall     (AR) @[ IoU=0.50:0.95 | area= large | maxDets=100 ] = 0.516
 Average Recall     (AR) @[ IoU=0.50      | area=   all | maxDets=100 ] = 0.889
 Average Recall     (AR) @[ IoU=0.75      | area=   all | maxDets=100 ] = 0.439
best_stat: {'epoch': 10, 'coco_eval_bbox': 0.17143999408732638}
Epoch: [11]  [  0/197]  eta: 0:09:15  lr: 0.000400  loss: 24.9922 (24.9922)  loss_mal: 1.1816 (1.1816)  loss_bbox: 0.2607 (0.2607)  loss_giou: 0.8161 (0.8161)  loss_fgl: 1.0120 (1.0120)  loss_mal_aux_0: 1.1934 (1.1934)  loss_bbox_aux_0: 0.2655 (0.2655)  loss_giou_aux_0: 0.8245 (0.8245)  loss_fgl_aux_0: 1.0266 (1.0266)  loss_ddf_aux_0: 0.0223 (0.0223)  loss_mal_aux_1: 1.1973 (1.1973)  loss_bbox_aux_1: 0.2630 (0.2630)  loss_giou_aux_1: 0.8184 (0.8184)  loss_fgl_aux_1: 1.0141 (1.0141)  loss_ddf_aux_1: 0.0016 (0.0016)  loss_mal_pre: 1.1807 (1.1807)  loss_bbox_pre: 0.2657 (0.2657)  loss_giou_pre: 0.8248 (0.8248)  loss_mal_enc_0: 1.2734 (1.2734)  loss_bbox_enc_0: 0.2834 (0.2834)  loss_giou_enc_0: 0.8623 (0.8623)  loss_mal_dn_0: 0.7930 (0.7930)  loss_bbox_dn_0: 0.2694 (0.2694)  loss_giou_dn_0: 0.7736 (0.7736)  loss_fgl_dn_0: 1.1179 (1.1179)  loss_ddf_dn_0: 0.1125 (0.1125)  loss_mal_dn_1: 0.7563 (0.7563)  loss_bbox_dn_1: 0.2200 (0.2200)  loss_giou_dn_1: 0.6809 (0.6809)  loss_fgl_dn_1: 1.1037 (1.1037)  loss_ddf_dn_1: 0.0065 (0.0065)  loss_mal_dn_2: 0.7441 (0.7441)  loss_bbox_dn_2: 0.2186 (0.2186)  loss_giou_dn_2: 0.6814 (0.6814)  loss_fgl_dn_2: 1.0990 (1.0990)  loss_mal_dn_pre: 0.7920 (0.7920)  loss_bbox_dn_pre: 0.2684 (0.2684)  loss_giou_dn_pre: 0.7674 (0.7674)  time: 2.8203  data: 2.2110  max mem: 8121
Epoch: [11]  [196/197]  eta: 0:00:00  lr: 0.000400  loss: 26.7562 (26.1598)  loss_mal: 1.0684 (1.0635)  loss_bbox: 0.4032 (0.3718)  loss_giou: 1.0548 (0.9655)  loss_fgl: 0.9219 (0.9703)  loss_mal_aux_0: 1.0928 (1.1022)  loss_bbox_aux_0: 0.4119 (0.3775)  loss_giou_aux_0: 1.0660 (0.9793)  loss_fgl_aux_0: 0.9240 (0.9756)  loss_ddf_aux_0: 0.0192 (0.0212)  loss_mal_aux_1: 1.0850 (1.0787)  loss_bbox_aux_1: 0.4055 (0.3719)  loss_giou_aux_1: 1.0535 (0.9659)  loss_fgl_aux_1: 0.9227 (0.9703)  loss_ddf_aux_1: 0.0012 (0.0015)  loss_mal_pre: 1.0986 (1.1007)  loss_bbox_pre: 0.4132 (0.3783)  loss_giou_pre: 1.0596 (0.9776)  loss_mal_enc_0: 1.1104 (1.1182)  loss_bbox_enc_0: 0.4309 (0.3928)  loss_giou_enc_0: 1.0890 (1.0097)  loss_mal_dn_0: 0.7593 (0.7677)  loss_bbox_dn_0: 0.3593 (0.3524)  loss_giou_dn_0: 0.9637 (0.8906)  loss_fgl_dn_0: 1.0189 (1.0567)  loss_ddf_dn_0: 0.0836 (0.0897)  loss_mal_dn_1: 0.7515 (0.7504)  loss_bbox_dn_1: 0.2967 (0.3001)  loss_giou_dn_1: 0.8756 (0.7927)  loss_fgl_dn_1: 1.0330 (1.0623)  loss_ddf_dn_1: 0.0048 (0.0059)  loss_mal_dn_2: 0.7446 (0.7432)  loss_bbox_dn_2: 0.2934 (0.2967)  loss_giou_dn_2: 0.8696 (0.7854)  loss_fgl_dn_2: 1.0347 (1.0639)  loss_mal_dn_pre: 0.7593 (0.7673)  loss_bbox_dn_pre: 0.3618 (0.3532)  loss_giou_dn_pre: 0.9631 (0.8892)  time: 0.4811  data: 0.0498  max mem: 8121
Epoch: [11] Total time: 0:01:46 (0.5391 s / it)
Averaged stats: lr: 0.000400  loss: 26.7562 (26.1598)  loss_mal: 1.0684 (1.0635)  loss_bbox: 0.4032 (0.3718)  loss_giou: 1.0548 (0.9655)  loss_fgl: 0.9219 (0.9703)  loss_mal_aux_0: 1.0928 (1.1022)  loss_bbox_aux_0: 0.4119 (0.3775)  loss_giou_aux_0: 1.0660 (0.9793)  loss_fgl_aux_0: 0.9240 (0.9756)  loss_ddf_aux_0: 0.0192 (0.0212)  loss_mal_aux_1: 1.0850 (1.0787)  loss_bbox_aux_1: 0.4055 (0.3719)  loss_giou_aux_1: 1.0535 (0.9659)  loss_fgl_aux_1: 0.9227 (0.9703)  loss_ddf_aux_1: 0.0012 (0.0015)  loss_mal_pre: 1.0986 (1.1007)  loss_bbox_pre: 0.4132 (0.3783)  loss_giou_pre: 1.0596 (0.9776)  loss_mal_enc_0: 1.1104 (1.1182)  loss_bbox_enc_0: 0.4309 (0.3928)  loss_giou_enc_0: 1.0890 (1.0097)  loss_mal_dn_0: 0.7593 (0.7677)  loss_bbox_dn_0: 0.3593 (0.3524)  loss_giou_dn_0: 0.9637 (0.8906)  loss_fgl_dn_0: 1.0189 (1.0567)  loss_ddf_dn_0: 0.0836 (0.0897)  loss_mal_dn_1: 0.7515 (0.7504)  loss_bbox_dn_1: 0.2967 (0.3001)  loss_giou_dn_1: 0.8756 (0.7927)  loss_fgl_dn_1: 1.0330 (1.0623)  loss_ddf_dn_1: 0.0048 (0.0059)  loss_mal_dn_2: 0.7446 (0.7432)  loss_bbox_dn_2: 0.2934 (0.2967)  loss_giou_dn_2: 0.8696 (0.7854)  loss_fgl_dn_2: 1.0347 (1.0639)  loss_mal_dn_pre: 0.7593 (0.7673)  loss_bbox_dn_pre: 0.3618 (0.3532)  loss_giou_dn_pre: 0.9631 (0.8892)
Test:  [ 0/13]  eta: 0:00:37    time: 2.9069  data: 2.5501  max mem: 8121
Test:  [10/13]  eta: 0:00:01    time: 0.5761  data: 0.3119  max mem: 8121
Test:  [12/13]  eta: 0:00:00    time: 0.5286  data: 0.2776  max mem: 8121
Test: Total time: 0:00:06 (0.5359 s / it)
Averaged stats: 
Accumulating evaluation results...
COCOeval_opt.accumulate() finished...
DONE (t=0.29s).
IoU metric: bbox
 Average Precision  (AP) @[ IoU=0.50:0.95 | area=   all | maxDets=100 ] = 0.180
 Average Precision  (AP) @[ IoU=0.50      | area=   all | maxDets=100 ] = 0.400
 Average Precision  (AP) @[ IoU=0.75      | area=   all | maxDets=100 ] = 0.142
 Average Precision  (AP) @[ IoU=0.50:0.95 | area= small | maxDets=100 ] = 0.069
 Average Precision  (AP) @[ IoU=0.50:0.95 | area=medium | maxDets=100 ] = 0.138
 Average Precision  (AP) @[ IoU=0.50:0.95 | area= large | maxDets=100 ] = 0.196
 Average Recall     (AR) @[ IoU=0.50:0.95 | area=   all | maxDets=  1 ] = 0.202
 Average Recall     (AR) @[ IoU=0.50:0.95 | area=   all | maxDets= 10 ] = 0.402
 Average Recall     (AR) @[ IoU=0.50:0.95 | area=   all | maxDets=100 ] = 0.485
 Average Recall     (AR) @[ IoU=0.50:0.95 | area= small | maxDets=100 ] = 0.245
 Average Recall     (AR) @[ IoU=0.50:0.95 | area=medium | maxDets=100 ] = 0.448
 Average Recall     (AR) @[ IoU=0.50:0.95 | area= large | maxDets=100 ] = 0.553
 Average Recall     (AR) @[ IoU=0.50      | area=   all | maxDets=100 ] = 0.889
 Average Recall     (AR) @[ IoU=0.75      | area=   all | maxDets=100 ] = 0.452
best_stat: {'epoch': 11, 'coco_eval_bbox': 0.18021038189933078}
Epoch: [12]  [  0/197]  eta: 0:10:26  lr: 0.000400  loss: 26.0645 (26.0645)  loss_mal: 1.1572 (1.1572)  loss_bbox: 0.2938 (0.2938)  loss_giou: 0.9045 (0.9045)  loss_fgl: 1.0467 (1.0467)  loss_mal_aux_0: 1.2012 (1.2012)  loss_bbox_aux_0: 0.2935 (0.2935)  loss_giou_aux_0: 0.9095 (0.9095)  loss_fgl_aux_0: 1.0533 (1.0533)  loss_ddf_aux_0: 0.0187 (0.0187)  loss_mal_aux_1: 1.1611 (1.1611)  loss_bbox_aux_1: 0.2935 (0.2935)  loss_giou_aux_1: 0.9078 (0.9078)  loss_fgl_aux_1: 1.0458 (1.0458)  loss_ddf_aux_1: 0.0012 (0.0012)  loss_mal_pre: 1.2090 (1.2090)  loss_bbox_pre: 0.2933 (0.2933)  loss_giou_pre: 0.9073 (0.9073)  loss_mal_enc_0: 1.2158 (1.2158)  loss_bbox_enc_0: 0.3067 (0.3067)  loss_giou_enc_0: 0.9346 (0.9346)  loss_mal_dn_0: 0.7812 (0.7812)  loss_bbox_dn_0: 0.3193 (0.3193)  loss_giou_dn_0: 0.8653 (0.8653)  loss_fgl_dn_0: 1.0846 (1.0846)  loss_ddf_dn_0: 0.1010 (0.1010)  loss_mal_dn_1: 0.7690 (0.7690)  loss_bbox_dn_1: 0.2783 (0.2783)  loss_giou_dn_1: 0.7708 (0.7708)  loss_fgl_dn_1: 1.0829 (1.0829)  loss_ddf_dn_1: 0.0056 (0.0056)  loss_mal_dn_2: 0.7661 (0.7661)  loss_bbox_dn_2: 0.2762 (0.2762)  loss_giou_dn_2: 0.7624 (0.7624)  loss_fgl_dn_2: 1.0847 (1.0847)  loss_mal_dn_pre: 0.7812 (0.7812)  loss_bbox_dn_pre: 0.3189 (0.3189)  loss_giou_dn_pre: 0.8622 (0.8622)  time: 3.1777  data: 2.5351  max mem: 8121
Epoch: [12]  [196/197]  eta: 0:00:00  lr: 0.000400  loss: 26.8861 (26.1994)  loss_mal: 1.0117 (1.0610)  loss_bbox: 0.4302 (0.3740)  loss_giou: 0.9940 (0.9698)  loss_fgl: 0.9348 (0.9675)  loss_mal_aux_0: 1.0674 (1.0940)  loss_bbox_aux_0: 0.4339 (0.3808)  loss_giou_aux_0: 1.0205 (0.9850)  loss_fgl_aux_0: 0.9450 (0.9739)  loss_ddf_aux_0: 0.0250 (0.0231)  loss_mal_aux_1: 1.0342 (1.0715)  loss_bbox_aux_1: 0.4280 (0.3747)  loss_giou_aux_1: 0.9970 (0.9712)  loss_fgl_aux_1: 0.9343 (0.9673)  loss_ddf_aux_1: 0.0021 (0.0018)  loss_mal_pre: 1.0654 (1.0929)  loss_bbox_pre: 0.4351 (0.3814)  loss_giou_pre: 1.0209 (0.9834)  loss_mal_enc_0: 1.0762 (1.1057)  loss_bbox_enc_0: 0.4415 (0.3959)  loss_giou_enc_0: 1.0468 (1.0142)  loss_mal_dn_0: 0.7622 (0.7645)  loss_bbox_dn_0: 0.3453 (0.3580)  loss_giou_dn_0: 0.9514 (0.9009)  loss_fgl_dn_0: 1.0260 (1.0535)  loss_ddf_dn_0: 0.0962 (0.0961)  loss_mal_dn_1: 0.7495 (0.7494)  loss_bbox_dn_1: 0.3059 (0.3056)  loss_giou_dn_1: 0.8450 (0.7990)  loss_fgl_dn_1: 1.0308 (1.0585)  loss_ddf_dn_1: 0.0096 (0.0073)  loss_mal_dn_2: 0.7446 (0.7439)  loss_bbox_dn_2: 0.3142 (0.3009)  loss_giou_dn_2: 0.8366 (0.7900)  loss_fgl_dn_2: 1.0360 (1.0603)  loss_mal_dn_pre: 0.7607 (0.7642)  loss_bbox_dn_pre: 0.3461 (0.3586)  loss_giou_dn_pre: 0.9549 (0.8995)  time: 0.4856  data: 0.0474  max mem: 8121
Epoch: [12] Total time: 0:01:44 (0.5323 s / it)
Averaged stats: lr: 0.000400  loss: 26.8861 (26.1994)  loss_mal: 1.0117 (1.0610)  loss_bbox: 0.4302 (0.3740)  loss_giou: 0.9940 (0.9698)  loss_fgl: 0.9348 (0.9675)  loss_mal_aux_0: 1.0674 (1.0940)  loss_bbox_aux_0: 0.4339 (0.3808)  loss_giou_aux_0: 1.0205 (0.9850)  loss_fgl_aux_0: 0.9450 (0.9739)  loss_ddf_aux_0: 0.0250 (0.0231)  loss_mal_aux_1: 1.0342 (1.0715)  loss_bbox_aux_1: 0.4280 (0.3747)  loss_giou_aux_1: 0.9970 (0.9712)  loss_fgl_aux_1: 0.9343 (0.9673)  loss_ddf_aux_1: 0.0021 (0.0018)  loss_mal_pre: 1.0654 (1.0929)  loss_bbox_pre: 0.4351 (0.3814)  loss_giou_pre: 1.0209 (0.9834)  loss_mal_enc_0: 1.0762 (1.1057)  loss_bbox_enc_0: 0.4415 (0.3959)  loss_giou_enc_0: 1.0468 (1.0142)  loss_mal_dn_0: 0.7622 (0.7645)  loss_bbox_dn_0: 0.3453 (0.3580)  loss_giou_dn_0: 0.9514 (0.9009)  loss_fgl_dn_0: 1.0260 (1.0535)  loss_ddf_dn_0: 0.0962 (0.0961)  loss_mal_dn_1: 0.7495 (0.7494)  loss_bbox_dn_1: 0.3059 (0.3056)  loss_giou_dn_1: 0.8450 (0.7990)  loss_fgl_dn_1: 1.0308 (1.0585)  loss_ddf_dn_1: 0.0096 (0.0073)  loss_mal_dn_2: 0.7446 (0.7439)  loss_bbox_dn_2: 0.3142 (0.3009)  loss_giou_dn_2: 0.8366 (0.7900)  loss_fgl_dn_2: 1.0360 (1.0603)  loss_mal_dn_pre: 0.7607 (0.7642)  loss_bbox_dn_pre: 0.3461 (0.3586)  loss_giou_dn_pre: 0.9549 (0.8995)
Test:  [ 0/13]  eta: 0:00:37    time: 2.8833  data: 2.5221  max mem: 8121
Test:  [10/13]  eta: 0:00:01    time: 0.5803  data: 0.3119  max mem: 8121
Test:  [12/13]  eta: 0:00:00    time: 0.5248  data: 0.2701  max mem: 8121
Test: Total time: 0:00:06 (0.5316 s / it)
Averaged stats: 
Accumulating evaluation results...
COCOeval_opt.accumulate() finished...
DONE (t=0.29s).
IoU metric: bbox
 Average Precision  (AP) @[ IoU=0.50:0.95 | area=   all | maxDets=100 ] = 0.186
 Average Precision  (AP) @[ IoU=0.50      | area=   all | maxDets=100 ] = 0.423
 Average Precision  (AP) @[ IoU=0.75      | area=   all | maxDets=100 ] = 0.141
 Average Precision  (AP) @[ IoU=0.50:0.95 | area= small | maxDets=100 ] = 0.062
 Average Precision  (AP) @[ IoU=0.50:0.95 | area=medium | maxDets=100 ] = 0.148
 Average Precision  (AP) @[ IoU=0.50:0.95 | area= large | maxDets=100 ] = 0.200
 Average Recall     (AR) @[ IoU=0.50:0.95 | area=   all | maxDets=  1 ] = 0.202
 Average Recall     (AR) @[ IoU=0.50:0.95 | area=   all | maxDets= 10 ] = 0.406
 Average Recall     (AR) @[ IoU=0.50:0.95 | area=   all | maxDets=100 ] = 0.478
 Average Recall     (AR) @[ IoU=0.50:0.95 | area= small | maxDets=100 ] = 0.248
 Average Recall     (AR) @[ IoU=0.50:0.95 | area=medium | maxDets=100 ] = 0.444
 Average Recall     (AR) @[ IoU=0.50:0.95 | area= large | maxDets=100 ] = 0.534
 Average Recall     (AR) @[ IoU=0.50      | area=   all | maxDets=100 ] = 0.912
 Average Recall     (AR) @[ IoU=0.75      | area=   all | maxDets=100 ] = 0.445
best_stat: {'epoch': 12, 'coco_eval_bbox': 0.1858526885956704}
Epoch: [13]  [  0/197]  eta: 0:11:13  lr: 0.000400  loss: 27.1037 (27.1037)  loss_mal: 1.0400 (1.0400)  loss_bbox: 0.4143 (0.4143)  loss_giou: 1.1056 (1.1056)  loss_fgl: 0.8999 (0.8999)  loss_mal_aux_0: 1.0498 (1.0498)  loss_bbox_aux_0: 0.4227 (0.4227)  loss_giou_aux_0: 1.1169 (1.1169)  loss_fgl_aux_0: 0.9071 (0.9071)  loss_ddf_aux_0: 0.0290 (0.0290)  loss_mal_aux_1: 1.0420 (1.0420)  loss_bbox_aux_1: 0.4195 (0.4195)  loss_giou_aux_1: 1.1051 (1.1051)  loss_fgl_aux_1: 0.9016 (0.9016)  loss_ddf_aux_1: 0.0025 (0.0025)  loss_mal_pre: 1.0498 (1.0498)  loss_bbox_pre: 0.4219 (0.4219)  loss_giou_pre: 1.1163 (1.1163)  loss_mal_enc_0: 1.0557 (1.0557)  loss_bbox_enc_0: 0.4387 (0.4387)  loss_giou_enc_0: 1.1436 (1.1436)  loss_mal_dn_0: 0.7461 (0.7461)  loss_bbox_dn_0: 0.4004 (0.4004)  loss_giou_dn_0: 0.9901 (0.9901)  loss_fgl_dn_0: 0.9994 (0.9994)  loss_ddf_dn_0: 0.0893 (0.0893)  loss_mal_dn_1: 0.7559 (0.7559)  loss_bbox_dn_1: 0.3524 (0.3524)  loss_giou_dn_1: 0.9151 (0.9151)  loss_fgl_dn_1: 1.0085 (1.0085)  loss_ddf_dn_1: 0.0062 (0.0062)  loss_mal_dn_2: 0.7490 (0.7490)  loss_bbox_dn_2: 0.3517 (0.3517)  loss_giou_dn_2: 0.9103 (0.9103)  loss_fgl_dn_2: 1.0098 (1.0098)  loss_mal_dn_pre: 0.7461 (0.7461)  loss_bbox_dn_pre: 0.4021 (0.4021)  loss_giou_dn_pre: 0.9893 (0.9893)  time: 3.4187  data: 2.7127  max mem: 8121
Epoch: [13]  [196/197]  eta: 0:00:00  lr: 0.000400  loss: 25.5038 (25.9600)  loss_mal: 1.0449 (1.0691)  loss_bbox: 0.3366 (0.3590)  loss_giou: 0.9028 (0.9288)  loss_fgl: 0.9530 (0.9894)  loss_mal_aux_0: 1.0840 (1.1117)  loss_bbox_aux_0: 0.3413 (0.3656)  loss_giou_aux_0: 0.9186 (0.9437)  loss_fgl_aux_0: 0.9607 (0.9964)  loss_ddf_aux_0: 0.0193 (0.0219)  loss_mal_aux_1: 1.0576 (1.0875)  loss_bbox_aux_1: 0.3383 (0.3595)  loss_giou_aux_1: 0.9040 (0.9301)  loss_fgl_aux_1: 0.9549 (0.9891)  loss_ddf_aux_1: 0.0013 (0.0017)  loss_mal_pre: 1.0889 (1.1099)  loss_bbox_pre: 0.3438 (0.3660)  loss_giou_pre: 0.9161 (0.9423)  loss_mal_enc_0: 1.1113 (1.1278)  loss_bbox_enc_0: 0.3609 (0.3809)  loss_giou_enc_0: 0.9561 (0.9743)  loss_mal_dn_0: 0.7681 (0.7672)  loss_bbox_dn_0: 0.3170 (0.3524)  loss_giou_dn_0: 0.8158 (0.8725)  loss_fgl_dn_0: 1.0480 (1.0655)  loss_ddf_dn_0: 0.0925 (0.0970)  loss_mal_dn_1: 0.7417 (0.7478)  loss_bbox_dn_1: 0.2722 (0.2994)  loss_giou_dn_1: 0.7180 (0.7701)  loss_fgl_dn_1: 1.0637 (1.0677)  loss_ddf_dn_1: 0.0058 (0.0063)  loss_mal_dn_2: 0.7349 (0.7415)  loss_bbox_dn_2: 0.2691 (0.2958)  loss_giou_dn_2: 0.7012 (0.7620)  loss_fgl_dn_2: 1.0672 (1.0690)  loss_mal_dn_pre: 0.7690 (0.7668)  loss_bbox_dn_pre: 0.3180 (0.3532)  loss_giou_dn_pre: 0.8154 (0.8711)  time: 0.4711  data: 0.0374  max mem: 8134
Epoch: [13] Total time: 0:01:44 (0.5289 s / it)
Averaged stats: lr: 0.000400  loss: 25.5038 (25.9600)  loss_mal: 1.0449 (1.0691)  loss_bbox: 0.3366 (0.3590)  loss_giou: 0.9028 (0.9288)  loss_fgl: 0.9530 (0.9894)  loss_mal_aux_0: 1.0840 (1.1117)  loss_bbox_aux_0: 0.3413 (0.3656)  loss_giou_aux_0: 0.9186 (0.9437)  loss_fgl_aux_0: 0.9607 (0.9964)  loss_ddf_aux_0: 0.0193 (0.0219)  loss_mal_aux_1: 1.0576 (1.0875)  loss_bbox_aux_1: 0.3383 (0.3595)  loss_giou_aux_1: 0.9040 (0.9301)  loss_fgl_aux_1: 0.9549 (0.9891)  loss_ddf_aux_1: 0.0013 (0.0017)  loss_mal_pre: 1.0889 (1.1099)  loss_bbox_pre: 0.3438 (0.3660)  loss_giou_pre: 0.9161 (0.9423)  loss_mal_enc_0: 1.1113 (1.1278)  loss_bbox_enc_0: 0.3609 (0.3809)  loss_giou_enc_0: 0.9561 (0.9743)  loss_mal_dn_0: 0.7681 (0.7672)  loss_bbox_dn_0: 0.3170 (0.3524)  loss_giou_dn_0: 0.8158 (0.8725)  loss_fgl_dn_0: 1.0480 (1.0655)  loss_ddf_dn_0: 0.0925 (0.0970)  loss_mal_dn_1: 0.7417 (0.7478)  loss_bbox_dn_1: 0.2722 (0.2994)  loss_giou_dn_1: 0.7180 (0.7701)  loss_fgl_dn_1: 1.0637 (1.0677)  loss_ddf_dn_1: 0.0058 (0.0063)  loss_mal_dn_2: 0.7349 (0.7415)  loss_bbox_dn_2: 0.2691 (0.2958)  loss_giou_dn_2: 0.7012 (0.7620)  loss_fgl_dn_2: 1.0672 (1.0690)  loss_mal_dn_pre: 0.7690 (0.7668)  loss_bbox_dn_pre: 0.3180 (0.3532)  loss_giou_dn_pre: 0.8154 (0.8711)
Test:  [ 0/13]  eta: 0:00:31    time: 2.4452  data: 2.0437  max mem: 8134
Test:  [10/13]  eta: 0:00:01    time: 0.5709  data: 0.2905  max mem: 8134
Test:  [12/13]  eta: 0:00:00    time: 0.5214  data: 0.2627  max mem: 8134
Test: Total time: 0:00:06 (0.5289 s / it)
Averaged stats: 
Accumulating evaluation results...
COCOeval_opt.accumulate() finished...
DONE (t=0.35s).
IoU metric: bbox
 Average Precision  (AP) @[ IoU=0.50:0.95 | area=   all | maxDets=100 ] = 0.192
 Average Precision  (AP) @[ IoU=0.50      | area=   all | maxDets=100 ] = 0.430
 Average Precision  (AP) @[ IoU=0.75      | area=   all | maxDets=100 ] = 0.150
 Average Precision  (AP) @[ IoU=0.50:0.95 | area= small | maxDets=100 ] = 0.067
 Average Precision  (AP) @[ IoU=0.50:0.95 | area=medium | maxDets=100 ] = 0.151
 Average Precision  (AP) @[ IoU=0.50:0.95 | area= large | maxDets=100 ] = 0.216
 Average Recall     (AR) @[ IoU=0.50:0.95 | area=   all | maxDets=  1 ] = 0.207
 Average Recall     (AR) @[ IoU=0.50:0.95 | area=   all | maxDets= 10 ] = 0.413
 Average Recall     (AR) @[ IoU=0.50:0.95 | area=   all | maxDets=100 ] = 0.487
 Average Recall     (AR) @[ IoU=0.50:0.95 | area= small | maxDets=100 ] = 0.249
 Average Recall     (AR) @[ IoU=0.50:0.95 | area=medium | maxDets=100 ] = 0.446
 Average Recall     (AR) @[ IoU=0.50:0.95 | area= large | maxDets=100 ] = 0.579
 Average Recall     (AR) @[ IoU=0.50      | area=   all | maxDets=100 ] = 0.914
 Average Recall     (AR) @[ IoU=0.75      | area=   all | maxDets=100 ] = 0.463
best_stat: {'epoch': 13, 'coco_eval_bbox': 0.1917699721606084}
Epoch: [14]  [  0/197]  eta: 0:10:06  lr: 0.000400  loss: 28.1131 (28.1131)  loss_mal: 1.2363 (1.2363)  loss_bbox: 0.4598 (0.4598)  loss_giou: 0.9690 (0.9690)  loss_fgl: 0.9884 (0.9884)  loss_mal_aux_0: 1.2461 (1.2461)  loss_bbox_aux_0: 0.4674 (0.4674)  loss_giou_aux_0: 0.9821 (0.9821)  loss_fgl_aux_0: 0.9905 (0.9905)  loss_ddf_aux_0: 0.0155 (0.0155)  loss_mal_aux_1: 1.2490 (1.2490)  loss_bbox_aux_1: 0.4616 (0.4616)  loss_giou_aux_1: 0.9689 (0.9689)  loss_fgl_aux_1: 0.9899 (0.9899)  loss_ddf_aux_1: 0.0011 (0.0011)  loss_mal_pre: 1.2461 (1.2461)  loss_bbox_pre: 0.4681 (0.4681)  loss_giou_pre: 0.9799 (0.9799)  loss_mal_enc_0: 1.2559 (1.2559)  loss_bbox_enc_0: 0.4918 (0.4918)  loss_giou_enc_0: 1.0023 (1.0023)  loss_mal_dn_0: 0.7686 (0.7686)  loss_bbox_dn_0: 0.4799 (0.4799)  loss_giou_dn_0: 0.9737 (0.9737)  loss_fgl_dn_0: 1.0153 (1.0153)  loss_ddf_dn_0: 0.0643 (0.0643)  loss_mal_dn_1: 0.7681 (0.7681)  loss_bbox_dn_1: 0.4075 (0.4075)  loss_giou_dn_1: 0.8589 (0.8589)  loss_fgl_dn_1: 1.0378 (1.0378)  loss_ddf_dn_1: 0.0054 (0.0054)  loss_mal_dn_2: 0.7607 (0.7607)  loss_bbox_dn_2: 0.3990 (0.3990)  loss_giou_dn_2: 0.8434 (0.8434)  loss_fgl_dn_2: 1.0413 (1.0413)  loss_mal_dn_pre: 0.7690 (0.7690)  loss_bbox_dn_pre: 0.4788 (0.4788)  loss_giou_dn_pre: 0.9716 (0.9716)  time: 3.0796  data: 2.4604  max mem: 8134
Epoch: [14]  [196/197]  eta: 0:00:00  lr: 0.000400  loss: 25.4994 (26.0167)  loss_mal: 1.0527 (1.0729)  loss_bbox: 0.3132 (0.3633)  loss_giou: 0.8010 (0.9425)  loss_fgl: 1.0450 (0.9805)  loss_mal_aux_0: 1.1094 (1.1067)  loss_bbox_aux_0: 0.3159 (0.3699)  loss_giou_aux_0: 0.8194 (0.9568)  loss_fgl_aux_0: 1.0586 (0.9877)  loss_ddf_aux_0: 0.0216 (0.0229)  loss_mal_aux_1: 1.0684 (1.0871)  loss_bbox_aux_1: 0.3144 (0.3636)  loss_giou_aux_1: 0.8017 (0.9434)  loss_fgl_aux_1: 1.0445 (0.9805)  loss_ddf_aux_1: 0.0014 (0.0015)  loss_mal_pre: 1.1035 (1.1053)  loss_bbox_pre: 0.3177 (0.3705)  loss_giou_pre: 0.8190 (0.9554)  loss_mal_enc_0: 1.1641 (1.1149)  loss_bbox_enc_0: 0.3356 (0.3844)  loss_giou_enc_0: 0.8491 (0.9855)  loss_mal_dn_0: 0.7559 (0.7644)  loss_bbox_dn_0: 0.3418 (0.3525)  loss_giou_dn_0: 0.8102 (0.8820)  loss_fgl_dn_0: 1.0923 (1.0623)  loss_ddf_dn_0: 0.0970 (0.0984)  loss_mal_dn_1: 0.7368 (0.7469)  loss_bbox_dn_1: 0.2882 (0.2978)  loss_giou_dn_1: 0.6979 (0.7775)  loss_fgl_dn_1: 1.0807 (1.0648)  loss_ddf_dn_1: 0.0060 (0.0070)  loss_mal_dn_2: 0.7275 (0.7407)  loss_bbox_dn_2: 0.2854 (0.2937)  loss_giou_dn_2: 0.6860 (0.7693)  loss_fgl_dn_2: 1.0817 (1.0659)  loss_mal_dn_pre: 0.7559 (0.7641)  loss_bbox_dn_pre: 0.3426 (0.3532)  loss_giou_dn_pre: 0.8089 (0.8806)  time: 0.4847  data: 0.0405  max mem: 8134
Epoch: [14] Total time: 0:01:48 (0.5490 s / it)
Averaged stats: lr: 0.000400  loss: 25.4994 (26.0167)  loss_mal: 1.0527 (1.0729)  loss_bbox: 0.3132 (0.3633)  loss_giou: 0.8010 (0.9425)  loss_fgl: 1.0450 (0.9805)  loss_mal_aux_0: 1.1094 (1.1067)  loss_bbox_aux_0: 0.3159 (0.3699)  loss_giou_aux_0: 0.8194 (0.9568)  loss_fgl_aux_0: 1.0586 (0.9877)  loss_ddf_aux_0: 0.0216 (0.0229)  loss_mal_aux_1: 1.0684 (1.0871)  loss_bbox_aux_1: 0.3144 (0.3636)  loss_giou_aux_1: 0.8017 (0.9434)  loss_fgl_aux_1: 1.0445 (0.9805)  loss_ddf_aux_1: 0.0014 (0.0015)  loss_mal_pre: 1.1035 (1.1053)  loss_bbox_pre: 0.3177 (0.3705)  loss_giou_pre: 0.8190 (0.9554)  loss_mal_enc_0: 1.1641 (1.1149)  loss_bbox_enc_0: 0.3356 (0.3844)  loss_giou_enc_0: 0.8491 (0.9855)  loss_mal_dn_0: 0.7559 (0.7644)  loss_bbox_dn_0: 0.3418 (0.3525)  loss_giou_dn_0: 0.8102 (0.8820)  loss_fgl_dn_0: 1.0923 (1.0623)  loss_ddf_dn_0: 0.0970 (0.0984)  loss_mal_dn_1: 0.7368 (0.7469)  loss_bbox_dn_1: 0.2882 (0.2978)  loss_giou_dn_1: 0.6979 (0.7775)  loss_fgl_dn_1: 1.0807 (1.0648)  loss_ddf_dn_1: 0.0060 (0.0070)  loss_mal_dn_2: 0.7275 (0.7407)  loss_bbox_dn_2: 0.2854 (0.2937)  loss_giou_dn_2: 0.6860 (0.7693)  loss_fgl_dn_2: 1.0817 (1.0659)  loss_mal_dn_pre: 0.7559 (0.7641)  loss_bbox_dn_pre: 0.3426 (0.3532)  loss_giou_dn_pre: 0.8089 (0.8806)
Test:  [ 0/13]  eta: 0:00:38    time: 2.9885  data: 2.6153  max mem: 8134
Test:  [10/13]  eta: 0:00:01    time: 0.5856  data: 0.3126  max mem: 8134
Test:  [12/13]  eta: 0:00:00    time: 0.5389  data: 0.2784  max mem: 8134
Test: Total time: 0:00:07 (0.5465 s / it)
Averaged stats: 
Accumulating evaluation results...
COCOeval_opt.accumulate() finished...
DONE (t=0.31s).
IoU metric: bbox
 Average Precision  (AP) @[ IoU=0.50:0.95 | area=   all | maxDets=100 ] = 0.196
 Average Precision  (AP) @[ IoU=0.50      | area=   all | maxDets=100 ] = 0.443
 Average Precision  (AP) @[ IoU=0.75      | area=   all | maxDets=100 ] = 0.146
 Average Precision  (AP) @[ IoU=0.50:0.95 | area= small | maxDets=100 ] = 0.079
 Average Precision  (AP) @[ IoU=0.50:0.95 | area=medium | maxDets=100 ] = 0.154
 Average Precision  (AP) @[ IoU=0.50:0.95 | area= large | maxDets=100 ] = 0.221
 Average Recall     (AR) @[ IoU=0.50:0.95 | area=   all | maxDets=  1 ] = 0.208
 Average Recall     (AR) @[ IoU=0.50:0.95 | area=   all | maxDets= 10 ] = 0.411
 Average Recall     (AR) @[ IoU=0.50:0.95 | area=   all | maxDets=100 ] = 0.485
 Average Recall     (AR) @[ IoU=0.50:0.95 | area= small | maxDets=100 ] = 0.252
 Average Recall     (AR) @[ IoU=0.50:0.95 | area=medium | maxDets=100 ] = 0.453
 Average Recall     (AR) @[ IoU=0.50:0.95 | area= large | maxDets=100 ] = 0.563
 Average Recall     (AR) @[ IoU=0.50      | area=   all | maxDets=100 ] = 0.915
 Average Recall     (AR) @[ IoU=0.75      | area=   all | maxDets=100 ] = 0.448
best_stat: {'epoch': 14, 'coco_eval_bbox': 0.1963468211741092}
Epoch: [15]  [  0/197]  eta: 0:11:59  lr: 0.000400  loss: 26.4868 (26.4868)  loss_mal: 1.1025 (1.1025)  loss_bbox: 0.3430 (0.3430)  loss_giou: 1.0756 (1.0756)  loss_fgl: 0.9112 (0.9112)  loss_mal_aux_0: 1.0830 (1.0830)  loss_bbox_aux_0: 0.3470 (0.3470)  loss_giou_aux_0: 1.0847 (1.0847)  loss_fgl_aux_0: 0.9101 (0.9101)  loss_ddf_aux_0: 0.0181 (0.0181)  loss_mal_aux_1: 1.1143 (1.1143)  loss_bbox_aux_1: 0.3415 (0.3415)  loss_giou_aux_1: 1.0766 (1.0766)  loss_fgl_aux_1: 0.9108 (0.9108)  loss_ddf_aux_1: 0.0012 (0.0012)  loss_mal_pre: 1.0791 (1.0791)  loss_bbox_pre: 0.3507 (0.3507)  loss_giou_pre: 1.0854 (1.0854)  loss_mal_enc_0: 1.0713 (1.0713)  loss_bbox_enc_0: 0.3633 (0.3633)  loss_giou_enc_0: 1.1080 (1.1080)  loss_mal_dn_0: 0.7378 (0.7378)  loss_bbox_dn_0: 0.3326 (0.3326)  loss_giou_dn_0: 0.9821 (0.9821)  loss_fgl_dn_0: 1.0167 (1.0167)  loss_ddf_dn_0: 0.0844 (0.0844)  loss_mal_dn_1: 0.7397 (0.7397)  loss_bbox_dn_1: 0.2880 (0.2880)  loss_giou_dn_1: 0.8893 (0.8893)  loss_fgl_dn_1: 1.0381 (1.0381)  loss_ddf_dn_1: 0.0067 (0.0067)  loss_mal_dn_2: 0.7358 (0.7358)  loss_bbox_dn_2: 0.2836 (0.2836)  loss_giou_dn_2: 0.8802 (0.8802)  loss_fgl_dn_2: 1.0407 (1.0407)  loss_mal_dn_pre: 0.7383 (0.7383)  loss_bbox_dn_pre: 0.3332 (0.3332)  loss_giou_dn_pre: 0.9821 (0.9821)  time: 3.6538  data: 2.9746  max mem: 8134
Epoch: [15]  [196/197]  eta: 0:00:00  lr: 0.000400  loss: 25.3706 (25.7055)  loss_mal: 1.0439 (1.0716)  loss_bbox: 0.3667 (0.3470)  loss_giou: 0.8361 (0.9163)  loss_fgl: 0.9808 (0.9954)  loss_mal_aux_0: 1.0996 (1.1049)  loss_bbox_aux_0: 0.3726 (0.3533)  loss_giou_aux_0: 0.8466 (0.9310)  loss_fgl_aux_0: 0.9948 (1.0016)  loss_ddf_aux_0: 0.0212 (0.0211)  loss_mal_aux_1: 1.0635 (1.0855)  loss_bbox_aux_1: 0.3671 (0.3473)  loss_giou_aux_1: 0.8368 (0.9177)  loss_fgl_aux_1: 0.9794 (0.9951)  loss_ddf_aux_1: 0.0016 (0.0015)  loss_mal_pre: 1.0957 (1.1047)  loss_bbox_pre: 0.3736 (0.3536)  loss_giou_pre: 0.8454 (0.9300)  loss_mal_enc_0: 1.1367 (1.1161)  loss_bbox_enc_0: 0.3991 (0.3674)  loss_giou_enc_0: 0.8928 (0.9623)  loss_mal_dn_0: 0.7656 (0.7669)  loss_bbox_dn_0: 0.3381 (0.3378)  loss_giou_dn_0: 0.7897 (0.8529)  loss_fgl_dn_0: 1.0407 (1.0734)  loss_ddf_dn_0: 0.0898 (0.0977)  loss_mal_dn_1: 0.7417 (0.7446)  loss_bbox_dn_1: 0.2889 (0.2847)  loss_giou_dn_1: 0.6670 (0.7505)  loss_fgl_dn_1: 1.0531 (1.0742)  loss_ddf_dn_1: 0.0070 (0.0068)  loss_mal_dn_2: 0.7383 (0.7378)  loss_bbox_dn_2: 0.2864 (0.2803)  loss_giou_dn_2: 0.6604 (0.7420)  loss_fgl_dn_2: 1.0580 (1.0755)  loss_mal_dn_pre: 0.7656 (0.7667)  loss_bbox_dn_pre: 0.3389 (0.3385)  loss_giou_dn_pre: 0.7890 (0.8517)  time: 0.4781  data: 0.0470  max mem: 8134
Epoch: [15] Total time: 0:01:45 (0.5345 s / it)
Averaged stats: lr: 0.000400  loss: 25.3706 (25.7055)  loss_mal: 1.0439 (1.0716)  loss_bbox: 0.3667 (0.3470)  loss_giou: 0.8361 (0.9163)  loss_fgl: 0.9808 (0.9954)  loss_mal_aux_0: 1.0996 (1.1049)  loss_bbox_aux_0: 0.3726 (0.3533)  loss_giou_aux_0: 0.8466 (0.9310)  loss_fgl_aux_0: 0.9948 (1.0016)  loss_ddf_aux_0: 0.0212 (0.0211)  loss_mal_aux_1: 1.0635 (1.0855)  loss_bbox_aux_1: 0.3671 (0.3473)  loss_giou_aux_1: 0.8368 (0.9177)  loss_fgl_aux_1: 0.9794 (0.9951)  loss_ddf_aux_1: 0.0016 (0.0015)  loss_mal_pre: 1.0957 (1.1047)  loss_bbox_pre: 0.3736 (0.3536)  loss_giou_pre: 0.8454 (0.9300)  loss_mal_enc_0: 1.1367 (1.1161)  loss_bbox_enc_0: 0.3991 (0.3674)  loss_giou_enc_0: 0.8928 (0.9623)  loss_mal_dn_0: 0.7656 (0.7669)  loss_bbox_dn_0: 0.3381 (0.3378)  loss_giou_dn_0: 0.7897 (0.8529)  loss_fgl_dn_0: 1.0407 (1.0734)  loss_ddf_dn_0: 0.0898 (0.0977)  loss_mal_dn_1: 0.7417 (0.7446)  loss_bbox_dn_1: 0.2889 (0.2847)  loss_giou_dn_1: 0.6670 (0.7505)  loss_fgl_dn_1: 1.0531 (1.0742)  loss_ddf_dn_1: 0.0070 (0.0068)  loss_mal_dn_2: 0.7383 (0.7378)  loss_bbox_dn_2: 0.2864 (0.2803)  loss_giou_dn_2: 0.6604 (0.7420)  loss_fgl_dn_2: 1.0580 (1.0755)  loss_mal_dn_pre: 0.7656 (0.7667)  loss_bbox_dn_pre: 0.3389 (0.3385)  loss_giou_dn_pre: 0.7890 (0.8517)
Test:  [ 0/13]  eta: 0:00:42    time: 3.2323  data: 2.8668  max mem: 8134
Test:  [10/13]  eta: 0:00:01    time: 0.6064  data: 0.3373  max mem: 8134
Test:  [12/13]  eta: 0:00:00    time: 0.5475  data: 0.2918  max mem: 8134
Test: Total time: 0:00:07 (0.5549 s / it)
Averaged stats: 
Accumulating evaluation results...
COCOeval_opt.accumulate() finished...
DONE (t=0.30s).
IoU metric: bbox
 Average Precision  (AP) @[ IoU=0.50:0.95 | area=   all | maxDets=100 ] = 0.199
 Average Precision  (AP) @[ IoU=0.50      | area=   all | maxDets=100 ] = 0.437
 Average Precision  (AP) @[ IoU=0.75      | area=   all | maxDets=100 ] = 0.152
 Average Precision  (AP) @[ IoU=0.50:0.95 | area= small | maxDets=100 ] = 0.074
 Average Precision  (AP) @[ IoU=0.50:0.95 | area=medium | maxDets=100 ] = 0.161
 Average Precision  (AP) @[ IoU=0.50:0.95 | area= large | maxDets=100 ] = 0.232
 Average Recall     (AR) @[ IoU=0.50:0.95 | area=   all | maxDets=  1 ] = 0.214
 Average Recall     (AR) @[ IoU=0.50:0.95 | area=   all | maxDets= 10 ] = 0.416
 Average Recall     (AR) @[ IoU=0.50:0.95 | area=   all | maxDets=100 ] = 0.489
 Average Recall     (AR) @[ IoU=0.50:0.95 | area= small | maxDets=100 ] = 0.249
 Average Recall     (AR) @[ IoU=0.50:0.95 | area=medium | maxDets=100 ] = 0.465
 Average Recall     (AR) @[ IoU=0.50:0.95 | area= large | maxDets=100 ] = 0.564
 Average Recall     (AR) @[ IoU=0.50      | area=   all | maxDets=100 ] = 0.903
 Average Recall     (AR) @[ IoU=0.75      | area=   all | maxDets=100 ] = 0.449
best_stat: {'epoch': 15, 'coco_eval_bbox': 0.19935074134959846}
Epoch: [16]  [  0/197]  eta: 0:11:43  lr: 0.000400  loss: 27.0499 (27.0499)  loss_mal: 1.1475 (1.1475)  loss_bbox: 0.4021 (0.4021)  loss_giou: 0.9813 (0.9813)  loss_fgl: 0.9254 (0.9254)  loss_mal_aux_0: 1.1855 (1.1855)  loss_bbox_aux_0: 0.4210 (0.4210)  loss_giou_aux_0: 0.9944 (0.9944)  loss_fgl_aux_0: 0.9365 (0.9365)  loss_ddf_aux_0: 0.0168 (0.0168)  loss_mal_aux_1: 1.1543 (1.1543)  loss_bbox_aux_1: 0.4009 (0.4009)  loss_giou_aux_1: 0.9817 (0.9817)  loss_fgl_aux_1: 0.9250 (0.9250)  loss_ddf_aux_1: 0.0013 (0.0013)  loss_mal_pre: 1.1895 (1.1895)  loss_bbox_pre: 0.4184 (0.4184)  loss_giou_pre: 0.9927 (0.9927)  loss_mal_enc_0: 1.1592 (1.1592)  loss_bbox_enc_0: 0.4260 (0.4260)  loss_giou_enc_0: 1.0119 (1.0119)  loss_mal_dn_0: 0.7642 (0.7642)  loss_bbox_dn_0: 0.4271 (0.4271)  loss_giou_dn_0: 0.9308 (0.9308)  loss_fgl_dn_0: 1.0305 (1.0305)  loss_ddf_dn_0: 0.0869 (0.0869)  loss_mal_dn_1: 0.7578 (0.7578)  loss_bbox_dn_1: 0.3716 (0.3716)  loss_giou_dn_1: 0.8453 (0.8453)  loss_fgl_dn_1: 1.0351 (1.0351)  loss_ddf_dn_1: 0.0068 (0.0068)  loss_mal_dn_2: 0.7534 (0.7534)  loss_bbox_dn_2: 0.3693 (0.3693)  loss_giou_dn_2: 0.8421 (0.8421)  loss_fgl_dn_2: 1.0341 (1.0341)  loss_mal_dn_pre: 0.7642 (0.7642)  loss_bbox_dn_pre: 0.4297 (0.4297)  loss_giou_dn_pre: 0.9297 (0.9297)  time: 3.5710  data: 2.9743  max mem: 8134
Epoch: [16]  [196/197]  eta: 0:00:00  lr: 0.000400  loss: 25.8357 (25.4535)  loss_mal: 1.0742 (1.0675)  loss_bbox: 0.3468 (0.3337)  loss_giou: 0.9512 (0.8929)  loss_fgl: 0.9454 (1.0035)  loss_mal_aux_0: 1.1074 (1.1058)  loss_bbox_aux_0: 0.3493 (0.3402)  loss_giou_aux_0: 0.9627 (0.9077)  loss_fgl_aux_0: 0.9524 (1.0100)  loss_ddf_aux_0: 0.0179 (0.0219)  loss_mal_aux_1: 1.0977 (1.0841)  loss_bbox_aux_1: 0.3454 (0.3343)  loss_giou_aux_1: 0.9546 (0.8939)  loss_fgl_aux_1: 0.9452 (1.0034)  loss_ddf_aux_1: 0.0014 (0.0015)  loss_mal_pre: 1.1016 (1.1060)  loss_bbox_pre: 0.3477 (0.3409)  loss_giou_pre: 0.9594 (0.9063)  loss_mal_enc_0: 1.1104 (1.1183)  loss_bbox_enc_0: 0.3682 (0.3559)  loss_giou_enc_0: 0.9806 (0.9404)  loss_mal_dn_0: 0.7627 (0.7652)  loss_bbox_dn_0: 0.3293 (0.3279)  loss_giou_dn_0: 0.8881 (0.8406)  loss_fgl_dn_0: 1.0383 (1.0776)  loss_ddf_dn_0: 0.0904 (0.1012)  loss_mal_dn_1: 0.7476 (0.7410)  loss_bbox_dn_1: 0.2710 (0.2741)  loss_giou_dn_1: 0.7939 (0.7344)  loss_fgl_dn_1: 1.0550 (1.0762)  loss_ddf_dn_1: 0.0066 (0.0067)  loss_mal_dn_2: 0.7422 (0.7345)  loss_bbox_dn_2: 0.2633 (0.2697)  loss_giou_dn_2: 0.7867 (0.7261)  loss_fgl_dn_2: 1.0573 (1.0772)  loss_mal_dn_pre: 0.7632 (0.7650)  loss_bbox_dn_pre: 0.3305 (0.3287)  loss_giou_dn_pre: 0.8862 (0.8393)  time: 0.4809  data: 0.0523  max mem: 8134
Epoch: [16] Total time: 0:01:45 (0.5363 s / it)
Averaged stats: lr: 0.000400  loss: 25.8357 (25.4535)  loss_mal: 1.0742 (1.0675)  loss_bbox: 0.3468 (0.3337)  loss_giou: 0.9512 (0.8929)  loss_fgl: 0.9454 (1.0035)  loss_mal_aux_0: 1.1074 (1.1058)  loss_bbox_aux_0: 0.3493 (0.3402)  loss_giou_aux_0: 0.9627 (0.9077)  loss_fgl_aux_0: 0.9524 (1.0100)  loss_ddf_aux_0: 0.0179 (0.0219)  loss_mal_aux_1: 1.0977 (1.0841)  loss_bbox_aux_1: 0.3454 (0.3343)  loss_giou_aux_1: 0.9546 (0.8939)  loss_fgl_aux_1: 0.9452 (1.0034)  loss_ddf_aux_1: 0.0014 (0.0015)  loss_mal_pre: 1.1016 (1.1060)  loss_bbox_pre: 0.3477 (0.3409)  loss_giou_pre: 0.9594 (0.9063)  loss_mal_enc_0: 1.1104 (1.1183)  loss_bbox_enc_0: 0.3682 (0.3559)  loss_giou_enc_0: 0.9806 (0.9404)  loss_mal_dn_0: 0.7627 (0.7652)  loss_bbox_dn_0: 0.3293 (0.3279)  loss_giou_dn_0: 0.8881 (0.8406)  loss_fgl_dn_0: 1.0383 (1.0776)  loss_ddf_dn_0: 0.0904 (0.1012)  loss_mal_dn_1: 0.7476 (0.7410)  loss_bbox_dn_1: 0.2710 (0.2741)  loss_giou_dn_1: 0.7939 (0.7344)  loss_fgl_dn_1: 1.0550 (1.0762)  loss_ddf_dn_1: 0.0066 (0.0067)  loss_mal_dn_2: 0.7422 (0.7345)  loss_bbox_dn_2: 0.2633 (0.2697)  loss_giou_dn_2: 0.7867 (0.7261)  loss_fgl_dn_2: 1.0573 (1.0772)  loss_mal_dn_pre: 0.7632 (0.7650)  loss_bbox_dn_pre: 0.3305 (0.3287)  loss_giou_dn_pre: 0.8862 (0.8393)
Test:  [ 0/13]  eta: 0:00:35    time: 2.7612  data: 2.3766  max mem: 8134
Test:  [10/13]  eta: 0:00:01    time: 0.5773  data: 0.3009  max mem: 8134
Test:  [12/13]  eta: 0:00:00    time: 0.5305  data: 0.2682  max mem: 8134
Test: Total time: 0:00:06 (0.5373 s / it)
Averaged stats: 
Accumulating evaluation results...
COCOeval_opt.accumulate() finished...
DONE (t=0.36s).
IoU metric: bbox
 Average Precision  (AP) @[ IoU=0.50:0.95 | area=   all | maxDets=100 ] = 0.205
 Average Precision  (AP) @[ IoU=0.50      | area=   all | maxDets=100 ] = 0.458
 Average Precision  (AP) @[ IoU=0.75      | area=   all | maxDets=100 ] = 0.160
 Average Precision  (AP) @[ IoU=0.50:0.95 | area= small | maxDets=100 ] = 0.080
 Average Precision  (AP) @[ IoU=0.50:0.95 | area=medium | maxDets=100 ] = 0.163
 Average Precision  (AP) @[ IoU=0.50:0.95 | area= large | maxDets=100 ] = 0.239
 Average Recall     (AR) @[ IoU=0.50:0.95 | area=   all | maxDets=  1 ] = 0.217
 Average Recall     (AR) @[ IoU=0.50:0.95 | area=   all | maxDets= 10 ] = 0.421
 Average Recall     (AR) @[ IoU=0.50:0.95 | area=   all | maxDets=100 ] = 0.497
 Average Recall     (AR) @[ IoU=0.50:0.95 | area= small | maxDets=100 ] = 0.268
 Average Recall     (AR) @[ IoU=0.50:0.95 | area=medium | maxDets=100 ] = 0.464
 Average Recall     (AR) @[ IoU=0.50:0.95 | area= large | maxDets=100 ] = 0.568
 Average Recall     (AR) @[ IoU=0.50      | area=   all | maxDets=100 ] = 0.924
 Average Recall     (AR) @[ IoU=0.75      | area=   all | maxDets=100 ] = 0.468
best_stat: {'epoch': 16, 'coco_eval_bbox': 0.20539919333823037}
Epoch: [17]  [  0/197]  eta: 0:11:09  lr: 0.000400  loss: 26.4339 (26.4339)  loss_mal: 1.0293 (1.0293)  loss_bbox: 0.4217 (0.4217)  loss_giou: 1.0484 (1.0484)  loss_fgl: 0.9234 (0.9234)  loss_mal_aux_0: 1.0615 (1.0615)  loss_bbox_aux_0: 0.4277 (0.4277)  loss_giou_aux_0: 1.0614 (1.0614)  loss_fgl_aux_0: 0.9282 (0.9282)  loss_ddf_aux_0: 0.0144 (0.0144)  loss_mal_aux_1: 1.0459 (1.0459)  loss_bbox_aux_1: 0.4232 (0.4232)  loss_giou_aux_1: 1.0505 (1.0505)  loss_fgl_aux_1: 0.9231 (0.9231)  loss_ddf_aux_1: 0.0011 (0.0011)  loss_mal_pre: 1.0596 (1.0596)  loss_bbox_pre: 0.4276 (0.4276)  loss_giou_pre: 1.0596 (1.0596)  loss_mal_enc_0: 1.0635 (1.0635)  loss_bbox_enc_0: 0.4443 (0.4443)  loss_giou_enc_0: 1.0950 (1.0950)  loss_mal_dn_0: 0.7485 (0.7485)  loss_bbox_dn_0: 0.3406 (0.3406)  loss_giou_dn_0: 0.9044 (0.9044)  loss_fgl_dn_0: 1.0573 (1.0573)  loss_ddf_dn_0: 0.0998 (0.0998)  loss_mal_dn_1: 0.7432 (0.7432)  loss_bbox_dn_1: 0.2903 (0.2903)  loss_giou_dn_1: 0.8027 (0.8027)  loss_fgl_dn_1: 1.0577 (1.0577)  loss_ddf_dn_1: 0.0071 (0.0071)  loss_mal_dn_2: 0.7368 (0.7368)  loss_bbox_dn_2: 0.2867 (0.2867)  loss_giou_dn_2: 0.7943 (0.7943)  loss_fgl_dn_2: 1.0587 (1.0587)  loss_mal_dn_pre: 0.7495 (0.7495)  loss_bbox_dn_pre: 0.3434 (0.3434)  loss_giou_dn_pre: 0.9033 (0.9033)  time: 3.4000  data: 2.7325  max mem: 8134
Epoch: [17]  [196/197]  eta: 0:00:00  lr: 0.000400  loss: 25.6412 (25.6621)  loss_mal: 1.0742 (1.0689)  loss_bbox: 0.3579 (0.3461)  loss_giou: 0.9078 (0.9136)  loss_fgl: 0.9800 (0.9947)  loss_mal_aux_0: 1.1045 (1.0975)  loss_bbox_aux_0: 0.3623 (0.3526)  loss_giou_aux_0: 0.9219 (0.9296)  loss_fgl_aux_0: 0.9855 (1.0014)  loss_ddf_aux_0: 0.0226 (0.0229)  loss_mal_aux_1: 1.0811 (1.0826)  loss_bbox_aux_1: 0.3597 (0.3466)  loss_giou_aux_1: 0.9058 (0.9151)  loss_fgl_aux_1: 0.9791 (0.9946)  loss_ddf_aux_1: 0.0014 (0.0017)  loss_mal_pre: 1.1064 (1.0972)  loss_bbox_pre: 0.3625 (0.3531)  loss_giou_pre: 0.9184 (0.9282)  loss_mal_enc_0: 1.1025 (1.1035)  loss_bbox_enc_0: 0.3700 (0.3669)  loss_giou_enc_0: 0.9467 (0.9598)  loss_mal_dn_0: 0.7554 (0.7632)  loss_bbox_dn_0: 0.3352 (0.3396)  loss_giou_dn_0: 0.8788 (0.8565)  loss_fgl_dn_0: 1.0563 (1.0721)  loss_ddf_dn_0: 0.0938 (0.1031)  loss_mal_dn_1: 0.7378 (0.7423)  loss_bbox_dn_1: 0.2901 (0.2858)  loss_giou_dn_1: 0.7816 (0.7521)  loss_fgl_dn_1: 1.0608 (1.0717)  loss_ddf_dn_1: 0.0063 (0.0075)  loss_mal_dn_2: 0.7344 (0.7359)  loss_bbox_dn_2: 0.2854 (0.2812)  loss_giou_dn_2: 0.7756 (0.7426)  loss_fgl_dn_2: 1.0625 (1.0731)  loss_mal_dn_pre: 0.7563 (0.7630)  loss_bbox_dn_pre: 0.3354 (0.3404)  loss_giou_dn_pre: 0.8795 (0.8554)  time: 0.4705  data: 0.0407  max mem: 8134
Epoch: [17] Total time: 0:01:47 (0.5436 s / it)
Averaged stats: lr: 0.000400  loss: 25.6412 (25.6621)  loss_mal: 1.0742 (1.0689)  loss_bbox: 0.3579 (0.3461)  loss_giou: 0.9078 (0.9136)  loss_fgl: 0.9800 (0.9947)  loss_mal_aux_0: 1.1045 (1.0975)  loss_bbox_aux_0: 0.3623 (0.3526)  loss_giou_aux_0: 0.9219 (0.9296)  loss_fgl_aux_0: 0.9855 (1.0014)  loss_ddf_aux_0: 0.0226 (0.0229)  loss_mal_aux_1: 1.0811 (1.0826)  loss_bbox_aux_1: 0.3597 (0.3466)  loss_giou_aux_1: 0.9058 (0.9151)  loss_fgl_aux_1: 0.9791 (0.9946)  loss_ddf_aux_1: 0.0014 (0.0017)  loss_mal_pre: 1.1064 (1.0972)  loss_bbox_pre: 0.3625 (0.3531)  loss_giou_pre: 0.9184 (0.9282)  loss_mal_enc_0: 1.1025 (1.1035)  loss_bbox_enc_0: 0.3700 (0.3669)  loss_giou_enc_0: 0.9467 (0.9598)  loss_mal_dn_0: 0.7554 (0.7632)  loss_bbox_dn_0: 0.3352 (0.3396)  loss_giou_dn_0: 0.8788 (0.8565)  loss_fgl_dn_0: 1.0563 (1.0721)  loss_ddf_dn_0: 0.0938 (0.1031)  loss_mal_dn_1: 0.7378 (0.7423)  loss_bbox_dn_1: 0.2901 (0.2858)  loss_giou_dn_1: 0.7816 (0.7521)  loss_fgl_dn_1: 1.0608 (1.0717)  loss_ddf_dn_1: 0.0063 (0.0075)  loss_mal_dn_2: 0.7344 (0.7359)  loss_bbox_dn_2: 0.2854 (0.2812)  loss_giou_dn_2: 0.7756 (0.7426)  loss_fgl_dn_2: 1.0625 (1.0731)  loss_mal_dn_pre: 0.7563 (0.7630)  loss_bbox_dn_pre: 0.3354 (0.3404)  loss_giou_dn_pre: 0.8795 (0.8554)
Test:  [ 0/13]  eta: 0:00:41    time: 3.2145  data: 2.8332  max mem: 8134
Test:  [10/13]  eta: 0:00:01    time: 0.5997  data: 0.3299  max mem: 8134
Test:  [12/13]  eta: 0:00:00    time: 0.5495  data: 0.2927  max mem: 8134
Test: Total time: 0:00:07 (0.5565 s / it)
Averaged stats: 
Accumulating evaluation results...
COCOeval_opt.accumulate() finished...
DONE (t=0.30s).
IoU metric: bbox
 Average Precision  (AP) @[ IoU=0.50:0.95 | area=   all | maxDets=100 ] = 0.209
 Average Precision  (AP) @[ IoU=0.50      | area=   all | maxDets=100 ] = 0.461
 Average Precision  (AP) @[ IoU=0.75      | area=   all | maxDets=100 ] = 0.167
 Average Precision  (AP) @[ IoU=0.50:0.95 | area= small | maxDets=100 ] = 0.084
 Average Precision  (AP) @[ IoU=0.50:0.95 | area=medium | maxDets=100 ] = 0.172
 Average Precision  (AP) @[ IoU=0.50:0.95 | area= large | maxDets=100 ] = 0.232
 Average Recall     (AR) @[ IoU=0.50:0.95 | area=   all | maxDets=  1 ] = 0.220
 Average Recall     (AR) @[ IoU=0.50:0.95 | area=   all | maxDets= 10 ] = 0.419
 Average Recall     (AR) @[ IoU=0.50:0.95 | area=   all | maxDets=100 ] = 0.502
 Average Recall     (AR) @[ IoU=0.50:0.95 | area= small | maxDets=100 ] = 0.267
 Average Recall     (AR) @[ IoU=0.50:0.95 | area=medium | maxDets=100 ] = 0.470
 Average Recall     (AR) @[ IoU=0.50:0.95 | area= large | maxDets=100 ] = 0.597
 Average Recall     (AR) @[ IoU=0.50      | area=   all | maxDets=100 ] = 0.924
 Average Recall     (AR) @[ IoU=0.75      | area=   all | maxDets=100 ] = 0.480
best_stat: {'epoch': 17, 'coco_eval_bbox': 0.20949765831023995}
Epoch: [18]  [  0/197]  eta: 0:09:53  lr: 0.000400  loss: 23.5896 (23.5896)  loss_mal: 1.1406 (1.1406)  loss_bbox: 0.2195 (0.2195)  loss_giou: 0.6498 (0.6498)  loss_fgl: 1.0892 (1.0892)  loss_mal_aux_0: 1.2236 (1.2236)  loss_bbox_aux_0: 0.2238 (0.2238)  loss_giou_aux_0: 0.6661 (0.6661)  loss_fgl_aux_0: 1.1011 (1.1011)  loss_ddf_aux_0: 0.0205 (0.0205)  loss_mal_aux_1: 1.1621 (1.1621)  loss_bbox_aux_1: 0.2187 (0.2187)  loss_giou_aux_1: 0.6466 (0.6466)  loss_fgl_aux_1: 1.0896 (1.0896)  loss_ddf_aux_1: 0.0013 (0.0013)  loss_mal_pre: 1.2109 (1.2109)  loss_bbox_pre: 0.2242 (0.2242)  loss_giou_pre: 0.6654 (0.6654)  loss_mal_enc_0: 1.2607 (1.2607)  loss_bbox_enc_0: 0.2282 (0.2282)  loss_giou_enc_0: 0.6892 (0.6892)  loss_mal_dn_0: 0.7622 (0.7622)  loss_bbox_dn_0: 0.2618 (0.2618)  loss_giou_dn_0: 0.7056 (0.7056)  loss_fgl_dn_0: 1.1122 (1.1122)  loss_ddf_dn_0: 0.1070 (0.1070)  loss_mal_dn_1: 0.7051 (0.7051)  loss_bbox_dn_1: 0.2139 (0.2139)  loss_giou_dn_1: 0.5928 (0.5928)  loss_fgl_dn_1: 1.0867 (1.0867)  loss_ddf_dn_1: 0.0061 (0.0061)  loss_mal_dn_2: 0.6973 (0.6973)  loss_bbox_dn_2: 0.2083 (0.2083)  loss_giou_dn_2: 0.5814 (0.5814)  loss_fgl_dn_2: 1.0879 (1.0879)  loss_mal_dn_pre: 0.7598 (0.7598)  loss_bbox_dn_pre: 0.2638 (0.2638)  loss_giou_dn_pre: 0.7064 (0.7064)  time: 3.0126  data: 2.4678  max mem: 8134
Epoch: [18]  [196/197]  eta: 0:00:00  lr: 0.000400  loss: 24.9837 (25.5622)  loss_mal: 1.0273 (1.0604)  loss_bbox: 0.3343 (0.3443)  loss_giou: 0.8829 (0.9092)  loss_fgl: 0.9461 (0.9956)  loss_mal_aux_0: 1.0566 (1.0911)  loss_bbox_aux_0: 0.3399 (0.3513)  loss_giou_aux_0: 0.9050 (0.9241)  loss_fgl_aux_0: 0.9457 (1.0031)  loss_ddf_aux_0: 0.0206 (0.0232)  loss_mal_aux_1: 1.0488 (1.0699)  loss_bbox_aux_1: 0.3331 (0.3452)  loss_giou_aux_1: 0.8839 (0.9109)  loss_fgl_aux_1: 0.9442 (0.9954)  loss_ddf_aux_1: 0.0020 (0.0021)  loss_mal_pre: 1.0605 (1.0895)  loss_bbox_pre: 0.3410 (0.3516)  loss_giou_pre: 0.9046 (0.9227)  loss_mal_enc_0: 1.0684 (1.1014)  loss_bbox_enc_0: 0.3530 (0.3644)  loss_giou_enc_0: 0.9574 (0.9527)  loss_mal_dn_0: 0.7568 (0.7626)  loss_bbox_dn_0: 0.3197 (0.3362)  loss_giou_dn_0: 0.8030 (0.8494)  loss_fgl_dn_0: 1.0427 (1.0754)  loss_ddf_dn_0: 0.0963 (0.1054)  loss_mal_dn_1: 0.7446 (0.7402)  loss_bbox_dn_1: 0.2610 (0.2845)  loss_giou_dn_1: 0.6843 (0.7471)  loss_fgl_dn_1: 1.0542 (1.0728)  loss_ddf_dn_1: 0.0069 (0.0081)  loss_mal_dn_2: 0.7363 (0.7341)  loss_bbox_dn_2: 0.2571 (0.2794)  loss_giou_dn_2: 0.6731 (0.7373)  loss_fgl_dn_2: 1.0539 (1.0741)  loss_mal_dn_pre: 0.7559 (0.7624)  loss_bbox_dn_pre: 0.3237 (0.3368)  loss_giou_dn_pre: 0.8020 (0.8482)  time: 0.5058  data: 0.0494  max mem: 8182
Epoch: [18] Total time: 0:01:49 (0.5538 s / it)
Averaged stats: lr: 0.000400  loss: 24.9837 (25.5622)  loss_mal: 1.0273 (1.0604)  loss_bbox: 0.3343 (0.3443)  loss_giou: 0.8829 (0.9092)  loss_fgl: 0.9461 (0.9956)  loss_mal_aux_0: 1.0566 (1.0911)  loss_bbox_aux_0: 0.3399 (0.3513)  loss_giou_aux_0: 0.9050 (0.9241)  loss_fgl_aux_0: 0.9457 (1.0031)  loss_ddf_aux_0: 0.0206 (0.0232)  loss_mal_aux_1: 1.0488 (1.0699)  loss_bbox_aux_1: 0.3331 (0.3452)  loss_giou_aux_1: 0.8839 (0.9109)  loss_fgl_aux_1: 0.9442 (0.9954)  loss_ddf_aux_1: 0.0020 (0.0021)  loss_mal_pre: 1.0605 (1.0895)  loss_bbox_pre: 0.3410 (0.3516)  loss_giou_pre: 0.9046 (0.9227)  loss_mal_enc_0: 1.0684 (1.1014)  loss_bbox_enc_0: 0.3530 (0.3644)  loss_giou_enc_0: 0.9574 (0.9527)  loss_mal_dn_0: 0.7568 (0.7626)  loss_bbox_dn_0: 0.3197 (0.3362)  loss_giou_dn_0: 0.8030 (0.8494)  loss_fgl_dn_0: 1.0427 (1.0754)  loss_ddf_dn_0: 0.0963 (0.1054)  loss_mal_dn_1: 0.7446 (0.7402)  loss_bbox_dn_1: 0.2610 (0.2845)  loss_giou_dn_1: 0.6843 (0.7471)  loss_fgl_dn_1: 1.0542 (1.0728)  loss_ddf_dn_1: 0.0069 (0.0081)  loss_mal_dn_2: 0.7363 (0.7341)  loss_bbox_dn_2: 0.2571 (0.2794)  loss_giou_dn_2: 0.6731 (0.7373)  loss_fgl_dn_2: 1.0539 (1.0741)  loss_mal_dn_pre: 0.7559 (0.7624)  loss_bbox_dn_pre: 0.3237 (0.3368)  loss_giou_dn_pre: 0.8020 (0.8482)
Test:  [ 0/13]  eta: 0:00:41    time: 3.1802  data: 2.8009  max mem: 8182
Test:  [10/13]  eta: 0:00:01    time: 0.6036  data: 0.3275  max mem: 8182
Test:  [12/13]  eta: 0:00:00    time: 0.5384  data: 0.2833  max mem: 8182
Test: Total time: 0:00:07 (0.5440 s / it)
Averaged stats: 
Accumulating evaluation results...
COCOeval_opt.accumulate() finished...
DONE (t=0.30s).
IoU metric: bbox
 Average Precision  (AP) @[ IoU=0.50:0.95 | area=   all | maxDets=100 ] = 0.214
 Average Precision  (AP) @[ IoU=0.50      | area=   all | maxDets=100 ] = 0.470
 Average Precision  (AP) @[ IoU=0.75      | area=   all | maxDets=100 ] = 0.171
 Average Precision  (AP) @[ IoU=0.50:0.95 | area= small | maxDets=100 ] = 0.086
 Average Precision  (AP) @[ IoU=0.50:0.95 | area=medium | maxDets=100 ] = 0.173
 Average Precision  (AP) @[ IoU=0.50:0.95 | area= large | maxDets=100 ] = 0.249
 Average Recall     (AR) @[ IoU=0.50:0.95 | area=   all | maxDets=  1 ] = 0.222
 Average Recall     (AR) @[ IoU=0.50:0.95 | area=   all | maxDets= 10 ] = 0.431
 Average Recall     (AR) @[ IoU=0.50:0.95 | area=   all | maxDets=100 ] = 0.508
 Average Recall     (AR) @[ IoU=0.50:0.95 | area= small | maxDets=100 ] = 0.263
 Average Recall     (AR) @[ IoU=0.50:0.95 | area=medium | maxDets=100 ] = 0.476
 Average Recall     (AR) @[ IoU=0.50:0.95 | area= large | maxDets=100 ] = 0.586
 Average Recall     (AR) @[ IoU=0.50      | area=   all | maxDets=100 ] = 0.932
 Average Recall     (AR) @[ IoU=0.75      | area=   all | maxDets=100 ] = 0.496
best_stat: {'epoch': 18, 'coco_eval_bbox': 0.21387027619532764}
Epoch: [19]  [  0/197]  eta: 0:11:58  lr: 0.000400  loss: 26.2338 (26.2338)  loss_mal: 1.0068 (1.0068)  loss_bbox: 0.4077 (0.4077)  loss_giou: 1.0470 (1.0470)  loss_fgl: 0.8930 (0.8930)  loss_mal_aux_0: 1.0186 (1.0186)  loss_bbox_aux_0: 0.4150 (0.4150)  loss_giou_aux_0: 1.0707 (1.0707)  loss_fgl_aux_0: 0.8909 (0.8909)  loss_ddf_aux_0: 0.0220 (0.0220)  loss_mal_aux_1: 1.0254 (1.0254)  loss_bbox_aux_1: 0.4089 (0.4089)  loss_giou_aux_1: 1.0495 (1.0495)  loss_fgl_aux_1: 0.8907 (0.8907)  loss_ddf_aux_1: 0.0017 (0.0017)  loss_mal_pre: 1.0176 (1.0176)  loss_bbox_pre: 0.4126 (0.4126)  loss_giou_pre: 1.0679 (1.0679)  loss_mal_enc_0: 1.0195 (1.0195)  loss_bbox_enc_0: 0.4240 (0.4240)  loss_giou_enc_0: 1.0945 (1.0945)  loss_mal_dn_0: 0.7720 (0.7720)  loss_bbox_dn_0: 0.3355 (0.3355)  loss_giou_dn_0: 0.9337 (0.9337)  loss_fgl_dn_0: 1.0389 (1.0389)  loss_ddf_dn_0: 0.0868 (0.0868)  loss_mal_dn_1: 0.7690 (0.7690)  loss_bbox_dn_1: 0.2836 (0.2836)  loss_giou_dn_1: 0.8250 (0.8250)  loss_fgl_dn_1: 1.0490 (1.0490)  loss_ddf_dn_1: 0.0051 (0.0051)  loss_mal_dn_2: 0.7617 (0.7617)  loss_bbox_dn_2: 0.2817 (0.2817)  loss_giou_dn_2: 0.8204 (0.8204)  loss_fgl_dn_2: 1.0502 (1.0502)  loss_mal_dn_pre: 0.7720 (0.7720)  loss_bbox_dn_pre: 0.3344 (0.3344)  loss_giou_dn_pre: 0.9308 (0.9308)  time: 3.6465  data: 2.9701  max mem: 8182
Epoch: [19]  [196/197]  eta: 0:00:00  lr: 0.000400  loss: 24.8389 (25.6597)  loss_mal: 1.0654 (1.0707)  loss_bbox: 0.2979 (0.3445)  loss_giou: 0.8156 (0.9152)  loss_fgl: 1.0193 (0.9962)  loss_mal_aux_0: 1.0850 (1.0992)  loss_bbox_aux_0: 0.3008 (0.3514)  loss_giou_aux_0: 0.8258 (0.9302)  loss_fgl_aux_0: 1.0273 (1.0028)  loss_ddf_aux_0: 0.0180 (0.0220)  loss_mal_aux_1: 1.0615 (1.0807)  loss_bbox_aux_1: 0.2968 (0.3453)  loss_giou_aux_1: 0.8146 (0.9164)  loss_fgl_aux_1: 1.0205 (0.9960)  loss_ddf_aux_1: 0.0012 (0.0018)  loss_mal_pre: 1.0811 (1.0986)  loss_bbox_pre: 0.3027 (0.3522)  loss_giou_pre: 0.8228 (0.9288)  loss_mal_enc_0: 1.1270 (1.1072)  loss_bbox_enc_0: 0.3254 (0.3658)  loss_giou_enc_0: 0.8661 (0.9588)  loss_mal_dn_0: 0.7651 (0.7635)  loss_bbox_dn_0: 0.3143 (0.3354)  loss_giou_dn_0: 0.7829 (0.8579)  loss_fgl_dn_0: 1.0812 (1.0732)  loss_ddf_dn_0: 0.0975 (0.1033)  loss_mal_dn_1: 0.7324 (0.7426)  loss_bbox_dn_1: 0.2632 (0.2816)  loss_giou_dn_1: 0.6649 (0.7512)  loss_fgl_dn_1: 1.0723 (1.0736)  loss_ddf_dn_1: 0.0050 (0.0073)  loss_mal_dn_2: 0.7280 (0.7365)  loss_bbox_dn_2: 0.2571 (0.2767)  loss_giou_dn_2: 0.6569 (0.7423)  loss_fgl_dn_2: 1.0724 (1.0748)  loss_mal_dn_pre: 0.7656 (0.7633)  loss_bbox_dn_pre: 0.3182 (0.3361)  loss_giou_dn_pre: 0.7803 (0.8566)  time: 0.4804  data: 0.0423  max mem: 8182
Epoch: [19] Total time: 0:01:47 (0.5448 s / it)
Averaged stats: lr: 0.000400  loss: 24.8389 (25.6597)  loss_mal: 1.0654 (1.0707)  loss_bbox: 0.2979 (0.3445)  loss_giou: 0.8156 (0.9152)  loss_fgl: 1.0193 (0.9962)  loss_mal_aux_0: 1.0850 (1.0992)  loss_bbox_aux_0: 0.3008 (0.3514)  loss_giou_aux_0: 0.8258 (0.9302)  loss_fgl_aux_0: 1.0273 (1.0028)  loss_ddf_aux_0: 0.0180 (0.0220)  loss_mal_aux_1: 1.0615 (1.0807)  loss_bbox_aux_1: 0.2968 (0.3453)  loss_giou_aux_1: 0.8146 (0.9164)  loss_fgl_aux_1: 1.0205 (0.9960)  loss_ddf_aux_1: 0.0012 (0.0018)  loss_mal_pre: 1.0811 (1.0986)  loss_bbox_pre: 0.3027 (0.3522)  loss_giou_pre: 0.8228 (0.9288)  loss_mal_enc_0: 1.1270 (1.1072)  loss_bbox_enc_0: 0.3254 (0.3658)  loss_giou_enc_0: 0.8661 (0.9588)  loss_mal_dn_0: 0.7651 (0.7635)  loss_bbox_dn_0: 0.3143 (0.3354)  loss_giou_dn_0: 0.7829 (0.8579)  loss_fgl_dn_0: 1.0812 (1.0732)  loss_ddf_dn_0: 0.0975 (0.1033)  loss_mal_dn_1: 0.7324 (0.7426)  loss_bbox_dn_1: 0.2632 (0.2816)  loss_giou_dn_1: 0.6649 (0.7512)  loss_fgl_dn_1: 1.0723 (1.0736)  loss_ddf_dn_1: 0.0050 (0.0073)  loss_mal_dn_2: 0.7280 (0.7365)  loss_bbox_dn_2: 0.2571 (0.2767)  loss_giou_dn_2: 0.6569 (0.7423)  loss_fgl_dn_2: 1.0724 (1.0748)  loss_mal_dn_pre: 0.7656 (0.7633)  loss_bbox_dn_pre: 0.3182 (0.3361)  loss_giou_dn_pre: 0.7803 (0.8566)
Test:  [ 0/13]  eta: 0:00:42    time: 3.2391  data: 2.8703  max mem: 8182
Test:  [10/13]  eta: 0:00:01    time: 0.6249  data: 0.3467  max mem: 8182
Test:  [12/13]  eta: 0:00:00    time: 0.5631  data: 0.2997  max mem: 8182
Test: Total time: 0:00:07 (0.5692 s / it)
Averaged stats: 
Accumulating evaluation results...
COCOeval_opt.accumulate() finished...
DONE (t=0.32s).
IoU metric: bbox
 Average Precision  (AP) @[ IoU=0.50:0.95 | area=   all | maxDets=100 ] = 0.209
 Average Precision  (AP) @[ IoU=0.50      | area=   all | maxDets=100 ] = 0.460
 Average Precision  (AP) @[ IoU=0.75      | area=   all | maxDets=100 ] = 0.163
 Average Precision  (AP) @[ IoU=0.50:0.95 | area= small | maxDets=100 ] = 0.084
 Average Precision  (AP) @[ IoU=0.50:0.95 | area=medium | maxDets=100 ] = 0.165
 Average Precision  (AP) @[ IoU=0.50:0.95 | area= large | maxDets=100 ] = 0.251
 Average Recall     (AR) @[ IoU=0.50:0.95 | area=   all | maxDets=  1 ] = 0.224
 Average Recall     (AR) @[ IoU=0.50:0.95 | area=   all | maxDets= 10 ] = 0.428
 Average Recall     (AR) @[ IoU=0.50:0.95 | area=   all | maxDets=100 ] = 0.505
 Average Recall     (AR) @[ IoU=0.50:0.95 | area= small | maxDets=100 ] = 0.244
 Average Recall     (AR) @[ IoU=0.50:0.95 | area=medium | maxDets=100 ] = 0.473
 Average Recall     (AR) @[ IoU=0.50:0.95 | area= large | maxDets=100 ] = 0.591
 Average Recall     (AR) @[ IoU=0.50      | area=   all | maxDets=100 ] = 0.926
 Average Recall     (AR) @[ IoU=0.75      | area=   all | maxDets=100 ] = 0.493
best_stat: {'epoch': 18, 'coco_eval_bbox': 0.21387027619532764}
Epoch: [20]  [  0/197]  eta: 0:09:28  lr: 0.000400  loss: 25.3627 (25.3627)  loss_mal: 1.2305 (1.2305)  loss_bbox: 0.2535 (0.2535)  loss_giou: 0.7384 (0.7384)  loss_fgl: 1.0983 (1.0983)  loss_mal_aux_0: 1.3438 (1.3438)  loss_bbox_aux_0: 0.2615 (0.2615)  loss_giou_aux_0: 0.7589 (0.7589)  loss_fgl_aux_0: 1.1101 (1.1101)  loss_ddf_aux_0: 0.0169 (0.0169)  loss_mal_aux_1: 1.2891 (1.2891)  loss_bbox_aux_1: 0.2536 (0.2536)  loss_giou_aux_1: 0.7363 (0.7363)  loss_fgl_aux_1: 1.1007 (1.1007)  loss_ddf_aux_1: 0.0011 (0.0011)  loss_mal_pre: 1.3398 (1.3398)  loss_bbox_pre: 0.2612 (0.2612)  loss_giou_pre: 0.7584 (0.7584)  loss_mal_enc_0: 1.2910 (1.2910)  loss_bbox_enc_0: 0.2814 (0.2814)  loss_giou_enc_0: 0.8029 (0.8029)  loss_mal_dn_0: 0.7842 (0.7842)  loss_bbox_dn_0: 0.3003 (0.3003)  loss_giou_dn_0: 0.7657 (0.7657)  loss_fgl_dn_0: 1.1364 (1.1364)  loss_ddf_dn_0: 0.0780 (0.0780)  loss_mal_dn_1: 0.7485 (0.7485)  loss_bbox_dn_1: 0.2356 (0.2356)  loss_giou_dn_1: 0.6561 (0.6561)  loss_fgl_dn_1: 1.1322 (1.1322)  loss_ddf_dn_1: 0.0043 (0.0043)  loss_mal_dn_2: 0.7378 (0.7378)  loss_bbox_dn_2: 0.2291 (0.2291)  loss_giou_dn_2: 0.6440 (0.6440)  loss_fgl_dn_2: 1.1335 (1.1335)  loss_mal_dn_pre: 0.7832 (0.7832)  loss_bbox_dn_pre: 0.3029 (0.3029)  loss_giou_dn_pre: 0.7636 (0.7636)  time: 2.8874  data: 2.3117  max mem: 8182
Epoch: [20]  [196/197]  eta: 0:00:00  lr: 0.000400  loss: 24.9244 (25.3518)  loss_mal: 1.0645 (1.0705)  loss_bbox: 0.2884 (0.3302)  loss_giou: 0.7835 (0.8891)  loss_fgl: 1.0129 (1.0056)  loss_mal_aux_0: 1.1016 (1.0992)  loss_bbox_aux_0: 0.2964 (0.3359)  loss_giou_aux_0: 0.7899 (0.9033)  loss_fgl_aux_0: 1.0178 (1.0116)  loss_ddf_aux_0: 0.0211 (0.0200)  loss_mal_aux_1: 1.0840 (1.0831)  loss_bbox_aux_1: 0.2895 (0.3306)  loss_giou_aux_1: 0.7856 (0.8904)  loss_fgl_aux_1: 1.0129 (1.0054)  loss_ddf_aux_1: 0.0015 (0.0015)  loss_mal_pre: 1.1084 (1.0992)  loss_bbox_pre: 0.2952 (0.3365)  loss_giou_pre: 0.7914 (0.9020)  loss_mal_enc_0: 1.1133 (1.1071)  loss_bbox_enc_0: 0.3099 (0.3499)  loss_giou_enc_0: 0.8180 (0.9338)  loss_mal_dn_0: 0.7705 (0.7646)  loss_bbox_dn_0: 0.2964 (0.3238)  loss_giou_dn_0: 0.7589 (0.8327)  loss_fgl_dn_0: 1.1045 (1.0816)  loss_ddf_dn_0: 0.1058 (0.1045)  loss_mal_dn_1: 0.7407 (0.7395)  loss_bbox_dn_1: 0.2366 (0.2699)  loss_giou_dn_1: 0.6452 (0.7267)  loss_fgl_dn_1: 1.0909 (1.0795)  loss_ddf_dn_1: 0.0063 (0.0071)  loss_mal_dn_2: 0.7305 (0.7328)  loss_bbox_dn_2: 0.2348 (0.2654)  loss_giou_dn_2: 0.6332 (0.7179)  loss_fgl_dn_2: 1.0912 (1.0805)  loss_mal_dn_pre: 0.7705 (0.7643)  loss_bbox_dn_pre: 0.2976 (0.3246)  loss_giou_dn_pre: 0.7574 (0.8315)  time: 0.4862  data: 0.0498  max mem: 8243
Epoch: [20] Total time: 0:01:48 (0.5486 s / it)
Averaged stats: lr: 0.000400  loss: 24.9244 (25.3518)  loss_mal: 1.0645 (1.0705)  loss_bbox: 0.2884 (0.3302)  loss_giou: 0.7835 (0.8891)  loss_fgl: 1.0129 (1.0056)  loss_mal_aux_0: 1.1016 (1.0992)  loss_bbox_aux_0: 0.2964 (0.3359)  loss_giou_aux_0: 0.7899 (0.9033)  loss_fgl_aux_0: 1.0178 (1.0116)  loss_ddf_aux_0: 0.0211 (0.0200)  loss_mal_aux_1: 1.0840 (1.0831)  loss_bbox_aux_1: 0.2895 (0.3306)  loss_giou_aux_1: 0.7856 (0.8904)  loss_fgl_aux_1: 1.0129 (1.0054)  loss_ddf_aux_1: 0.0015 (0.0015)  loss_mal_pre: 1.1084 (1.0992)  loss_bbox_pre: 0.2952 (0.3365)  loss_giou_pre: 0.7914 (0.9020)  loss_mal_enc_0: 1.1133 (1.1071)  loss_bbox_enc_0: 0.3099 (0.3499)  loss_giou_enc_0: 0.8180 (0.9338)  loss_mal_dn_0: 0.7705 (0.7646)  loss_bbox_dn_0: 0.2964 (0.3238)  loss_giou_dn_0: 0.7589 (0.8327)  loss_fgl_dn_0: 1.1045 (1.0816)  loss_ddf_dn_0: 0.1058 (0.1045)  loss_mal_dn_1: 0.7407 (0.7395)  loss_bbox_dn_1: 0.2366 (0.2699)  loss_giou_dn_1: 0.6452 (0.7267)  loss_fgl_dn_1: 1.0909 (1.0795)  loss_ddf_dn_1: 0.0063 (0.0071)  loss_mal_dn_2: 0.7305 (0.7328)  loss_bbox_dn_2: 0.2348 (0.2654)  loss_giou_dn_2: 0.6332 (0.7179)  loss_fgl_dn_2: 1.0912 (1.0805)  loss_mal_dn_pre: 0.7705 (0.7643)  loss_bbox_dn_pre: 0.2976 (0.3246)  loss_giou_dn_pre: 0.7574 (0.8315)
Test:  [ 0/13]  eta: 0:00:39    time: 3.0339  data: 2.6792  max mem: 8243
Test:  [10/13]  eta: 0:00:01    time: 0.6020  data: 0.3291  max mem: 8243
Test:  [12/13]  eta: 0:00:00    time: 0.5441  data: 0.2849  max mem: 8243
Test: Total time: 0:00:07 (0.5512 s / it)
Averaged stats: 
Accumulating evaluation results...
COCOeval_opt.accumulate() finished...
DONE (t=0.32s).
IoU metric: bbox
 Average Precision  (AP) @[ IoU=0.50:0.95 | area=   all | maxDets=100 ] = 0.211
 Average Precision  (AP) @[ IoU=0.50      | area=   all | maxDets=100 ] = 0.458
 Average Precision  (AP) @[ IoU=0.75      | area=   all | maxDets=100 ] = 0.175
 Average Precision  (AP) @[ IoU=0.50:0.95 | area= small | maxDets=100 ] = 0.081
 Average Precision  (AP) @[ IoU=0.50:0.95 | area=medium | maxDets=100 ] = 0.171
 Average Precision  (AP) @[ IoU=0.50:0.95 | area= large | maxDets=100 ] = 0.241
 Average Recall     (AR) @[ IoU=0.50:0.95 | area=   all | maxDets=  1 ] = 0.217
 Average Recall     (AR) @[ IoU=0.50:0.95 | area=   all | maxDets= 10 ] = 0.432
 Average Recall     (AR) @[ IoU=0.50:0.95 | area=   all | maxDets=100 ] = 0.509
 Average Recall     (AR) @[ IoU=0.50:0.95 | area= small | maxDets=100 ] = 0.248
 Average Recall     (AR) @[ IoU=0.50:0.95 | area=medium | maxDets=100 ] = 0.479
 Average Recall     (AR) @[ IoU=0.50:0.95 | area= large | maxDets=100 ] = 0.596
 Average Recall     (AR) @[ IoU=0.50      | area=   all | maxDets=100 ] = 0.920
 Average Recall     (AR) @[ IoU=0.75      | area=   all | maxDets=100 ] = 0.500
best_stat: {'epoch': 18, 'coco_eval_bbox': 0.21387027619532764}
Epoch: [21]  [  0/197]  eta: 0:10:58  lr: 0.000400  loss: 26.6768 (26.6768)  loss_mal: 0.9727 (0.9727)  loss_bbox: 0.4276 (0.4276)  loss_giou: 1.1277 (1.1277)  loss_fgl: 0.8958 (0.8958)  loss_mal_aux_0: 0.9893 (0.9893)  loss_bbox_aux_0: 0.4325 (0.4325)  loss_giou_aux_0: 1.1326 (1.1326)  loss_fgl_aux_0: 0.8976 (0.8976)  loss_ddf_aux_0: 0.0173 (0.0173)  loss_mal_aux_1: 0.9702 (0.9702)  loss_bbox_aux_1: 0.4273 (0.4273)  loss_giou_aux_1: 1.1299 (1.1299)  loss_fgl_aux_1: 0.8945 (0.8945)  loss_ddf_aux_1: 0.0013 (0.0013)  loss_mal_pre: 0.9883 (0.9883)  loss_bbox_pre: 0.4326 (0.4326)  loss_giou_pre: 1.1333 (1.1333)  loss_mal_enc_0: 0.9902 (0.9902)  loss_bbox_enc_0: 0.4311 (0.4311)  loss_giou_enc_0: 1.1522 (1.1522)  loss_mal_dn_0: 0.7490 (0.7490)  loss_bbox_dn_0: 0.3465 (0.3465)  loss_giou_dn_0: 0.9880 (0.9880)  loss_fgl_dn_0: 1.0177 (1.0177)  loss_ddf_dn_0: 0.0931 (0.0931)  loss_mal_dn_1: 0.7598 (0.7598)  loss_bbox_dn_1: 0.2970 (0.2970)  loss_giou_dn_1: 0.8904 (0.8904)  loss_fgl_dn_1: 1.0329 (1.0329)  loss_ddf_dn_1: 0.0071 (0.0071)  loss_mal_dn_2: 0.7529 (0.7529)  loss_bbox_dn_2: 0.2949 (0.2949)  loss_giou_dn_2: 0.8830 (0.8830)  loss_fgl_dn_2: 1.0353 (1.0353)  loss_mal_dn_pre: 0.7490 (0.7490)  loss_bbox_dn_pre: 0.3480 (0.3480)  loss_giou_dn_pre: 0.9882 (0.9882)  time: 3.3433  data: 2.6163  max mem: 8243
Epoch: [21]  [196/197]  eta: 0:00:00  lr: 0.000400  loss: 24.7357 (25.5163)  loss_mal: 1.0703 (1.0632)  loss_bbox: 0.2853 (0.3402)  loss_giou: 0.7774 (0.9125)  loss_fgl: 1.0604 (0.9939)  loss_mal_aux_0: 1.0957 (1.0881)  loss_bbox_aux_0: 0.2904 (0.3472)  loss_giou_aux_0: 0.7954 (0.9278)  loss_fgl_aux_0: 1.0690 (0.9998)  loss_ddf_aux_0: 0.0225 (0.0214)  loss_mal_aux_1: 1.0859 (1.0734)  loss_bbox_aux_1: 0.2840 (0.3408)  loss_giou_aux_1: 0.7793 (0.9141)  loss_fgl_aux_1: 1.0615 (0.9937)  loss_ddf_aux_1: 0.0019 (0.0017)  loss_mal_pre: 1.0977 (1.0886)  loss_bbox_pre: 0.2898 (0.3479)  loss_giou_pre: 0.7934 (0.9264)  loss_mal_enc_0: 1.1084 (1.0951)  loss_bbox_enc_0: 0.3074 (0.3617)  loss_giou_enc_0: 0.8505 (0.9581)  loss_mal_dn_0: 0.7637 (0.7613)  loss_bbox_dn_0: 0.2999 (0.3321)  loss_giou_dn_0: 0.7548 (0.8497)  loss_fgl_dn_0: 1.1075 (1.0745)  loss_ddf_dn_0: 0.0958 (0.1045)  loss_mal_dn_1: 0.7402 (0.7394)  loss_bbox_dn_1: 0.2500 (0.2783)  loss_giou_dn_1: 0.6462 (0.7429)  loss_fgl_dn_1: 1.0989 (1.0734)  loss_ddf_dn_1: 0.0073 (0.0074)  loss_mal_dn_2: 0.7319 (0.7328)  loss_bbox_dn_2: 0.2460 (0.2739)  loss_giou_dn_2: 0.6379 (0.7339)  loss_fgl_dn_2: 1.0969 (1.0744)  loss_mal_dn_pre: 0.7627 (0.7611)  loss_bbox_dn_pre: 0.2986 (0.3327)  loss_giou_dn_pre: 0.7517 (0.8485)  time: 0.4856  data: 0.0519  max mem: 8243
Epoch: [21] Total time: 0:01:48 (0.5526 s / it)
Averaged stats: lr: 0.000400  loss: 24.7357 (25.5163)  loss_mal: 1.0703 (1.0632)  loss_bbox: 0.2853 (0.3402)  loss_giou: 0.7774 (0.9125)  loss_fgl: 1.0604 (0.9939)  loss_mal_aux_0: 1.0957 (1.0881)  loss_bbox_aux_0: 0.2904 (0.3472)  loss_giou_aux_0: 0.7954 (0.9278)  loss_fgl_aux_0: 1.0690 (0.9998)  loss_ddf_aux_0: 0.0225 (0.0214)  loss_mal_aux_1: 1.0859 (1.0734)  loss_bbox_aux_1: 0.2840 (0.3408)  loss_giou_aux_1: 0.7793 (0.9141)  loss_fgl_aux_1: 1.0615 (0.9937)  loss_ddf_aux_1: 0.0019 (0.0017)  loss_mal_pre: 1.0977 (1.0886)  loss_bbox_pre: 0.2898 (0.3479)  loss_giou_pre: 0.7934 (0.9264)  loss_mal_enc_0: 1.1084 (1.0951)  loss_bbox_enc_0: 0.3074 (0.3617)  loss_giou_enc_0: 0.8505 (0.9581)  loss_mal_dn_0: 0.7637 (0.7613)  loss_bbox_dn_0: 0.2999 (0.3321)  loss_giou_dn_0: 0.7548 (0.8497)  loss_fgl_dn_0: 1.1075 (1.0745)  loss_ddf_dn_0: 0.0958 (0.1045)  loss_mal_dn_1: 0.7402 (0.7394)  loss_bbox_dn_1: 0.2500 (0.2783)  loss_giou_dn_1: 0.6462 (0.7429)  loss_fgl_dn_1: 1.0989 (1.0734)  loss_ddf_dn_1: 0.0073 (0.0074)  loss_mal_dn_2: 0.7319 (0.7328)  loss_bbox_dn_2: 0.2460 (0.2739)  loss_giou_dn_2: 0.6379 (0.7339)  loss_fgl_dn_2: 1.0969 (1.0744)  loss_mal_dn_pre: 0.7627 (0.7611)  loss_bbox_dn_pre: 0.2986 (0.3327)  loss_giou_dn_pre: 0.7517 (0.8485)
Test:  [ 0/13]  eta: 0:00:43    time: 3.3098  data: 2.9491  max mem: 8243
Test:  [10/13]  eta: 0:00:01    time: 0.6245  data: 0.3474  max mem: 8243
Test:  [12/13]  eta: 0:00:00    time: 0.5563  data: 0.3003  max mem: 8243
Test: Total time: 0:00:07 (0.5634 s / it)
Averaged stats: 
Accumulating evaluation results...
COCOeval_opt.accumulate() finished...
DONE (t=0.34s).
IoU metric: bbox
 Average Precision  (AP) @[ IoU=0.50:0.95 | area=   all | maxDets=100 ] = 0.213
 Average Precision  (AP) @[ IoU=0.50      | area=   all | maxDets=100 ] = 0.470
 Average Precision  (AP) @[ IoU=0.75      | area=   all | maxDets=100 ] = 0.170
 Average Precision  (AP) @[ IoU=0.50:0.95 | area= small | maxDets=100 ] = 0.082
 Average Precision  (AP) @[ IoU=0.50:0.95 | area=medium | maxDets=100 ] = 0.173
 Average Precision  (AP) @[ IoU=0.50:0.95 | area= large | maxDets=100 ] = 0.248
 Average Recall     (AR) @[ IoU=0.50:0.95 | area=   all | maxDets=  1 ] = 0.222
 Average Recall     (AR) @[ IoU=0.50:0.95 | area=   all | maxDets= 10 ] = 0.429
 Average Recall     (AR) @[ IoU=0.50:0.95 | area=   all | maxDets=100 ] = 0.503
 Average Recall     (AR) @[ IoU=0.50:0.95 | area= small | maxDets=100 ] = 0.247
 Average Recall     (AR) @[ IoU=0.50:0.95 | area=medium | maxDets=100 ] = 0.468
 Average Recall     (AR) @[ IoU=0.50:0.95 | area= large | maxDets=100 ] = 0.601
 Average Recall     (AR) @[ IoU=0.50      | area=   all | maxDets=100 ] = 0.922
 Average Recall     (AR) @[ IoU=0.75      | area=   all | maxDets=100 ] = 0.487
best_stat: {'epoch': 18, 'coco_eval_bbox': 0.21387027619532764}
Epoch: [22]  [  0/197]  eta: 0:10:50  lr: 0.000400  loss: 27.0548 (27.0548)  loss_mal: 1.0479 (1.0479)  loss_bbox: 0.4141 (0.4141)  loss_giou: 1.0581 (1.0581)  loss_fgl: 0.9082 (0.9082)  loss_mal_aux_0: 1.0615 (1.0615)  loss_bbox_aux_0: 0.4184 (0.4184)  loss_giou_aux_0: 1.0648 (1.0648)  loss_fgl_aux_0: 0.9146 (0.9146)  loss_ddf_aux_0: 0.0178 (0.0178)  loss_mal_aux_1: 1.0615 (1.0615)  loss_bbox_aux_1: 0.4188 (0.4188)  loss_giou_aux_1: 1.0587 (1.0587)  loss_fgl_aux_1: 0.9095 (0.9095)  loss_ddf_aux_1: 0.0017 (0.0017)  loss_mal_pre: 1.0635 (1.0635)  loss_bbox_pre: 0.4169 (0.4169)  loss_giou_pre: 1.0634 (1.0634)  loss_mal_enc_0: 1.0762 (1.0762)  loss_bbox_enc_0: 0.4345 (0.4345)  loss_giou_enc_0: 1.0937 (1.0937)  loss_mal_dn_0: 0.7432 (0.7432)  loss_bbox_dn_0: 0.4298 (0.4298)  loss_giou_dn_0: 1.0256 (1.0256)  loss_fgl_dn_0: 0.9878 (0.9878)  loss_ddf_dn_0: 0.0804 (0.0804)  loss_mal_dn_1: 0.7573 (0.7573)  loss_bbox_dn_1: 0.3635 (0.3635)  loss_giou_dn_1: 0.9141 (0.9141)  loss_fgl_dn_1: 1.0143 (1.0143)  loss_ddf_dn_1: 0.0073 (0.0073)  loss_mal_dn_2: 0.7534 (0.7534)  loss_bbox_dn_2: 0.3554 (0.3554)  loss_giou_dn_2: 0.9028 (0.9028)  loss_fgl_dn_2: 1.0155 (1.0155)  loss_mal_dn_pre: 0.7432 (0.7432)  loss_bbox_dn_pre: 0.4333 (0.4333)  loss_giou_dn_pre: 1.0242 (1.0242)  time: 3.3040  data: 2.6511  max mem: 8243
Epoch: [22]  [196/197]  eta: 0:00:00  lr: 0.000400  loss: 24.7978 (25.4362)  loss_mal: 1.0439 (1.0552)  loss_bbox: 0.3003 (0.3329)  loss_giou: 0.8786 (0.9079)  loss_fgl: 0.9559 (0.9956)  loss_mal_aux_0: 1.0557 (1.0885)  loss_bbox_aux_0: 0.3112 (0.3395)  loss_giou_aux_0: 0.8914 (0.9227)  loss_fgl_aux_0: 0.9587 (1.0026)  loss_ddf_aux_0: 0.0205 (0.0219)  loss_mal_aux_1: 1.0527 (1.0711)  loss_bbox_aux_1: 0.3040 (0.3337)  loss_giou_aux_1: 0.8789 (0.9091)  loss_fgl_aux_1: 0.9546 (0.9955)  loss_ddf_aux_1: 0.0017 (0.0018)  loss_mal_pre: 1.0645 (1.0887)  loss_bbox_pre: 0.3121 (0.3400)  loss_giou_pre: 0.8863 (0.9212)  loss_mal_enc_0: 1.0879 (1.0982)  loss_bbox_enc_0: 0.3220 (0.3529)  loss_giou_enc_0: 0.9214 (0.9521)  loss_mal_dn_0: 0.7593 (0.7618)  loss_bbox_dn_0: 0.3294 (0.3260)  loss_giou_dn_0: 0.8021 (0.8498)  loss_fgl_dn_0: 1.0446 (1.0740)  loss_ddf_dn_0: 0.1083 (0.1061)  loss_mal_dn_1: 0.7368 (0.7400)  loss_bbox_dn_1: 0.2747 (0.2735)  loss_giou_dn_1: 0.6870 (0.7440)  loss_fgl_dn_1: 1.0620 (1.0733)  loss_ddf_dn_1: 0.0073 (0.0079)  loss_mal_dn_2: 0.7334 (0.7337)  loss_bbox_dn_2: 0.2716 (0.2686)  loss_giou_dn_2: 0.6789 (0.7344)  loss_fgl_dn_2: 1.0646 (1.0747)  loss_mal_dn_pre: 0.7598 (0.7617)  loss_bbox_dn_pre: 0.3296 (0.3267)  loss_giou_dn_pre: 0.8026 (0.8489)  time: 0.5091  data: 0.0418  max mem: 8243
Epoch: [22] Total time: 0:01:51 (0.5646 s / it)
Averaged stats: lr: 0.000400  loss: 24.7978 (25.4362)  loss_mal: 1.0439 (1.0552)  loss_bbox: 0.3003 (0.3329)  loss_giou: 0.8786 (0.9079)  loss_fgl: 0.9559 (0.9956)  loss_mal_aux_0: 1.0557 (1.0885)  loss_bbox_aux_0: 0.3112 (0.3395)  loss_giou_aux_0: 0.8914 (0.9227)  loss_fgl_aux_0: 0.9587 (1.0026)  loss_ddf_aux_0: 0.0205 (0.0219)  loss_mal_aux_1: 1.0527 (1.0711)  loss_bbox_aux_1: 0.3040 (0.3337)  loss_giou_aux_1: 0.8789 (0.9091)  loss_fgl_aux_1: 0.9546 (0.9955)  loss_ddf_aux_1: 0.0017 (0.0018)  loss_mal_pre: 1.0645 (1.0887)  loss_bbox_pre: 0.3121 (0.3400)  loss_giou_pre: 0.8863 (0.9212)  loss_mal_enc_0: 1.0879 (1.0982)  loss_bbox_enc_0: 0.3220 (0.3529)  loss_giou_enc_0: 0.9214 (0.9521)  loss_mal_dn_0: 0.7593 (0.7618)  loss_bbox_dn_0: 0.3294 (0.3260)  loss_giou_dn_0: 0.8021 (0.8498)  loss_fgl_dn_0: 1.0446 (1.0740)  loss_ddf_dn_0: 0.1083 (0.1061)  loss_mal_dn_1: 0.7368 (0.7400)  loss_bbox_dn_1: 0.2747 (0.2735)  loss_giou_dn_1: 0.6870 (0.7440)  loss_fgl_dn_1: 1.0620 (1.0733)  loss_ddf_dn_1: 0.0073 (0.0079)  loss_mal_dn_2: 0.7334 (0.7337)  loss_bbox_dn_2: 0.2716 (0.2686)  loss_giou_dn_2: 0.6789 (0.7344)  loss_fgl_dn_2: 1.0646 (1.0747)  loss_mal_dn_pre: 0.7598 (0.7617)  loss_bbox_dn_pre: 0.3296 (0.3267)  loss_giou_dn_pre: 0.8026 (0.8489)
Test:  [ 0/13]  eta: 0:00:37    time: 2.8760  data: 2.4495  max mem: 8243
Test:  [10/13]  eta: 0:00:01    time: 0.6436  data: 0.3559  max mem: 8243
Test:  [12/13]  eta: 0:00:00    time: 0.5799  data: 0.3074  max mem: 8243
Test: Total time: 0:00:07 (0.5864 s / it)
Averaged stats: 
Accumulating evaluation results...
COCOeval_opt.accumulate() finished...
DONE (t=0.32s).
IoU metric: bbox
 Average Precision  (AP) @[ IoU=0.50:0.95 | area=   all | maxDets=100 ] = 0.214
 Average Precision  (AP) @[ IoU=0.50      | area=   all | maxDets=100 ] = 0.472
 Average Precision  (AP) @[ IoU=0.75      | area=   all | maxDets=100 ] = 0.167
 Average Precision  (AP) @[ IoU=0.50:0.95 | area= small | maxDets=100 ] = 0.074
 Average Precision  (AP) @[ IoU=0.50:0.95 | area=medium | maxDets=100 ] = 0.174
 Average Precision  (AP) @[ IoU=0.50:0.95 | area= large | maxDets=100 ] = 0.244
 Average Recall     (AR) @[ IoU=0.50:0.95 | area=   all | maxDets=  1 ] = 0.219
 Average Recall     (AR) @[ IoU=0.50:0.95 | area=   all | maxDets= 10 ] = 0.428
 Average Recall     (AR) @[ IoU=0.50:0.95 | area=   all | maxDets=100 ] = 0.506
 Average Recall     (AR) @[ IoU=0.50:0.95 | area= small | maxDets=100 ] = 0.252
 Average Recall     (AR) @[ IoU=0.50:0.95 | area=medium | maxDets=100 ] = 0.473
 Average Recall     (AR) @[ IoU=0.50:0.95 | area= large | maxDets=100 ] = 0.601
 Average Recall     (AR) @[ IoU=0.50      | area=   all | maxDets=100 ] = 0.926
 Average Recall     (AR) @[ IoU=0.75      | area=   all | maxDets=100 ] = 0.488
best_stat: {'epoch': 18, 'coco_eval_bbox': 0.21387027619532764}
Epoch: [23]  [  0/197]  eta: 0:11:50  lr: 0.000400  loss: 23.2176 (23.2176)  loss_mal: 1.0166 (1.0166)  loss_bbox: 0.2178 (0.2178)  loss_giou: 0.7591 (0.7591)  loss_fgl: 1.0316 (1.0316)  loss_mal_aux_0: 1.0391 (1.0391)  loss_bbox_aux_0: 0.2245 (0.2245)  loss_giou_aux_0: 0.7823 (0.7823)  loss_fgl_aux_0: 1.0420 (1.0420)  loss_ddf_aux_0: 0.0269 (0.0269)  loss_mal_aux_1: 1.0234 (1.0234)  loss_bbox_aux_1: 0.2174 (0.2174)  loss_giou_aux_1: 0.7614 (0.7614)  loss_fgl_aux_1: 1.0332 (1.0332)  loss_ddf_aux_1: 0.0016 (0.0016)  loss_mal_pre: 1.0439 (1.0439)  loss_bbox_pre: 0.2258 (0.2258)  loss_giou_pre: 0.7826 (0.7826)  loss_mal_enc_0: 1.0840 (1.0840)  loss_bbox_enc_0: 0.2393 (0.2393)  loss_giou_enc_0: 0.8349 (0.8349)  loss_mal_dn_0: 0.7617 (0.7617)  loss_bbox_dn_0: 0.2259 (0.2259)  loss_giou_dn_0: 0.7107 (0.7107)  loss_fgl_dn_0: 1.1249 (1.1249)  loss_ddf_dn_0: 0.1276 (0.1276)  loss_mal_dn_1: 0.7231 (0.7231)  loss_bbox_dn_1: 0.1779 (0.1779)  loss_giou_dn_1: 0.5972 (0.5972)  loss_fgl_dn_1: 1.1010 (1.1010)  loss_ddf_dn_1: 0.0062 (0.0062)  loss_mal_dn_2: 0.7144 (0.7144)  loss_bbox_dn_2: 0.1736 (0.1736)  loss_giou_dn_2: 0.5870 (0.5870)  loss_fgl_dn_2: 1.1027 (1.1027)  loss_mal_dn_pre: 0.7617 (0.7617)  loss_bbox_dn_pre: 0.2255 (0.2255)  loss_giou_dn_pre: 0.7090 (0.7090)  time: 3.6084  data: 2.6826  max mem: 8243
Epoch: [23]  [196/197]  eta: 0:00:00  lr: 0.000400  loss: 24.3209 (25.2986)  loss_mal: 1.0889 (1.0680)  loss_bbox: 0.2851 (0.3295)  loss_giou: 0.7450 (0.8838)  loss_fgl: 1.0564 (1.0062)  loss_mal_aux_0: 1.1172 (1.0985)  loss_bbox_aux_0: 0.2914 (0.3358)  loss_giou_aux_0: 0.7615 (0.8987)  loss_fgl_aux_0: 1.0697 (1.0127)  loss_ddf_aux_0: 0.0236 (0.0209)  loss_mal_aux_1: 1.1064 (1.0833)  loss_bbox_aux_1: 0.2858 (0.3300)  loss_giou_aux_1: 0.7459 (0.8850)  loss_fgl_aux_1: 1.0537 (1.0061)  loss_ddf_aux_1: 0.0015 (0.0015)  loss_mal_pre: 1.1123 (1.0986)  loss_bbox_pre: 0.2924 (0.3365)  loss_giou_pre: 0.7596 (0.8975)  loss_mal_enc_0: 1.1445 (1.1081)  loss_bbox_enc_0: 0.3094 (0.3504)  loss_giou_enc_0: 0.7967 (0.9305)  loss_mal_dn_0: 0.7661 (0.7646)  loss_bbox_dn_0: 0.2906 (0.3229)  loss_giou_dn_0: 0.7424 (0.8255)  loss_fgl_dn_0: 1.1192 (1.0829)  loss_ddf_dn_0: 0.1142 (0.1038)  loss_mal_dn_1: 0.7471 (0.7382)  loss_bbox_dn_1: 0.2423 (0.2701)  loss_giou_dn_1: 0.6299 (0.7218)  loss_fgl_dn_1: 1.0988 (1.0786)  loss_ddf_dn_1: 0.0087 (0.0070)  loss_mal_dn_2: 0.7358 (0.7312)  loss_bbox_dn_2: 0.2374 (0.2658)  loss_giou_dn_2: 0.6176 (0.7128)  loss_fgl_dn_2: 1.0999 (1.0795)  loss_mal_dn_pre: 0.7661 (0.7644)  loss_bbox_dn_pre: 0.2919 (0.3237)  loss_giou_dn_pre: 0.7401 (0.8244)  time: 0.4801  data: 0.0493  max mem: 8243
Epoch: [23] Total time: 0:01:47 (0.5451 s / it)
Averaged stats: lr: 0.000400  loss: 24.3209 (25.2986)  loss_mal: 1.0889 (1.0680)  loss_bbox: 0.2851 (0.3295)  loss_giou: 0.7450 (0.8838)  loss_fgl: 1.0564 (1.0062)  loss_mal_aux_0: 1.1172 (1.0985)  loss_bbox_aux_0: 0.2914 (0.3358)  loss_giou_aux_0: 0.7615 (0.8987)  loss_fgl_aux_0: 1.0697 (1.0127)  loss_ddf_aux_0: 0.0236 (0.0209)  loss_mal_aux_1: 1.1064 (1.0833)  loss_bbox_aux_1: 0.2858 (0.3300)  loss_giou_aux_1: 0.7459 (0.8850)  loss_fgl_aux_1: 1.0537 (1.0061)  loss_ddf_aux_1: 0.0015 (0.0015)  loss_mal_pre: 1.1123 (1.0986)  loss_bbox_pre: 0.2924 (0.3365)  loss_giou_pre: 0.7596 (0.8975)  loss_mal_enc_0: 1.1445 (1.1081)  loss_bbox_enc_0: 0.3094 (0.3504)  loss_giou_enc_0: 0.7967 (0.9305)  loss_mal_dn_0: 0.7661 (0.7646)  loss_bbox_dn_0: 0.2906 (0.3229)  loss_giou_dn_0: 0.7424 (0.8255)  loss_fgl_dn_0: 1.1192 (1.0829)  loss_ddf_dn_0: 0.1142 (0.1038)  loss_mal_dn_1: 0.7471 (0.7382)  loss_bbox_dn_1: 0.2423 (0.2701)  loss_giou_dn_1: 0.6299 (0.7218)  loss_fgl_dn_1: 1.0988 (1.0786)  loss_ddf_dn_1: 0.0087 (0.0070)  loss_mal_dn_2: 0.7358 (0.7312)  loss_bbox_dn_2: 0.2374 (0.2658)  loss_giou_dn_2: 0.6176 (0.7128)  loss_fgl_dn_2: 1.0999 (1.0795)  loss_mal_dn_pre: 0.7661 (0.7644)  loss_bbox_dn_pre: 0.2919 (0.3237)  loss_giou_dn_pre: 0.7401 (0.8244)
Test:  [ 0/13]  eta: 0:00:39    time: 3.0391  data: 2.6708  max mem: 8243
Test:  [10/13]  eta: 0:00:01    time: 0.5920  data: 0.3173  max mem: 8243
Test:  [12/13]  eta: 0:00:00    time: 0.5290  data: 0.2749  max mem: 8243
Test: Total time: 0:00:06 (0.5342 s / it)
Averaged stats: 
Accumulating evaluation results...
COCOeval_opt.accumulate() finished...
DONE (t=0.32s).
IoU metric: bbox
 Average Precision  (AP) @[ IoU=0.50:0.95 | area=   all | maxDets=100 ] = 0.218
 Average Precision  (AP) @[ IoU=0.50      | area=   all | maxDets=100 ] = 0.477
 Average Precision  (AP) @[ IoU=0.75      | area=   all | maxDets=100 ] = 0.172
 Average Precision  (AP) @[ IoU=0.50:0.95 | area= small | maxDets=100 ] = 0.076
 Average Precision  (AP) @[ IoU=0.50:0.95 | area=medium | maxDets=100 ] = 0.177
 Average Precision  (AP) @[ IoU=0.50:0.95 | area= large | maxDets=100 ] = 0.252
 Average Recall     (AR) @[ IoU=0.50:0.95 | area=   all | maxDets=  1 ] = 0.228
 Average Recall     (AR) @[ IoU=0.50:0.95 | area=   all | maxDets= 10 ] = 0.436
 Average Recall     (AR) @[ IoU=0.50:0.95 | area=   all | maxDets=100 ] = 0.515
 Average Recall     (AR) @[ IoU=0.50:0.95 | area= small | maxDets=100 ] = 0.253
 Average Recall     (AR) @[ IoU=0.50:0.95 | area=medium | maxDets=100 ] = 0.488
 Average Recall     (AR) @[ IoU=0.50:0.95 | area= large | maxDets=100 ] = 0.601
 Average Recall     (AR) @[ IoU=0.50      | area=   all | maxDets=100 ] = 0.929
 Average Recall     (AR) @[ IoU=0.75      | area=   all | maxDets=100 ] = 0.516
best_stat: {'epoch': 23, 'coco_eval_bbox': 0.2175552058193483}
Epoch: [24]  [  0/197]  eta: 0:12:19  lr: 0.000400  loss: 26.3557 (26.3557)  loss_mal: 1.0742 (1.0742)  loss_bbox: 0.3998 (0.3998)  loss_giou: 0.9069 (0.9069)  loss_fgl: 1.0325 (1.0325)  loss_mal_aux_0: 1.1221 (1.1221)  loss_bbox_aux_0: 0.4044 (0.4044)  loss_giou_aux_0: 0.9153 (0.9153)  loss_fgl_aux_0: 1.0407 (1.0407)  loss_ddf_aux_0: 0.0190 (0.0190)  loss_mal_aux_1: 1.0977 (1.0977)  loss_bbox_aux_1: 0.4005 (0.4005)  loss_giou_aux_1: 0.9098 (0.9098)  loss_fgl_aux_1: 1.0334 (1.0334)  loss_ddf_aux_1: 0.0015 (0.0015)  loss_mal_pre: 1.1299 (1.1299)  loss_bbox_pre: 0.4050 (0.4050)  loss_giou_pre: 0.9110 (0.9110)  loss_mal_enc_0: 1.1172 (1.1172)  loss_bbox_enc_0: 0.4181 (0.4181)  loss_giou_enc_0: 0.9446 (0.9446)  loss_mal_dn_0: 0.7637 (0.7637)  loss_bbox_dn_0: 0.3989 (0.3989)  loss_giou_dn_0: 0.8421 (0.8421)  loss_fgl_dn_0: 1.1018 (1.1018)  loss_ddf_dn_0: 0.0945 (0.0945)  loss_mal_dn_1: 0.7393 (0.7393)  loss_bbox_dn_1: 0.3477 (0.3477)  loss_giou_dn_1: 0.7463 (0.7463)  loss_fgl_dn_1: 1.1066 (1.1066)  loss_ddf_dn_1: 0.0088 (0.0088)  loss_mal_dn_2: 0.7354 (0.7354)  loss_bbox_dn_2: 0.3407 (0.3407)  loss_giou_dn_2: 0.7309 (0.7309)  loss_fgl_dn_2: 1.1100 (1.1100)  loss_mal_dn_pre: 0.7627 (0.7627)  loss_bbox_dn_pre: 0.4022 (0.4022)  loss_giou_dn_pre: 0.8408 (0.8408)  time: 3.7530  data: 3.1367  max mem: 8243
Epoch: [24]  [196/197]  eta: 0:00:00  lr: 0.000400  loss: 24.6247 (25.3649)  loss_mal: 1.0703 (1.0522)  loss_bbox: 0.2650 (0.3319)  loss_giou: 0.7885 (0.9074)  loss_fgl: 1.0471 (0.9955)  loss_mal_aux_0: 1.0928 (1.0833)  loss_bbox_aux_0: 0.2774 (0.3382)  loss_giou_aux_0: 0.8117 (0.9230)  loss_fgl_aux_0: 1.0599 (1.0027)  loss_ddf_aux_0: 0.0261 (0.0236)  loss_mal_aux_1: 1.0791 (1.0657)  loss_bbox_aux_1: 0.2655 (0.3324)  loss_giou_aux_1: 0.7908 (0.9090)  loss_fgl_aux_1: 1.0472 (0.9955)  loss_ddf_aux_1: 0.0017 (0.0018)  loss_mal_pre: 1.0889 (1.0834)  loss_bbox_pre: 0.2783 (0.3387)  loss_giou_pre: 0.8096 (0.9217)  loss_mal_enc_0: 1.0967 (1.0894)  loss_bbox_enc_0: 0.2990 (0.3522)  loss_giou_enc_0: 0.8264 (0.9514)  loss_mal_dn_0: 0.7603 (0.7613)  loss_bbox_dn_0: 0.2991 (0.3211)  loss_giou_dn_0: 0.7795 (0.8434)  loss_fgl_dn_0: 1.0954 (1.0787)  loss_ddf_dn_0: 0.1061 (0.1096)  loss_mal_dn_1: 0.7339 (0.7383)  loss_bbox_dn_1: 0.2473 (0.2687)  loss_giou_dn_1: 0.6538 (0.7358)  loss_fgl_dn_1: 1.0897 (1.0765)  loss_ddf_dn_1: 0.0073 (0.0078)  loss_mal_dn_2: 0.7207 (0.7312)  loss_bbox_dn_2: 0.2422 (0.2641)  loss_giou_dn_2: 0.6497 (0.7269)  loss_fgl_dn_2: 1.0886 (1.0772)  loss_mal_dn_pre: 0.7598 (0.7611)  loss_bbox_dn_pre: 0.2977 (0.3218)  loss_giou_dn_pre: 0.7750 (0.8423)  time: 0.4901  data: 0.0508  max mem: 8243
Epoch: [24] Total time: 0:01:50 (0.5630 s / it)
Averaged stats: lr: 0.000400  loss: 24.6247 (25.3649)  loss_mal: 1.0703 (1.0522)  loss_bbox: 0.2650 (0.3319)  loss_giou: 0.7885 (0.9074)  loss_fgl: 1.0471 (0.9955)  loss_mal_aux_0: 1.0928 (1.0833)  loss_bbox_aux_0: 0.2774 (0.3382)  loss_giou_aux_0: 0.8117 (0.9230)  loss_fgl_aux_0: 1.0599 (1.0027)  loss_ddf_aux_0: 0.0261 (0.0236)  loss_mal_aux_1: 1.0791 (1.0657)  loss_bbox_aux_1: 0.2655 (0.3324)  loss_giou_aux_1: 0.7908 (0.9090)  loss_fgl_aux_1: 1.0472 (0.9955)  loss_ddf_aux_1: 0.0017 (0.0018)  loss_mal_pre: 1.0889 (1.0834)  loss_bbox_pre: 0.2783 (0.3387)  loss_giou_pre: 0.8096 (0.9217)  loss_mal_enc_0: 1.0967 (1.0894)  loss_bbox_enc_0: 0.2990 (0.3522)  loss_giou_enc_0: 0.8264 (0.9514)  loss_mal_dn_0: 0.7603 (0.7613)  loss_bbox_dn_0: 0.2991 (0.3211)  loss_giou_dn_0: 0.7795 (0.8434)  loss_fgl_dn_0: 1.0954 (1.0787)  loss_ddf_dn_0: 0.1061 (0.1096)  loss_mal_dn_1: 0.7339 (0.7383)  loss_bbox_dn_1: 0.2473 (0.2687)  loss_giou_dn_1: 0.6538 (0.7358)  loss_fgl_dn_1: 1.0897 (1.0765)  loss_ddf_dn_1: 0.0073 (0.0078)  loss_mal_dn_2: 0.7207 (0.7312)  loss_bbox_dn_2: 0.2422 (0.2641)  loss_giou_dn_2: 0.6497 (0.7269)  loss_fgl_dn_2: 1.0886 (1.0772)  loss_mal_dn_pre: 0.7598 (0.7611)  loss_bbox_dn_pre: 0.2977 (0.3218)  loss_giou_dn_pre: 0.7750 (0.8423)
Test:  [ 0/13]  eta: 0:00:38    time: 2.9718  data: 2.6073  max mem: 8243
Test:  [10/13]  eta: 0:00:01    time: 0.5866  data: 0.3139  max mem: 8243
Test:  [12/13]  eta: 0:00:00    time: 0.5247  data: 0.2721  max mem: 8243
Test: Total time: 0:00:06 (0.5317 s / it)
Averaged stats: 
Accumulating evaluation results...
COCOeval_opt.accumulate() finished...
DONE (t=0.31s).
IoU metric: bbox
 Average Precision  (AP) @[ IoU=0.50:0.95 | area=   all | maxDets=100 ] = 0.222
 Average Precision  (AP) @[ IoU=0.50      | area=   all | maxDets=100 ] = 0.480
 Average Precision  (AP) @[ IoU=0.75      | area=   all | maxDets=100 ] = 0.181
 Average Precision  (AP) @[ IoU=0.50:0.95 | area= small | maxDets=100 ] = 0.084
 Average Precision  (AP) @[ IoU=0.50:0.95 | area=medium | maxDets=100 ] = 0.183
 Average Precision  (AP) @[ IoU=0.50:0.95 | area= large | maxDets=100 ] = 0.256
 Average Recall     (AR) @[ IoU=0.50:0.95 | area=   all | maxDets=  1 ] = 0.227
 Average Recall     (AR) @[ IoU=0.50:0.95 | area=   all | maxDets= 10 ] = 0.441
 Average Recall     (AR) @[ IoU=0.50:0.95 | area=   all | maxDets=100 ] = 0.516
 Average Recall     (AR) @[ IoU=0.50:0.95 | area= small | maxDets=100 ] = 0.277
 Average Recall     (AR) @[ IoU=0.50:0.95 | area=medium | maxDets=100 ] = 0.485
 Average Recall     (AR) @[ IoU=0.50:0.95 | area= large | maxDets=100 ] = 0.597
 Average Recall     (AR) @[ IoU=0.50      | area=   all | maxDets=100 ] = 0.930
 Average Recall     (AR) @[ IoU=0.75      | area=   all | maxDets=100 ] = 0.507
best_stat: {'epoch': 24, 'coco_eval_bbox': 0.22163678069354958}
Epoch: [25]  [  0/197]  eta: 0:11:40  lr: 0.000400  loss: 27.7389 (27.7389)  loss_mal: 1.1797 (1.1797)  loss_bbox: 0.4728 (0.4728)  loss_giou: 0.9284 (0.9284)  loss_fgl: 0.9824 (0.9824)  loss_mal_aux_0: 1.1973 (1.1973)  loss_bbox_aux_0: 0.4924 (0.4924)  loss_giou_aux_0: 0.9526 (0.9526)  loss_fgl_aux_0: 0.9960 (0.9960)  loss_ddf_aux_0: 0.0279 (0.0279)  loss_mal_aux_1: 1.2119 (1.2119)  loss_bbox_aux_1: 0.4754 (0.4754)  loss_giou_aux_1: 0.9327 (0.9327)  loss_fgl_aux_1: 0.9814 (0.9814)  loss_ddf_aux_1: 0.0018 (0.0018)  loss_mal_pre: 1.2051 (1.2051)  loss_bbox_pre: 0.4924 (0.4924)  loss_giou_pre: 0.9519 (0.9519)  loss_mal_enc_0: 1.1738 (1.1738)  loss_bbox_enc_0: 0.5065 (0.5065)  loss_giou_enc_0: 0.9743 (0.9743)  loss_mal_dn_0: 0.7490 (0.7490)  loss_bbox_dn_0: 0.5331 (0.5331)  loss_giou_dn_0: 0.9223 (0.9223)  loss_fgl_dn_0: 1.0258 (1.0258)  loss_ddf_dn_0: 0.1180 (0.1180)  loss_mal_dn_1: 0.7417 (0.7417)  loss_bbox_dn_1: 0.4532 (0.4532)  loss_giou_dn_1: 0.8184 (0.8184)  loss_fgl_dn_1: 1.0249 (1.0249)  loss_ddf_dn_1: 0.0086 (0.0086)  loss_mal_dn_2: 0.7363 (0.7363)  loss_bbox_dn_2: 0.4373 (0.4373)  loss_giou_dn_2: 0.7995 (0.7995)  loss_fgl_dn_2: 1.0292 (1.0292)  loss_mal_dn_pre: 0.7490 (0.7490)  loss_bbox_dn_pre: 0.5349 (0.5349)  loss_giou_dn_pre: 0.9209 (0.9209)  time: 3.5562  data: 2.9618  max mem: 8243
Epoch: [25]  [196/197]  eta: 0:00:00  lr: 0.000400  loss: 24.7070 (25.4000)  loss_mal: 1.0498 (1.0610)  loss_bbox: 0.2989 (0.3364)  loss_giou: 0.8097 (0.8976)  loss_fgl: 0.9762 (1.0019)  loss_mal_aux_0: 1.0850 (1.0922)  loss_bbox_aux_0: 0.3113 (0.3431)  loss_giou_aux_0: 0.8200 (0.9129)  loss_fgl_aux_0: 0.9800 (1.0086)  loss_ddf_aux_0: 0.0209 (0.0218)  loss_mal_aux_1: 1.0674 (1.0748)  loss_bbox_aux_1: 0.3002 (0.3369)  loss_giou_aux_1: 0.8081 (0.8989)  loss_fgl_aux_1: 0.9754 (1.0018)  loss_ddf_aux_1: 0.0017 (0.0015)  loss_mal_pre: 1.0762 (1.0924)  loss_bbox_pre: 0.3132 (0.3437)  loss_giou_pre: 0.8192 (0.9116)  loss_mal_enc_0: 1.1240 (1.0985)  loss_bbox_enc_0: 0.3256 (0.3561)  loss_giou_enc_0: 0.8541 (0.9428)  loss_mal_dn_0: 0.7646 (0.7610)  loss_bbox_dn_0: 0.2964 (0.3279)  loss_giou_dn_0: 0.8138 (0.8376)  loss_fgl_dn_0: 1.0523 (1.0801)  loss_ddf_dn_0: 0.1029 (0.1073)  loss_mal_dn_1: 0.7314 (0.7368)  loss_bbox_dn_1: 0.2574 (0.2739)  loss_giou_dn_1: 0.6818 (0.7311)  loss_fgl_dn_1: 1.0626 (1.0769)  loss_ddf_dn_1: 0.0082 (0.0075)  loss_mal_dn_2: 0.7275 (0.7303)  loss_bbox_dn_2: 0.2538 (0.2694)  loss_giou_dn_2: 0.6684 (0.7218)  loss_fgl_dn_2: 1.0651 (1.0778)  loss_mal_dn_pre: 0.7637 (0.7610)  loss_bbox_dn_pre: 0.2966 (0.3285)  loss_giou_dn_pre: 0.8147 (0.8364)  time: 0.4985  data: 0.0514  max mem: 8243
Epoch: [25] Total time: 0:01:49 (0.5547 s / it)
Averaged stats: lr: 0.000400  loss: 24.7070 (25.4000)  loss_mal: 1.0498 (1.0610)  loss_bbox: 0.2989 (0.3364)  loss_giou: 0.8097 (0.8976)  loss_fgl: 0.9762 (1.0019)  loss_mal_aux_0: 1.0850 (1.0922)  loss_bbox_aux_0: 0.3113 (0.3431)  loss_giou_aux_0: 0.8200 (0.9129)  loss_fgl_aux_0: 0.9800 (1.0086)  loss_ddf_aux_0: 0.0209 (0.0218)  loss_mal_aux_1: 1.0674 (1.0748)  loss_bbox_aux_1: 0.3002 (0.3369)  loss_giou_aux_1: 0.8081 (0.8989)  loss_fgl_aux_1: 0.9754 (1.0018)  loss_ddf_aux_1: 0.0017 (0.0015)  loss_mal_pre: 1.0762 (1.0924)  loss_bbox_pre: 0.3132 (0.3437)  loss_giou_pre: 0.8192 (0.9116)  loss_mal_enc_0: 1.1240 (1.0985)  loss_bbox_enc_0: 0.3256 (0.3561)  loss_giou_enc_0: 0.8541 (0.9428)  loss_mal_dn_0: 0.7646 (0.7610)  loss_bbox_dn_0: 0.2964 (0.3279)  loss_giou_dn_0: 0.8138 (0.8376)  loss_fgl_dn_0: 1.0523 (1.0801)  loss_ddf_dn_0: 0.1029 (0.1073)  loss_mal_dn_1: 0.7314 (0.7368)  loss_bbox_dn_1: 0.2574 (0.2739)  loss_giou_dn_1: 0.6818 (0.7311)  loss_fgl_dn_1: 1.0626 (1.0769)  loss_ddf_dn_1: 0.0082 (0.0075)  loss_mal_dn_2: 0.7275 (0.7303)  loss_bbox_dn_2: 0.2538 (0.2694)  loss_giou_dn_2: 0.6684 (0.7218)  loss_fgl_dn_2: 1.0651 (1.0778)  loss_mal_dn_pre: 0.7637 (0.7610)  loss_bbox_dn_pre: 0.2966 (0.3285)  loss_giou_dn_pre: 0.8147 (0.8364)
Test:  [ 0/13]  eta: 0:00:36    time: 2.7983  data: 2.3868  max mem: 8243
Test:  [10/13]  eta: 0:00:01    time: 0.6168  data: 0.3386  max mem: 8243
Test:  [12/13]  eta: 0:00:00    time: 0.5585  data: 0.2931  max mem: 8243
Test: Total time: 0:00:07 (0.5640 s / it)
Averaged stats: 
Accumulating evaluation results...
COCOeval_opt.accumulate() finished...
DONE (t=0.32s).
IoU metric: bbox
 Average Precision  (AP) @[ IoU=0.50:0.95 | area=   all | maxDets=100 ] = 0.225
 Average Precision  (AP) @[ IoU=0.50      | area=   all | maxDets=100 ] = 0.484
 Average Precision  (AP) @[ IoU=0.75      | area=   all | maxDets=100 ] = 0.177
 Average Precision  (AP) @[ IoU=0.50:0.95 | area= small | maxDets=100 ] = 0.086
 Average Precision  (AP) @[ IoU=0.50:0.95 | area=medium | maxDets=100 ] = 0.187
 Average Precision  (AP) @[ IoU=0.50:0.95 | area= large | maxDets=100 ] = 0.260
 Average Recall     (AR) @[ IoU=0.50:0.95 | area=   all | maxDets=  1 ] = 0.225
 Average Recall     (AR) @[ IoU=0.50:0.95 | area=   all | maxDets= 10 ] = 0.446
 Average Recall     (AR) @[ IoU=0.50:0.95 | area=   all | maxDets=100 ] = 0.518
 Average Recall     (AR) @[ IoU=0.50:0.95 | area= small | maxDets=100 ] = 0.265
 Average Recall     (AR) @[ IoU=0.50:0.95 | area=medium | maxDets=100 ] = 0.487
 Average Recall     (AR) @[ IoU=0.50:0.95 | area= large | maxDets=100 ] = 0.602
 Average Recall     (AR) @[ IoU=0.50      | area=   all | maxDets=100 ] = 0.927
 Average Recall     (AR) @[ IoU=0.75      | area=   all | maxDets=100 ] = 0.500
best_stat: {'epoch': 25, 'coco_eval_bbox': 0.22461221863907424}
Epoch: [26]  [  0/197]  eta: 0:10:36  lr: 0.000400  loss: 25.0035 (25.0035)  loss_mal: 0.9980 (0.9980)  loss_bbox: 0.3115 (0.3115)  loss_giou: 0.9614 (0.9614)  loss_fgl: 0.9828 (0.9828)  loss_mal_aux_0: 1.0156 (1.0156)  loss_bbox_aux_0: 0.3170 (0.3170)  loss_giou_aux_0: 0.9736 (0.9736)  loss_fgl_aux_0: 0.9809 (0.9809)  loss_ddf_aux_0: 0.0178 (0.0178)  loss_mal_aux_1: 1.0078 (1.0078)  loss_bbox_aux_1: 0.3123 (0.3123)  loss_giou_aux_1: 0.9642 (0.9642)  loss_fgl_aux_1: 0.9819 (0.9819)  loss_ddf_aux_1: 0.0015 (0.0015)  loss_mal_pre: 1.0137 (1.0137)  loss_bbox_pre: 0.3182 (0.3182)  loss_giou_pre: 0.9722 (0.9722)  loss_mal_enc_0: 1.0166 (1.0166)  loss_bbox_enc_0: 0.3330 (0.3330)  loss_giou_enc_0: 1.0144 (1.0144)  loss_mal_dn_0: 0.7578 (0.7578)  loss_bbox_dn_0: 0.2546 (0.2546)  loss_giou_dn_0: 0.8757 (0.8757)  loss_fgl_dn_0: 1.0677 (1.0677)  loss_ddf_dn_0: 0.0912 (0.0912)  loss_mal_dn_1: 0.7363 (0.7363)  loss_bbox_dn_1: 0.2163 (0.2163)  loss_giou_dn_1: 0.7640 (0.7640)  loss_fgl_dn_1: 1.0785 (1.0785)  loss_ddf_dn_1: 0.0066 (0.0066)  loss_mal_dn_2: 0.7314 (0.7314)  loss_bbox_dn_2: 0.2100 (0.2100)  loss_giou_dn_2: 0.7491 (0.7491)  loss_fgl_dn_2: 1.0819 (1.0819)  loss_mal_dn_pre: 0.7578 (0.7578)  loss_bbox_dn_pre: 0.2552 (0.2552)  loss_giou_dn_pre: 0.8753 (0.8753)  time: 3.2287  data: 2.4526  max mem: 8243
Epoch: [26]  [196/197]  eta: 0:00:00  lr: 0.000400  loss: 24.2132 (25.1604)  loss_mal: 1.0391 (1.0557)  loss_bbox: 0.2614 (0.3224)  loss_giou: 0.7929 (0.8818)  loss_fgl: 1.0312 (1.0096)  loss_mal_aux_0: 1.0820 (1.0847)  loss_bbox_aux_0: 0.2670 (0.3289)  loss_giou_aux_0: 0.8157 (0.8965)  loss_fgl_aux_0: 1.0444 (1.0174)  loss_ddf_aux_0: 0.0210 (0.0231)  loss_mal_aux_1: 1.0635 (1.0679)  loss_bbox_aux_1: 0.2607 (0.3231)  loss_giou_aux_1: 0.7927 (0.8828)  loss_fgl_aux_1: 1.0328 (1.0097)  loss_ddf_aux_1: 0.0012 (0.0018)  loss_mal_pre: 1.0781 (1.0844)  loss_bbox_pre: 0.2689 (0.3294)  loss_giou_pre: 0.8149 (0.8951)  loss_mal_enc_0: 1.1172 (1.0942)  loss_bbox_enc_0: 0.2809 (0.3427)  loss_giou_enc_0: 0.8321 (0.9263)  loss_mal_dn_0: 0.7622 (0.7615)  loss_bbox_dn_0: 0.2657 (0.3166)  loss_giou_dn_0: 0.7470 (0.8246)  loss_fgl_dn_0: 1.1175 (1.0853)  loss_ddf_dn_0: 0.1121 (0.1113)  loss_mal_dn_1: 0.7344 (0.7357)  loss_bbox_dn_1: 0.2123 (0.2640)  loss_giou_dn_1: 0.6486 (0.7170)  loss_fgl_dn_1: 1.0911 (1.0805)  loss_ddf_dn_1: 0.0071 (0.0078)  loss_mal_dn_2: 0.7275 (0.7285)  loss_bbox_dn_2: 0.2077 (0.2592)  loss_giou_dn_2: 0.6394 (0.7078)  loss_fgl_dn_2: 1.0906 (1.0813)  loss_mal_dn_pre: 0.7622 (0.7614)  loss_bbox_dn_pre: 0.2675 (0.3172)  loss_giou_dn_pre: 0.7474 (0.8232)  time: 0.4979  data: 0.0460  max mem: 8243
Epoch: [26] Total time: 0:01:49 (0.5579 s / it)
Averaged stats: lr: 0.000400  loss: 24.2132 (25.1604)  loss_mal: 1.0391 (1.0557)  loss_bbox: 0.2614 (0.3224)  loss_giou: 0.7929 (0.8818)  loss_fgl: 1.0312 (1.0096)  loss_mal_aux_0: 1.0820 (1.0847)  loss_bbox_aux_0: 0.2670 (0.3289)  loss_giou_aux_0: 0.8157 (0.8965)  loss_fgl_aux_0: 1.0444 (1.0174)  loss_ddf_aux_0: 0.0210 (0.0231)  loss_mal_aux_1: 1.0635 (1.0679)  loss_bbox_aux_1: 0.2607 (0.3231)  loss_giou_aux_1: 0.7927 (0.8828)  loss_fgl_aux_1: 1.0328 (1.0097)  loss_ddf_aux_1: 0.0012 (0.0018)  loss_mal_pre: 1.0781 (1.0844)  loss_bbox_pre: 0.2689 (0.3294)  loss_giou_pre: 0.8149 (0.8951)  loss_mal_enc_0: 1.1172 (1.0942)  loss_bbox_enc_0: 0.2809 (0.3427)  loss_giou_enc_0: 0.8321 (0.9263)  loss_mal_dn_0: 0.7622 (0.7615)  loss_bbox_dn_0: 0.2657 (0.3166)  loss_giou_dn_0: 0.7470 (0.8246)  loss_fgl_dn_0: 1.1175 (1.0853)  loss_ddf_dn_0: 0.1121 (0.1113)  loss_mal_dn_1: 0.7344 (0.7357)  loss_bbox_dn_1: 0.2123 (0.2640)  loss_giou_dn_1: 0.6486 (0.7170)  loss_fgl_dn_1: 1.0911 (1.0805)  loss_ddf_dn_1: 0.0071 (0.0078)  loss_mal_dn_2: 0.7275 (0.7285)  loss_bbox_dn_2: 0.2077 (0.2592)  loss_giou_dn_2: 0.6394 (0.7078)  loss_fgl_dn_2: 1.0906 (1.0813)  loss_mal_dn_pre: 0.7622 (0.7614)  loss_bbox_dn_pre: 0.2675 (0.3172)  loss_giou_dn_pre: 0.7474 (0.8232)
Test:  [ 0/13]  eta: 0:00:34    time: 2.6430  data: 2.2414  max mem: 8243
Test:  [10/13]  eta: 0:00:01    time: 0.5918  data: 0.3186  max mem: 8243
Test:  [12/13]  eta: 0:00:00    time: 0.5424  data: 0.2834  max mem: 8243
Test: Total time: 0:00:07 (0.5496 s / it)
Averaged stats: 
Accumulating evaluation results...
COCOeval_opt.accumulate() finished...
DONE (t=0.30s).
IoU metric: bbox
 Average Precision  (AP) @[ IoU=0.50:0.95 | area=   all | maxDets=100 ] = 0.225
 Average Precision  (AP) @[ IoU=0.50      | area=   all | maxDets=100 ] = 0.490
 Average Precision  (AP) @[ IoU=0.75      | area=   all | maxDets=100 ] = 0.181
 Average Precision  (AP) @[ IoU=0.50:0.95 | area= small | maxDets=100 ] = 0.087
 Average Precision  (AP) @[ IoU=0.50:0.95 | area=medium | maxDets=100 ] = 0.186
 Average Precision  (AP) @[ IoU=0.50:0.95 | area= large | maxDets=100 ] = 0.263
 Average Recall     (AR) @[ IoU=0.50:0.95 | area=   all | maxDets=  1 ] = 0.229
 Average Recall     (AR) @[ IoU=0.50:0.95 | area=   all | maxDets= 10 ] = 0.439
 Average Recall     (AR) @[ IoU=0.50:0.95 | area=   all | maxDets=100 ] = 0.518
 Average Recall     (AR) @[ IoU=0.50:0.95 | area= small | maxDets=100 ] = 0.269
 Average Recall     (AR) @[ IoU=0.50:0.95 | area=medium | maxDets=100 ] = 0.486
 Average Recall     (AR) @[ IoU=0.50:0.95 | area= large | maxDets=100 ] = 0.604
 Average Recall     (AR) @[ IoU=0.50      | area=   all | maxDets=100 ] = 0.931
 Average Recall     (AR) @[ IoU=0.75      | area=   all | maxDets=100 ] = 0.498
best_stat: {'epoch': 26, 'coco_eval_bbox': 0.22521639167055377}
Epoch: [27]  [  0/197]  eta: 0:12:42  lr: 0.000400  loss: 26.8929 (26.8929)  loss_mal: 0.9854 (0.9854)  loss_bbox: 0.4648 (0.4648)  loss_giou: 1.1050 (1.1050)  loss_fgl: 0.9137 (0.9137)  loss_mal_aux_0: 1.0322 (1.0322)  loss_bbox_aux_0: 0.4685 (0.4685)  loss_giou_aux_0: 1.1079 (1.1079)  loss_fgl_aux_0: 0.9146 (0.9146)  loss_ddf_aux_0: 0.0152 (0.0152)  loss_mal_aux_1: 1.0078 (1.0078)  loss_bbox_aux_1: 0.4654 (0.4654)  loss_giou_aux_1: 1.1037 (1.1037)  loss_fgl_aux_1: 0.9129 (0.9129)  loss_ddf_aux_1: 0.0011 (0.0011)  loss_mal_pre: 1.0410 (1.0410)  loss_bbox_pre: 0.4695 (0.4695)  loss_giou_pre: 1.1057 (1.1057)  loss_mal_enc_0: 1.0322 (1.0322)  loss_bbox_enc_0: 0.4746 (0.4746)  loss_giou_enc_0: 1.1220 (1.1220)  loss_mal_dn_0: 0.7563 (0.7563)  loss_bbox_dn_0: 0.3591 (0.3591)  loss_giou_dn_0: 0.9421 (0.9421)  loss_fgl_dn_0: 1.0455 (1.0455)  loss_ddf_dn_0: 0.1011 (0.1011)  loss_mal_dn_1: 0.7554 (0.7554)  loss_bbox_dn_1: 0.3064 (0.3064)  loss_giou_dn_1: 0.8318 (0.8318)  loss_fgl_dn_1: 1.0527 (1.0527)  loss_ddf_dn_1: 0.0072 (0.0072)  loss_mal_dn_2: 0.7549 (0.7549)  loss_bbox_dn_2: 0.3018 (0.3018)  loss_giou_dn_2: 0.8240 (0.8240)  loss_fgl_dn_2: 1.0546 (1.0546)  loss_mal_dn_pre: 0.7563 (0.7563)  loss_bbox_dn_pre: 0.3602 (0.3602)  loss_giou_dn_pre: 0.9403 (0.9403)  time: 3.8695  data: 3.1558  max mem: 8243
Epoch: [27]  [196/197]  eta: 0:00:00  lr: 0.000400  loss: 25.0037 (25.2290)  loss_mal: 1.0771 (1.0556)  loss_bbox: 0.2942 (0.3293)  loss_giou: 0.7835 (0.8822)  loss_fgl: 1.0182 (1.0060)  loss_mal_aux_0: 1.0879 (1.0884)  loss_bbox_aux_0: 0.3092 (0.3357)  loss_giou_aux_0: 0.8020 (0.8966)  loss_fgl_aux_0: 1.0218 (1.0130)  loss_ddf_aux_0: 0.0218 (0.0214)  loss_mal_aux_1: 1.0840 (1.0741)  loss_bbox_aux_1: 0.2946 (0.3299)  loss_giou_aux_1: 0.7878 (0.8834)  loss_fgl_aux_1: 1.0181 (1.0059)  loss_ddf_aux_1: 0.0017 (0.0017)  loss_mal_pre: 1.0908 (1.0891)  loss_bbox_pre: 0.3098 (0.3361)  loss_giou_pre: 0.7996 (0.8954)  loss_mal_enc_0: 1.0938 (1.0947)  loss_bbox_enc_0: 0.3326 (0.3498)  loss_giou_enc_0: 0.8577 (0.9265)  loss_mal_dn_0: 0.7617 (0.7614)  loss_bbox_dn_0: 0.3547 (0.3248)  loss_giou_dn_0: 0.7860 (0.8249)  loss_fgl_dn_0: 1.1090 (1.0832)  loss_ddf_dn_0: 0.1106 (0.1109)  loss_mal_dn_1: 0.7383 (0.7360)  loss_bbox_dn_1: 0.2655 (0.2713)  loss_giou_dn_1: 0.6592 (0.7193)  loss_fgl_dn_1: 1.0972 (1.0789)  loss_ddf_dn_1: 0.0074 (0.0079)  loss_mal_dn_2: 0.7319 (0.7289)  loss_bbox_dn_2: 0.2549 (0.2664)  loss_giou_dn_2: 0.6460 (0.7099)  loss_fgl_dn_2: 1.1006 (1.0798)  loss_mal_dn_pre: 0.7627 (0.7614)  loss_bbox_dn_pre: 0.3540 (0.3256)  loss_giou_dn_pre: 0.7844 (0.8237)  time: 0.4690  data: 0.0390  max mem: 8243
Epoch: [27] Total time: 0:01:49 (0.5535 s / it)
Averaged stats: lr: 0.000400  loss: 25.0037 (25.2290)  loss_mal: 1.0771 (1.0556)  loss_bbox: 0.2942 (0.3293)  loss_giou: 0.7835 (0.8822)  loss_fgl: 1.0182 (1.0060)  loss_mal_aux_0: 1.0879 (1.0884)  loss_bbox_aux_0: 0.3092 (0.3357)  loss_giou_aux_0: 0.8020 (0.8966)  loss_fgl_aux_0: 1.0218 (1.0130)  loss_ddf_aux_0: 0.0218 (0.0214)  loss_mal_aux_1: 1.0840 (1.0741)  loss_bbox_aux_1: 0.2946 (0.3299)  loss_giou_aux_1: 0.7878 (0.8834)  loss_fgl_aux_1: 1.0181 (1.0059)  loss_ddf_aux_1: 0.0017 (0.0017)  loss_mal_pre: 1.0908 (1.0891)  loss_bbox_pre: 0.3098 (0.3361)  loss_giou_pre: 0.7996 (0.8954)  loss_mal_enc_0: 1.0938 (1.0947)  loss_bbox_enc_0: 0.3326 (0.3498)  loss_giou_enc_0: 0.8577 (0.9265)  loss_mal_dn_0: 0.7617 (0.7614)  loss_bbox_dn_0: 0.3547 (0.3248)  loss_giou_dn_0: 0.7860 (0.8249)  loss_fgl_dn_0: 1.1090 (1.0832)  loss_ddf_dn_0: 0.1106 (0.1109)  loss_mal_dn_1: 0.7383 (0.7360)  loss_bbox_dn_1: 0.2655 (0.2713)  loss_giou_dn_1: 0.6592 (0.7193)  loss_fgl_dn_1: 1.0972 (1.0789)  loss_ddf_dn_1: 0.0074 (0.0079)  loss_mal_dn_2: 0.7319 (0.7289)  loss_bbox_dn_2: 0.2549 (0.2664)  loss_giou_dn_2: 0.6460 (0.7099)  loss_fgl_dn_2: 1.1006 (1.0798)  loss_mal_dn_pre: 0.7627 (0.7614)  loss_bbox_dn_pre: 0.3540 (0.3256)  loss_giou_dn_pre: 0.7844 (0.8237)
Test:  [ 0/13]  eta: 0:00:38    time: 2.9892  data: 2.6200  max mem: 8243
Test:  [10/13]  eta: 0:00:01    time: 0.5889  data: 0.3159  max mem: 8243
Test:  [12/13]  eta: 0:00:00    time: 0.5337  data: 0.2737  max mem: 8243
Test: Total time: 0:00:07 (0.5443 s / it)
Averaged stats: 
Accumulating evaluation results...
COCOeval_opt.accumulate() finished...
DONE (t=0.33s).
IoU metric: bbox
 Average Precision  (AP) @[ IoU=0.50:0.95 | area=   all | maxDets=100 ] = 0.227
 Average Precision  (AP) @[ IoU=0.50      | area=   all | maxDets=100 ] = 0.493
 Average Precision  (AP) @[ IoU=0.75      | area=   all | maxDets=100 ] = 0.179
 Average Precision  (AP) @[ IoU=0.50:0.95 | area= small | maxDets=100 ] = 0.088
 Average Precision  (AP) @[ IoU=0.50:0.95 | area=medium | maxDets=100 ] = 0.189
 Average Precision  (AP) @[ IoU=0.50:0.95 | area= large | maxDets=100 ] = 0.263
 Average Recall     (AR) @[ IoU=0.50:0.95 | area=   all | maxDets=  1 ] = 0.229
 Average Recall     (AR) @[ IoU=0.50:0.95 | area=   all | maxDets= 10 ] = 0.442
 Average Recall     (AR) @[ IoU=0.50:0.95 | area=   all | maxDets=100 ] = 0.517
 Average Recall     (AR) @[ IoU=0.50:0.95 | area= small | maxDets=100 ] = 0.270
 Average Recall     (AR) @[ IoU=0.50:0.95 | area=medium | maxDets=100 ] = 0.484
 Average Recall     (AR) @[ IoU=0.50:0.95 | area= large | maxDets=100 ] = 0.605
 Average Recall     (AR) @[ IoU=0.50      | area=   all | maxDets=100 ] = 0.926
 Average Recall     (AR) @[ IoU=0.75      | area=   all | maxDets=100 ] = 0.488
best_stat: {'epoch': 27, 'coco_eval_bbox': 0.22685814372337182}
Epoch: [28]  [  0/197]  eta: 0:11:11  lr: 0.000400  loss: 25.9211 (25.9211)  loss_mal: 0.8955 (0.8955)  loss_bbox: 0.4277 (0.4277)  loss_giou: 1.1679 (1.1679)  loss_fgl: 0.8044 (0.8044)  loss_mal_aux_0: 0.9131 (0.9131)  loss_bbox_aux_0: 0.4379 (0.4379)  loss_giou_aux_0: 1.1666 (1.1666)  loss_fgl_aux_0: 0.8134 (0.8134)  loss_ddf_aux_0: 0.0263 (0.0263)  loss_mal_aux_1: 0.9116 (0.9116)  loss_bbox_aux_1: 0.4321 (0.4321)  loss_giou_aux_1: 1.1669 (1.1669)  loss_fgl_aux_1: 0.8051 (0.8051)  loss_ddf_aux_1: 0.0018 (0.0018)  loss_mal_pre: 0.9146 (0.9146)  loss_bbox_pre: 0.4437 (0.4437)  loss_giou_pre: 1.1658 (1.1658)  loss_mal_enc_0: 0.8896 (0.8896)  loss_bbox_enc_0: 0.4594 (0.4594)  loss_giou_enc_0: 1.1966 (1.1966)  loss_mal_dn_0: 0.7334 (0.7334)  loss_bbox_dn_0: 0.3291 (0.3291)  loss_giou_dn_0: 0.9402 (0.9402)  loss_fgl_dn_0: 1.0129 (1.0129)  loss_ddf_dn_0: 0.0961 (0.0961)  loss_mal_dn_1: 0.7368 (0.7368)  loss_bbox_dn_1: 0.2789 (0.2789)  loss_giou_dn_1: 0.8475 (0.8475)  loss_fgl_dn_1: 1.0234 (1.0234)  loss_ddf_dn_1: 0.0071 (0.0071)  loss_mal_dn_2: 0.7280 (0.7280)  loss_bbox_dn_2: 0.2770 (0.2770)  loss_giou_dn_2: 0.8397 (0.8397)  loss_fgl_dn_2: 1.0233 (1.0233)  loss_mal_dn_pre: 0.7324 (0.7324)  loss_bbox_dn_pre: 0.3326 (0.3326)  loss_giou_dn_pre: 0.9427 (0.9427)  time: 3.4088  data: 2.7053  max mem: 8243
Epoch: [28]  [196/197]  eta: 0:00:00  lr: 0.000400  loss: 24.0104 (25.0473)  loss_mal: 1.0391 (1.0475)  loss_bbox: 0.2603 (0.3198)  loss_giou: 0.7501 (0.8738)  loss_fgl: 1.0466 (1.0088)  loss_mal_aux_0: 1.0605 (1.0815)  loss_bbox_aux_0: 0.2702 (0.3259)  loss_giou_aux_0: 0.7625 (0.8892)  loss_fgl_aux_0: 1.0555 (1.0175)  loss_ddf_aux_0: 0.0231 (0.0233)  loss_mal_aux_1: 1.0439 (1.0624)  loss_bbox_aux_1: 0.2612 (0.3203)  loss_giou_aux_1: 0.7511 (0.8751)  loss_fgl_aux_1: 1.0486 (1.0090)  loss_ddf_aux_1: 0.0015 (0.0018)  loss_mal_pre: 1.0615 (1.0815)  loss_bbox_pre: 0.2713 (0.3262)  loss_giou_pre: 0.7634 (0.8879)  loss_mal_enc_0: 1.0752 (1.0930)  loss_bbox_enc_0: 0.2910 (0.3405)  loss_giou_enc_0: 0.7835 (0.9185)  loss_mal_dn_0: 0.7583 (0.7613)  loss_bbox_dn_0: 0.3091 (0.3118)  loss_giou_dn_0: 0.7251 (0.8179)  loss_fgl_dn_0: 1.1104 (1.0878)  loss_ddf_dn_0: 0.1130 (0.1122)  loss_mal_dn_1: 0.7295 (0.7342)  loss_bbox_dn_1: 0.2541 (0.2597)  loss_giou_dn_1: 0.6230 (0.7116)  loss_fgl_dn_1: 1.0908 (1.0820)  loss_ddf_dn_1: 0.0076 (0.0084)  loss_mal_dn_2: 0.7197 (0.7275)  loss_bbox_dn_2: 0.2470 (0.2545)  loss_giou_dn_2: 0.6099 (0.7016)  loss_fgl_dn_2: 1.0910 (1.0828)  loss_mal_dn_pre: 0.7578 (0.7611)  loss_bbox_dn_pre: 0.3078 (0.3125)  loss_giou_dn_pre: 0.7226 (0.8170)  time: 0.4797  data: 0.0404  max mem: 8243
Epoch: [28] Total time: 0:01:45 (0.5377 s / it)
Averaged stats: lr: 0.000400  loss: 24.0104 (25.0473)  loss_mal: 1.0391 (1.0475)  loss_bbox: 0.2603 (0.3198)  loss_giou: 0.7501 (0.8738)  loss_fgl: 1.0466 (1.0088)  loss_mal_aux_0: 1.0605 (1.0815)  loss_bbox_aux_0: 0.2702 (0.3259)  loss_giou_aux_0: 0.7625 (0.8892)  loss_fgl_aux_0: 1.0555 (1.0175)  loss_ddf_aux_0: 0.0231 (0.0233)  loss_mal_aux_1: 1.0439 (1.0624)  loss_bbox_aux_1: 0.2612 (0.3203)  loss_giou_aux_1: 0.7511 (0.8751)  loss_fgl_aux_1: 1.0486 (1.0090)  loss_ddf_aux_1: 0.0015 (0.0018)  loss_mal_pre: 1.0615 (1.0815)  loss_bbox_pre: 0.2713 (0.3262)  loss_giou_pre: 0.7634 (0.8879)  loss_mal_enc_0: 1.0752 (1.0930)  loss_bbox_enc_0: 0.2910 (0.3405)  loss_giou_enc_0: 0.7835 (0.9185)  loss_mal_dn_0: 0.7583 (0.7613)  loss_bbox_dn_0: 0.3091 (0.3118)  loss_giou_dn_0: 0.7251 (0.8179)  loss_fgl_dn_0: 1.1104 (1.0878)  loss_ddf_dn_0: 0.1130 (0.1122)  loss_mal_dn_1: 0.7295 (0.7342)  loss_bbox_dn_1: 0.2541 (0.2597)  loss_giou_dn_1: 0.6230 (0.7116)  loss_fgl_dn_1: 1.0908 (1.0820)  loss_ddf_dn_1: 0.0076 (0.0084)  loss_mal_dn_2: 0.7197 (0.7275)  loss_bbox_dn_2: 0.2470 (0.2545)  loss_giou_dn_2: 0.6099 (0.7016)  loss_fgl_dn_2: 1.0910 (1.0828)  loss_mal_dn_pre: 0.7578 (0.7611)  loss_bbox_dn_pre: 0.3078 (0.3125)  loss_giou_dn_pre: 0.7226 (0.8170)
Test:  [ 0/13]  eta: 0:00:40    time: 3.0924  data: 2.7209  max mem: 8243
Test:  [10/13]  eta: 0:00:01    time: 0.6066  data: 0.3360  max mem: 8243
Test:  [12/13]  eta: 0:00:00    time: 0.5501  data: 0.2911  max mem: 8243
Test: Total time: 0:00:07 (0.5572 s / it)
Averaged stats: 
Accumulating evaluation results...
COCOeval_opt.accumulate() finished...
DONE (t=0.32s).
IoU metric: bbox
 Average Precision  (AP) @[ IoU=0.50:0.95 | area=   all | maxDets=100 ] = 0.228
 Average Precision  (AP) @[ IoU=0.50      | area=   all | maxDets=100 ] = 0.498
 Average Precision  (AP) @[ IoU=0.75      | area=   all | maxDets=100 ] = 0.180
 Average Precision  (AP) @[ IoU=0.50:0.95 | area= small | maxDets=100 ] = 0.089
 Average Precision  (AP) @[ IoU=0.50:0.95 | area=medium | maxDets=100 ] = 0.189
 Average Precision  (AP) @[ IoU=0.50:0.95 | area= large | maxDets=100 ] = 0.268
 Average Recall     (AR) @[ IoU=0.50:0.95 | area=   all | maxDets=  1 ] = 0.229
 Average Recall     (AR) @[ IoU=0.50:0.95 | area=   all | maxDets= 10 ] = 0.439
 Average Recall     (AR) @[ IoU=0.50:0.95 | area=   all | maxDets=100 ] = 0.519
 Average Recall     (AR) @[ IoU=0.50:0.95 | area= small | maxDets=100 ] = 0.268
 Average Recall     (AR) @[ IoU=0.50:0.95 | area=medium | maxDets=100 ] = 0.487
 Average Recall     (AR) @[ IoU=0.50:0.95 | area= large | maxDets=100 ] = 0.611
 Average Recall     (AR) @[ IoU=0.50      | area=   all | maxDets=100 ] = 0.932
 Average Recall     (AR) @[ IoU=0.75      | area=   all | maxDets=100 ] = 0.498
best_stat: {'epoch': 28, 'coco_eval_bbox': 0.22800876465287076}
Epoch: [29]  [  0/197]  eta: 0:09:58  lr: 0.000400  loss: 26.6701 (26.6701)  loss_mal: 1.2383 (1.2383)  loss_bbox: 0.3734 (0.3734)  loss_giou: 0.8819 (0.8819)  loss_fgl: 0.9909 (0.9909)  loss_mal_aux_0: 1.2197 (1.2197)  loss_bbox_aux_0: 0.3883 (0.3883)  loss_giou_aux_0: 0.8987 (0.8987)  loss_fgl_aux_0: 0.9989 (0.9989)  loss_ddf_aux_0: 0.0230 (0.0230)  loss_mal_aux_1: 1.2197 (1.2197)  loss_bbox_aux_1: 0.3756 (0.3756)  loss_giou_aux_1: 0.8841 (0.8841)  loss_fgl_aux_1: 0.9917 (0.9917)  loss_ddf_aux_1: 0.0017 (0.0017)  loss_mal_pre: 1.2275 (1.2275)  loss_bbox_pre: 0.3882 (0.3882)  loss_giou_pre: 0.8972 (0.8972)  loss_mal_enc_0: 1.1846 (1.1846)  loss_bbox_enc_0: 0.4148 (0.4148)  loss_giou_enc_0: 0.9421 (0.9421)  loss_mal_dn_0: 0.7671 (0.7671)  loss_bbox_dn_0: 0.4536 (0.4536)  loss_giou_dn_0: 0.8430 (0.8430)  loss_fgl_dn_0: 1.0707 (1.0707)  loss_ddf_dn_0: 0.1107 (0.1107)  loss_mal_dn_1: 0.7422 (0.7422)  loss_bbox_dn_1: 0.3788 (0.3788)  loss_giou_dn_1: 0.7284 (0.7284)  loss_fgl_dn_1: 1.0744 (1.0744)  loss_ddf_dn_1: 0.0084 (0.0084)  loss_mal_dn_2: 0.7344 (0.7344)  loss_bbox_dn_2: 0.3699 (0.3699)  loss_giou_dn_2: 0.7131 (0.7131)  loss_fgl_dn_2: 1.0767 (1.0767)  loss_mal_dn_pre: 0.7671 (0.7671)  loss_bbox_dn_pre: 0.4506 (0.4506)  loss_giou_dn_pre: 0.8408 (0.8408)  time: 3.0358  data: 2.4341  max mem: 8243
Epoch: [29]  [196/197]  eta: 0:00:00  lr: 0.000400  loss: 24.9277 (25.2081)  loss_mal: 1.0537 (1.0536)  loss_bbox: 0.3171 (0.3285)  loss_giou: 0.8481 (0.8862)  loss_fgl: 1.0056 (1.0050)  loss_mal_aux_0: 1.0732 (1.0788)  loss_bbox_aux_0: 0.3276 (0.3350)  loss_giou_aux_0: 0.8602 (0.9013)  loss_fgl_aux_0: 1.0095 (1.0123)  loss_ddf_aux_0: 0.0190 (0.0228)  loss_mal_aux_1: 1.0518 (1.0639)  loss_bbox_aux_1: 0.3187 (0.3292)  loss_giou_aux_1: 0.8489 (0.8879)  loss_fgl_aux_1: 1.0075 (1.0050)  loss_ddf_aux_1: 0.0013 (0.0020)  loss_mal_pre: 1.0762 (1.0784)  loss_bbox_pre: 0.3280 (0.3355)  loss_giou_pre: 0.8581 (0.9001)  loss_mal_enc_0: 1.0713 (1.0876)  loss_bbox_enc_0: 0.3411 (0.3498)  loss_giou_enc_0: 0.9105 (0.9315)  loss_mal_dn_0: 0.7568 (0.7606)  loss_bbox_dn_0: 0.3210 (0.3217)  loss_giou_dn_0: 0.8100 (0.8275)  loss_fgl_dn_0: 1.0713 (1.0847)  loss_ddf_dn_0: 0.1053 (0.1111)  loss_mal_dn_1: 0.7402 (0.7345)  loss_bbox_dn_1: 0.2542 (0.2691)  loss_giou_dn_1: 0.6915 (0.7217)  loss_fgl_dn_1: 1.0763 (1.0803)  loss_ddf_dn_1: 0.0073 (0.0081)  loss_mal_dn_2: 0.7314 (0.7279)  loss_bbox_dn_2: 0.2519 (0.2640)  loss_giou_dn_2: 0.6777 (0.7122)  loss_fgl_dn_2: 1.0762 (1.0812)  loss_mal_dn_pre: 0.7568 (0.7604)  loss_bbox_dn_pre: 0.3193 (0.3223)  loss_giou_dn_pre: 0.8117 (0.8264)  time: 0.5129  data: 0.0551  max mem: 8243
Epoch: [29] Total time: 0:01:53 (0.5757 s / it)
Averaged stats: lr: 0.000400  loss: 24.9277 (25.2081)  loss_mal: 1.0537 (1.0536)  loss_bbox: 0.3171 (0.3285)  loss_giou: 0.8481 (0.8862)  loss_fgl: 1.0056 (1.0050)  loss_mal_aux_0: 1.0732 (1.0788)  loss_bbox_aux_0: 0.3276 (0.3350)  loss_giou_aux_0: 0.8602 (0.9013)  loss_fgl_aux_0: 1.0095 (1.0123)  loss_ddf_aux_0: 0.0190 (0.0228)  loss_mal_aux_1: 1.0518 (1.0639)  loss_bbox_aux_1: 0.3187 (0.3292)  loss_giou_aux_1: 0.8489 (0.8879)  loss_fgl_aux_1: 1.0075 (1.0050)  loss_ddf_aux_1: 0.0013 (0.0020)  loss_mal_pre: 1.0762 (1.0784)  loss_bbox_pre: 0.3280 (0.3355)  loss_giou_pre: 0.8581 (0.9001)  loss_mal_enc_0: 1.0713 (1.0876)  loss_bbox_enc_0: 0.3411 (0.3498)  loss_giou_enc_0: 0.9105 (0.9315)  loss_mal_dn_0: 0.7568 (0.7606)  loss_bbox_dn_0: 0.3210 (0.3217)  loss_giou_dn_0: 0.8100 (0.8275)  loss_fgl_dn_0: 1.0713 (1.0847)  loss_ddf_dn_0: 0.1053 (0.1111)  loss_mal_dn_1: 0.7402 (0.7345)  loss_bbox_dn_1: 0.2542 (0.2691)  loss_giou_dn_1: 0.6915 (0.7217)  loss_fgl_dn_1: 1.0763 (1.0803)  loss_ddf_dn_1: 0.0073 (0.0081)  loss_mal_dn_2: 0.7314 (0.7279)  loss_bbox_dn_2: 0.2519 (0.2640)  loss_giou_dn_2: 0.6777 (0.7122)  loss_fgl_dn_2: 1.0762 (1.0812)  loss_mal_dn_pre: 0.7568 (0.7604)  loss_bbox_dn_pre: 0.3193 (0.3223)  loss_giou_dn_pre: 0.8117 (0.8264)
Test:  [ 0/13]  eta: 0:00:34    time: 2.6652  data: 2.2392  max mem: 8243
Test:  [10/13]  eta: 0:00:01    time: 0.5788  data: 0.3018  max mem: 8243
Test:  [12/13]  eta: 0:00:00    time: 0.5317  data: 0.2692  max mem: 8243
Test: Total time: 0:00:06 (0.5385 s / it)
Averaged stats: 
Accumulating evaluation results...
COCOeval_opt.accumulate() finished...
DONE (t=0.31s).
IoU metric: bbox
 Average Precision  (AP) @[ IoU=0.50:0.95 | area=   all | maxDets=100 ] = 0.230
 Average Precision  (AP) @[ IoU=0.50      | area=   all | maxDets=100 ] = 0.501
 Average Precision  (AP) @[ IoU=0.75      | area=   all | maxDets=100 ] = 0.183
 Average Precision  (AP) @[ IoU=0.50:0.95 | area= small | maxDets=100 ] = 0.088
 Average Precision  (AP) @[ IoU=0.50:0.95 | area=medium | maxDets=100 ] = 0.190
 Average Precision  (AP) @[ IoU=0.50:0.95 | area= large | maxDets=100 ] = 0.272
 Average Recall     (AR) @[ IoU=0.50:0.95 | area=   all | maxDets=  1 ] = 0.232
 Average Recall     (AR) @[ IoU=0.50:0.95 | area=   all | maxDets= 10 ] = 0.444
 Average Recall     (AR) @[ IoU=0.50:0.95 | area=   all | maxDets=100 ] = 0.522
 Average Recall     (AR) @[ IoU=0.50:0.95 | area= small | maxDets=100 ] = 0.272
 Average Recall     (AR) @[ IoU=0.50:0.95 | area=medium | maxDets=100 ] = 0.497
 Average Recall     (AR) @[ IoU=0.50:0.95 | area= large | maxDets=100 ] = 0.608
 Average Recall     (AR) @[ IoU=0.50      | area=   all | maxDets=100 ] = 0.934
 Average Recall     (AR) @[ IoU=0.75      | area=   all | maxDets=100 ] = 0.506
best_stat: {'epoch': 29, 'coco_eval_bbox': 0.2304097782263011}
Epoch: [30]  [  0/197]  eta: 0:11:58  lr: 0.000400  loss: 27.7748 (27.7748)  loss_mal: 1.2266 (1.2266)  loss_bbox: 0.4439 (0.4439)  loss_giou: 0.9413 (0.9413)  loss_fgl: 0.9552 (0.9552)  loss_mal_aux_0: 1.2412 (1.2412)  loss_bbox_aux_0: 0.4526 (0.4526)  loss_giou_aux_0: 0.9602 (0.9602)  loss_fgl_aux_0: 0.9652 (0.9652)  loss_ddf_aux_0: 0.0210 (0.0210)  loss_mal_aux_1: 1.2529 (1.2529)  loss_bbox_aux_1: 0.4451 (0.4451)  loss_giou_aux_1: 0.9391 (0.9391)  loss_fgl_aux_1: 0.9589 (0.9589)  loss_ddf_aux_1: 0.0018 (0.0018)  loss_mal_pre: 1.2422 (1.2422)  loss_bbox_pre: 0.4535 (0.4535)  loss_giou_pre: 0.9592 (0.9592)  loss_mal_enc_0: 1.2412 (1.2412)  loss_bbox_enc_0: 0.4683 (0.4683)  loss_giou_enc_0: 0.9885 (0.9885)  loss_mal_dn_0: 0.7871 (0.7871)  loss_bbox_dn_0: 0.4747 (0.4747)  loss_giou_dn_0: 0.9113 (0.9113)  loss_fgl_dn_0: 1.0373 (1.0373)  loss_ddf_dn_0: 0.1445 (0.1445)  loss_mal_dn_1: 0.7988 (0.7988)  loss_bbox_dn_1: 0.4060 (0.4060)  loss_giou_dn_1: 0.8088 (0.8088)  loss_fgl_dn_1: 1.0339 (1.0339)  loss_ddf_dn_1: 0.0131 (0.0131)  loss_mal_dn_2: 0.8032 (0.8032)  loss_bbox_dn_2: 0.3952 (0.3952)  loss_giou_dn_2: 0.7997 (0.7997)  loss_fgl_dn_2: 1.0348 (1.0348)  loss_mal_dn_pre: 0.7881 (0.7881)  loss_bbox_dn_pre: 0.4719 (0.4719)  loss_giou_dn_pre: 0.9084 (0.9084)  time: 3.6480  data: 2.8056  max mem: 8243
Epoch: [30]  [196/197]  eta: 0:00:00  lr: 0.000400  loss: 26.1084 (25.0365)  loss_mal: 1.0635 (1.0630)  loss_bbox: 0.3686 (0.3157)  loss_giou: 0.9482 (0.8645)  loss_fgl: 0.9859 (1.0165)  loss_mal_aux_0: 1.0723 (1.0910)  loss_bbox_aux_0: 0.3723 (0.3222)  loss_giou_aux_0: 0.9610 (0.8790)  loss_fgl_aux_0: 0.9888 (1.0231)  loss_ddf_aux_0: 0.0241 (0.0210)  loss_mal_aux_1: 1.0576 (1.0744)  loss_bbox_aux_1: 0.3661 (0.3163)  loss_giou_aux_1: 0.9519 (0.8657)  loss_fgl_aux_1: 0.9844 (1.0165)  loss_ddf_aux_1: 0.0015 (0.0016)  loss_mal_pre: 1.0732 (1.0912)  loss_bbox_pre: 0.3738 (0.3227)  loss_giou_pre: 0.9572 (0.8776)  loss_mal_enc_0: 1.1104 (1.0976)  loss_bbox_enc_0: 0.3755 (0.3363)  loss_giou_enc_0: 0.9782 (0.9097)  loss_mal_dn_0: 0.7593 (0.7613)  loss_bbox_dn_0: 0.3209 (0.3147)  loss_giou_dn_0: 0.8943 (0.8127)  loss_fgl_dn_0: 1.0471 (1.0889)  loss_ddf_dn_0: 0.1082 (0.1081)  loss_mal_dn_1: 0.7407 (0.7341)  loss_bbox_dn_1: 0.2738 (0.2611)  loss_giou_dn_1: 0.7843 (0.7051)  loss_fgl_dn_1: 1.0566 (1.0846)  loss_ddf_dn_1: 0.0074 (0.0076)  loss_mal_dn_2: 0.7329 (0.7268)  loss_bbox_dn_2: 0.2722 (0.2562)  loss_giou_dn_2: 0.7766 (0.6960)  loss_fgl_dn_2: 1.0599 (1.0854)  loss_mal_dn_pre: 0.7593 (0.7613)  loss_bbox_dn_pre: 0.3198 (0.3154)  loss_giou_dn_pre: 0.8932 (0.8117)  time: 0.4851  data: 0.0428  max mem: 8243
Epoch: [30] Total time: 0:01:46 (0.5409 s / it)
Averaged stats: lr: 0.000400  loss: 26.1084 (25.0365)  loss_mal: 1.0635 (1.0630)  loss_bbox: 0.3686 (0.3157)  loss_giou: 0.9482 (0.8645)  loss_fgl: 0.9859 (1.0165)  loss_mal_aux_0: 1.0723 (1.0910)  loss_bbox_aux_0: 0.3723 (0.3222)  loss_giou_aux_0: 0.9610 (0.8790)  loss_fgl_aux_0: 0.9888 (1.0231)  loss_ddf_aux_0: 0.0241 (0.0210)  loss_mal_aux_1: 1.0576 (1.0744)  loss_bbox_aux_1: 0.3661 (0.3163)  loss_giou_aux_1: 0.9519 (0.8657)  loss_fgl_aux_1: 0.9844 (1.0165)  loss_ddf_aux_1: 0.0015 (0.0016)  loss_mal_pre: 1.0732 (1.0912)  loss_bbox_pre: 0.3738 (0.3227)  loss_giou_pre: 0.9572 (0.8776)  loss_mal_enc_0: 1.1104 (1.0976)  loss_bbox_enc_0: 0.3755 (0.3363)  loss_giou_enc_0: 0.9782 (0.9097)  loss_mal_dn_0: 0.7593 (0.7613)  loss_bbox_dn_0: 0.3209 (0.3147)  loss_giou_dn_0: 0.8943 (0.8127)  loss_fgl_dn_0: 1.0471 (1.0889)  loss_ddf_dn_0: 0.1082 (0.1081)  loss_mal_dn_1: 0.7407 (0.7341)  loss_bbox_dn_1: 0.2738 (0.2611)  loss_giou_dn_1: 0.7843 (0.7051)  loss_fgl_dn_1: 1.0566 (1.0846)  loss_ddf_dn_1: 0.0074 (0.0076)  loss_mal_dn_2: 0.7329 (0.7268)  loss_bbox_dn_2: 0.2722 (0.2562)  loss_giou_dn_2: 0.7766 (0.6960)  loss_fgl_dn_2: 1.0599 (1.0854)  loss_mal_dn_pre: 0.7593 (0.7613)  loss_bbox_dn_pre: 0.3198 (0.3154)  loss_giou_dn_pre: 0.8932 (0.8117)
Test:  [ 0/13]  eta: 0:00:38    time: 2.9510  data: 2.5820  max mem: 8243
Test:  [10/13]  eta: 0:00:01    time: 0.6003  data: 0.3229  max mem: 8243
Test:  [12/13]  eta: 0:00:00    time: 0.5446  data: 0.2802  max mem: 8243
Test: Total time: 0:00:07 (0.5522 s / it)
Averaged stats: 
Accumulating evaluation results...
COCOeval_opt.accumulate() finished...
DONE (t=0.33s).
IoU metric: bbox
 Average Precision  (AP) @[ IoU=0.50:0.95 | area=   all | maxDets=100 ] = 0.233
 Average Precision  (AP) @[ IoU=0.50      | area=   all | maxDets=100 ] = 0.503
 Average Precision  (AP) @[ IoU=0.75      | area=   all | maxDets=100 ] = 0.190
 Average Precision  (AP) @[ IoU=0.50:0.95 | area= small | maxDets=100 ] = 0.090
 Average Precision  (AP) @[ IoU=0.50:0.95 | area=medium | maxDets=100 ] = 0.195
 Average Precision  (AP) @[ IoU=0.50:0.95 | area= large | maxDets=100 ] = 0.270
 Average Recall     (AR) @[ IoU=0.50:0.95 | area=   all | maxDets=  1 ] = 0.232
 Average Recall     (AR) @[ IoU=0.50:0.95 | area=   all | maxDets= 10 ] = 0.445
 Average Recall     (AR) @[ IoU=0.50:0.95 | area=   all | maxDets=100 ] = 0.522
 Average Recall     (AR) @[ IoU=0.50:0.95 | area= small | maxDets=100 ] = 0.273
 Average Recall     (AR) @[ IoU=0.50:0.95 | area=medium | maxDets=100 ] = 0.496
 Average Recall     (AR) @[ IoU=0.50:0.95 | area= large | maxDets=100 ] = 0.604
 Average Recall     (AR) @[ IoU=0.50      | area=   all | maxDets=100 ] = 0.933
 Average Recall     (AR) @[ IoU=0.75      | area=   all | maxDets=100 ] = 0.507
best_stat: {'epoch': 30, 'coco_eval_bbox': 0.23324828601689604}
Epoch: [31]  [  0/197]  eta: 0:09:55  lr: 0.000400  loss: 23.7036 (23.7036)  loss_mal: 0.9600 (0.9600)  loss_bbox: 0.2736 (0.2736)  loss_giou: 0.8445 (0.8445)  loss_fgl: 1.0107 (1.0107)  loss_mal_aux_0: 0.9878 (0.9878)  loss_bbox_aux_0: 0.2814 (0.2814)  loss_giou_aux_0: 0.8587 (0.8587)  loss_fgl_aux_0: 1.0171 (1.0171)  loss_ddf_aux_0: 0.0301 (0.0301)  loss_mal_aux_1: 0.9819 (0.9819)  loss_bbox_aux_1: 0.2739 (0.2739)  loss_giou_aux_1: 0.8456 (0.8456)  loss_fgl_aux_1: 1.0101 (1.0101)  loss_ddf_aux_1: 0.0016 (0.0016)  loss_mal_pre: 0.9888 (0.9888)  loss_bbox_pre: 0.2808 (0.2808)  loss_giou_pre: 0.8543 (0.8543)  loss_mal_enc_0: 1.0488 (1.0488)  loss_bbox_enc_0: 0.2877 (0.2877)  loss_giou_enc_0: 0.8843 (0.8843)  loss_mal_dn_0: 0.7471 (0.7471)  loss_bbox_dn_0: 0.2477 (0.2477)  loss_giou_dn_0: 0.7409 (0.7409)  loss_fgl_dn_0: 1.1058 (1.1058)  loss_ddf_dn_0: 0.1406 (0.1406)  loss_mal_dn_1: 0.7168 (0.7168)  loss_bbox_dn_1: 0.1972 (0.1972)  loss_giou_dn_1: 0.6328 (0.6328)  loss_fgl_dn_1: 1.0955 (1.0955)  loss_ddf_dn_1: 0.0086 (0.0086)  loss_mal_dn_2: 0.7085 (0.7085)  loss_bbox_dn_2: 0.1888 (0.1888)  loss_giou_dn_2: 0.6225 (0.6225)  loss_fgl_dn_2: 1.0959 (1.0959)  loss_mal_dn_pre: 0.7471 (0.7471)  loss_bbox_dn_pre: 0.2471 (0.2471)  loss_giou_dn_pre: 0.7391 (0.7391)  time: 3.0237  data: 2.4293  max mem: 8243
Epoch: [31]  [196/197]  eta: 0:00:00  lr: 0.000400  loss: 24.7077 (25.2025)  loss_mal: 1.0332 (1.0541)  loss_bbox: 0.2762 (0.3275)  loss_giou: 0.7468 (0.8851)  loss_fgl: 1.0669 (1.0023)  loss_mal_aux_0: 1.0596 (1.0847)  loss_bbox_aux_0: 0.2814 (0.3345)  loss_giou_aux_0: 0.7657 (0.9007)  loss_fgl_aux_0: 1.0739 (1.0108)  loss_ddf_aux_0: 0.0264 (0.0247)  loss_mal_aux_1: 1.0342 (1.0680)  loss_bbox_aux_1: 0.2763 (0.3281)  loss_giou_aux_1: 0.7485 (0.8863)  loss_fgl_aux_1: 1.0685 (1.0024)  loss_ddf_aux_1: 0.0020 (0.0017)  loss_mal_pre: 1.0605 (1.0853)  loss_bbox_pre: 0.2824 (0.3349)  loss_giou_pre: 0.7655 (0.8994)  loss_mal_enc_0: 1.0811 (1.0925)  loss_bbox_enc_0: 0.2949 (0.3486)  loss_giou_enc_0: 0.8126 (0.9298)  loss_mal_dn_0: 0.7578 (0.7608)  loss_bbox_dn_0: 0.3101 (0.3207)  loss_giou_dn_0: 0.7668 (0.8272)  loss_fgl_dn_0: 1.1086 (1.0841)  loss_ddf_dn_0: 0.1269 (0.1164)  loss_mal_dn_1: 0.7314 (0.7357)  loss_bbox_dn_1: 0.2445 (0.2672)  loss_giou_dn_1: 0.6560 (0.7173)  loss_fgl_dn_1: 1.0899 (1.0778)  loss_ddf_dn_1: 0.0096 (0.0081)  loss_mal_dn_2: 0.7217 (0.7295)  loss_bbox_dn_2: 0.2406 (0.2622)  loss_giou_dn_2: 0.6491 (0.7076)  loss_fgl_dn_2: 1.0867 (1.0787)  loss_mal_dn_pre: 0.7588 (0.7607)  loss_bbox_dn_pre: 0.3110 (0.3213)  loss_giou_dn_pre: 0.7629 (0.8259)  time: 0.4805  data: 0.0468  max mem: 8243
Epoch: [31] Total time: 0:01:49 (0.5543 s / it)
Averaged stats: lr: 0.000400  loss: 24.7077 (25.2025)  loss_mal: 1.0332 (1.0541)  loss_bbox: 0.2762 (0.3275)  loss_giou: 0.7468 (0.8851)  loss_fgl: 1.0669 (1.0023)  loss_mal_aux_0: 1.0596 (1.0847)  loss_bbox_aux_0: 0.2814 (0.3345)  loss_giou_aux_0: 0.7657 (0.9007)  loss_fgl_aux_0: 1.0739 (1.0108)  loss_ddf_aux_0: 0.0264 (0.0247)  loss_mal_aux_1: 1.0342 (1.0680)  loss_bbox_aux_1: 0.2763 (0.3281)  loss_giou_aux_1: 0.7485 (0.8863)  loss_fgl_aux_1: 1.0685 (1.0024)  loss_ddf_aux_1: 0.0020 (0.0017)  loss_mal_pre: 1.0605 (1.0853)  loss_bbox_pre: 0.2824 (0.3349)  loss_giou_pre: 0.7655 (0.8994)  loss_mal_enc_0: 1.0811 (1.0925)  loss_bbox_enc_0: 0.2949 (0.3486)  loss_giou_enc_0: 0.8126 (0.9298)  loss_mal_dn_0: 0.7578 (0.7608)  loss_bbox_dn_0: 0.3101 (0.3207)  loss_giou_dn_0: 0.7668 (0.8272)  loss_fgl_dn_0: 1.1086 (1.0841)  loss_ddf_dn_0: 0.1269 (0.1164)  loss_mal_dn_1: 0.7314 (0.7357)  loss_bbox_dn_1: 0.2445 (0.2672)  loss_giou_dn_1: 0.6560 (0.7173)  loss_fgl_dn_1: 1.0899 (1.0778)  loss_ddf_dn_1: 0.0096 (0.0081)  loss_mal_dn_2: 0.7217 (0.7295)  loss_bbox_dn_2: 0.2406 (0.2622)  loss_giou_dn_2: 0.6491 (0.7076)  loss_fgl_dn_2: 1.0867 (1.0787)  loss_mal_dn_pre: 0.7588 (0.7607)  loss_bbox_dn_pre: 0.3110 (0.3213)  loss_giou_dn_pre: 0.7629 (0.8259)
Test:  [ 0/13]  eta: 0:00:37    time: 2.8508  data: 2.4701  max mem: 8243
Test:  [10/13]  eta: 0:00:01    time: 0.5783  data: 0.3029  max mem: 8243
Test:  [12/13]  eta: 0:00:00    time: 0.5238  data: 0.2626  max mem: 8243
Test: Total time: 0:00:06 (0.5313 s / it)
Averaged stats: 
Accumulating evaluation results...
COCOeval_opt.accumulate() finished...
DONE (t=0.31s).
IoU metric: bbox
 Average Precision  (AP) @[ IoU=0.50:0.95 | area=   all | maxDets=100 ] = 0.234
 Average Precision  (AP) @[ IoU=0.50      | area=   all | maxDets=100 ] = 0.503
 Average Precision  (AP) @[ IoU=0.75      | area=   all | maxDets=100 ] = 0.190
 Average Precision  (AP) @[ IoU=0.50:0.95 | area= small | maxDets=100 ] = 0.088
 Average Precision  (AP) @[ IoU=0.50:0.95 | area=medium | maxDets=100 ] = 0.197
 Average Precision  (AP) @[ IoU=0.50:0.95 | area= large | maxDets=100 ] = 0.270
 Average Recall     (AR) @[ IoU=0.50:0.95 | area=   all | maxDets=  1 ] = 0.234
 Average Recall     (AR) @[ IoU=0.50:0.95 | area=   all | maxDets= 10 ] = 0.448
 Average Recall     (AR) @[ IoU=0.50:0.95 | area=   all | maxDets=100 ] = 0.521
 Average Recall     (AR) @[ IoU=0.50:0.95 | area= small | maxDets=100 ] = 0.270
 Average Recall     (AR) @[ IoU=0.50:0.95 | area=medium | maxDets=100 ] = 0.492
 Average Recall     (AR) @[ IoU=0.50:0.95 | area= large | maxDets=100 ] = 0.604
 Average Recall     (AR) @[ IoU=0.50      | area=   all | maxDets=100 ] = 0.926
 Average Recall     (AR) @[ IoU=0.75      | area=   all | maxDets=100 ] = 0.501
best_stat: {'epoch': 31, 'coco_eval_bbox': 0.23433056726900314}
Epoch: [32]  [  0/197]  eta: 0:11:24  lr: 0.000400  loss: 24.7724 (24.7724)  loss_mal: 1.1514 (1.1514)  loss_bbox: 0.2606 (0.2606)  loss_giou: 0.7803 (0.7803)  loss_fgl: 1.0864 (1.0864)  loss_mal_aux_0: 1.1943 (1.1943)  loss_bbox_aux_0: 0.2574 (0.2574)  loss_giou_aux_0: 0.7841 (0.7841)  loss_fgl_aux_0: 1.0960 (1.0960)  loss_ddf_aux_0: 0.0173 (0.0173)  loss_mal_aux_1: 1.1426 (1.1426)  loss_bbox_aux_1: 0.2608 (0.2608)  loss_giou_aux_1: 0.7849 (0.7849)  loss_fgl_aux_1: 1.0861 (1.0861)  loss_ddf_aux_1: 0.0016 (0.0016)  loss_mal_pre: 1.1953 (1.1953)  loss_bbox_pre: 0.2577 (0.2577)  loss_giou_pre: 0.7809 (0.7809)  loss_mal_enc_0: 1.1787 (1.1787)  loss_bbox_enc_0: 0.2768 (0.2768)  loss_giou_enc_0: 0.8108 (0.8108)  loss_mal_dn_0: 0.7524 (0.7524)  loss_bbox_dn_0: 0.2716 (0.2716)  loss_giou_dn_0: 0.7959 (0.7959)  loss_fgl_dn_0: 1.1418 (1.1418)  loss_ddf_dn_0: 0.0874 (0.0874)  loss_mal_dn_1: 0.7334 (0.7334)  loss_bbox_dn_1: 0.2243 (0.2243)  loss_giou_dn_1: 0.6660 (0.6660)  loss_fgl_dn_1: 1.1261 (1.1261)  loss_ddf_dn_1: 0.0062 (0.0062)  loss_mal_dn_2: 0.7295 (0.7295)  loss_bbox_dn_2: 0.2236 (0.2236)  loss_giou_dn_2: 0.6643 (0.6643)  loss_fgl_dn_2: 1.1268 (1.1268)  loss_mal_dn_pre: 0.7524 (0.7524)  loss_bbox_dn_pre: 0.2717 (0.2717)  loss_giou_dn_pre: 0.7947 (0.7947)  time: 3.4769  data: 2.7099  max mem: 8243
Epoch: [32]  [196/197]  eta: 0:00:00  lr: 0.000400  loss: 25.4633 (25.2719)  loss_mal: 1.0420 (1.0502)  loss_bbox: 0.3340 (0.3310)  loss_giou: 0.9881 (0.8999)  loss_fgl: 0.9597 (0.9984)  loss_mal_aux_0: 1.0703 (1.0803)  loss_bbox_aux_0: 0.3378 (0.3370)  loss_giou_aux_0: 0.9927 (0.9140)  loss_fgl_aux_0: 0.9551 (1.0046)  loss_ddf_aux_0: 0.0184 (0.0218)  loss_mal_aux_1: 1.0479 (1.0656)  loss_bbox_aux_1: 0.3351 (0.3315)  loss_giou_aux_1: 0.9906 (0.9011)  loss_fgl_aux_1: 0.9579 (0.9984)  loss_ddf_aux_1: 0.0013 (0.0015)  loss_mal_pre: 1.0723 (1.0809)  loss_bbox_pre: 0.3389 (0.3375)  loss_giou_pre: 0.9918 (0.9128)  loss_mal_enc_0: 1.0664 (1.0829)  loss_bbox_enc_0: 0.3487 (0.3508)  loss_giou_enc_0: 1.0231 (0.9440)  loss_mal_dn_0: 0.7563 (0.7605)  loss_bbox_dn_0: 0.3053 (0.3211)  loss_giou_dn_0: 0.9037 (0.8337)  loss_fgl_dn_0: 1.0510 (1.0797)  loss_ddf_dn_0: 0.1118 (0.1102)  loss_mal_dn_1: 0.7397 (0.7372)  loss_bbox_dn_1: 0.2576 (0.2690)  loss_giou_dn_1: 0.7856 (0.7269)  loss_fgl_dn_1: 1.0610 (1.0766)  loss_ddf_dn_1: 0.0071 (0.0073)  loss_mal_dn_2: 0.7354 (0.7302)  loss_bbox_dn_2: 0.2541 (0.2646)  loss_giou_dn_2: 0.7751 (0.7181)  loss_fgl_dn_2: 1.0631 (1.0775)  loss_mal_dn_pre: 0.7568 (0.7604)  loss_bbox_dn_pre: 0.3057 (0.3220)  loss_giou_dn_pre: 0.8997 (0.8327)  time: 0.4945  data: 0.0506  max mem: 8243
Epoch: [32] Total time: 0:01:49 (0.5555 s / it)
Averaged stats: lr: 0.000400  loss: 25.4633 (25.2719)  loss_mal: 1.0420 (1.0502)  loss_bbox: 0.3340 (0.3310)  loss_giou: 0.9881 (0.8999)  loss_fgl: 0.9597 (0.9984)  loss_mal_aux_0: 1.0703 (1.0803)  loss_bbox_aux_0: 0.3378 (0.3370)  loss_giou_aux_0: 0.9927 (0.9140)  loss_fgl_aux_0: 0.9551 (1.0046)  loss_ddf_aux_0: 0.0184 (0.0218)  loss_mal_aux_1: 1.0479 (1.0656)  loss_bbox_aux_1: 0.3351 (0.3315)  loss_giou_aux_1: 0.9906 (0.9011)  loss_fgl_aux_1: 0.9579 (0.9984)  loss_ddf_aux_1: 0.0013 (0.0015)  loss_mal_pre: 1.0723 (1.0809)  loss_bbox_pre: 0.3389 (0.3375)  loss_giou_pre: 0.9918 (0.9128)  loss_mal_enc_0: 1.0664 (1.0829)  loss_bbox_enc_0: 0.3487 (0.3508)  loss_giou_enc_0: 1.0231 (0.9440)  loss_mal_dn_0: 0.7563 (0.7605)  loss_bbox_dn_0: 0.3053 (0.3211)  loss_giou_dn_0: 0.9037 (0.8337)  loss_fgl_dn_0: 1.0510 (1.0797)  loss_ddf_dn_0: 0.1118 (0.1102)  loss_mal_dn_1: 0.7397 (0.7372)  loss_bbox_dn_1: 0.2576 (0.2690)  loss_giou_dn_1: 0.7856 (0.7269)  loss_fgl_dn_1: 1.0610 (1.0766)  loss_ddf_dn_1: 0.0071 (0.0073)  loss_mal_dn_2: 0.7354 (0.7302)  loss_bbox_dn_2: 0.2541 (0.2646)  loss_giou_dn_2: 0.7751 (0.7181)  loss_fgl_dn_2: 1.0631 (1.0775)  loss_mal_dn_pre: 0.7568 (0.7604)  loss_bbox_dn_pre: 0.3057 (0.3220)  loss_giou_dn_pre: 0.8997 (0.8327)
Test:  [ 0/13]  eta: 0:00:35    time: 2.7568  data: 2.3374  max mem: 8243
Test:  [10/13]  eta: 0:00:01    time: 0.5734  data: 0.3047  max mem: 8243
Test:  [12/13]  eta: 0:00:00    time: 0.5253  data: 0.2693  max mem: 8243
Test: Total time: 0:00:06 (0.5322 s / it)
Averaged stats: 
Accumulating evaluation results...
COCOeval_opt.accumulate() finished...
DONE (t=0.30s).
IoU metric: bbox
 Average Precision  (AP) @[ IoU=0.50:0.95 | area=   all | maxDets=100 ] = 0.235
 Average Precision  (AP) @[ IoU=0.50      | area=   all | maxDets=100 ] = 0.502
 Average Precision  (AP) @[ IoU=0.75      | area=   all | maxDets=100 ] = 0.188
 Average Precision  (AP) @[ IoU=0.50:0.95 | area= small | maxDets=100 ] = 0.093
 Average Precision  (AP) @[ IoU=0.50:0.95 | area=medium | maxDets=100 ] = 0.196
 Average Precision  (AP) @[ IoU=0.50:0.95 | area= large | maxDets=100 ] = 0.277
 Average Recall     (AR) @[ IoU=0.50:0.95 | area=   all | maxDets=  1 ] = 0.234
 Average Recall     (AR) @[ IoU=0.50:0.95 | area=   all | maxDets= 10 ] = 0.446
 Average Recall     (AR) @[ IoU=0.50:0.95 | area=   all | maxDets=100 ] = 0.521
 Average Recall     (AR) @[ IoU=0.50:0.95 | area= small | maxDets=100 ] = 0.270
 Average Recall     (AR) @[ IoU=0.50:0.95 | area=medium | maxDets=100 ] = 0.492
 Average Recall     (AR) @[ IoU=0.50:0.95 | area= large | maxDets=100 ] = 0.602
 Average Recall     (AR) @[ IoU=0.50      | area=   all | maxDets=100 ] = 0.930
 Average Recall     (AR) @[ IoU=0.75      | area=   all | maxDets=100 ] = 0.494
best_stat: {'epoch': 32, 'coco_eval_bbox': 0.23458668928742238}
Epoch: [33]  [  0/197]  eta: 0:11:40  lr: 0.000400  loss: 25.7151 (25.7151)  loss_mal: 1.0361 (1.0361)  loss_bbox: 0.3486 (0.3486)  loss_giou: 1.0108 (1.0108)  loss_fgl: 0.9550 (0.9550)  loss_mal_aux_0: 1.0459 (1.0459)  loss_bbox_aux_0: 0.3475 (0.3475)  loss_giou_aux_0: 1.0192 (1.0192)  loss_fgl_aux_0: 0.9569 (0.9569)  loss_ddf_aux_0: 0.0193 (0.0193)  loss_mal_aux_1: 1.0439 (1.0439)  loss_bbox_aux_1: 0.3488 (0.3488)  loss_giou_aux_1: 1.0110 (1.0110)  loss_fgl_aux_1: 0.9560 (0.9560)  loss_ddf_aux_1: 0.0013 (0.0013)  loss_mal_pre: 1.0498 (1.0498)  loss_bbox_pre: 0.3479 (0.3479)  loss_giou_pre: 1.0180 (1.0180)  loss_mal_enc_0: 1.0449 (1.0449)  loss_bbox_enc_0: 0.3598 (0.3598)  loss_giou_enc_0: 1.0465 (1.0465)  loss_mal_dn_0: 0.7588 (0.7588)  loss_bbox_dn_0: 0.2883 (0.2883)  loss_giou_dn_0: 0.9048 (0.9048)  loss_fgl_dn_0: 1.0578 (1.0578)  loss_ddf_dn_0: 0.0892 (0.0892)  loss_mal_dn_1: 0.7471 (0.7471)  loss_bbox_dn_1: 0.2400 (0.2400)  loss_giou_dn_1: 0.7974 (0.7974)  loss_fgl_dn_1: 1.0694 (1.0694)  loss_ddf_dn_1: 0.0059 (0.0059)  loss_mal_dn_2: 0.7373 (0.7373)  loss_bbox_dn_2: 0.2395 (0.2395)  loss_giou_dn_2: 0.7925 (0.7925)  loss_fgl_dn_2: 1.0697 (1.0697)  loss_mal_dn_pre: 0.7593 (0.7593)  loss_bbox_dn_pre: 0.2877 (0.2877)  loss_giou_dn_pre: 0.9030 (0.9030)  time: 3.5543  data: 2.8932  max mem: 8243
Epoch: [33]  [196/197]  eta: 0:00:00  lr: 0.000400  loss: 25.9806 (25.0836)  loss_mal: 1.0420 (1.0542)  loss_bbox: 0.3529 (0.3220)  loss_giou: 0.9833 (0.8700)  loss_fgl: 0.9597 (1.0144)  loss_mal_aux_0: 1.0723 (1.0841)  loss_bbox_aux_0: 0.3579 (0.3282)  loss_giou_aux_0: 1.0014 (0.8845)  loss_fgl_aux_0: 0.9638 (1.0220)  loss_ddf_aux_0: 0.0180 (0.0224)  loss_mal_aux_1: 1.0557 (1.0656)  loss_bbox_aux_1: 0.3568 (0.3227)  loss_giou_aux_1: 0.9856 (0.8713)  loss_fgl_aux_1: 0.9595 (1.0144)  loss_ddf_aux_1: 0.0015 (0.0018)  loss_mal_pre: 1.0732 (1.0836)  loss_bbox_pre: 0.3569 (0.3287)  loss_giou_pre: 1.0019 (0.8833)  loss_mal_enc_0: 1.0771 (1.0892)  loss_bbox_enc_0: 0.3727 (0.3417)  loss_giou_enc_0: 1.0169 (0.9130)  loss_mal_dn_0: 0.7612 (0.7603)  loss_bbox_dn_0: 0.3340 (0.3173)  loss_giou_dn_0: 0.9008 (0.8188)  loss_fgl_dn_0: 1.0545 (1.0885)  loss_ddf_dn_0: 0.1013 (0.1166)  loss_mal_dn_1: 0.7417 (0.7341)  loss_bbox_dn_1: 0.2746 (0.2641)  loss_giou_dn_1: 0.8031 (0.7097)  loss_fgl_dn_1: 1.0639 (1.0830)  loss_ddf_dn_1: 0.0066 (0.0086)  loss_mal_dn_2: 0.7354 (0.7268)  loss_bbox_dn_2: 0.2704 (0.2588)  loss_giou_dn_2: 0.7944 (0.7000)  loss_fgl_dn_2: 1.0659 (1.0837)  loss_mal_dn_pre: 0.7612 (0.7601)  loss_bbox_dn_pre: 0.3352 (0.3181)  loss_giou_dn_pre: 0.8982 (0.8177)  time: 0.4750  data: 0.0479  max mem: 8243
Epoch: [33] Total time: 0:01:47 (0.5470 s / it)
Averaged stats: lr: 0.000400  loss: 25.9806 (25.0836)  loss_mal: 1.0420 (1.0542)  loss_bbox: 0.3529 (0.3220)  loss_giou: 0.9833 (0.8700)  loss_fgl: 0.9597 (1.0144)  loss_mal_aux_0: 1.0723 (1.0841)  loss_bbox_aux_0: 0.3579 (0.3282)  loss_giou_aux_0: 1.0014 (0.8845)  loss_fgl_aux_0: 0.9638 (1.0220)  loss_ddf_aux_0: 0.0180 (0.0224)  loss_mal_aux_1: 1.0557 (1.0656)  loss_bbox_aux_1: 0.3568 (0.3227)  loss_giou_aux_1: 0.9856 (0.8713)  loss_fgl_aux_1: 0.9595 (1.0144)  loss_ddf_aux_1: 0.0015 (0.0018)  loss_mal_pre: 1.0732 (1.0836)  loss_bbox_pre: 0.3569 (0.3287)  loss_giou_pre: 1.0019 (0.8833)  loss_mal_enc_0: 1.0771 (1.0892)  loss_bbox_enc_0: 0.3727 (0.3417)  loss_giou_enc_0: 1.0169 (0.9130)  loss_mal_dn_0: 0.7612 (0.7603)  loss_bbox_dn_0: 0.3340 (0.3173)  loss_giou_dn_0: 0.9008 (0.8188)  loss_fgl_dn_0: 1.0545 (1.0885)  loss_ddf_dn_0: 0.1013 (0.1166)  loss_mal_dn_1: 0.7417 (0.7341)  loss_bbox_dn_1: 0.2746 (0.2641)  loss_giou_dn_1: 0.8031 (0.7097)  loss_fgl_dn_1: 1.0639 (1.0830)  loss_ddf_dn_1: 0.0066 (0.0086)  loss_mal_dn_2: 0.7354 (0.7268)  loss_bbox_dn_2: 0.2704 (0.2588)  loss_giou_dn_2: 0.7944 (0.7000)  loss_fgl_dn_2: 1.0659 (1.0837)  loss_mal_dn_pre: 0.7612 (0.7601)  loss_bbox_dn_pre: 0.3352 (0.3181)  loss_giou_dn_pre: 0.8982 (0.8177)
Test:  [ 0/13]  eta: 0:00:39    time: 3.0557  data: 2.6852  max mem: 8243
Test:  [10/13]  eta: 0:00:01    time: 0.5962  data: 0.3286  max mem: 8243
Test:  [12/13]  eta: 0:00:00    time: 0.5461  data: 0.2918  max mem: 8243
Test: Total time: 0:00:07 (0.5526 s / it)
Averaged stats: 
Accumulating evaluation results...
COCOeval_opt.accumulate() finished...
DONE (t=0.31s).
IoU metric: bbox
 Average Precision  (AP) @[ IoU=0.50:0.95 | area=   all | maxDets=100 ] = 0.236
 Average Precision  (AP) @[ IoU=0.50      | area=   all | maxDets=100 ] = 0.506
 Average Precision  (AP) @[ IoU=0.75      | area=   all | maxDets=100 ] = 0.191
 Average Precision  (AP) @[ IoU=0.50:0.95 | area= small | maxDets=100 ] = 0.097
 Average Precision  (AP) @[ IoU=0.50:0.95 | area=medium | maxDets=100 ] = 0.196
 Average Precision  (AP) @[ IoU=0.50:0.95 | area= large | maxDets=100 ] = 0.277
 Average Recall     (AR) @[ IoU=0.50:0.95 | area=   all | maxDets=  1 ] = 0.236
 Average Recall     (AR) @[ IoU=0.50:0.95 | area=   all | maxDets= 10 ] = 0.451
 Average Recall     (AR) @[ IoU=0.50:0.95 | area=   all | maxDets=100 ] = 0.524
 Average Recall     (AR) @[ IoU=0.50:0.95 | area= small | maxDets=100 ] = 0.269
 Average Recall     (AR) @[ IoU=0.50:0.95 | area=medium | maxDets=100 ] = 0.494
 Average Recall     (AR) @[ IoU=0.50:0.95 | area= large | maxDets=100 ] = 0.608
 Average Recall     (AR) @[ IoU=0.50      | area=   all | maxDets=100 ] = 0.934
 Average Recall     (AR) @[ IoU=0.75      | area=   all | maxDets=100 ] = 0.489
best_stat: {'epoch': 33, 'coco_eval_bbox': 0.236172797897386}
Epoch: [34]  [  0/197]  eta: 0:09:39  lr: 0.000400  loss: 24.0022 (24.0022)  loss_mal: 1.1533 (1.1533)  loss_bbox: 0.2315 (0.2315)  loss_giou: 0.7591 (0.7591)  loss_fgl: 1.0754 (1.0754)  loss_mal_aux_0: 1.1543 (1.1543)  loss_bbox_aux_0: 0.2318 (0.2318)  loss_giou_aux_0: 0.7672 (0.7672)  loss_fgl_aux_0: 1.0852 (1.0852)  loss_ddf_aux_0: 0.0181 (0.0181)  loss_mal_aux_1: 1.1279 (1.1279)  loss_bbox_aux_1: 0.2319 (0.2319)  loss_giou_aux_1: 0.7589 (0.7589)  loss_fgl_aux_1: 1.0763 (1.0763)  loss_ddf_aux_1: 0.0015 (0.0015)  loss_mal_pre: 1.1533 (1.1533)  loss_bbox_pre: 0.2325 (0.2325)  loss_giou_pre: 0.7669 (0.7669)  loss_mal_enc_0: 1.1650 (1.1650)  loss_bbox_enc_0: 0.2445 (0.2445)  loss_giou_enc_0: 0.8039 (0.8039)  loss_mal_dn_0: 0.7642 (0.7642)  loss_bbox_dn_0: 0.2419 (0.2419)  loss_giou_dn_0: 0.7195 (0.7195)  loss_fgl_dn_0: 1.1290 (1.1290)  loss_ddf_dn_0: 0.1057 (0.1057)  loss_mal_dn_1: 0.7290 (0.7290)  loss_bbox_dn_1: 0.1992 (0.1992)  loss_giou_dn_1: 0.6087 (0.6087)  loss_fgl_dn_1: 1.1116 (1.1116)  loss_ddf_dn_1: 0.0062 (0.0062)  loss_mal_dn_2: 0.7144 (0.7144)  loss_bbox_dn_2: 0.1971 (0.1971)  loss_giou_dn_2: 0.6007 (0.6007)  loss_fgl_dn_2: 1.1111 (1.1111)  loss_mal_dn_pre: 0.7637 (0.7637)  loss_bbox_dn_pre: 0.2420 (0.2420)  loss_giou_dn_pre: 0.7198 (0.7198)  time: 2.9419  data: 2.3038  max mem: 8243
Epoch: [34]  [196/197]  eta: 0:00:00  lr: 0.000400  loss: 25.8665 (24.8397)  loss_mal: 1.0293 (1.0542)  loss_bbox: 0.3437 (0.3063)  loss_giou: 0.9361 (0.8560)  loss_fgl: 0.9765 (1.0194)  loss_mal_aux_0: 1.0674 (1.0839)  loss_bbox_aux_0: 0.3471 (0.3123)  loss_giou_aux_0: 0.9541 (0.8708)  loss_fgl_aux_0: 0.9802 (1.0268)  loss_ddf_aux_0: 0.0219 (0.0217)  loss_mal_aux_1: 1.0410 (1.0636)  loss_bbox_aux_1: 0.3447 (0.3068)  loss_giou_aux_1: 0.9372 (0.8575)  loss_fgl_aux_1: 0.9753 (1.0194)  loss_ddf_aux_1: 0.0017 (0.0016)  loss_mal_pre: 1.0762 (1.0838)  loss_bbox_pre: 0.3482 (0.3127)  loss_giou_pre: 0.9553 (0.8697)  loss_mal_enc_0: 1.0674 (1.0904)  loss_bbox_enc_0: 0.3570 (0.3265)  loss_giou_enc_0: 0.9780 (0.9017)  loss_mal_dn_0: 0.7598 (0.7607)  loss_bbox_dn_0: 0.3259 (0.3042)  loss_giou_dn_0: 0.8841 (0.8017)  loss_fgl_dn_0: 1.0481 (1.0937)  loss_ddf_dn_0: 0.1067 (0.1144)  loss_mal_dn_1: 0.7412 (0.7312)  loss_bbox_dn_1: 0.2727 (0.2520)  loss_giou_dn_1: 0.7758 (0.6934)  loss_fgl_dn_1: 1.0568 (1.0867)  loss_ddf_dn_1: 0.0079 (0.0078)  loss_mal_dn_2: 0.7373 (0.7238)  loss_bbox_dn_2: 0.2678 (0.2472)  loss_giou_dn_2: 0.7671 (0.6843)  loss_fgl_dn_2: 1.0597 (1.0873)  loss_mal_dn_pre: 0.7598 (0.7605)  loss_bbox_dn_pre: 0.3273 (0.3051)  loss_giou_dn_pre: 0.8835 (0.8007)  time: 0.4947  data: 0.0510  max mem: 8243
Epoch: [34] Total time: 0:01:45 (0.5337 s / it)
Averaged stats: lr: 0.000400  loss: 25.8665 (24.8397)  loss_mal: 1.0293 (1.0542)  loss_bbox: 0.3437 (0.3063)  loss_giou: 0.9361 (0.8560)  loss_fgl: 0.9765 (1.0194)  loss_mal_aux_0: 1.0674 (1.0839)  loss_bbox_aux_0: 0.3471 (0.3123)  loss_giou_aux_0: 0.9541 (0.8708)  loss_fgl_aux_0: 0.9802 (1.0268)  loss_ddf_aux_0: 0.0219 (0.0217)  loss_mal_aux_1: 1.0410 (1.0636)  loss_bbox_aux_1: 0.3447 (0.3068)  loss_giou_aux_1: 0.9372 (0.8575)  loss_fgl_aux_1: 0.9753 (1.0194)  loss_ddf_aux_1: 0.0017 (0.0016)  loss_mal_pre: 1.0762 (1.0838)  loss_bbox_pre: 0.3482 (0.3127)  loss_giou_pre: 0.9553 (0.8697)  loss_mal_enc_0: 1.0674 (1.0904)  loss_bbox_enc_0: 0.3570 (0.3265)  loss_giou_enc_0: 0.9780 (0.9017)  loss_mal_dn_0: 0.7598 (0.7607)  loss_bbox_dn_0: 0.3259 (0.3042)  loss_giou_dn_0: 0.8841 (0.8017)  loss_fgl_dn_0: 1.0481 (1.0937)  loss_ddf_dn_0: 0.1067 (0.1144)  loss_mal_dn_1: 0.7412 (0.7312)  loss_bbox_dn_1: 0.2727 (0.2520)  loss_giou_dn_1: 0.7758 (0.6934)  loss_fgl_dn_1: 1.0568 (1.0867)  loss_ddf_dn_1: 0.0079 (0.0078)  loss_mal_dn_2: 0.7373 (0.7238)  loss_bbox_dn_2: 0.2678 (0.2472)  loss_giou_dn_2: 0.7671 (0.6843)  loss_fgl_dn_2: 1.0597 (1.0873)  loss_mal_dn_pre: 0.7598 (0.7605)  loss_bbox_dn_pre: 0.3273 (0.3051)  loss_giou_dn_pre: 0.8835 (0.8007)
Test:  [ 0/13]  eta: 0:00:35    time: 2.7441  data: 2.3449  max mem: 8243
Test:  [10/13]  eta: 0:00:01    time: 0.5793  data: 0.3051  max mem: 8243
Test:  [12/13]  eta: 0:00:00    time: 0.5326  data: 0.2720  max mem: 8243
Test: Total time: 0:00:07 (0.5402 s / it)
Averaged stats: 
Accumulating evaluation results...
COCOeval_opt.accumulate() finished...
DONE (t=0.30s).
IoU metric: bbox
 Average Precision  (AP) @[ IoU=0.50:0.95 | area=   all | maxDets=100 ] = 0.238
 Average Precision  (AP) @[ IoU=0.50      | area=   all | maxDets=100 ] = 0.510
 Average Precision  (AP) @[ IoU=0.75      | area=   all | maxDets=100 ] = 0.191
 Average Precision  (AP) @[ IoU=0.50:0.95 | area= small | maxDets=100 ] = 0.095
 Average Precision  (AP) @[ IoU=0.50:0.95 | area=medium | maxDets=100 ] = 0.198
 Average Precision  (AP) @[ IoU=0.50:0.95 | area= large | maxDets=100 ] = 0.282
 Average Recall     (AR) @[ IoU=0.50:0.95 | area=   all | maxDets=  1 ] = 0.235
 Average Recall     (AR) @[ IoU=0.50:0.95 | area=   all | maxDets= 10 ] = 0.451
 Average Recall     (AR) @[ IoU=0.50:0.95 | area=   all | maxDets=100 ] = 0.523
 Average Recall     (AR) @[ IoU=0.50:0.95 | area= small | maxDets=100 ] = 0.266
 Average Recall     (AR) @[ IoU=0.50:0.95 | area=medium | maxDets=100 ] = 0.491
 Average Recall     (AR) @[ IoU=0.50:0.95 | area= large | maxDets=100 ] = 0.607
 Average Recall     (AR) @[ IoU=0.50      | area=   all | maxDets=100 ] = 0.935
 Average Recall     (AR) @[ IoU=0.75      | area=   all | maxDets=100 ] = 0.495
best_stat: {'epoch': 34, 'coco_eval_bbox': 0.2375621177696696}
Epoch: [35]  [  0/197]  eta: 0:10:27  lr: 0.000400  loss: 26.1689 (26.1689)  loss_mal: 1.0781 (1.0781)  loss_bbox: 0.3867 (0.3867)  loss_giou: 0.9752 (0.9752)  loss_fgl: 0.9673 (0.9673)  loss_mal_aux_0: 1.0801 (1.0801)  loss_bbox_aux_0: 0.4032 (0.4032)  loss_giou_aux_0: 0.9923 (0.9923)  loss_fgl_aux_0: 0.9718 (0.9718)  loss_ddf_aux_0: 0.0207 (0.0207)  loss_mal_aux_1: 1.0703 (1.0703)  loss_bbox_aux_1: 0.3915 (0.3915)  loss_giou_aux_1: 0.9790 (0.9790)  loss_fgl_aux_1: 0.9667 (0.9667)  loss_ddf_aux_1: 0.0015 (0.0015)  loss_mal_pre: 1.0811 (1.0811)  loss_bbox_pre: 0.4023 (0.4023)  loss_giou_pre: 0.9905 (0.9905)  loss_mal_enc_0: 1.0781 (1.0781)  loss_bbox_enc_0: 0.4024 (0.4024)  loss_giou_enc_0: 1.0025 (1.0025)  loss_mal_dn_0: 0.7588 (0.7588)  loss_bbox_dn_0: 0.3636 (0.3636)  loss_giou_dn_0: 0.9068 (0.9068)  loss_fgl_dn_0: 1.0303 (1.0303)  loss_ddf_dn_0: 0.1167 (0.1167)  loss_mal_dn_1: 0.7500 (0.7500)  loss_bbox_dn_1: 0.2890 (0.2890)  loss_giou_dn_1: 0.7855 (0.7855)  loss_fgl_dn_1: 1.0428 (1.0428)  loss_ddf_dn_1: 0.0079 (0.0079)  loss_mal_dn_2: 0.7456 (0.7456)  loss_bbox_dn_2: 0.2804 (0.2804)  loss_giou_dn_2: 0.7747 (0.7747)  loss_fgl_dn_2: 1.0464 (1.0464)  loss_mal_dn_pre: 0.7578 (0.7578)  loss_bbox_dn_pre: 0.3643 (0.3643)  loss_giou_dn_pre: 0.9067 (0.9067)  time: 3.1834  data: 2.6706  max mem: 8243
Epoch: [35]  [196/197]  eta: 0:00:00  lr: 0.000400  loss: 25.8135 (25.1580)  loss_mal: 1.0127 (1.0551)  loss_bbox: 0.3473 (0.3271)  loss_giou: 0.9462 (0.8826)  loss_fgl: 0.9708 (1.0060)  loss_mal_aux_0: 1.0469 (1.0823)  loss_bbox_aux_0: 0.3525 (0.3337)  loss_giou_aux_0: 0.9600 (0.8977)  loss_fgl_aux_0: 0.9730 (1.0132)  loss_ddf_aux_0: 0.0206 (0.0235)  loss_mal_aux_1: 1.0293 (1.0633)  loss_bbox_aux_1: 0.3491 (0.3278)  loss_giou_aux_1: 0.9483 (0.8838)  loss_fgl_aux_1: 0.9713 (1.0060)  loss_ddf_aux_1: 0.0014 (0.0019)  loss_mal_pre: 1.0488 (1.0825)  loss_bbox_pre: 0.3545 (0.3341)  loss_giou_pre: 0.9583 (0.8964)  loss_mal_enc_0: 1.0605 (1.0888)  loss_bbox_enc_0: 0.3634 (0.3472)  loss_giou_enc_0: 0.9772 (0.9255)  loss_mal_dn_0: 0.7612 (0.7613)  loss_bbox_dn_0: 0.3223 (0.3193)  loss_giou_dn_0: 0.8859 (0.8190)  loss_fgl_dn_0: 1.0527 (1.0871)  loss_ddf_dn_0: 0.1073 (0.1152)  loss_mal_dn_1: 0.7354 (0.7344)  loss_bbox_dn_1: 0.2663 (0.2669)  loss_giou_dn_1: 0.7762 (0.7127)  loss_fgl_dn_1: 1.0596 (1.0813)  loss_ddf_dn_1: 0.0079 (0.0083)  loss_mal_dn_2: 0.7329 (0.7276)  loss_bbox_dn_2: 0.2612 (0.2620)  loss_giou_dn_2: 0.7668 (0.7031)  loss_fgl_dn_2: 1.0613 (1.0821)  loss_mal_dn_pre: 0.7617 (0.7611)  loss_bbox_dn_pre: 0.3239 (0.3199)  loss_giou_dn_pre: 0.8839 (0.8179)  time: 0.4899  data: 0.0400  max mem: 8243
Epoch: [35] Total time: 0:01:46 (0.5384 s / it)
Averaged stats: lr: 0.000400  loss: 25.8135 (25.1580)  loss_mal: 1.0127 (1.0551)  loss_bbox: 0.3473 (0.3271)  loss_giou: 0.9462 (0.8826)  loss_fgl: 0.9708 (1.0060)  loss_mal_aux_0: 1.0469 (1.0823)  loss_bbox_aux_0: 0.3525 (0.3337)  loss_giou_aux_0: 0.9600 (0.8977)  loss_fgl_aux_0: 0.9730 (1.0132)  loss_ddf_aux_0: 0.0206 (0.0235)  loss_mal_aux_1: 1.0293 (1.0633)  loss_bbox_aux_1: 0.3491 (0.3278)  loss_giou_aux_1: 0.9483 (0.8838)  loss_fgl_aux_1: 0.9713 (1.0060)  loss_ddf_aux_1: 0.0014 (0.0019)  loss_mal_pre: 1.0488 (1.0825)  loss_bbox_pre: 0.3545 (0.3341)  loss_giou_pre: 0.9583 (0.8964)  loss_mal_enc_0: 1.0605 (1.0888)  loss_bbox_enc_0: 0.3634 (0.3472)  loss_giou_enc_0: 0.9772 (0.9255)  loss_mal_dn_0: 0.7612 (0.7613)  loss_bbox_dn_0: 0.3223 (0.3193)  loss_giou_dn_0: 0.8859 (0.8190)  loss_fgl_dn_0: 1.0527 (1.0871)  loss_ddf_dn_0: 0.1073 (0.1152)  loss_mal_dn_1: 0.7354 (0.7344)  loss_bbox_dn_1: 0.2663 (0.2669)  loss_giou_dn_1: 0.7762 (0.7127)  loss_fgl_dn_1: 1.0596 (1.0813)  loss_ddf_dn_1: 0.0079 (0.0083)  loss_mal_dn_2: 0.7329 (0.7276)  loss_bbox_dn_2: 0.2612 (0.2620)  loss_giou_dn_2: 0.7668 (0.7031)  loss_fgl_dn_2: 1.0613 (1.0821)  loss_mal_dn_pre: 0.7617 (0.7611)  loss_bbox_dn_pre: 0.3239 (0.3199)  loss_giou_dn_pre: 0.8839 (0.8179)
Test:  [ 0/13]  eta: 0:00:40    time: 3.1077  data: 2.7417  max mem: 8243
Test:  [10/13]  eta: 0:00:01    time: 0.5937  data: 0.3263  max mem: 8243
Test:  [12/13]  eta: 0:00:00    time: 0.5371  data: 0.2823  max mem: 8243
Test: Total time: 0:00:07 (0.5448 s / it)
Averaged stats: 
Accumulating evaluation results...
COCOeval_opt.accumulate() finished...
DONE (t=0.31s).
IoU metric: bbox
 Average Precision  (AP) @[ IoU=0.50:0.95 | area=   all | maxDets=100 ] = 0.239
 Average Precision  (AP) @[ IoU=0.50      | area=   all | maxDets=100 ] = 0.512
 Average Precision  (AP) @[ IoU=0.75      | area=   all | maxDets=100 ] = 0.189
 Average Precision  (AP) @[ IoU=0.50:0.95 | area= small | maxDets=100 ] = 0.101
 Average Precision  (AP) @[ IoU=0.50:0.95 | area=medium | maxDets=100 ] = 0.200
 Average Precision  (AP) @[ IoU=0.50:0.95 | area= large | maxDets=100 ] = 0.279
 Average Recall     (AR) @[ IoU=0.50:0.95 | area=   all | maxDets=  1 ] = 0.233
 Average Recall     (AR) @[ IoU=0.50:0.95 | area=   all | maxDets= 10 ] = 0.454
 Average Recall     (AR) @[ IoU=0.50:0.95 | area=   all | maxDets=100 ] = 0.523
 Average Recall     (AR) @[ IoU=0.50:0.95 | area= small | maxDets=100 ] = 0.265
 Average Recall     (AR) @[ IoU=0.50:0.95 | area=medium | maxDets=100 ] = 0.495
 Average Recall     (AR) @[ IoU=0.50:0.95 | area= large | maxDets=100 ] = 0.603
 Average Recall     (AR) @[ IoU=0.50      | area=   all | maxDets=100 ] = 0.939
 Average Recall     (AR) @[ IoU=0.75      | area=   all | maxDets=100 ] = 0.493
best_stat: {'epoch': 35, 'coco_eval_bbox': 0.2385247764636977}
Epoch: [36]  [  0/197]  eta: 0:12:50  lr: 0.000400  loss: 25.9724 (25.9724)  loss_mal: 1.0771 (1.0771)  loss_bbox: 0.3770 (0.3770)  loss_giou: 0.9562 (0.9562)  loss_fgl: 0.9757 (0.9757)  loss_mal_aux_0: 1.0771 (1.0771)  loss_bbox_aux_0: 0.3863 (0.3863)  loss_giou_aux_0: 0.9705 (0.9705)  loss_fgl_aux_0: 0.9810 (0.9810)  loss_ddf_aux_0: 0.0194 (0.0194)  loss_mal_aux_1: 1.0850 (1.0850)  loss_bbox_aux_1: 0.3778 (0.3778)  loss_giou_aux_1: 0.9587 (0.9587)  loss_fgl_aux_1: 0.9746 (0.9746)  loss_ddf_aux_1: 0.0013 (0.0013)  loss_mal_pre: 1.0781 (1.0781)  loss_bbox_pre: 0.3860 (0.3860)  loss_giou_pre: 0.9687 (0.9687)  loss_mal_enc_0: 1.0459 (1.0459)  loss_bbox_enc_0: 0.4080 (0.4080)  loss_giou_enc_0: 0.9998 (0.9998)  loss_mal_dn_0: 0.7559 (0.7559)  loss_bbox_dn_0: 0.3561 (0.3561)  loss_giou_dn_0: 0.8866 (0.8866)  loss_fgl_dn_0: 1.0484 (1.0484)  loss_ddf_dn_0: 0.1072 (0.1072)  loss_mal_dn_1: 0.7402 (0.7402)  loss_bbox_dn_1: 0.2915 (0.2915)  loss_giou_dn_1: 0.7738 (0.7738)  loss_fgl_dn_1: 1.0599 (1.0599)  loss_ddf_dn_1: 0.0073 (0.0073)  loss_mal_dn_2: 0.7329 (0.7329)  loss_bbox_dn_2: 0.2872 (0.2872)  loss_giou_dn_2: 0.7617 (0.7617)  loss_fgl_dn_2: 1.0616 (1.0616)  loss_mal_dn_pre: 0.7563 (0.7563)  loss_bbox_dn_pre: 0.3576 (0.3576)  loss_giou_dn_pre: 0.8836 (0.8836)  time: 3.9123  data: 3.2806  max mem: 8243
Epoch: [36]  [196/197]  eta: 0:00:00  lr: 0.000400  loss: 24.1480 (24.7276)  loss_mal: 1.0322 (1.0502)  loss_bbox: 0.2782 (0.3076)  loss_giou: 0.8031 (0.8411)  loss_fgl: 1.0122 (1.0211)  loss_mal_aux_0: 1.0557 (1.0826)  loss_bbox_aux_0: 0.2777 (0.3136)  loss_giou_aux_0: 0.8168 (0.8570)  loss_fgl_aux_0: 1.0167 (1.0292)  loss_ddf_aux_0: 0.0221 (0.0222)  loss_mal_aux_1: 1.0420 (1.0648)  loss_bbox_aux_1: 0.2765 (0.3082)  loss_giou_aux_1: 0.8071 (0.8427)  loss_fgl_aux_1: 1.0100 (1.0212)  loss_ddf_aux_1: 0.0019 (0.0017)  loss_mal_pre: 1.0557 (1.0823)  loss_bbox_pre: 0.2826 (0.3140)  loss_giou_pre: 0.8135 (0.8559)  loss_mal_enc_0: 1.0693 (1.0952)  loss_bbox_enc_0: 0.2867 (0.3286)  loss_giou_enc_0: 0.8564 (0.8878)  loss_mal_dn_0: 0.7524 (0.7598)  loss_bbox_dn_0: 0.3020 (0.3043)  loss_giou_dn_0: 0.7571 (0.7917)  loss_fgl_dn_0: 1.0846 (1.0946)  loss_ddf_dn_0: 0.1168 (0.1161)  loss_mal_dn_1: 0.7212 (0.7281)  loss_bbox_dn_1: 0.2434 (0.2506)  loss_giou_dn_1: 0.6410 (0.6821)  loss_fgl_dn_1: 1.0807 (1.0856)  loss_ddf_dn_1: 0.0094 (0.0081)  loss_mal_dn_2: 0.7183 (0.7199)  loss_bbox_dn_2: 0.2370 (0.2457)  loss_giou_dn_2: 0.6324 (0.6724)  loss_fgl_dn_2: 1.0745 (1.0860)  loss_mal_dn_pre: 0.7524 (0.7597)  loss_bbox_dn_pre: 0.3019 (0.3049)  loss_giou_dn_pre: 0.7555 (0.7909)  time: 0.4729  data: 0.0416  max mem: 8243
Epoch: [36] Total time: 0:01:47 (0.5461 s / it)
Averaged stats: lr: 0.000400  loss: 24.1480 (24.7276)  loss_mal: 1.0322 (1.0502)  loss_bbox: 0.2782 (0.3076)  loss_giou: 0.8031 (0.8411)  loss_fgl: 1.0122 (1.0211)  loss_mal_aux_0: 1.0557 (1.0826)  loss_bbox_aux_0: 0.2777 (0.3136)  loss_giou_aux_0: 0.8168 (0.8570)  loss_fgl_aux_0: 1.0167 (1.0292)  loss_ddf_aux_0: 0.0221 (0.0222)  loss_mal_aux_1: 1.0420 (1.0648)  loss_bbox_aux_1: 0.2765 (0.3082)  loss_giou_aux_1: 0.8071 (0.8427)  loss_fgl_aux_1: 1.0100 (1.0212)  loss_ddf_aux_1: 0.0019 (0.0017)  loss_mal_pre: 1.0557 (1.0823)  loss_bbox_pre: 0.2826 (0.3140)  loss_giou_pre: 0.8135 (0.8559)  loss_mal_enc_0: 1.0693 (1.0952)  loss_bbox_enc_0: 0.2867 (0.3286)  loss_giou_enc_0: 0.8564 (0.8878)  loss_mal_dn_0: 0.7524 (0.7598)  loss_bbox_dn_0: 0.3020 (0.3043)  loss_giou_dn_0: 0.7571 (0.7917)  loss_fgl_dn_0: 1.0846 (1.0946)  loss_ddf_dn_0: 0.1168 (0.1161)  loss_mal_dn_1: 0.7212 (0.7281)  loss_bbox_dn_1: 0.2434 (0.2506)  loss_giou_dn_1: 0.6410 (0.6821)  loss_fgl_dn_1: 1.0807 (1.0856)  loss_ddf_dn_1: 0.0094 (0.0081)  loss_mal_dn_2: 0.7183 (0.7199)  loss_bbox_dn_2: 0.2370 (0.2457)  loss_giou_dn_2: 0.6324 (0.6724)  loss_fgl_dn_2: 1.0745 (1.0860)  loss_mal_dn_pre: 0.7524 (0.7597)  loss_bbox_dn_pre: 0.3019 (0.3049)  loss_giou_dn_pre: 0.7555 (0.7909)
Test:  [ 0/13]  eta: 0:00:40    time: 3.0887  data: 2.7288  max mem: 8243
Test:  [10/13]  eta: 0:00:01    time: 0.5904  data: 0.3229  max mem: 8243
Test:  [12/13]  eta: 0:00:00    time: 0.5412  data: 0.2869  max mem: 8243
Test: Total time: 0:00:07 (0.5472 s / it)
Averaged stats: 
Accumulating evaluation results...
COCOeval_opt.accumulate() finished...
DONE (t=0.29s).
IoU metric: bbox
 Average Precision  (AP) @[ IoU=0.50:0.95 | area=   all | maxDets=100 ] = 0.238
 Average Precision  (AP) @[ IoU=0.50      | area=   all | maxDets=100 ] = 0.511
 Average Precision  (AP) @[ IoU=0.75      | area=   all | maxDets=100 ] = 0.190
 Average Precision  (AP) @[ IoU=0.50:0.95 | area= small | maxDets=100 ] = 0.097
 Average Precision  (AP) @[ IoU=0.50:0.95 | area=medium | maxDets=100 ] = 0.201
 Average Precision  (AP) @[ IoU=0.50:0.95 | area= large | maxDets=100 ] = 0.279
 Average Recall     (AR) @[ IoU=0.50:0.95 | area=   all | maxDets=  1 ] = 0.233
 Average Recall     (AR) @[ IoU=0.50:0.95 | area=   all | maxDets= 10 ] = 0.451
 Average Recall     (AR) @[ IoU=0.50:0.95 | area=   all | maxDets=100 ] = 0.523
 Average Recall     (AR) @[ IoU=0.50:0.95 | area= small | maxDets=100 ] = 0.262
 Average Recall     (AR) @[ IoU=0.50:0.95 | area=medium | maxDets=100 ] = 0.494
 Average Recall     (AR) @[ IoU=0.50:0.95 | area= large | maxDets=100 ] = 0.612
 Average Recall     (AR) @[ IoU=0.50      | area=   all | maxDets=100 ] = 0.937
 Average Recall     (AR) @[ IoU=0.75      | area=   all | maxDets=100 ] = 0.492
best_stat: {'epoch': 35, 'coco_eval_bbox': 0.2385247764636977}
Epoch: [37]  [  0/197]  eta: 0:08:37  lr: 0.000400  loss: 23.3103 (23.3103)  loss_mal: 1.0469 (1.0469)  loss_bbox: 0.2534 (0.2534)  loss_giou: 0.6618 (0.6618)  loss_fgl: 1.0972 (1.0972)  loss_mal_aux_0: 1.0605 (1.0605)  loss_bbox_aux_0: 0.2602 (0.2602)  loss_giou_aux_0: 0.6718 (0.6718)  loss_fgl_aux_0: 1.1096 (1.1096)  loss_ddf_aux_0: 0.0227 (0.0227)  loss_mal_aux_1: 1.0469 (1.0469)  loss_bbox_aux_1: 0.2549 (0.2549)  loss_giou_aux_1: 0.6620 (0.6620)  loss_fgl_aux_1: 1.0960 (1.0960)  loss_ddf_aux_1: 0.0023 (0.0023)  loss_mal_pre: 1.0625 (1.0625)  loss_bbox_pre: 0.2613 (0.2613)  loss_giou_pre: 0.6694 (0.6694)  loss_mal_enc_0: 1.1104 (1.1104)  loss_bbox_enc_0: 0.2896 (0.2896)  loss_giou_enc_0: 0.7223 (0.7223)  loss_mal_dn_0: 0.7485 (0.7485)  loss_bbox_dn_0: 0.3256 (0.3256)  loss_giou_dn_0: 0.6821 (0.6821)  loss_fgl_dn_0: 1.1285 (1.1285)  loss_ddf_dn_0: 0.1293 (0.1293)  loss_mal_dn_1: 0.7036 (0.7036)  loss_bbox_dn_1: 0.2403 (0.2403)  loss_giou_dn_1: 0.5669 (0.5669)  loss_fgl_dn_1: 1.0936 (1.0936)  loss_ddf_dn_1: 0.0114 (0.0114)  loss_mal_dn_2: 0.6899 (0.6899)  loss_bbox_dn_2: 0.2283 (0.2283)  loss_giou_dn_2: 0.5538 (0.5538)  loss_fgl_dn_2: 1.0918 (1.0918)  loss_mal_dn_pre: 0.7485 (0.7485)  loss_bbox_dn_pre: 0.3251 (0.3251)  loss_giou_dn_pre: 0.6813 (0.6813)  time: 2.6246  data: 2.0886  max mem: 8243
Epoch: [37]  [196/197]  eta: 0:00:00  lr: 0.000400  loss: 23.5991 (24.9341)  loss_mal: 1.0391 (1.0473)  loss_bbox: 0.2539 (0.3192)  loss_giou: 0.7271 (0.8602)  loss_fgl: 1.0332 (1.0164)  loss_mal_aux_0: 1.0654 (1.0804)  loss_bbox_aux_0: 0.2597 (0.3254)  loss_giou_aux_0: 0.7444 (0.8742)  loss_fgl_aux_0: 1.0418 (1.0234)  loss_ddf_aux_0: 0.0196 (0.0210)  loss_mal_aux_1: 1.0566 (1.0606)  loss_bbox_aux_1: 0.2545 (0.3199)  loss_giou_aux_1: 0.7291 (0.8613)  loss_fgl_aux_1: 1.0340 (1.0165)  loss_ddf_aux_1: 0.0015 (0.0016)  loss_mal_pre: 1.0645 (1.0797)  loss_bbox_pre: 0.2618 (0.3260)  loss_giou_pre: 0.7446 (0.8732)  loss_mal_enc_0: 1.1035 (1.0876)  loss_bbox_enc_0: 0.2817 (0.3401)  loss_giou_enc_0: 0.7826 (0.9047)  loss_mal_dn_0: 0.7554 (0.7609)  loss_bbox_dn_0: 0.2923 (0.3147)  loss_giou_dn_0: 0.7009 (0.8027)  loss_fgl_dn_0: 1.1245 (1.0921)  loss_ddf_dn_0: 0.1047 (0.1141)  loss_mal_dn_1: 0.7222 (0.7307)  loss_bbox_dn_1: 0.2310 (0.2612)  loss_giou_dn_1: 0.6021 (0.6964)  loss_fgl_dn_1: 1.1042 (1.0846)  loss_ddf_dn_1: 0.0075 (0.0080)  loss_mal_dn_2: 0.7104 (0.7234)  loss_bbox_dn_2: 0.2248 (0.2563)  loss_giou_dn_2: 0.5924 (0.6875)  loss_fgl_dn_2: 1.1024 (1.0851)  loss_mal_dn_pre: 0.7559 (0.7608)  loss_bbox_dn_pre: 0.2920 (0.3155)  loss_giou_dn_pre: 0.7019 (0.8017)  time: 0.5005  data: 0.0495  max mem: 8243
Epoch: [37] Total time: 0:01:46 (0.5416 s / it)
Averaged stats: lr: 0.000400  loss: 23.5991 (24.9341)  loss_mal: 1.0391 (1.0473)  loss_bbox: 0.2539 (0.3192)  loss_giou: 0.7271 (0.8602)  loss_fgl: 1.0332 (1.0164)  loss_mal_aux_0: 1.0654 (1.0804)  loss_bbox_aux_0: 0.2597 (0.3254)  loss_giou_aux_0: 0.7444 (0.8742)  loss_fgl_aux_0: 1.0418 (1.0234)  loss_ddf_aux_0: 0.0196 (0.0210)  loss_mal_aux_1: 1.0566 (1.0606)  loss_bbox_aux_1: 0.2545 (0.3199)  loss_giou_aux_1: 0.7291 (0.8613)  loss_fgl_aux_1: 1.0340 (1.0165)  loss_ddf_aux_1: 0.0015 (0.0016)  loss_mal_pre: 1.0645 (1.0797)  loss_bbox_pre: 0.2618 (0.3260)  loss_giou_pre: 0.7446 (0.8732)  loss_mal_enc_0: 1.1035 (1.0876)  loss_bbox_enc_0: 0.2817 (0.3401)  loss_giou_enc_0: 0.7826 (0.9047)  loss_mal_dn_0: 0.7554 (0.7609)  loss_bbox_dn_0: 0.2923 (0.3147)  loss_giou_dn_0: 0.7009 (0.8027)  loss_fgl_dn_0: 1.1245 (1.0921)  loss_ddf_dn_0: 0.1047 (0.1141)  loss_mal_dn_1: 0.7222 (0.7307)  loss_bbox_dn_1: 0.2310 (0.2612)  loss_giou_dn_1: 0.6021 (0.6964)  loss_fgl_dn_1: 1.1042 (1.0846)  loss_ddf_dn_1: 0.0075 (0.0080)  loss_mal_dn_2: 0.7104 (0.7234)  loss_bbox_dn_2: 0.2248 (0.2563)  loss_giou_dn_2: 0.5924 (0.6875)  loss_fgl_dn_2: 1.1024 (1.0851)  loss_mal_dn_pre: 0.7559 (0.7608)  loss_bbox_dn_pre: 0.2920 (0.3155)  loss_giou_dn_pre: 0.7019 (0.8017)
Test:  [ 0/13]  eta: 0:00:40    time: 3.0947  data: 2.7264  max mem: 8243
Test:  [10/13]  eta: 0:00:01    time: 0.5939  data: 0.3308  max mem: 8243
Test:  [12/13]  eta: 0:00:00    time: 0.5445  data: 0.2937  max mem: 8243
Test: Total time: 0:00:07 (0.5518 s / it)
Averaged stats: 
Accumulating evaluation results...
COCOeval_opt.accumulate() finished...
DONE (t=0.30s).
IoU metric: bbox
 Average Precision  (AP) @[ IoU=0.50:0.95 | area=   all | maxDets=100 ] = 0.240
 Average Precision  (AP) @[ IoU=0.50      | area=   all | maxDets=100 ] = 0.514
 Average Precision  (AP) @[ IoU=0.75      | area=   all | maxDets=100 ] = 0.190
 Average Precision  (AP) @[ IoU=0.50:0.95 | area= small | maxDets=100 ] = 0.097
 Average Precision  (AP) @[ IoU=0.50:0.95 | area=medium | maxDets=100 ] = 0.201
 Average Precision  (AP) @[ IoU=0.50:0.95 | area= large | maxDets=100 ] = 0.282
 Average Recall     (AR) @[ IoU=0.50:0.95 | area=   all | maxDets=  1 ] = 0.233
 Average Recall     (AR) @[ IoU=0.50:0.95 | area=   all | maxDets= 10 ] = 0.451
 Average Recall     (AR) @[ IoU=0.50:0.95 | area=   all | maxDets=100 ] = 0.523
 Average Recall     (AR) @[ IoU=0.50:0.95 | area= small | maxDets=100 ] = 0.265
 Average Recall     (AR) @[ IoU=0.50:0.95 | area=medium | maxDets=100 ] = 0.494
 Average Recall     (AR) @[ IoU=0.50:0.95 | area= large | maxDets=100 ] = 0.612
 Average Recall     (AR) @[ IoU=0.50      | area=   all | maxDets=100 ] = 0.937
 Average Recall     (AR) @[ IoU=0.75      | area=   all | maxDets=100 ] = 0.495
best_stat: {'epoch': 37, 'coco_eval_bbox': 0.23960410571179833}
Epoch: [38]  [  0/197]  eta: 0:09:53  lr: 0.000400  loss: 24.6876 (24.6876)  loss_mal: 1.0781 (1.0781)  loss_bbox: 0.2821 (0.2821)  loss_giou: 0.8704 (0.8704)  loss_fgl: 1.0152 (1.0152)  loss_mal_aux_0: 1.0918 (1.0918)  loss_bbox_aux_0: 0.2820 (0.2820)  loss_giou_aux_0: 0.8898 (0.8898)  loss_fgl_aux_0: 1.0244 (1.0244)  loss_ddf_aux_0: 0.0199 (0.0199)  loss_mal_aux_1: 1.0908 (1.0908)  loss_bbox_aux_1: 0.2819 (0.2819)  loss_giou_aux_1: 0.8724 (0.8724)  loss_fgl_aux_1: 1.0150 (1.0150)  loss_ddf_aux_1: 0.0016 (0.0016)  loss_mal_pre: 1.0967 (1.0967)  loss_bbox_pre: 0.2816 (0.2816)  loss_giou_pre: 0.8909 (0.8909)  loss_mal_enc_0: 1.0869 (1.0869)  loss_bbox_enc_0: 0.2924 (0.2924)  loss_giou_enc_0: 0.9261 (0.9261)  loss_mal_dn_0: 0.7690 (0.7690)  loss_bbox_dn_0: 0.2691 (0.2691)  loss_giou_dn_0: 0.8050 (0.8050)  loss_fgl_dn_0: 1.0914 (1.0914)  loss_ddf_dn_0: 0.0979 (0.0979)  loss_mal_dn_1: 0.7368 (0.7368)  loss_bbox_dn_1: 0.2056 (0.2056)  loss_giou_dn_1: 0.6937 (0.6937)  loss_fgl_dn_1: 1.0821 (1.0821)  loss_ddf_dn_1: 0.0074 (0.0074)  loss_mal_dn_2: 0.7285 (0.7285)  loss_bbox_dn_2: 0.2021 (0.2021)  loss_giou_dn_2: 0.6802 (0.6802)  loss_fgl_dn_2: 1.0825 (1.0825)  loss_mal_dn_pre: 0.7681 (0.7681)  loss_bbox_dn_pre: 0.2707 (0.2707)  loss_giou_dn_pre: 0.8073 (0.8073)  time: 3.0118  data: 2.3591  max mem: 8243
Epoch: [38]  [196/197]  eta: 0:00:00  lr: 0.000400  loss: 25.4835 (24.9976)  loss_mal: 1.0000 (1.0466)  loss_bbox: 0.3498 (0.3226)  loss_giou: 0.9676 (0.8701)  loss_fgl: 0.9522 (1.0102)  loss_mal_aux_0: 1.0264 (1.0763)  loss_bbox_aux_0: 0.3537 (0.3290)  loss_giou_aux_0: 0.9744 (0.8862)  loss_fgl_aux_0: 0.9632 (1.0178)  loss_ddf_aux_0: 0.0206 (0.0228)  loss_mal_aux_1: 1.0078 (1.0605)  loss_bbox_aux_1: 0.3498 (0.3233)  loss_giou_aux_1: 0.9646 (0.8717)  loss_fgl_aux_1: 0.9519 (1.0102)  loss_ddf_aux_1: 0.0017 (0.0018)  loss_mal_pre: 1.0322 (1.0770)  loss_bbox_pre: 0.3559 (0.3292)  loss_giou_pre: 0.9740 (0.8849)  loss_mal_enc_0: 1.0342 (1.0833)  loss_bbox_enc_0: 0.3675 (0.3426)  loss_giou_enc_0: 1.0042 (0.9160)  loss_mal_dn_0: 0.7505 (0.7584)  loss_bbox_dn_0: 0.2999 (0.3139)  loss_giou_dn_0: 0.8667 (0.8140)  loss_fgl_dn_0: 1.0556 (1.0891)  loss_ddf_dn_0: 0.1126 (0.1192)  loss_mal_dn_1: 0.7280 (0.7298)  loss_bbox_dn_1: 0.2536 (0.2598)  loss_giou_dn_1: 0.7665 (0.7030)  loss_fgl_dn_1: 1.0615 (1.0816)  loss_ddf_dn_1: 0.0083 (0.0084)  loss_mal_dn_2: 0.7212 (0.7222)  loss_bbox_dn_2: 0.2500 (0.2549)  loss_giou_dn_2: 0.7590 (0.6932)  loss_fgl_dn_2: 1.0648 (1.0821)  loss_mal_dn_pre: 0.7510 (0.7583)  loss_bbox_dn_pre: 0.3001 (0.3147)  loss_giou_dn_pre: 0.8668 (0.8129)  time: 0.4806  data: 0.0400  max mem: 8243
Epoch: [38] Total time: 0:01:47 (0.5463 s / it)
Averaged stats: lr: 0.000400  loss: 25.4835 (24.9976)  loss_mal: 1.0000 (1.0466)  loss_bbox: 0.3498 (0.3226)  loss_giou: 0.9676 (0.8701)  loss_fgl: 0.9522 (1.0102)  loss_mal_aux_0: 1.0264 (1.0763)  loss_bbox_aux_0: 0.3537 (0.3290)  loss_giou_aux_0: 0.9744 (0.8862)  loss_fgl_aux_0: 0.9632 (1.0178)  loss_ddf_aux_0: 0.0206 (0.0228)  loss_mal_aux_1: 1.0078 (1.0605)  loss_bbox_aux_1: 0.3498 (0.3233)  loss_giou_aux_1: 0.9646 (0.8717)  loss_fgl_aux_1: 0.9519 (1.0102)  loss_ddf_aux_1: 0.0017 (0.0018)  loss_mal_pre: 1.0322 (1.0770)  loss_bbox_pre: 0.3559 (0.3292)  loss_giou_pre: 0.9740 (0.8849)  loss_mal_enc_0: 1.0342 (1.0833)  loss_bbox_enc_0: 0.3675 (0.3426)  loss_giou_enc_0: 1.0042 (0.9160)  loss_mal_dn_0: 0.7505 (0.7584)  loss_bbox_dn_0: 0.2999 (0.3139)  loss_giou_dn_0: 0.8667 (0.8140)  loss_fgl_dn_0: 1.0556 (1.0891)  loss_ddf_dn_0: 0.1126 (0.1192)  loss_mal_dn_1: 0.7280 (0.7298)  loss_bbox_dn_1: 0.2536 (0.2598)  loss_giou_dn_1: 0.7665 (0.7030)  loss_fgl_dn_1: 1.0615 (1.0816)  loss_ddf_dn_1: 0.0083 (0.0084)  loss_mal_dn_2: 0.7212 (0.7222)  loss_bbox_dn_2: 0.2500 (0.2549)  loss_giou_dn_2: 0.7590 (0.6932)  loss_fgl_dn_2: 1.0648 (1.0821)  loss_mal_dn_pre: 0.7510 (0.7583)  loss_bbox_dn_pre: 0.3001 (0.3147)  loss_giou_dn_pre: 0.8668 (0.8129)
Test:  [ 0/13]  eta: 0:00:38    time: 2.9602  data: 2.7476  max mem: 8243
Test:  [10/13]  eta: 0:00:01    time: 0.5921  data: 0.3383  max mem: 8243
Test:  [12/13]  eta: 0:00:00    time: 0.5353  data: 0.2925  max mem: 8243
Test: Total time: 0:00:07 (0.5428 s / it)
Averaged stats: 
Accumulating evaluation results...
COCOeval_opt.accumulate() finished...
DONE (t=0.30s).
IoU metric: bbox
 Average Precision  (AP) @[ IoU=0.50:0.95 | area=   all | maxDets=100 ] = 0.240
 Average Precision  (AP) @[ IoU=0.50      | area=   all | maxDets=100 ] = 0.514
 Average Precision  (AP) @[ IoU=0.75      | area=   all | maxDets=100 ] = 0.191
 Average Precision  (AP) @[ IoU=0.50:0.95 | area= small | maxDets=100 ] = 0.098
 Average Precision  (AP) @[ IoU=0.50:0.95 | area=medium | maxDets=100 ] = 0.202
 Average Precision  (AP) @[ IoU=0.50:0.95 | area= large | maxDets=100 ] = 0.284
 Average Recall     (AR) @[ IoU=0.50:0.95 | area=   all | maxDets=  1 ] = 0.234
 Average Recall     (AR) @[ IoU=0.50:0.95 | area=   all | maxDets= 10 ] = 0.452
 Average Recall     (AR) @[ IoU=0.50:0.95 | area=   all | maxDets=100 ] = 0.523
 Average Recall     (AR) @[ IoU=0.50:0.95 | area= small | maxDets=100 ] = 0.263
 Average Recall     (AR) @[ IoU=0.50:0.95 | area=medium | maxDets=100 ] = 0.495
 Average Recall     (AR) @[ IoU=0.50:0.95 | area= large | maxDets=100 ] = 0.614
 Average Recall     (AR) @[ IoU=0.50      | area=   all | maxDets=100 ] = 0.936
 Average Recall     (AR) @[ IoU=0.75      | area=   all | maxDets=100 ] = 0.498
best_stat: {'epoch': 38, 'coco_eval_bbox': 0.24026021277596252}
Epoch: [39]  [  0/197]  eta: 0:11:40  lr: 0.000400  loss: 26.3647 (26.3647)  loss_mal: 1.0273 (1.0273)  loss_bbox: 0.3877 (0.3877)  loss_giou: 1.0889 (1.0889)  loss_fgl: 0.8923 (0.8923)  loss_mal_aux_0: 1.0225 (1.0225)  loss_bbox_aux_0: 0.3897 (0.3897)  loss_giou_aux_0: 1.1034 (1.1034)  loss_fgl_aux_0: 0.8987 (0.8987)  loss_ddf_aux_0: 0.0221 (0.0221)  loss_mal_aux_1: 1.0361 (1.0361)  loss_bbox_aux_1: 0.3857 (0.3857)  loss_giou_aux_1: 1.0898 (1.0898)  loss_fgl_aux_1: 0.8922 (0.8922)  loss_ddf_aux_1: 0.0017 (0.0017)  loss_mal_pre: 1.0195 (1.0195)  loss_bbox_pre: 0.3887 (0.3887)  loss_giou_pre: 1.1037 (1.1037)  loss_mal_enc_0: 1.0059 (1.0059)  loss_bbox_enc_0: 0.3978 (0.3978)  loss_giou_enc_0: 1.1312 (1.1312)  loss_mal_dn_0: 0.7485 (0.7485)  loss_bbox_dn_0: 0.3457 (0.3457)  loss_giou_dn_0: 0.9802 (0.9802)  loss_fgl_dn_0: 1.0055 (1.0055)  loss_ddf_dn_0: 0.1040 (0.1040)  loss_mal_dn_1: 0.7476 (0.7476)  loss_bbox_dn_1: 0.2865 (0.2865)  loss_giou_dn_1: 0.8608 (0.8608)  loss_fgl_dn_1: 1.0205 (1.0205)  loss_ddf_dn_1: 0.0075 (0.0075)  loss_mal_dn_2: 0.7471 (0.7471)  loss_bbox_dn_2: 0.2825 (0.2825)  loss_giou_dn_2: 0.8472 (0.8472)  loss_fgl_dn_2: 1.0247 (1.0247)  loss_mal_dn_pre: 0.7495 (0.7495)  loss_bbox_dn_pre: 0.3451 (0.3451)  loss_giou_dn_pre: 0.9768 (0.9768)  time: 3.5568  data: 2.8574  max mem: 8243
Epoch: [39]  [196/197]  eta: 0:00:00  lr: 0.000400  loss: 25.6574 (24.9259)  loss_mal: 1.0605 (1.0607)  loss_bbox: 0.3335 (0.3124)  loss_giou: 0.9444 (0.8517)  loss_fgl: 0.9877 (1.0210)  loss_mal_aux_0: 1.0693 (1.0863)  loss_bbox_aux_0: 0.3359 (0.3195)  loss_giou_aux_0: 0.9529 (0.8680)  loss_fgl_aux_0: 0.9913 (1.0286)  loss_ddf_aux_0: 0.0213 (0.0237)  loss_mal_aux_1: 1.0674 (1.0723)  loss_bbox_aux_1: 0.3351 (0.3130)  loss_giou_aux_1: 0.9439 (0.8533)  loss_fgl_aux_1: 0.9890 (1.0210)  loss_ddf_aux_1: 0.0018 (0.0019)  loss_mal_pre: 1.0732 (1.0870)  loss_bbox_pre: 0.3372 (0.3197)  loss_giou_pre: 0.9523 (0.8666)  loss_mal_enc_0: 1.0820 (1.0939)  loss_bbox_enc_0: 0.3467 (0.3334)  loss_giou_enc_0: 0.9783 (0.8993)  loss_mal_dn_0: 0.7588 (0.7601)  loss_bbox_dn_0: 0.3103 (0.3129)  loss_giou_dn_0: 0.8547 (0.8068)  loss_fgl_dn_0: 1.0675 (1.0918)  loss_ddf_dn_0: 0.1097 (0.1178)  loss_mal_dn_1: 0.7300 (0.7303)  loss_bbox_dn_1: 0.2526 (0.2576)  loss_giou_dn_1: 0.7487 (0.6962)  loss_fgl_dn_1: 1.0781 (1.0845)  loss_ddf_dn_1: 0.0081 (0.0084)  loss_mal_dn_2: 0.7290 (0.7229)  loss_bbox_dn_2: 0.2473 (0.2524)  loss_giou_dn_2: 0.7386 (0.6864)  loss_fgl_dn_2: 1.0788 (1.0851)  loss_mal_dn_pre: 0.7588 (0.7599)  loss_bbox_dn_pre: 0.3117 (0.3138)  loss_giou_dn_pre: 0.8544 (0.8057)  time: 0.4654  data: 0.0406  max mem: 8243
Epoch: [39] Total time: 0:01:43 (0.5278 s / it)
Averaged stats: lr: 0.000400  loss: 25.6574 (24.9259)  loss_mal: 1.0605 (1.0607)  loss_bbox: 0.3335 (0.3124)  loss_giou: 0.9444 (0.8517)  loss_fgl: 0.9877 (1.0210)  loss_mal_aux_0: 1.0693 (1.0863)  loss_bbox_aux_0: 0.3359 (0.3195)  loss_giou_aux_0: 0.9529 (0.8680)  loss_fgl_aux_0: 0.9913 (1.0286)  loss_ddf_aux_0: 0.0213 (0.0237)  loss_mal_aux_1: 1.0674 (1.0723)  loss_bbox_aux_1: 0.3351 (0.3130)  loss_giou_aux_1: 0.9439 (0.8533)  loss_fgl_aux_1: 0.9890 (1.0210)  loss_ddf_aux_1: 0.0018 (0.0019)  loss_mal_pre: 1.0732 (1.0870)  loss_bbox_pre: 0.3372 (0.3197)  loss_giou_pre: 0.9523 (0.8666)  loss_mal_enc_0: 1.0820 (1.0939)  loss_bbox_enc_0: 0.3467 (0.3334)  loss_giou_enc_0: 0.9783 (0.8993)  loss_mal_dn_0: 0.7588 (0.7601)  loss_bbox_dn_0: 0.3103 (0.3129)  loss_giou_dn_0: 0.8547 (0.8068)  loss_fgl_dn_0: 1.0675 (1.0918)  loss_ddf_dn_0: 0.1097 (0.1178)  loss_mal_dn_1: 0.7300 (0.7303)  loss_bbox_dn_1: 0.2526 (0.2576)  loss_giou_dn_1: 0.7487 (0.6962)  loss_fgl_dn_1: 1.0781 (1.0845)  loss_ddf_dn_1: 0.0081 (0.0084)  loss_mal_dn_2: 0.7290 (0.7229)  loss_bbox_dn_2: 0.2473 (0.2524)  loss_giou_dn_2: 0.7386 (0.6864)  loss_fgl_dn_2: 1.0788 (1.0851)  loss_mal_dn_pre: 0.7588 (0.7599)  loss_bbox_dn_pre: 0.3117 (0.3138)  loss_giou_dn_pre: 0.8544 (0.8057)
Test:  [ 0/13]  eta: 0:00:36    time: 2.7836  data: 2.5705  max mem: 8243
Test:  [10/13]  eta: 0:00:01    time: 0.5914  data: 0.3367  max mem: 8243
Test:  [12/13]  eta: 0:00:00    time: 0.5360  data: 0.2912  max mem: 8243
Test: Total time: 0:00:07 (0.5435 s / it)
Averaged stats: 
Accumulating evaluation results...
COCOeval_opt.accumulate() finished...
DONE (t=0.31s).
IoU metric: bbox
 Average Precision  (AP) @[ IoU=0.50:0.95 | area=   all | maxDets=100 ] = 0.241
 Average Precision  (AP) @[ IoU=0.50      | area=   all | maxDets=100 ] = 0.515
 Average Precision  (AP) @[ IoU=0.75      | area=   all | maxDets=100 ] = 0.189
 Average Precision  (AP) @[ IoU=0.50:0.95 | area= small | maxDets=100 ] = 0.097
 Average Precision  (AP) @[ IoU=0.50:0.95 | area=medium | maxDets=100 ] = 0.203
 Average Precision  (AP) @[ IoU=0.50:0.95 | area= large | maxDets=100 ] = 0.280
 Average Recall     (AR) @[ IoU=0.50:0.95 | area=   all | maxDets=  1 ] = 0.233
 Average Recall     (AR) @[ IoU=0.50:0.95 | area=   all | maxDets= 10 ] = 0.454
 Average Recall     (AR) @[ IoU=0.50:0.95 | area=   all | maxDets=100 ] = 0.523
 Average Recall     (AR) @[ IoU=0.50:0.95 | area= small | maxDets=100 ] = 0.262
 Average Recall     (AR) @[ IoU=0.50:0.95 | area=medium | maxDets=100 ] = 0.492
 Average Recall     (AR) @[ IoU=0.50:0.95 | area= large | maxDets=100 ] = 0.614
 Average Recall     (AR) @[ IoU=0.50      | area=   all | maxDets=100 ] = 0.936
 Average Recall     (AR) @[ IoU=0.75      | area=   all | maxDets=100 ] = 0.501
best_stat: {'epoch': 39, 'coco_eval_bbox': 0.24054722428608158}
Epoch: [40]  [  0/197]  eta: 0:12:19  lr: 0.000400  loss: 26.1810 (26.1810)  loss_mal: 0.9883 (0.9883)  loss_bbox: 0.3923 (0.3923)  loss_giou: 1.0593 (1.0593)  loss_fgl: 0.9215 (0.9215)  loss_mal_aux_0: 0.9907 (0.9907)  loss_bbox_aux_0: 0.3986 (0.3986)  loss_giou_aux_0: 1.0704 (1.0704)  loss_fgl_aux_0: 0.9236 (0.9236)  loss_ddf_aux_0: 0.0235 (0.0235)  loss_mal_aux_1: 0.9907 (0.9907)  loss_bbox_aux_1: 0.3925 (0.3925)  loss_giou_aux_1: 1.0606 (1.0606)  loss_fgl_aux_1: 0.9214 (0.9214)  loss_ddf_aux_1: 0.0017 (0.0017)  loss_mal_pre: 0.9941 (0.9941)  loss_bbox_pre: 0.3995 (0.3995)  loss_giou_pre: 1.0709 (1.0709)  loss_mal_enc_0: 0.9868 (0.9868)  loss_bbox_enc_0: 0.4064 (0.4064)  loss_giou_enc_0: 1.0939 (1.0939)  loss_mal_dn_0: 0.7690 (0.7690)  loss_bbox_dn_0: 0.3302 (0.3302)  loss_giou_dn_0: 0.9378 (0.9378)  loss_fgl_dn_0: 1.0399 (1.0399)  loss_ddf_dn_0: 0.1276 (0.1276)  loss_mal_dn_1: 0.7607 (0.7607)  loss_bbox_dn_1: 0.2797 (0.2797)  loss_giou_dn_1: 0.8387 (0.8387)  loss_fgl_dn_1: 1.0507 (1.0507)  loss_ddf_dn_1: 0.0088 (0.0088)  loss_mal_dn_2: 0.7578 (0.7578)  loss_bbox_dn_2: 0.2767 (0.2767)  loss_giou_dn_2: 0.8253 (0.8253)  loss_fgl_dn_2: 1.0555 (1.0555)  loss_mal_dn_pre: 0.7690 (0.7690)  loss_bbox_dn_pre: 0.3304 (0.3304)  loss_giou_dn_pre: 0.9360 (0.9360)  time: 3.7547  data: 2.9951  max mem: 8243
Epoch: [40]  [196/197]  eta: 0:00:00  lr: 0.000400  loss: 25.9432 (24.9229)  loss_mal: 1.0479 (1.0501)  loss_bbox: 0.3641 (0.3166)  loss_giou: 1.0015 (0.8682)  loss_fgl: 0.9316 (1.0093)  loss_mal_aux_0: 1.0674 (1.0743)  loss_bbox_aux_0: 0.3711 (0.3231)  loss_giou_aux_0: 1.0178 (0.8841)  loss_fgl_aux_0: 0.9379 (1.0158)  loss_ddf_aux_0: 0.0219 (0.0224)  loss_mal_aux_1: 1.0586 (1.0603)  loss_bbox_aux_1: 0.3650 (0.3173)  loss_giou_aux_1: 1.0004 (0.8698)  loss_fgl_aux_1: 0.9319 (1.0092)  loss_ddf_aux_1: 0.0017 (0.0018)  loss_mal_pre: 1.0674 (1.0742)  loss_bbox_pre: 0.3716 (0.3238)  loss_giou_pre: 1.0131 (0.8830)  loss_mal_enc_0: 1.0586 (1.0798)  loss_bbox_enc_0: 0.3825 (0.3371)  loss_giou_enc_0: 1.0324 (0.9143)  loss_mal_dn_0: 0.7549 (0.7589)  loss_bbox_dn_0: 0.3253 (0.3105)  loss_giou_dn_0: 0.9165 (0.8104)  loss_fgl_dn_0: 1.0410 (1.0879)  loss_ddf_dn_0: 0.1168 (0.1185)  loss_mal_dn_1: 0.7437 (0.7306)  loss_bbox_dn_1: 0.2704 (0.2559)  loss_giou_dn_1: 0.7914 (0.6992)  loss_fgl_dn_1: 1.0587 (1.0823)  loss_ddf_dn_1: 0.0094 (0.0082)  loss_mal_dn_2: 0.7417 (0.7232)  loss_bbox_dn_2: 0.2650 (0.2508)  loss_giou_dn_2: 0.7793 (0.6897)  loss_fgl_dn_2: 1.0614 (1.0830)  loss_mal_dn_pre: 0.7549 (0.7588)  loss_bbox_dn_pre: 0.3269 (0.3112)  loss_giou_dn_pre: 0.9127 (0.8093)  time: 0.4848  data: 0.0400  max mem: 8243
Epoch: [40] Total time: 0:01:45 (0.5371 s / it)
Averaged stats: lr: 0.000400  loss: 25.9432 (24.9229)  loss_mal: 1.0479 (1.0501)  loss_bbox: 0.3641 (0.3166)  loss_giou: 1.0015 (0.8682)  loss_fgl: 0.9316 (1.0093)  loss_mal_aux_0: 1.0674 (1.0743)  loss_bbox_aux_0: 0.3711 (0.3231)  loss_giou_aux_0: 1.0178 (0.8841)  loss_fgl_aux_0: 0.9379 (1.0158)  loss_ddf_aux_0: 0.0219 (0.0224)  loss_mal_aux_1: 1.0586 (1.0603)  loss_bbox_aux_1: 0.3650 (0.3173)  loss_giou_aux_1: 1.0004 (0.8698)  loss_fgl_aux_1: 0.9319 (1.0092)  loss_ddf_aux_1: 0.0017 (0.0018)  loss_mal_pre: 1.0674 (1.0742)  loss_bbox_pre: 0.3716 (0.3238)  loss_giou_pre: 1.0131 (0.8830)  loss_mal_enc_0: 1.0586 (1.0798)  loss_bbox_enc_0: 0.3825 (0.3371)  loss_giou_enc_0: 1.0324 (0.9143)  loss_mal_dn_0: 0.7549 (0.7589)  loss_bbox_dn_0: 0.3253 (0.3105)  loss_giou_dn_0: 0.9165 (0.8104)  loss_fgl_dn_0: 1.0410 (1.0879)  loss_ddf_dn_0: 0.1168 (0.1185)  loss_mal_dn_1: 0.7437 (0.7306)  loss_bbox_dn_1: 0.2704 (0.2559)  loss_giou_dn_1: 0.7914 (0.6992)  loss_fgl_dn_1: 1.0587 (1.0823)  loss_ddf_dn_1: 0.0094 (0.0082)  loss_mal_dn_2: 0.7417 (0.7232)  loss_bbox_dn_2: 0.2650 (0.2508)  loss_giou_dn_2: 0.7793 (0.6897)  loss_fgl_dn_2: 1.0614 (1.0830)  loss_mal_dn_pre: 0.7549 (0.7588)  loss_bbox_dn_pre: 0.3269 (0.3112)  loss_giou_dn_pre: 0.9127 (0.8093)
Test:  [ 0/13]  eta: 0:00:36    time: 2.8210  data: 2.5977  max mem: 8243
Test:  [10/13]  eta: 0:00:01    time: 0.5649  data: 0.3162  max mem: 8243
Test:  [12/13]  eta: 0:00:00    time: 0.5214  data: 0.2823  max mem: 8243
Test: Total time: 0:00:06 (0.5292 s / it)
Averaged stats: 
Accumulating evaluation results...
COCOeval_opt.accumulate() finished...
DONE (t=0.30s).
IoU metric: bbox
 Average Precision  (AP) @[ IoU=0.50:0.95 | area=   all | maxDets=100 ] = 0.241
 Average Precision  (AP) @[ IoU=0.50      | area=   all | maxDets=100 ] = 0.518
 Average Precision  (AP) @[ IoU=0.75      | area=   all | maxDets=100 ] = 0.189
 Average Precision  (AP) @[ IoU=0.50:0.95 | area= small | maxDets=100 ] = 0.098
 Average Precision  (AP) @[ IoU=0.50:0.95 | area=medium | maxDets=100 ] = 0.203
 Average Precision  (AP) @[ IoU=0.50:0.95 | area= large | maxDets=100 ] = 0.283
 Average Recall     (AR) @[ IoU=0.50:0.95 | area=   all | maxDets=  1 ] = 0.232
 Average Recall     (AR) @[ IoU=0.50:0.95 | area=   all | maxDets= 10 ] = 0.452
 Average Recall     (AR) @[ IoU=0.50:0.95 | area=   all | maxDets=100 ] = 0.523
 Average Recall     (AR) @[ IoU=0.50:0.95 | area= small | maxDets=100 ] = 0.263
 Average Recall     (AR) @[ IoU=0.50:0.95 | area=medium | maxDets=100 ] = 0.491
 Average Recall     (AR) @[ IoU=0.50:0.95 | area= large | maxDets=100 ] = 0.616
 Average Recall     (AR) @[ IoU=0.50      | area=   all | maxDets=100 ] = 0.936
 Average Recall     (AR) @[ IoU=0.75      | area=   all | maxDets=100 ] = 0.501
best_stat: {'epoch': 40, 'coco_eval_bbox': 0.240620031823657}
Epoch: [41]  [  0/197]  eta: 0:11:20  lr: 0.000400  loss: 25.5742 (25.5742)  loss_mal: 1.0293 (1.0293)  loss_bbox: 0.3464 (0.3464)  loss_giou: 0.9467 (0.9467)  loss_fgl: 0.9957 (0.9957)  loss_mal_aux_0: 1.0703 (1.0703)  loss_bbox_aux_0: 0.3491 (0.3491)  loss_giou_aux_0: 0.9501 (0.9501)  loss_fgl_aux_0: 1.0077 (1.0077)  loss_ddf_aux_0: 0.0178 (0.0178)  loss_mal_aux_1: 1.0371 (1.0371)  loss_bbox_aux_1: 0.3458 (0.3458)  loss_giou_aux_1: 0.9434 (0.9434)  loss_fgl_aux_1: 0.9969 (0.9969)  loss_ddf_aux_1: 0.0016 (0.0016)  loss_mal_pre: 1.0713 (1.0713)  loss_bbox_pre: 0.3501 (0.3501)  loss_giou_pre: 0.9477 (0.9477)  loss_mal_enc_0: 1.0508 (1.0508)  loss_bbox_enc_0: 0.3666 (0.3666)  loss_giou_enc_0: 0.9729 (0.9729)  loss_mal_dn_0: 0.7637 (0.7637)  loss_bbox_dn_0: 0.3337 (0.3337)  loss_giou_dn_0: 0.8700 (0.8700)  loss_fgl_dn_0: 1.0569 (1.0569)  loss_ddf_dn_0: 0.1119 (0.1119)  loss_mal_dn_1: 0.7427 (0.7427)  loss_bbox_dn_1: 0.2800 (0.2800)  loss_giou_dn_1: 0.7681 (0.7681)  loss_fgl_dn_1: 1.0574 (1.0574)  loss_ddf_dn_1: 0.0083 (0.0083)  loss_mal_dn_2: 0.7349 (0.7349)  loss_bbox_dn_2: 0.2717 (0.2717)  loss_giou_dn_2: 0.7495 (0.7495)  loss_fgl_dn_2: 1.0628 (1.0628)  loss_mal_dn_pre: 0.7637 (0.7637)  loss_bbox_dn_pre: 0.3330 (0.3330)  loss_giou_dn_pre: 0.8686 (0.8686)  time: 3.4561  data: 2.7151  max mem: 8243
Epoch: [41]  [196/197]  eta: 0:00:00  lr: 0.000400  loss: 25.4603 (24.8332)  loss_mal: 1.0625 (1.0474)  loss_bbox: 0.3434 (0.3109)  loss_giou: 0.9131 (0.8539)  loss_fgl: 0.9943 (1.0191)  loss_mal_aux_0: 1.0938 (1.0747)  loss_bbox_aux_0: 0.3459 (0.3173)  loss_giou_aux_0: 0.9259 (0.8703)  loss_fgl_aux_0: 1.0010 (1.0278)  loss_ddf_aux_0: 0.0200 (0.0250)  loss_mal_aux_1: 1.0664 (1.0577)  loss_bbox_aux_1: 0.3446 (0.3115)  loss_giou_aux_1: 0.9136 (0.8555)  loss_fgl_aux_1: 0.9934 (1.0191)  loss_ddf_aux_1: 0.0016 (0.0020)  loss_mal_pre: 1.0869 (1.0751)  loss_bbox_pre: 0.3478 (0.3175)  loss_giou_pre: 0.9249 (0.8690)  loss_mal_enc_0: 1.1133 (1.0852)  loss_bbox_enc_0: 0.3550 (0.3305)  loss_giou_enc_0: 0.9470 (0.8992)  loss_mal_dn_0: 0.7583 (0.7585)  loss_bbox_dn_0: 0.3180 (0.3085)  loss_giou_dn_0: 0.8495 (0.8022)  loss_fgl_dn_0: 1.0637 (1.0946)  loss_ddf_dn_0: 0.1045 (0.1212)  loss_mal_dn_1: 0.7329 (0.7284)  loss_bbox_dn_1: 0.2599 (0.2563)  loss_giou_dn_1: 0.7330 (0.6921)  loss_fgl_dn_1: 1.0735 (1.0853)  loss_ddf_dn_1: 0.0077 (0.0087)  loss_mal_dn_2: 0.7271 (0.7213)  loss_bbox_dn_2: 0.2564 (0.2511)  loss_giou_dn_2: 0.7264 (0.6820)  loss_fgl_dn_2: 1.0739 (1.0860)  loss_mal_dn_pre: 0.7583 (0.7583)  loss_bbox_dn_pre: 0.3175 (0.3092)  loss_giou_dn_pre: 0.8497 (0.8010)  time: 0.4781  data: 0.0457  max mem: 8243
Epoch: [41] Total time: 0:01:47 (0.5460 s / it)
Averaged stats: lr: 0.000400  loss: 25.4603 (24.8332)  loss_mal: 1.0625 (1.0474)  loss_bbox: 0.3434 (0.3109)  loss_giou: 0.9131 (0.8539)  loss_fgl: 0.9943 (1.0191)  loss_mal_aux_0: 1.0938 (1.0747)  loss_bbox_aux_0: 0.3459 (0.3173)  loss_giou_aux_0: 0.9259 (0.8703)  loss_fgl_aux_0: 1.0010 (1.0278)  loss_ddf_aux_0: 0.0200 (0.0250)  loss_mal_aux_1: 1.0664 (1.0577)  loss_bbox_aux_1: 0.3446 (0.3115)  loss_giou_aux_1: 0.9136 (0.8555)  loss_fgl_aux_1: 0.9934 (1.0191)  loss_ddf_aux_1: 0.0016 (0.0020)  loss_mal_pre: 1.0869 (1.0751)  loss_bbox_pre: 0.3478 (0.3175)  loss_giou_pre: 0.9249 (0.8690)  loss_mal_enc_0: 1.1133 (1.0852)  loss_bbox_enc_0: 0.3550 (0.3305)  loss_giou_enc_0: 0.9470 (0.8992)  loss_mal_dn_0: 0.7583 (0.7585)  loss_bbox_dn_0: 0.3180 (0.3085)  loss_giou_dn_0: 0.8495 (0.8022)  loss_fgl_dn_0: 1.0637 (1.0946)  loss_ddf_dn_0: 0.1045 (0.1212)  loss_mal_dn_1: 0.7329 (0.7284)  loss_bbox_dn_1: 0.2599 (0.2563)  loss_giou_dn_1: 0.7330 (0.6921)  loss_fgl_dn_1: 1.0735 (1.0853)  loss_ddf_dn_1: 0.0077 (0.0087)  loss_mal_dn_2: 0.7271 (0.7213)  loss_bbox_dn_2: 0.2564 (0.2511)  loss_giou_dn_2: 0.7264 (0.6820)  loss_fgl_dn_2: 1.0739 (1.0860)  loss_mal_dn_pre: 0.7583 (0.7583)  loss_bbox_dn_pre: 0.3175 (0.3092)  loss_giou_dn_pre: 0.8497 (0.8010)
Test:  [ 0/13]  eta: 0:00:37    time: 2.9121  data: 2.5546  max mem: 8243
Test:  [10/13]  eta: 0:00:01    time: 0.5742  data: 0.3095  max mem: 8243
Test:  [12/13]  eta: 0:00:00    time: 0.5138  data: 0.2682  max mem: 8243
Test: Total time: 0:00:06 (0.5214 s / it)
Averaged stats: 
Accumulating evaluation results...
COCOeval_opt.accumulate() finished...
DONE (t=0.30s).
IoU metric: bbox
 Average Precision  (AP) @[ IoU=0.50:0.95 | area=   all | maxDets=100 ] = 0.242
 Average Precision  (AP) @[ IoU=0.50      | area=   all | maxDets=100 ] = 0.518
 Average Precision  (AP) @[ IoU=0.75      | area=   all | maxDets=100 ] = 0.190
 Average Precision  (AP) @[ IoU=0.50:0.95 | area= small | maxDets=100 ] = 0.097
 Average Precision  (AP) @[ IoU=0.50:0.95 | area=medium | maxDets=100 ] = 0.203
 Average Precision  (AP) @[ IoU=0.50:0.95 | area= large | maxDets=100 ] = 0.285
 Average Recall     (AR) @[ IoU=0.50:0.95 | area=   all | maxDets=  1 ] = 0.233
 Average Recall     (AR) @[ IoU=0.50:0.95 | area=   all | maxDets= 10 ] = 0.454
 Average Recall     (AR) @[ IoU=0.50:0.95 | area=   all | maxDets=100 ] = 0.524
 Average Recall     (AR) @[ IoU=0.50:0.95 | area= small | maxDets=100 ] = 0.265
 Average Recall     (AR) @[ IoU=0.50:0.95 | area=medium | maxDets=100 ] = 0.492
 Average Recall     (AR) @[ IoU=0.50:0.95 | area= large | maxDets=100 ] = 0.618
 Average Recall     (AR) @[ IoU=0.50      | area=   all | maxDets=100 ] = 0.937
 Average Recall     (AR) @[ IoU=0.75      | area=   all | maxDets=100 ] = 0.503
best_stat: {'epoch': 41, 'coco_eval_bbox': 0.24155658933501978}
Epoch: [42]  [  0/197]  eta: 0:08:42  lr: 0.000400  loss: 23.3582 (23.3582)  loss_mal: 1.1064 (1.1064)  loss_bbox: 0.2120 (0.2120)  loss_giou: 0.6982 (0.6982)  loss_fgl: 1.1126 (1.1126)  loss_mal_aux_0: 1.1299 (1.1299)  loss_bbox_aux_0: 0.2244 (0.2244)  loss_giou_aux_0: 0.7112 (0.7112)  loss_fgl_aux_0: 1.1297 (1.1297)  loss_ddf_aux_0: 0.0191 (0.0191)  loss_mal_aux_1: 1.1318 (1.1318)  loss_bbox_aux_1: 0.2143 (0.2143)  loss_giou_aux_1: 0.6984 (0.6984)  loss_fgl_aux_1: 1.1150 (1.1150)  loss_ddf_aux_1: 0.0014 (0.0014)  loss_mal_pre: 1.1289 (1.1289)  loss_bbox_pre: 0.2260 (0.2260)  loss_giou_pre: 0.7135 (0.7135)  loss_mal_enc_0: 1.1885 (1.1885)  loss_bbox_enc_0: 0.2361 (0.2361)  loss_giou_enc_0: 0.7449 (0.7449)  loss_mal_dn_0: 0.7681 (0.7681)  loss_bbox_dn_0: 0.1959 (0.1959)  loss_giou_dn_0: 0.6744 (0.6744)  loss_fgl_dn_0: 1.1595 (1.1595)  loss_ddf_dn_0: 0.1079 (0.1079)  loss_mal_dn_1: 0.6978 (0.6978)  loss_bbox_dn_1: 0.1517 (0.1517)  loss_giou_dn_1: 0.5594 (0.5594)  loss_fgl_dn_1: 1.1390 (1.1390)  loss_ddf_dn_1: 0.0052 (0.0052)  loss_mal_dn_2: 0.6831 (0.6831)  loss_bbox_dn_2: 0.1484 (0.1484)  loss_giou_dn_2: 0.5517 (0.5517)  loss_fgl_dn_2: 1.1387 (1.1387)  loss_mal_dn_pre: 0.7676 (0.7676)  loss_bbox_dn_pre: 0.1940 (0.1940)  loss_giou_dn_pre: 0.6734 (0.6734)  time: 2.6516  data: 2.0555  max mem: 8243
Epoch: [42]  [196/197]  eta: 0:00:00  lr: 0.000400  loss: 25.6602 (24.8485)  loss_mal: 1.0654 (1.0592)  loss_bbox: 0.3271 (0.3110)  loss_giou: 0.9501 (0.8530)  loss_fgl: 0.9599 (1.0180)  loss_mal_aux_0: 1.0713 (1.0817)  loss_bbox_aux_0: 0.3340 (0.3174)  loss_giou_aux_0: 0.9672 (0.8682)  loss_fgl_aux_0: 0.9685 (1.0256)  loss_ddf_aux_0: 0.0208 (0.0223)  loss_mal_aux_1: 1.0625 (1.0661)  loss_bbox_aux_1: 0.3271 (0.3116)  loss_giou_aux_1: 0.9512 (0.8544)  loss_fgl_aux_1: 0.9598 (1.0183)  loss_ddf_aux_1: 0.0015 (0.0017)  loss_mal_pre: 1.0723 (1.0822)  loss_bbox_pre: 0.3353 (0.3177)  loss_giou_pre: 0.9659 (0.8672)  loss_mal_enc_0: 1.0693 (1.0879)  loss_bbox_enc_0: 0.3512 (0.3315)  loss_giou_enc_0: 0.9938 (0.8987)  loss_mal_dn_0: 0.7612 (0.7606)  loss_bbox_dn_0: 0.3124 (0.3084)  loss_giou_dn_0: 0.8667 (0.7990)  loss_fgl_dn_0: 1.0576 (1.0920)  loss_ddf_dn_0: 0.1094 (0.1189)  loss_mal_dn_1: 0.7446 (0.7300)  loss_bbox_dn_1: 0.2657 (0.2555)  loss_giou_dn_1: 0.7572 (0.6901)  loss_fgl_dn_1: 1.0588 (1.0849)  loss_ddf_dn_1: 0.0076 (0.0082)  loss_mal_dn_2: 0.7363 (0.7227)  loss_bbox_dn_2: 0.2643 (0.2507)  loss_giou_dn_2: 0.7504 (0.6806)  loss_fgl_dn_2: 1.0599 (1.0854)  loss_mal_dn_pre: 0.7603 (0.7605)  loss_bbox_dn_pre: 0.3133 (0.3092)  loss_giou_dn_pre: 0.8667 (0.7980)  time: 0.5140  data: 0.0533  max mem: 8243
Epoch: [42] Total time: 0:01:49 (0.5571 s / it)
Averaged stats: lr: 0.000400  loss: 25.6602 (24.8485)  loss_mal: 1.0654 (1.0592)  loss_bbox: 0.3271 (0.3110)  loss_giou: 0.9501 (0.8530)  loss_fgl: 0.9599 (1.0180)  loss_mal_aux_0: 1.0713 (1.0817)  loss_bbox_aux_0: 0.3340 (0.3174)  loss_giou_aux_0: 0.9672 (0.8682)  loss_fgl_aux_0: 0.9685 (1.0256)  loss_ddf_aux_0: 0.0208 (0.0223)  loss_mal_aux_1: 1.0625 (1.0661)  loss_bbox_aux_1: 0.3271 (0.3116)  loss_giou_aux_1: 0.9512 (0.8544)  loss_fgl_aux_1: 0.9598 (1.0183)  loss_ddf_aux_1: 0.0015 (0.0017)  loss_mal_pre: 1.0723 (1.0822)  loss_bbox_pre: 0.3353 (0.3177)  loss_giou_pre: 0.9659 (0.8672)  loss_mal_enc_0: 1.0693 (1.0879)  loss_bbox_enc_0: 0.3512 (0.3315)  loss_giou_enc_0: 0.9938 (0.8987)  loss_mal_dn_0: 0.7612 (0.7606)  loss_bbox_dn_0: 0.3124 (0.3084)  loss_giou_dn_0: 0.8667 (0.7990)  loss_fgl_dn_0: 1.0576 (1.0920)  loss_ddf_dn_0: 0.1094 (0.1189)  loss_mal_dn_1: 0.7446 (0.7300)  loss_bbox_dn_1: 0.2657 (0.2555)  loss_giou_dn_1: 0.7572 (0.6901)  loss_fgl_dn_1: 1.0588 (1.0849)  loss_ddf_dn_1: 0.0076 (0.0082)  loss_mal_dn_2: 0.7363 (0.7227)  loss_bbox_dn_2: 0.2643 (0.2507)  loss_giou_dn_2: 0.7504 (0.6806)  loss_fgl_dn_2: 1.0599 (1.0854)  loss_mal_dn_pre: 0.7603 (0.7605)  loss_bbox_dn_pre: 0.3133 (0.3092)  loss_giou_dn_pre: 0.8667 (0.7980)
Test:  [ 0/13]  eta: 0:00:45    time: 3.4891  data: 3.1063  max mem: 8243
Test:  [10/13]  eta: 0:00:01    time: 0.6274  data: 0.3574  max mem: 8243
Test:  [12/13]  eta: 0:00:00    time: 0.5665  data: 0.3087  max mem: 8243
Test: Total time: 0:00:07 (0.5732 s / it)
Averaged stats: 
Accumulating evaluation results...
COCOeval_opt.accumulate() finished...
DONE (t=0.34s).
IoU metric: bbox
 Average Precision  (AP) @[ IoU=0.50:0.95 | area=   all | maxDets=100 ] = 0.242
 Average Precision  (AP) @[ IoU=0.50      | area=   all | maxDets=100 ] = 0.518
 Average Precision  (AP) @[ IoU=0.75      | area=   all | maxDets=100 ] = 0.191
 Average Precision  (AP) @[ IoU=0.50:0.95 | area= small | maxDets=100 ] = 0.100
 Average Precision  (AP) @[ IoU=0.50:0.95 | area=medium | maxDets=100 ] = 0.203
 Average Precision  (AP) @[ IoU=0.50:0.95 | area= large | maxDets=100 ] = 0.286
 Average Recall     (AR) @[ IoU=0.50:0.95 | area=   all | maxDets=  1 ] = 0.234
 Average Recall     (AR) @[ IoU=0.50:0.95 | area=   all | maxDets= 10 ] = 0.456
 Average Recall     (AR) @[ IoU=0.50:0.95 | area=   all | maxDets=100 ] = 0.525
 Average Recall     (AR) @[ IoU=0.50:0.95 | area= small | maxDets=100 ] = 0.268
 Average Recall     (AR) @[ IoU=0.50:0.95 | area=medium | maxDets=100 ] = 0.492
 Average Recall     (AR) @[ IoU=0.50:0.95 | area= large | maxDets=100 ] = 0.619
 Average Recall     (AR) @[ IoU=0.50      | area=   all | maxDets=100 ] = 0.938
 Average Recall     (AR) @[ IoU=0.75      | area=   all | maxDets=100 ] = 0.502
best_stat: {'epoch': 42, 'coco_eval_bbox': 0.24201489645067395}
Epoch: [43]  [  0/197]  eta: 0:10:11  lr: 0.000400  loss: 23.7397 (23.7397)  loss_mal: 1.0547 (1.0547)  loss_bbox: 0.2689 (0.2689)  loss_giou: 0.6902 (0.6902)  loss_fgl: 1.0990 (1.0990)  loss_mal_aux_0: 1.1270 (1.1270)  loss_bbox_aux_0: 0.2741 (0.2741)  loss_giou_aux_0: 0.7018 (0.7018)  loss_fgl_aux_0: 1.1069 (1.1069)  loss_ddf_aux_0: 0.0187 (0.0187)  loss_mal_aux_1: 1.0908 (1.0908)  loss_bbox_aux_1: 0.2681 (0.2681)  loss_giou_aux_1: 0.6891 (0.6891)  loss_fgl_aux_1: 1.0991 (1.0991)  loss_ddf_aux_1: 0.0013 (0.0013)  loss_mal_pre: 1.1328 (1.1328)  loss_bbox_pre: 0.2734 (0.2734)  loss_giou_pre: 0.7005 (0.7005)  loss_mal_enc_0: 1.1250 (1.1250)  loss_bbox_enc_0: 0.2944 (0.2944)  loss_giou_enc_0: 0.7347 (0.7347)  loss_mal_dn_0: 0.7593 (0.7593)  loss_bbox_dn_0: 0.2807 (0.2807)  loss_giou_dn_0: 0.6982 (0.6982)  loss_fgl_dn_0: 1.1479 (1.1479)  loss_ddf_dn_0: 0.1075 (0.1075)  loss_mal_dn_1: 0.7041 (0.7041)  loss_bbox_dn_1: 0.2224 (0.2224)  loss_giou_dn_1: 0.5814 (0.5814)  loss_fgl_dn_1: 1.1234 (1.1234)  loss_ddf_dn_1: 0.0073 (0.0073)  loss_mal_dn_2: 0.6982 (0.6982)  loss_bbox_dn_2: 0.2201 (0.2201)  loss_giou_dn_2: 0.5784 (0.5784)  loss_fgl_dn_2: 1.1218 (1.1218)  loss_mal_dn_pre: 0.7568 (0.7568)  loss_bbox_dn_pre: 0.2833 (0.2833)  loss_giou_dn_pre: 0.6985 (0.6985)  time: 3.1060  data: 2.4806  max mem: 8243
Epoch: [43]  [196/197]  eta: 0:00:00  lr: 0.000400  loss: 25.3831 (24.8104)  loss_mal: 1.0586 (1.0442)  loss_bbox: 0.3318 (0.3138)  loss_giou: 0.8754 (0.8506)  loss_fgl: 0.9934 (1.0189)  loss_mal_aux_0: 1.0654 (1.0718)  loss_bbox_aux_0: 0.3370 (0.3202)  loss_giou_aux_0: 0.8911 (0.8667)  loss_fgl_aux_0: 0.9998 (1.0269)  loss_ddf_aux_0: 0.0230 (0.0229)  loss_mal_aux_1: 1.0645 (1.0553)  loss_bbox_aux_1: 0.3306 (0.3145)  loss_giou_aux_1: 0.8766 (0.8521)  loss_fgl_aux_1: 0.9942 (1.0191)  loss_ddf_aux_1: 0.0018 (0.0018)  loss_mal_pre: 1.0664 (1.0726)  loss_bbox_pre: 0.3383 (0.3205)  loss_giou_pre: 0.8905 (0.8653)  loss_mal_enc_0: 1.0840 (1.0831)  loss_bbox_enc_0: 0.3514 (0.3341)  loss_giou_enc_0: 0.9222 (0.8975)  loss_mal_dn_0: 0.7583 (0.7585)  loss_bbox_dn_0: 0.3089 (0.3131)  loss_giou_dn_0: 0.8422 (0.7969)  loss_fgl_dn_0: 1.0703 (1.0949)  loss_ddf_dn_0: 0.1174 (0.1200)  loss_mal_dn_1: 0.7402 (0.7271)  loss_bbox_dn_1: 0.2549 (0.2591)  loss_giou_dn_1: 0.7196 (0.6886)  loss_fgl_dn_1: 1.0723 (1.0853)  loss_ddf_dn_1: 0.0084 (0.0090)  loss_mal_dn_2: 0.7334 (0.7199)  loss_bbox_dn_2: 0.2540 (0.2539)  loss_giou_dn_2: 0.7106 (0.6781)  loss_fgl_dn_2: 1.0749 (1.0860)  loss_mal_dn_pre: 0.7593 (0.7584)  loss_bbox_dn_pre: 0.3087 (0.3140)  loss_giou_dn_pre: 0.8421 (0.7958)  time: 0.4902  data: 0.0476  max mem: 8243
Epoch: [43] Total time: 0:01:45 (0.5339 s / it)
Averaged stats: lr: 0.000400  loss: 25.3831 (24.8104)  loss_mal: 1.0586 (1.0442)  loss_bbox: 0.3318 (0.3138)  loss_giou: 0.8754 (0.8506)  loss_fgl: 0.9934 (1.0189)  loss_mal_aux_0: 1.0654 (1.0718)  loss_bbox_aux_0: 0.3370 (0.3202)  loss_giou_aux_0: 0.8911 (0.8667)  loss_fgl_aux_0: 0.9998 (1.0269)  loss_ddf_aux_0: 0.0230 (0.0229)  loss_mal_aux_1: 1.0645 (1.0553)  loss_bbox_aux_1: 0.3306 (0.3145)  loss_giou_aux_1: 0.8766 (0.8521)  loss_fgl_aux_1: 0.9942 (1.0191)  loss_ddf_aux_1: 0.0018 (0.0018)  loss_mal_pre: 1.0664 (1.0726)  loss_bbox_pre: 0.3383 (0.3205)  loss_giou_pre: 0.8905 (0.8653)  loss_mal_enc_0: 1.0840 (1.0831)  loss_bbox_enc_0: 0.3514 (0.3341)  loss_giou_enc_0: 0.9222 (0.8975)  loss_mal_dn_0: 0.7583 (0.7585)  loss_bbox_dn_0: 0.3089 (0.3131)  loss_giou_dn_0: 0.8422 (0.7969)  loss_fgl_dn_0: 1.0703 (1.0949)  loss_ddf_dn_0: 0.1174 (0.1200)  loss_mal_dn_1: 0.7402 (0.7271)  loss_bbox_dn_1: 0.2549 (0.2591)  loss_giou_dn_1: 0.7196 (0.6886)  loss_fgl_dn_1: 1.0723 (1.0853)  loss_ddf_dn_1: 0.0084 (0.0090)  loss_mal_dn_2: 0.7334 (0.7199)  loss_bbox_dn_2: 0.2540 (0.2539)  loss_giou_dn_2: 0.7106 (0.6781)  loss_fgl_dn_2: 1.0749 (1.0860)  loss_mal_dn_pre: 0.7593 (0.7584)  loss_bbox_dn_pre: 0.3087 (0.3140)  loss_giou_dn_pre: 0.8421 (0.7958)
Test:  [ 0/13]  eta: 0:00:39    time: 3.0460  data: 2.6948  max mem: 8243
Test:  [10/13]  eta: 0:00:01    time: 0.5913  data: 0.3296  max mem: 8243
Test:  [12/13]  eta: 0:00:00    time: 0.5344  data: 0.2852  max mem: 8243
Test: Total time: 0:00:07 (0.5420 s / it)
Averaged stats: 
Accumulating evaluation results...
COCOeval_opt.accumulate() finished...
DONE (t=0.29s).
IoU metric: bbox
 Average Precision  (AP) @[ IoU=0.50:0.95 | area=   all | maxDets=100 ] = 0.242
 Average Precision  (AP) @[ IoU=0.50      | area=   all | maxDets=100 ] = 0.518
 Average Precision  (AP) @[ IoU=0.75      | area=   all | maxDets=100 ] = 0.189
 Average Precision  (AP) @[ IoU=0.50:0.95 | area= small | maxDets=100 ] = 0.100
 Average Precision  (AP) @[ IoU=0.50:0.95 | area=medium | maxDets=100 ] = 0.203
 Average Precision  (AP) @[ IoU=0.50:0.95 | area= large | maxDets=100 ] = 0.289
 Average Recall     (AR) @[ IoU=0.50:0.95 | area=   all | maxDets=  1 ] = 0.232
 Average Recall     (AR) @[ IoU=0.50:0.95 | area=   all | maxDets= 10 ] = 0.455
 Average Recall     (AR) @[ IoU=0.50:0.95 | area=   all | maxDets=100 ] = 0.525
 Average Recall     (AR) @[ IoU=0.50:0.95 | area= small | maxDets=100 ] = 0.267
 Average Recall     (AR) @[ IoU=0.50:0.95 | area=medium | maxDets=100 ] = 0.492
 Average Recall     (AR) @[ IoU=0.50:0.95 | area= large | maxDets=100 ] = 0.619
 Average Recall     (AR) @[ IoU=0.50      | area=   all | maxDets=100 ] = 0.936
 Average Recall     (AR) @[ IoU=0.75      | area=   all | maxDets=100 ] = 0.497
best_stat: {'epoch': 43, 'coco_eval_bbox': 0.2421160965295878}
Epoch: [44]  [  0/197]  eta: 0:10:52  lr: 0.000400  loss: 26.5741 (26.5741)  loss_mal: 1.1934 (1.1934)  loss_bbox: 0.4100 (0.4100)  loss_giou: 0.7899 (0.7899)  loss_fgl: 1.0328 (1.0328)  loss_mal_aux_0: 1.2393 (1.2393)  loss_bbox_aux_0: 0.4196 (0.4196)  loss_giou_aux_0: 0.8078 (0.8078)  loss_fgl_aux_0: 1.0546 (1.0546)  loss_ddf_aux_0: 0.0243 (0.0243)  loss_mal_aux_1: 1.2070 (1.2070)  loss_bbox_aux_1: 0.4099 (0.4099)  loss_giou_aux_1: 0.7948 (0.7948)  loss_fgl_aux_1: 1.0321 (1.0321)  loss_ddf_aux_1: 0.0019 (0.0019)  loss_mal_pre: 1.2373 (1.2373)  loss_bbox_pre: 0.4203 (0.4203)  loss_giou_pre: 0.8036 (0.8036)  loss_mal_enc_0: 1.2412 (1.2412)  loss_bbox_enc_0: 0.4217 (0.4217)  loss_giou_enc_0: 0.8245 (0.8245)  loss_mal_dn_0: 0.7554 (0.7554)  loss_bbox_dn_0: 0.5175 (0.5175)  loss_giou_dn_0: 0.8020 (0.8020)  loss_fgl_dn_0: 1.1012 (1.1012)  loss_ddf_dn_0: 0.1367 (0.1367)  loss_mal_dn_1: 0.7319 (0.7319)  loss_bbox_dn_1: 0.4317 (0.4317)  loss_giou_dn_1: 0.6789 (0.6789)  loss_fgl_dn_1: 1.0781 (1.0781)  loss_ddf_dn_1: 0.0107 (0.0107)  loss_mal_dn_2: 0.7227 (0.7227)  loss_bbox_dn_2: 0.4212 (0.4212)  loss_giou_dn_2: 0.6658 (0.6658)  loss_fgl_dn_2: 1.0783 (1.0783)  loss_mal_dn_pre: 0.7554 (0.7554)  loss_bbox_dn_pre: 0.5202 (0.5202)  loss_giou_dn_pre: 0.8002 (0.8002)  time: 3.3099  data: 2.7856  max mem: 8243
Epoch: [44]  [196/197]  eta: 0:00:00  lr: 0.000400  loss: 25.5803 (24.8571)  loss_mal: 1.0479 (1.0510)  loss_bbox: 0.3342 (0.3100)  loss_giou: 0.9497 (0.8598)  loss_fgl: 0.9569 (1.0162)  loss_mal_aux_0: 1.0537 (1.0780)  loss_bbox_aux_0: 0.3393 (0.3157)  loss_giou_aux_0: 0.9673 (0.8746)  loss_fgl_aux_0: 0.9650 (1.0238)  loss_ddf_aux_0: 0.0193 (0.0225)  loss_mal_aux_1: 1.0537 (1.0625)  loss_bbox_aux_1: 0.3349 (0.3105)  loss_giou_aux_1: 0.9497 (0.8611)  loss_fgl_aux_1: 0.9589 (1.0164)  loss_ddf_aux_1: 0.0016 (0.0017)  loss_mal_pre: 1.0547 (1.0783)  loss_bbox_pre: 0.3421 (0.3162)  loss_giou_pre: 0.9643 (0.8734)  loss_mal_enc_0: 1.0400 (1.0882)  loss_bbox_enc_0: 0.3457 (0.3296)  loss_giou_enc_0: 0.9780 (0.9039)  loss_mal_dn_0: 0.7603 (0.7599)  loss_bbox_dn_0: 0.3222 (0.3081)  loss_giou_dn_0: 0.8431 (0.8040)  loss_fgl_dn_0: 1.0641 (1.0914)  loss_ddf_dn_0: 0.1106 (0.1174)  loss_mal_dn_1: 0.7417 (0.7299)  loss_bbox_dn_1: 0.2636 (0.2548)  loss_giou_dn_1: 0.7356 (0.6932)  loss_fgl_dn_1: 1.0693 (1.0843)  loss_ddf_dn_1: 0.0080 (0.0082)  loss_mal_dn_2: 0.7354 (0.7218)  loss_bbox_dn_2: 0.2595 (0.2501)  loss_giou_dn_2: 0.7303 (0.6838)  loss_fgl_dn_2: 1.0728 (1.0848)  loss_mal_dn_pre: 0.7607 (0.7598)  loss_bbox_dn_pre: 0.3229 (0.3090)  loss_giou_dn_pre: 0.8424 (0.8031)  time: 0.4821  data: 0.0482  max mem: 8243
Epoch: [44] Total time: 0:01:43 (0.5275 s / it)
Averaged stats: lr: 0.000400  loss: 25.5803 (24.8571)  loss_mal: 1.0479 (1.0510)  loss_bbox: 0.3342 (0.3100)  loss_giou: 0.9497 (0.8598)  loss_fgl: 0.9569 (1.0162)  loss_mal_aux_0: 1.0537 (1.0780)  loss_bbox_aux_0: 0.3393 (0.3157)  loss_giou_aux_0: 0.9673 (0.8746)  loss_fgl_aux_0: 0.9650 (1.0238)  loss_ddf_aux_0: 0.0193 (0.0225)  loss_mal_aux_1: 1.0537 (1.0625)  loss_bbox_aux_1: 0.3349 (0.3105)  loss_giou_aux_1: 0.9497 (0.8611)  loss_fgl_aux_1: 0.9589 (1.0164)  loss_ddf_aux_1: 0.0016 (0.0017)  loss_mal_pre: 1.0547 (1.0783)  loss_bbox_pre: 0.3421 (0.3162)  loss_giou_pre: 0.9643 (0.8734)  loss_mal_enc_0: 1.0400 (1.0882)  loss_bbox_enc_0: 0.3457 (0.3296)  loss_giou_enc_0: 0.9780 (0.9039)  loss_mal_dn_0: 0.7603 (0.7599)  loss_bbox_dn_0: 0.3222 (0.3081)  loss_giou_dn_0: 0.8431 (0.8040)  loss_fgl_dn_0: 1.0641 (1.0914)  loss_ddf_dn_0: 0.1106 (0.1174)  loss_mal_dn_1: 0.7417 (0.7299)  loss_bbox_dn_1: 0.2636 (0.2548)  loss_giou_dn_1: 0.7356 (0.6932)  loss_fgl_dn_1: 1.0693 (1.0843)  loss_ddf_dn_1: 0.0080 (0.0082)  loss_mal_dn_2: 0.7354 (0.7218)  loss_bbox_dn_2: 0.2595 (0.2501)  loss_giou_dn_2: 0.7303 (0.6838)  loss_fgl_dn_2: 1.0728 (1.0848)  loss_mal_dn_pre: 0.7607 (0.7598)  loss_bbox_dn_pre: 0.3229 (0.3090)  loss_giou_dn_pre: 0.8424 (0.8031)
Test:  [ 0/13]  eta: 0:00:36    time: 2.7782  data: 2.4055  max mem: 8243
Test:  [10/13]  eta: 0:00:01    time: 0.5847  data: 0.3245  max mem: 8243
Test:  [12/13]  eta: 0:00:00    time: 0.5225  data: 0.2808  max mem: 8243
Test: Total time: 0:00:06 (0.5301 s / it)
Averaged stats: 
Accumulating evaluation results...
COCOeval_opt.accumulate() finished...
DONE (t=0.29s).
IoU metric: bbox
 Average Precision  (AP) @[ IoU=0.50:0.95 | area=   all | maxDets=100 ] = 0.242
 Average Precision  (AP) @[ IoU=0.50      | area=   all | maxDets=100 ] = 0.517
 Average Precision  (AP) @[ IoU=0.75      | area=   all | maxDets=100 ] = 0.190
 Average Precision  (AP) @[ IoU=0.50:0.95 | area= small | maxDets=100 ] = 0.099
 Average Precision  (AP) @[ IoU=0.50:0.95 | area=medium | maxDets=100 ] = 0.204
 Average Precision  (AP) @[ IoU=0.50:0.95 | area= large | maxDets=100 ] = 0.287
 Average Recall     (AR) @[ IoU=0.50:0.95 | area=   all | maxDets=  1 ] = 0.233
 Average Recall     (AR) @[ IoU=0.50:0.95 | area=   all | maxDets= 10 ] = 0.455
 Average Recall     (AR) @[ IoU=0.50:0.95 | area=   all | maxDets=100 ] = 0.525
 Average Recall     (AR) @[ IoU=0.50:0.95 | area= small | maxDets=100 ] = 0.266
 Average Recall     (AR) @[ IoU=0.50:0.95 | area=medium | maxDets=100 ] = 0.492
 Average Recall     (AR) @[ IoU=0.50:0.95 | area= large | maxDets=100 ] = 0.616
 Average Recall     (AR) @[ IoU=0.50      | area=   all | maxDets=100 ] = 0.937
 Average Recall     (AR) @[ IoU=0.75      | area=   all | maxDets=100 ] = 0.497
best_stat: {'epoch': 43, 'coco_eval_bbox': 0.2421160965295878}
Epoch: [45]  [  0/197]  eta: 0:10:52  lr: 0.000400  loss: 23.7010 (23.7010)  loss_mal: 1.0098 (1.0098)  loss_bbox: 0.2572 (0.2572)  loss_giou: 0.7802 (0.7802)  loss_fgl: 1.0626 (1.0626)  loss_mal_aux_0: 1.0508 (1.0508)  loss_bbox_aux_0: 0.2597 (0.2597)  loss_giou_aux_0: 0.7836 (0.7836)  loss_fgl_aux_0: 1.0853 (1.0853)  loss_ddf_aux_0: 0.0242 (0.0242)  loss_mal_aux_1: 1.0098 (1.0098)  loss_bbox_aux_1: 0.2559 (0.2559)  loss_giou_aux_1: 0.7797 (0.7797)  loss_fgl_aux_1: 1.0626 (1.0626)  loss_ddf_aux_1: 0.0015 (0.0015)  loss_mal_pre: 1.0518 (1.0518)  loss_bbox_pre: 0.2590 (0.2590)  loss_giou_pre: 0.7827 (0.7827)  loss_mal_enc_0: 1.0596 (1.0596)  loss_bbox_enc_0: 0.2740 (0.2740)  loss_giou_enc_0: 0.8199 (0.8199)  loss_mal_dn_0: 0.7651 (0.7651)  loss_bbox_dn_0: 0.2542 (0.2542)  loss_giou_dn_0: 0.7312 (0.7312)  loss_fgl_dn_0: 1.1383 (1.1383)  loss_ddf_dn_0: 0.1154 (0.1154)  loss_mal_dn_1: 0.7183 (0.7183)  loss_bbox_dn_1: 0.2077 (0.2077)  loss_giou_dn_1: 0.6146 (0.6146)  loss_fgl_dn_1: 1.1087 (1.1087)  loss_ddf_dn_1: 0.0069 (0.0069)  loss_mal_dn_2: 0.7061 (0.7061)  loss_bbox_dn_2: 0.2013 (0.2013)  loss_giou_dn_2: 0.6029 (0.6029)  loss_fgl_dn_2: 1.1099 (1.1099)  loss_mal_dn_pre: 0.7656 (0.7656)  loss_bbox_dn_pre: 0.2549 (0.2549)  loss_giou_dn_pre: 0.7299 (0.7299)  time: 3.3101  data: 2.6617  max mem: 8243
Epoch: [45]  [196/197]  eta: 0:00:00  lr: 0.000400  loss: 24.3553 (24.9365)  loss_mal: 1.0498 (1.0470)  loss_bbox: 0.2842 (0.3185)  loss_giou: 0.7626 (0.8668)  loss_fgl: 0.9839 (1.0119)  loss_mal_aux_0: 1.0713 (1.0717)  loss_bbox_aux_0: 0.2952 (0.3247)  loss_giou_aux_0: 0.7772 (0.8821)  loss_fgl_aux_0: 0.9833 (1.0199)  loss_ddf_aux_0: 0.0244 (0.0227)  loss_mal_aux_1: 1.0547 (1.0574)  loss_bbox_aux_1: 0.2855 (0.3192)  loss_giou_aux_1: 0.7634 (0.8686)  loss_fgl_aux_1: 0.9840 (1.0119)  loss_ddf_aux_1: 0.0018 (0.0018)  loss_mal_pre: 1.0713 (1.0725)  loss_bbox_pre: 0.2954 (0.3252)  loss_giou_pre: 0.7770 (0.8808)  loss_mal_enc_0: 1.0654 (1.0829)  loss_bbox_enc_0: 0.3149 (0.3390)  loss_giou_enc_0: 0.8002 (0.9107)  loss_mal_dn_0: 0.7563 (0.7576)  loss_bbox_dn_0: 0.2942 (0.3147)  loss_giou_dn_0: 0.7939 (0.8103)  loss_fgl_dn_0: 1.0660 (1.0898)  loss_ddf_dn_0: 0.1270 (0.1204)  loss_mal_dn_1: 0.7231 (0.7289)  loss_bbox_dn_1: 0.2412 (0.2601)  loss_giou_dn_1: 0.6599 (0.6986)  loss_fgl_dn_1: 1.0586 (1.0821)  loss_ddf_dn_1: 0.0088 (0.0084)  loss_mal_dn_2: 0.7153 (0.7215)  loss_bbox_dn_2: 0.2348 (0.2550)  loss_giou_dn_2: 0.6486 (0.6885)  loss_fgl_dn_2: 1.0618 (1.0829)  loss_mal_dn_pre: 0.7563 (0.7576)  loss_bbox_dn_pre: 0.2953 (0.3154)  loss_giou_dn_pre: 0.7941 (0.8092)  time: 0.5013  data: 0.0469  max mem: 8243
Epoch: [45] Total time: 0:01:42 (0.5221 s / it)
Averaged stats: lr: 0.000400  loss: 24.3553 (24.9365)  loss_mal: 1.0498 (1.0470)  loss_bbox: 0.2842 (0.3185)  loss_giou: 0.7626 (0.8668)  loss_fgl: 0.9839 (1.0119)  loss_mal_aux_0: 1.0713 (1.0717)  loss_bbox_aux_0: 0.2952 (0.3247)  loss_giou_aux_0: 0.7772 (0.8821)  loss_fgl_aux_0: 0.9833 (1.0199)  loss_ddf_aux_0: 0.0244 (0.0227)  loss_mal_aux_1: 1.0547 (1.0574)  loss_bbox_aux_1: 0.2855 (0.3192)  loss_giou_aux_1: 0.7634 (0.8686)  loss_fgl_aux_1: 0.9840 (1.0119)  loss_ddf_aux_1: 0.0018 (0.0018)  loss_mal_pre: 1.0713 (1.0725)  loss_bbox_pre: 0.2954 (0.3252)  loss_giou_pre: 0.7770 (0.8808)  loss_mal_enc_0: 1.0654 (1.0829)  loss_bbox_enc_0: 0.3149 (0.3390)  loss_giou_enc_0: 0.8002 (0.9107)  loss_mal_dn_0: 0.7563 (0.7576)  loss_bbox_dn_0: 0.2942 (0.3147)  loss_giou_dn_0: 0.7939 (0.8103)  loss_fgl_dn_0: 1.0660 (1.0898)  loss_ddf_dn_0: 0.1270 (0.1204)  loss_mal_dn_1: 0.7231 (0.7289)  loss_bbox_dn_1: 0.2412 (0.2601)  loss_giou_dn_1: 0.6599 (0.6986)  loss_fgl_dn_1: 1.0586 (1.0821)  loss_ddf_dn_1: 0.0088 (0.0084)  loss_mal_dn_2: 0.7153 (0.7215)  loss_bbox_dn_2: 0.2348 (0.2550)  loss_giou_dn_2: 0.6486 (0.6885)  loss_fgl_dn_2: 1.0618 (1.0829)  loss_mal_dn_pre: 0.7563 (0.7576)  loss_bbox_dn_pre: 0.2953 (0.3154)  loss_giou_dn_pre: 0.7941 (0.8092)
Test:  [ 0/13]  eta: 0:00:36    time: 2.8072  data: 2.4473  max mem: 8243
Test:  [10/13]  eta: 0:00:01    time: 0.5642  data: 0.2988  max mem: 8243
Test:  [12/13]  eta: 0:00:00    time: 0.5050  data: 0.2591  max mem: 8243
Test: Total time: 0:00:06 (0.5125 s / it)
Averaged stats: 
Accumulating evaluation results...
COCOeval_opt.accumulate() finished...
DONE (t=0.29s).
IoU metric: bbox
 Average Precision  (AP) @[ IoU=0.50:0.95 | area=   all | maxDets=100 ] = 0.243
 Average Precision  (AP) @[ IoU=0.50      | area=   all | maxDets=100 ] = 0.520
 Average Precision  (AP) @[ IoU=0.75      | area=   all | maxDets=100 ] = 0.190
 Average Precision  (AP) @[ IoU=0.50:0.95 | area= small | maxDets=100 ] = 0.099
 Average Precision  (AP) @[ IoU=0.50:0.95 | area=medium | maxDets=100 ] = 0.204
 Average Precision  (AP) @[ IoU=0.50:0.95 | area= large | maxDets=100 ] = 0.288
 Average Recall     (AR) @[ IoU=0.50:0.95 | area=   all | maxDets=  1 ] = 0.234
 Average Recall     (AR) @[ IoU=0.50:0.95 | area=   all | maxDets= 10 ] = 0.454
 Average Recall     (AR) @[ IoU=0.50:0.95 | area=   all | maxDets=100 ] = 0.525
 Average Recall     (AR) @[ IoU=0.50:0.95 | area= small | maxDets=100 ] = 0.266
 Average Recall     (AR) @[ IoU=0.50:0.95 | area=medium | maxDets=100 ] = 0.493
 Average Recall     (AR) @[ IoU=0.50:0.95 | area= large | maxDets=100 ] = 0.616
 Average Recall     (AR) @[ IoU=0.50      | area=   all | maxDets=100 ] = 0.939
 Average Recall     (AR) @[ IoU=0.75      | area=   all | maxDets=100 ] = 0.497
best_stat: {'epoch': 45, 'coco_eval_bbox': 0.24263589213303466}
Epoch: [46]  [  0/197]  eta: 0:11:35  lr: 0.000400  loss: 27.3283 (27.3283)  loss_mal: 1.0430 (1.0430)  loss_bbox: 0.4510 (0.4510)  loss_giou: 1.1436 (1.1436)  loss_fgl: 0.8704 (0.8704)  loss_mal_aux_0: 1.0410 (1.0410)  loss_bbox_aux_0: 0.4572 (0.4572)  loss_giou_aux_0: 1.1657 (1.1657)  loss_fgl_aux_0: 0.8716 (0.8716)  loss_ddf_aux_0: 0.0208 (0.0208)  loss_mal_aux_1: 1.0479 (1.0479)  loss_bbox_aux_1: 0.4485 (0.4485)  loss_giou_aux_1: 1.1511 (1.1511)  loss_fgl_aux_1: 0.8669 (0.8669)  loss_ddf_aux_1: 0.0025 (0.0025)  loss_mal_pre: 1.0410 (1.0410)  loss_bbox_pre: 0.4585 (0.4585)  loss_giou_pre: 1.1668 (1.1668)  loss_mal_enc_0: 1.0352 (1.0352)  loss_bbox_enc_0: 0.4784 (0.4784)  loss_giou_enc_0: 1.1894 (1.1894)  loss_mal_dn_0: 0.7383 (0.7383)  loss_bbox_dn_0: 0.4070 (0.4070)  loss_giou_dn_0: 0.9959 (0.9959)  loss_fgl_dn_0: 1.0040 (1.0040)  loss_ddf_dn_0: 0.1013 (0.1013)  loss_mal_dn_1: 0.7520 (0.7520)  loss_bbox_dn_1: 0.3453 (0.3453)  loss_giou_dn_1: 0.8693 (0.8693)  loss_fgl_dn_1: 1.0267 (1.0267)  loss_ddf_dn_1: 0.0097 (0.0097)  loss_mal_dn_2: 0.7529 (0.7529)  loss_bbox_dn_2: 0.3429 (0.3429)  loss_giou_dn_2: 0.8577 (0.8577)  loss_fgl_dn_2: 1.0301 (1.0301)  loss_mal_dn_pre: 0.7383 (0.7383)  loss_bbox_dn_pre: 0.4107 (0.4107)  loss_giou_dn_pre: 0.9960 (0.9960)  time: 3.5324  data: 2.8174  max mem: 8243
Epoch: [46]  [196/197]  eta: 0:00:00  lr: 0.000400  loss: 23.6119 (24.6705)  loss_mal: 1.0156 (1.0370)  loss_bbox: 0.2375 (0.3067)  loss_giou: 0.7336 (0.8490)  loss_fgl: 1.0789 (1.0211)  loss_mal_aux_0: 1.0488 (1.0672)  loss_bbox_aux_0: 0.2433 (0.3125)  loss_giou_aux_0: 0.7567 (0.8638)  loss_fgl_aux_0: 1.0937 (1.0285)  loss_ddf_aux_0: 0.0220 (0.0210)  loss_mal_aux_1: 1.0156 (1.0505)  loss_bbox_aux_1: 0.2377 (0.3073)  loss_giou_aux_1: 0.7353 (0.8505)  loss_fgl_aux_1: 1.0782 (1.0213)  loss_ddf_aux_1: 0.0021 (0.0017)  loss_mal_pre: 1.0557 (1.0671)  loss_bbox_pre: 0.2441 (0.3130)  loss_giou_pre: 0.7545 (0.8626)  loss_mal_enc_0: 1.0811 (1.0834)  loss_bbox_enc_0: 0.2566 (0.3272)  loss_giou_enc_0: 0.7922 (0.8945)  loss_mal_dn_0: 0.7578 (0.7573)  loss_bbox_dn_0: 0.2591 (0.3011)  loss_giou_dn_0: 0.6945 (0.7900)  loss_fgl_dn_0: 1.1381 (1.0965)  loss_ddf_dn_0: 0.1225 (0.1183)  loss_mal_dn_1: 0.7109 (0.7249)  loss_bbox_dn_1: 0.2056 (0.2484)  loss_giou_dn_1: 0.5901 (0.6807)  loss_fgl_dn_1: 1.1202 (1.0887)  loss_ddf_dn_1: 0.0090 (0.0080)  loss_mal_dn_2: 0.7046 (0.7174)  loss_bbox_dn_2: 0.2044 (0.2439)  loss_giou_dn_2: 0.5804 (0.6720)  loss_fgl_dn_2: 1.1193 (1.0890)  loss_mal_dn_pre: 0.7578 (0.7572)  loss_bbox_dn_pre: 0.2609 (0.3020)  loss_giou_dn_pre: 0.6930 (0.7891)  time: 0.4803  data: 0.0518  max mem: 8243
Epoch: [46] Total time: 0:01:49 (0.5557 s / it)
Averaged stats: lr: 0.000400  loss: 23.6119 (24.6705)  loss_mal: 1.0156 (1.0370)  loss_bbox: 0.2375 (0.3067)  loss_giou: 0.7336 (0.8490)  loss_fgl: 1.0789 (1.0211)  loss_mal_aux_0: 1.0488 (1.0672)  loss_bbox_aux_0: 0.2433 (0.3125)  loss_giou_aux_0: 0.7567 (0.8638)  loss_fgl_aux_0: 1.0937 (1.0285)  loss_ddf_aux_0: 0.0220 (0.0210)  loss_mal_aux_1: 1.0156 (1.0505)  loss_bbox_aux_1: 0.2377 (0.3073)  loss_giou_aux_1: 0.7353 (0.8505)  loss_fgl_aux_1: 1.0782 (1.0213)  loss_ddf_aux_1: 0.0021 (0.0017)  loss_mal_pre: 1.0557 (1.0671)  loss_bbox_pre: 0.2441 (0.3130)  loss_giou_pre: 0.7545 (0.8626)  loss_mal_enc_0: 1.0811 (1.0834)  loss_bbox_enc_0: 0.2566 (0.3272)  loss_giou_enc_0: 0.7922 (0.8945)  loss_mal_dn_0: 0.7578 (0.7573)  loss_bbox_dn_0: 0.2591 (0.3011)  loss_giou_dn_0: 0.6945 (0.7900)  loss_fgl_dn_0: 1.1381 (1.0965)  loss_ddf_dn_0: 0.1225 (0.1183)  loss_mal_dn_1: 0.7109 (0.7249)  loss_bbox_dn_1: 0.2056 (0.2484)  loss_giou_dn_1: 0.5901 (0.6807)  loss_fgl_dn_1: 1.1202 (1.0887)  loss_ddf_dn_1: 0.0090 (0.0080)  loss_mal_dn_2: 0.7046 (0.7174)  loss_bbox_dn_2: 0.2044 (0.2439)  loss_giou_dn_2: 0.5804 (0.6720)  loss_fgl_dn_2: 1.1193 (1.0890)  loss_mal_dn_pre: 0.7578 (0.7572)  loss_bbox_dn_pre: 0.2609 (0.3020)  loss_giou_dn_pre: 0.6930 (0.7891)
Test:  [ 0/13]  eta: 0:00:39    time: 3.0158  data: 2.6548  max mem: 8243
Test:  [10/13]  eta: 0:00:01    time: 0.5801  data: 0.3140  max mem: 8243
Test:  [12/13]  eta: 0:00:00    time: 0.5244  data: 0.2719  max mem: 8243
Test: Total time: 0:00:06 (0.5319 s / it)
Averaged stats: 
Accumulating evaluation results...
COCOeval_opt.accumulate() finished...
DONE (t=0.29s).
IoU metric: bbox
 Average Precision  (AP) @[ IoU=0.50:0.95 | area=   all | maxDets=100 ] = 0.243
 Average Precision  (AP) @[ IoU=0.50      | area=   all | maxDets=100 ] = 0.519
 Average Precision  (AP) @[ IoU=0.75      | area=   all | maxDets=100 ] = 0.191
 Average Precision  (AP) @[ IoU=0.50:0.95 | area= small | maxDets=100 ] = 0.098
 Average Precision  (AP) @[ IoU=0.50:0.95 | area=medium | maxDets=100 ] = 0.204
 Average Precision  (AP) @[ IoU=0.50:0.95 | area= large | maxDets=100 ] = 0.287
 Average Recall     (AR) @[ IoU=0.50:0.95 | area=   all | maxDets=  1 ] = 0.235
 Average Recall     (AR) @[ IoU=0.50:0.95 | area=   all | maxDets= 10 ] = 0.455
 Average Recall     (AR) @[ IoU=0.50:0.95 | area=   all | maxDets=100 ] = 0.524
 Average Recall     (AR) @[ IoU=0.50:0.95 | area= small | maxDets=100 ] = 0.266
 Average Recall     (AR) @[ IoU=0.50:0.95 | area=medium | maxDets=100 ] = 0.492
 Average Recall     (AR) @[ IoU=0.50:0.95 | area= large | maxDets=100 ] = 0.614
 Average Recall     (AR) @[ IoU=0.50      | area=   all | maxDets=100 ] = 0.938
 Average Recall     (AR) @[ IoU=0.75      | area=   all | maxDets=100 ] = 0.497
best_stat: {'epoch': 46, 'coco_eval_bbox': 0.24267335039013585}
Epoch: [47]  [  0/197]  eta: 0:10:35  lr: 0.000400  loss: 27.2506 (27.2506)  loss_mal: 1.2139 (1.2139)  loss_bbox: 0.4171 (0.4171)  loss_giou: 0.9472 (0.9472)  loss_fgl: 0.9849 (0.9849)  loss_mal_aux_0: 1.2119 (1.2119)  loss_bbox_aux_0: 0.4261 (0.4261)  loss_giou_aux_0: 0.9743 (0.9743)  loss_fgl_aux_0: 0.9860 (0.9860)  loss_ddf_aux_0: 0.0209 (0.0209)  loss_mal_aux_1: 1.2070 (1.2070)  loss_bbox_aux_1: 0.4196 (0.4196)  loss_giou_aux_1: 0.9561 (0.9561)  loss_fgl_aux_1: 0.9814 (0.9814)  loss_ddf_aux_1: 0.0016 (0.0016)  loss_mal_pre: 1.2158 (1.2158)  loss_bbox_pre: 0.4272 (0.4272)  loss_giou_pre: 0.9777 (0.9777)  loss_mal_enc_0: 1.2373 (1.2373)  loss_bbox_enc_0: 0.4506 (0.4506)  loss_giou_enc_0: 1.0052 (1.0052)  loss_mal_dn_0: 0.7759 (0.7759)  loss_bbox_dn_0: 0.4013 (0.4013)  loss_giou_dn_0: 0.8874 (0.8874)  loss_fgl_dn_0: 1.0757 (1.0757)  loss_ddf_dn_0: 0.1195 (0.1195)  loss_mal_dn_1: 0.7607 (0.7607)  loss_bbox_dn_1: 0.3336 (0.3336)  loss_giou_dn_1: 0.7728 (0.7728)  loss_fgl_dn_1: 1.0686 (1.0686)  loss_ddf_dn_1: 0.0081 (0.0081)  loss_mal_dn_2: 0.7568 (0.7568)  loss_bbox_dn_2: 0.3267 (0.3267)  loss_giou_dn_2: 0.7605 (0.7605)  loss_fgl_dn_2: 1.0701 (1.0701)  loss_mal_dn_pre: 0.7759 (0.7759)  loss_bbox_dn_pre: 0.4067 (0.4067)  loss_giou_dn_pre: 0.8885 (0.8885)  time: 3.2235  data: 2.6099  max mem: 8243
Epoch: [47]  [196/197]  eta: 0:00:00  lr: 0.000400  loss: 23.9557 (24.8713)  loss_mal: 1.0547 (1.0433)  loss_bbox: 0.2634 (0.3166)  loss_giou: 0.7512 (0.8669)  loss_fgl: 1.0555 (1.0107)  loss_mal_aux_0: 1.0938 (1.0683)  loss_bbox_aux_0: 0.2725 (0.3229)  loss_giou_aux_0: 0.7703 (0.8818)  loss_fgl_aux_0: 1.0680 (1.0182)  loss_ddf_aux_0: 0.0218 (0.0220)  loss_mal_aux_1: 1.0703 (1.0522)  loss_bbox_aux_1: 0.2631 (0.3173)  loss_giou_aux_1: 0.7560 (0.8685)  loss_fgl_aux_1: 1.0568 (1.0106)  loss_ddf_aux_1: 0.0018 (0.0018)  loss_mal_pre: 1.0947 (1.0690)  loss_bbox_pre: 0.2712 (0.3236)  loss_giou_pre: 0.7698 (0.8807)  loss_mal_enc_0: 1.1152 (1.0776)  loss_bbox_enc_0: 0.2957 (0.3372)  loss_giou_enc_0: 0.7945 (0.9116)  loss_mal_dn_0: 0.7642 (0.7586)  loss_bbox_dn_0: 0.2988 (0.3099)  loss_giou_dn_0: 0.7394 (0.8045)  loss_fgl_dn_0: 1.1073 (1.0896)  loss_ddf_dn_0: 0.1085 (0.1192)  loss_mal_dn_1: 0.7202 (0.7291)  loss_bbox_dn_1: 0.2410 (0.2569)  loss_giou_dn_1: 0.6393 (0.6952)  loss_fgl_dn_1: 1.0871 (1.0829)  loss_ddf_dn_1: 0.0082 (0.0085)  loss_mal_dn_2: 0.7119 (0.7218)  loss_bbox_dn_2: 0.2404 (0.2519)  loss_giou_dn_2: 0.6266 (0.6853)  loss_fgl_dn_2: 1.0879 (1.0835)  loss_mal_dn_pre: 0.7642 (0.7585)  loss_bbox_dn_pre: 0.2990 (0.3111)  loss_giou_dn_pre: 0.7396 (0.8039)  time: 0.4752  data: 0.0467  max mem: 8243
Epoch: [47] Total time: 0:01:48 (0.5497 s / it)
Averaged stats: lr: 0.000400  loss: 23.9557 (24.8713)  loss_mal: 1.0547 (1.0433)  loss_bbox: 0.2634 (0.3166)  loss_giou: 0.7512 (0.8669)  loss_fgl: 1.0555 (1.0107)  loss_mal_aux_0: 1.0938 (1.0683)  loss_bbox_aux_0: 0.2725 (0.3229)  loss_giou_aux_0: 0.7703 (0.8818)  loss_fgl_aux_0: 1.0680 (1.0182)  loss_ddf_aux_0: 0.0218 (0.0220)  loss_mal_aux_1: 1.0703 (1.0522)  loss_bbox_aux_1: 0.2631 (0.3173)  loss_giou_aux_1: 0.7560 (0.8685)  loss_fgl_aux_1: 1.0568 (1.0106)  loss_ddf_aux_1: 0.0018 (0.0018)  loss_mal_pre: 1.0947 (1.0690)  loss_bbox_pre: 0.2712 (0.3236)  loss_giou_pre: 0.7698 (0.8807)  loss_mal_enc_0: 1.1152 (1.0776)  loss_bbox_enc_0: 0.2957 (0.3372)  loss_giou_enc_0: 0.7945 (0.9116)  loss_mal_dn_0: 0.7642 (0.7586)  loss_bbox_dn_0: 0.2988 (0.3099)  loss_giou_dn_0: 0.7394 (0.8045)  loss_fgl_dn_0: 1.1073 (1.0896)  loss_ddf_dn_0: 0.1085 (0.1192)  loss_mal_dn_1: 0.7202 (0.7291)  loss_bbox_dn_1: 0.2410 (0.2569)  loss_giou_dn_1: 0.6393 (0.6952)  loss_fgl_dn_1: 1.0871 (1.0829)  loss_ddf_dn_1: 0.0082 (0.0085)  loss_mal_dn_2: 0.7119 (0.7218)  loss_bbox_dn_2: 0.2404 (0.2519)  loss_giou_dn_2: 0.6266 (0.6853)  loss_fgl_dn_2: 1.0879 (1.0835)  loss_mal_dn_pre: 0.7642 (0.7585)  loss_bbox_dn_pre: 0.2990 (0.3111)  loss_giou_dn_pre: 0.7396 (0.8039)
Test:  [ 0/13]  eta: 0:00:36    time: 2.8239  data: 2.4337  max mem: 8243
Test:  [10/13]  eta: 0:00:01    time: 0.5796  data: 0.3092  max mem: 8243
Test:  [12/13]  eta: 0:00:00    time: 0.5244  data: 0.2679  max mem: 8243
Test: Total time: 0:00:06 (0.5317 s / it)
Averaged stats: 
Accumulating evaluation results...
COCOeval_opt.accumulate() finished...
DONE (t=0.30s).
IoU metric: bbox
 Average Precision  (AP) @[ IoU=0.50:0.95 | area=   all | maxDets=100 ] = 0.243
 Average Precision  (AP) @[ IoU=0.50      | area=   all | maxDets=100 ] = 0.520
 Average Precision  (AP) @[ IoU=0.75      | area=   all | maxDets=100 ] = 0.190
 Average Precision  (AP) @[ IoU=0.50:0.95 | area= small | maxDets=100 ] = 0.097
 Average Precision  (AP) @[ IoU=0.50:0.95 | area=medium | maxDets=100 ] = 0.204
 Average Precision  (AP) @[ IoU=0.50:0.95 | area= large | maxDets=100 ] = 0.287
 Average Recall     (AR) @[ IoU=0.50:0.95 | area=   all | maxDets=  1 ] = 0.235
 Average Recall     (AR) @[ IoU=0.50:0.95 | area=   all | maxDets= 10 ] = 0.454
 Average Recall     (AR) @[ IoU=0.50:0.95 | area=   all | maxDets=100 ] = 0.523
 Average Recall     (AR) @[ IoU=0.50:0.95 | area= small | maxDets=100 ] = 0.263
 Average Recall     (AR) @[ IoU=0.50:0.95 | area=medium | maxDets=100 ] = 0.493
 Average Recall     (AR) @[ IoU=0.50:0.95 | area= large | maxDets=100 ] = 0.613
 Average Recall     (AR) @[ IoU=0.50      | area=   all | maxDets=100 ] = 0.939
 Average Recall     (AR) @[ IoU=0.75      | area=   all | maxDets=100 ] = 0.496
best_stat: {'epoch': 46, 'coco_eval_bbox': 0.24267335039013585}
Epoch: [48]  [  0/197]  eta: 0:11:21  lr: 0.000400  loss: 23.0542 (23.0542)  loss_mal: 0.9771 (0.9771)  loss_bbox: 0.2261 (0.2261)  loss_giou: 0.7781 (0.7781)  loss_fgl: 1.0396 (1.0396)  loss_mal_aux_0: 1.0264 (1.0264)  loss_bbox_aux_0: 0.2360 (0.2360)  loss_giou_aux_0: 0.7937 (0.7937)  loss_fgl_aux_0: 1.0496 (1.0496)  loss_ddf_aux_0: 0.0232 (0.0232)  loss_mal_aux_1: 1.0020 (1.0020)  loss_bbox_aux_1: 0.2277 (0.2277)  loss_giou_aux_1: 0.7801 (0.7801)  loss_fgl_aux_1: 1.0403 (1.0403)  loss_ddf_aux_1: 0.0018 (0.0018)  loss_mal_pre: 1.0215 (1.0215)  loss_bbox_pre: 0.2362 (0.2362)  loss_giou_pre: 0.7925 (0.7925)  loss_mal_enc_0: 1.0488 (1.0488)  loss_bbox_enc_0: 0.2580 (0.2580)  loss_giou_enc_0: 0.8426 (0.8426)  loss_mal_dn_0: 0.7808 (0.7808)  loss_bbox_dn_0: 0.1907 (0.1907)  loss_giou_dn_0: 0.6617 (0.6617)  loss_fgl_dn_0: 1.1448 (1.1448)  loss_ddf_dn_0: 0.1223 (0.1223)  loss_mal_dn_1: 0.7339 (0.7339)  loss_bbox_dn_1: 0.1528 (0.1528)  loss_giou_dn_1: 0.5664 (0.5664)  loss_fgl_dn_1: 1.1125 (1.1125)  loss_ddf_dn_1: 0.0055 (0.0055)  loss_mal_dn_2: 0.7295 (0.7295)  loss_bbox_dn_2: 0.1490 (0.1490)  loss_giou_dn_2: 0.5580 (0.5580)  loss_fgl_dn_2: 1.1126 (1.1126)  loss_mal_dn_pre: 0.7798 (0.7798)  loss_bbox_dn_pre: 0.1915 (0.1915)  loss_giou_dn_pre: 0.6614 (0.6614)  time: 3.4589  data: 2.6870  max mem: 8243
Epoch: [48]  [196/197]  eta: 0:00:00  lr: 0.000400  loss: 24.0768 (24.8303)  loss_mal: 1.0283 (1.0513)  loss_bbox: 0.2680 (0.3115)  loss_giou: 0.7614 (0.8528)  loss_fgl: 1.0168 (1.0168)  loss_mal_aux_0: 1.0596 (1.0790)  loss_bbox_aux_0: 0.2691 (0.3180)  loss_giou_aux_0: 0.7744 (0.8688)  loss_fgl_aux_0: 1.0259 (1.0250)  loss_ddf_aux_0: 0.0216 (0.0235)  loss_mal_aux_1: 1.0566 (1.0596)  loss_bbox_aux_1: 0.2694 (0.3122)  loss_giou_aux_1: 0.7593 (0.8544)  loss_fgl_aux_1: 1.0166 (1.0170)  loss_ddf_aux_1: 0.0017 (0.0018)  loss_mal_pre: 1.0596 (1.0789)  loss_bbox_pre: 0.2677 (0.3186)  loss_giou_pre: 0.7717 (0.8674)  loss_mal_enc_0: 1.0859 (1.0893)  loss_bbox_enc_0: 0.2922 (0.3331)  loss_giou_enc_0: 0.8020 (0.8991)  loss_mal_dn_0: 0.7559 (0.7593)  loss_bbox_dn_0: 0.2974 (0.3106)  loss_giou_dn_0: 0.7328 (0.7988)  loss_fgl_dn_0: 1.1188 (1.0928)  loss_ddf_dn_0: 0.1109 (0.1216)  loss_mal_dn_1: 0.7178 (0.7282)  loss_bbox_dn_1: 0.2461 (0.2568)  loss_giou_dn_1: 0.6108 (0.6877)  loss_fgl_dn_1: 1.1097 (1.0842)  loss_ddf_dn_1: 0.0080 (0.0086)  loss_mal_dn_2: 0.7061 (0.7205)  loss_bbox_dn_2: 0.2399 (0.2516)  loss_giou_dn_2: 0.5983 (0.6783)  loss_fgl_dn_2: 1.1076 (1.0846)  loss_mal_dn_pre: 0.7559 (0.7591)  loss_bbox_dn_pre: 0.3020 (0.3116)  loss_giou_dn_pre: 0.7317 (0.7979)  time: 0.5088  data: 0.0507  max mem: 8243
Epoch: [48] Total time: 0:01:49 (0.5549 s / it)
Averaged stats: lr: 0.000400  loss: 24.0768 (24.8303)  loss_mal: 1.0283 (1.0513)  loss_bbox: 0.2680 (0.3115)  loss_giou: 0.7614 (0.8528)  loss_fgl: 1.0168 (1.0168)  loss_mal_aux_0: 1.0596 (1.0790)  loss_bbox_aux_0: 0.2691 (0.3180)  loss_giou_aux_0: 0.7744 (0.8688)  loss_fgl_aux_0: 1.0259 (1.0250)  loss_ddf_aux_0: 0.0216 (0.0235)  loss_mal_aux_1: 1.0566 (1.0596)  loss_bbox_aux_1: 0.2694 (0.3122)  loss_giou_aux_1: 0.7593 (0.8544)  loss_fgl_aux_1: 1.0166 (1.0170)  loss_ddf_aux_1: 0.0017 (0.0018)  loss_mal_pre: 1.0596 (1.0789)  loss_bbox_pre: 0.2677 (0.3186)  loss_giou_pre: 0.7717 (0.8674)  loss_mal_enc_0: 1.0859 (1.0893)  loss_bbox_enc_0: 0.2922 (0.3331)  loss_giou_enc_0: 0.8020 (0.8991)  loss_mal_dn_0: 0.7559 (0.7593)  loss_bbox_dn_0: 0.2974 (0.3106)  loss_giou_dn_0: 0.7328 (0.7988)  loss_fgl_dn_0: 1.1188 (1.0928)  loss_ddf_dn_0: 0.1109 (0.1216)  loss_mal_dn_1: 0.7178 (0.7282)  loss_bbox_dn_1: 0.2461 (0.2568)  loss_giou_dn_1: 0.6108 (0.6877)  loss_fgl_dn_1: 1.1097 (1.0842)  loss_ddf_dn_1: 0.0080 (0.0086)  loss_mal_dn_2: 0.7061 (0.7205)  loss_bbox_dn_2: 0.2399 (0.2516)  loss_giou_dn_2: 0.5983 (0.6783)  loss_fgl_dn_2: 1.1076 (1.0846)  loss_mal_dn_pre: 0.7559 (0.7591)  loss_bbox_dn_pre: 0.3020 (0.3116)  loss_giou_dn_pre: 0.7317 (0.7979)
Test:  [ 0/13]  eta: 0:00:37    time: 2.8808  data: 2.5325  max mem: 8243
Test:  [10/13]  eta: 0:00:01    time: 0.5636  data: 0.2980  max mem: 8243
Test:  [12/13]  eta: 0:00:00    time: 0.5125  data: 0.2658  max mem: 8243
Test: Total time: 0:00:06 (0.5188 s / it)
Averaged stats: 
Accumulating evaluation results...
COCOeval_opt.accumulate() finished...
DONE (t=0.31s).
IoU metric: bbox
 Average Precision  (AP) @[ IoU=0.50:0.95 | area=   all | maxDets=100 ] = 0.243
 Average Precision  (AP) @[ IoU=0.50      | area=   all | maxDets=100 ] = 0.520
 Average Precision  (AP) @[ IoU=0.75      | area=   all | maxDets=100 ] = 0.191
 Average Precision  (AP) @[ IoU=0.50:0.95 | area= small | maxDets=100 ] = 0.100
 Average Precision  (AP) @[ IoU=0.50:0.95 | area=medium | maxDets=100 ] = 0.204
 Average Precision  (AP) @[ IoU=0.50:0.95 | area= large | maxDets=100 ] = 0.290
 Average Recall     (AR) @[ IoU=0.50:0.95 | area=   all | maxDets=  1 ] = 0.235
 Average Recall     (AR) @[ IoU=0.50:0.95 | area=   all | maxDets= 10 ] = 0.456
 Average Recall     (AR) @[ IoU=0.50:0.95 | area=   all | maxDets=100 ] = 0.523
 Average Recall     (AR) @[ IoU=0.50:0.95 | area= small | maxDets=100 ] = 0.266
 Average Recall     (AR) @[ IoU=0.50:0.95 | area=medium | maxDets=100 ] = 0.492
 Average Recall     (AR) @[ IoU=0.50:0.95 | area= large | maxDets=100 ] = 0.614
 Average Recall     (AR) @[ IoU=0.50      | area=   all | maxDets=100 ] = 0.940
 Average Recall     (AR) @[ IoU=0.75      | area=   all | maxDets=100 ] = 0.498
best_stat: {'epoch': 48, 'coco_eval_bbox': 0.24331743584217094}
Epoch: [49]  [  0/197]  eta: 0:11:38  lr: 0.000400  loss: 26.2675 (26.2675)  loss_mal: 1.1084 (1.1084)  loss_bbox: 0.3773 (0.3773)  loss_giou: 0.9587 (0.9587)  loss_fgl: 0.9811 (0.9811)  loss_mal_aux_0: 1.1230 (1.1230)  loss_bbox_aux_0: 0.3776 (0.3776)  loss_giou_aux_0: 0.9776 (0.9776)  loss_fgl_aux_0: 0.9815 (0.9815)  loss_ddf_aux_0: 0.0225 (0.0225)  loss_mal_aux_1: 1.1201 (1.1201)  loss_bbox_aux_1: 0.3760 (0.3760)  loss_giou_aux_1: 0.9599 (0.9599)  loss_fgl_aux_1: 0.9802 (0.9802)  loss_ddf_aux_1: 0.0018 (0.0018)  loss_mal_pre: 1.1230 (1.1230)  loss_bbox_pre: 0.3785 (0.3785)  loss_giou_pre: 0.9735 (0.9735)  loss_mal_enc_0: 1.1084 (1.1084)  loss_bbox_enc_0: 0.3846 (0.3846)  loss_giou_enc_0: 0.9986 (0.9986)  loss_mal_dn_0: 0.7573 (0.7573)  loss_bbox_dn_0: 0.3604 (0.3604)  loss_giou_dn_0: 0.8927 (0.8927)  loss_fgl_dn_0: 1.0571 (1.0571)  loss_ddf_dn_0: 0.0992 (0.0992)  loss_mal_dn_1: 0.7466 (0.7466)  loss_bbox_dn_1: 0.3051 (0.3051)  loss_giou_dn_1: 0.7785 (0.7785)  loss_fgl_dn_1: 1.0636 (1.0636)  loss_ddf_dn_1: 0.0073 (0.0073)  loss_mal_dn_2: 0.7407 (0.7407)  loss_bbox_dn_2: 0.3023 (0.3023)  loss_giou_dn_2: 0.7708 (0.7708)  loss_fgl_dn_2: 1.0649 (1.0649)  loss_mal_dn_pre: 0.7573 (0.7573)  loss_bbox_dn_pre: 0.3602 (0.3602)  loss_giou_dn_pre: 0.8909 (0.8909)  time: 3.5477  data: 2.9095  max mem: 8243
Epoch: [49]  [196/197]  eta: 0:00:00  lr: 0.000400  loss: 23.5383 (24.6450)  loss_mal: 1.0361 (1.0562)  loss_bbox: 0.2474 (0.2978)  loss_giou: 0.7358 (0.8374)  loss_fgl: 1.0624 (1.0263)  loss_mal_aux_0: 1.0527 (1.0790)  loss_bbox_aux_0: 0.2625 (0.3033)  loss_giou_aux_0: 0.7547 (0.8528)  loss_fgl_aux_0: 1.0747 (1.0338)  loss_ddf_aux_0: 0.0210 (0.0217)  loss_mal_aux_1: 1.0576 (1.0649)  loss_bbox_aux_1: 0.2504 (0.2983)  loss_giou_aux_1: 0.7385 (0.8390)  loss_fgl_aux_1: 1.0624 (1.0263)  loss_ddf_aux_1: 0.0016 (0.0017)  loss_mal_pre: 1.0527 (1.0795)  loss_bbox_pre: 0.2628 (0.3037)  loss_giou_pre: 0.7571 (0.8517)  loss_mal_enc_0: 1.0898 (1.0875)  loss_bbox_enc_0: 0.2717 (0.3171)  loss_giou_enc_0: 0.7945 (0.8830)  loss_mal_dn_0: 0.7617 (0.7596)  loss_bbox_dn_0: 0.2584 (0.2998)  loss_giou_dn_0: 0.7088 (0.7895)  loss_fgl_dn_0: 1.1320 (1.0978)  loss_ddf_dn_0: 0.1221 (0.1192)  loss_mal_dn_1: 0.7212 (0.7277)  loss_bbox_dn_1: 0.2106 (0.2463)  loss_giou_dn_1: 0.5899 (0.6789)  loss_fgl_dn_1: 1.1041 (1.0887)  loss_ddf_dn_1: 0.0073 (0.0082)  loss_mal_dn_2: 0.7134 (0.7199)  loss_bbox_dn_2: 0.2055 (0.2413)  loss_giou_dn_2: 0.5808 (0.6693)  loss_fgl_dn_2: 1.1072 (1.0892)  loss_mal_dn_pre: 0.7622 (0.7595)  loss_bbox_dn_pre: 0.2576 (0.3006)  loss_giou_dn_pre: 0.7104 (0.7886)  time: 0.4867  data: 0.0448  max mem: 8243
Epoch: [49] Total time: 0:01:45 (0.5355 s / it)
Averaged stats: lr: 0.000400  loss: 23.5383 (24.6450)  loss_mal: 1.0361 (1.0562)  loss_bbox: 0.2474 (0.2978)  loss_giou: 0.7358 (0.8374)  loss_fgl: 1.0624 (1.0263)  loss_mal_aux_0: 1.0527 (1.0790)  loss_bbox_aux_0: 0.2625 (0.3033)  loss_giou_aux_0: 0.7547 (0.8528)  loss_fgl_aux_0: 1.0747 (1.0338)  loss_ddf_aux_0: 0.0210 (0.0217)  loss_mal_aux_1: 1.0576 (1.0649)  loss_bbox_aux_1: 0.2504 (0.2983)  loss_giou_aux_1: 0.7385 (0.8390)  loss_fgl_aux_1: 1.0624 (1.0263)  loss_ddf_aux_1: 0.0016 (0.0017)  loss_mal_pre: 1.0527 (1.0795)  loss_bbox_pre: 0.2628 (0.3037)  loss_giou_pre: 0.7571 (0.8517)  loss_mal_enc_0: 1.0898 (1.0875)  loss_bbox_enc_0: 0.2717 (0.3171)  loss_giou_enc_0: 0.7945 (0.8830)  loss_mal_dn_0: 0.7617 (0.7596)  loss_bbox_dn_0: 0.2584 (0.2998)  loss_giou_dn_0: 0.7088 (0.7895)  loss_fgl_dn_0: 1.1320 (1.0978)  loss_ddf_dn_0: 0.1221 (0.1192)  loss_mal_dn_1: 0.7212 (0.7277)  loss_bbox_dn_1: 0.2106 (0.2463)  loss_giou_dn_1: 0.5899 (0.6789)  loss_fgl_dn_1: 1.1041 (1.0887)  loss_ddf_dn_1: 0.0073 (0.0082)  loss_mal_dn_2: 0.7134 (0.7199)  loss_bbox_dn_2: 0.2055 (0.2413)  loss_giou_dn_2: 0.5808 (0.6693)  loss_fgl_dn_2: 1.1072 (1.0892)  loss_mal_dn_pre: 0.7622 (0.7595)  loss_bbox_dn_pre: 0.2576 (0.3006)  loss_giou_dn_pre: 0.7104 (0.7886)
Test:  [ 0/13]  eta: 0:00:41    time: 3.2240  data: 2.8664  max mem: 8243
Test:  [10/13]  eta: 0:00:01    time: 0.6139  data: 0.3489  max mem: 8243
Test:  [12/13]  eta: 0:00:00    time: 0.5472  data: 0.3014  max mem: 8243
Test: Total time: 0:00:07 (0.5528 s / it)
Averaged stats: 
Accumulating evaluation results...
COCOeval_opt.accumulate() finished...
DONE (t=0.29s).
IoU metric: bbox
 Average Precision  (AP) @[ IoU=0.50:0.95 | area=   all | maxDets=100 ] = 0.244
 Average Precision  (AP) @[ IoU=0.50      | area=   all | maxDets=100 ] = 0.519
 Average Precision  (AP) @[ IoU=0.75      | area=   all | maxDets=100 ] = 0.191
 Average Precision  (AP) @[ IoU=0.50:0.95 | area= small | maxDets=100 ] = 0.099
 Average Precision  (AP) @[ IoU=0.50:0.95 | area=medium | maxDets=100 ] = 0.205
 Average Precision  (AP) @[ IoU=0.50:0.95 | area= large | maxDets=100 ] = 0.291
 Average Recall     (AR) @[ IoU=0.50:0.95 | area=   all | maxDets=  1 ] = 0.235
 Average Recall     (AR) @[ IoU=0.50:0.95 | area=   all | maxDets= 10 ] = 0.455
 Average Recall     (AR) @[ IoU=0.50:0.95 | area=   all | maxDets=100 ] = 0.524
 Average Recall     (AR) @[ IoU=0.50:0.95 | area= small | maxDets=100 ] = 0.264
 Average Recall     (AR) @[ IoU=0.50:0.95 | area=medium | maxDets=100 ] = 0.494
 Average Recall     (AR) @[ IoU=0.50:0.95 | area= large | maxDets=100 ] = 0.616
 Average Recall     (AR) @[ IoU=0.50      | area=   all | maxDets=100 ] = 0.937
 Average Recall     (AR) @[ IoU=0.75      | area=   all | maxDets=100 ] = 0.498
best_stat: {'epoch': 49, 'coco_eval_bbox': 0.244104916256252}
Epoch: [50]  [  0/197]  eta: 0:11:29  lr: 0.000400  loss: 26.5912 (26.5912)  loss_mal: 0.9961 (0.9961)  loss_bbox: 0.4176 (0.4176)  loss_giou: 1.1152 (1.1152)  loss_fgl: 0.8769 (0.8769)  loss_mal_aux_0: 1.0146 (1.0146)  loss_bbox_aux_0: 0.4216 (0.4216)  loss_giou_aux_0: 1.1344 (1.1344)  loss_fgl_aux_0: 0.8776 (0.8776)  loss_ddf_aux_0: 0.0166 (0.0166)  loss_mal_aux_1: 0.9897 (0.9897)  loss_bbox_aux_1: 0.4145 (0.4145)  loss_giou_aux_1: 1.1176 (1.1176)  loss_fgl_aux_1: 0.8759 (0.8759)  loss_ddf_aux_1: 0.0015 (0.0015)  loss_mal_pre: 1.0166 (1.0166)  loss_bbox_pre: 0.4227 (0.4227)  loss_giou_pre: 1.1357 (1.1357)  loss_mal_enc_0: 0.9824 (0.9824)  loss_bbox_enc_0: 0.4328 (0.4328)  loss_giou_enc_0: 1.1562 (1.1562)  loss_mal_dn_0: 0.7554 (0.7554)  loss_bbox_dn_0: 0.3532 (0.3532)  loss_giou_dn_0: 0.9660 (0.9660)  loss_fgl_dn_0: 1.0251 (1.0251)  loss_ddf_dn_0: 0.0860 (0.0860)  loss_mal_dn_1: 0.7544 (0.7544)  loss_bbox_dn_1: 0.3091 (0.3091)  loss_giou_dn_1: 0.8583 (0.8583)  loss_fgl_dn_1: 1.0376 (1.0376)  loss_ddf_dn_1: 0.0065 (0.0065)  loss_mal_dn_2: 0.7529 (0.7529)  loss_bbox_dn_2: 0.3065 (0.3065)  loss_giou_dn_2: 0.8464 (0.8464)  loss_fgl_dn_2: 1.0418 (1.0418)  loss_mal_dn_pre: 0.7554 (0.7554)  loss_bbox_dn_pre: 0.3544 (0.3544)  loss_giou_dn_pre: 0.9660 (0.9660)  time: 3.4978  data: 2.8026  max mem: 8243
Epoch: [50]  [196/197]  eta: 0:00:00  lr: 0.000400  loss: 25.3970 (24.6817)  loss_mal: 1.0488 (1.0397)  loss_bbox: 0.3306 (0.3060)  loss_giou: 0.8772 (0.8559)  loss_fgl: 0.9807 (1.0159)  loss_mal_aux_0: 1.0830 (1.0677)  loss_bbox_aux_0: 0.3357 (0.3119)  loss_giou_aux_0: 0.8983 (0.8708)  loss_fgl_aux_0: 0.9871 (1.0235)  loss_ddf_aux_0: 0.0218 (0.0215)  loss_mal_aux_1: 1.0703 (1.0478)  loss_bbox_aux_1: 0.3304 (0.3066)  loss_giou_aux_1: 0.8796 (0.8577)  loss_fgl_aux_1: 0.9803 (1.0161)  loss_ddf_aux_1: 0.0023 (0.0018)  loss_mal_pre: 1.0840 (1.0677)  loss_bbox_pre: 0.3334 (0.3124)  loss_giou_pre: 0.9004 (0.8697)  loss_mal_enc_0: 1.0879 (1.0753)  loss_bbox_enc_0: 0.3433 (0.3256)  loss_giou_enc_0: 0.9251 (0.9013)  loss_mal_dn_0: 0.7568 (0.7576)  loss_bbox_dn_0: 0.3040 (0.2988)  loss_giou_dn_0: 0.8522 (0.7944)  loss_fgl_dn_0: 1.0762 (1.0948)  loss_ddf_dn_0: 0.1202 (0.1205)  loss_mal_dn_1: 0.7305 (0.7263)  loss_bbox_dn_1: 0.2414 (0.2454)  loss_giou_dn_1: 0.7432 (0.6833)  loss_fgl_dn_1: 1.0769 (1.0866)  loss_ddf_dn_1: 0.0090 (0.0085)  loss_mal_dn_2: 0.7241 (0.7186)  loss_bbox_dn_2: 0.2352 (0.2405)  loss_giou_dn_2: 0.7298 (0.6735)  loss_fgl_dn_2: 1.0783 (1.0870)  loss_mal_dn_pre: 0.7563 (0.7575)  loss_bbox_dn_pre: 0.3046 (0.2996)  loss_giou_dn_pre: 0.8515 (0.7935)  time: 0.4788  data: 0.0493  max mem: 8243
Epoch: [50] Total time: 0:01:45 (0.5364 s / it)
Averaged stats: lr: 0.000400  loss: 25.3970 (24.6817)  loss_mal: 1.0488 (1.0397)  loss_bbox: 0.3306 (0.3060)  loss_giou: 0.8772 (0.8559)  loss_fgl: 0.9807 (1.0159)  loss_mal_aux_0: 1.0830 (1.0677)  loss_bbox_aux_0: 0.3357 (0.3119)  loss_giou_aux_0: 0.8983 (0.8708)  loss_fgl_aux_0: 0.9871 (1.0235)  loss_ddf_aux_0: 0.0218 (0.0215)  loss_mal_aux_1: 1.0703 (1.0478)  loss_bbox_aux_1: 0.3304 (0.3066)  loss_giou_aux_1: 0.8796 (0.8577)  loss_fgl_aux_1: 0.9803 (1.0161)  loss_ddf_aux_1: 0.0023 (0.0018)  loss_mal_pre: 1.0840 (1.0677)  loss_bbox_pre: 0.3334 (0.3124)  loss_giou_pre: 0.9004 (0.8697)  loss_mal_enc_0: 1.0879 (1.0753)  loss_bbox_enc_0: 0.3433 (0.3256)  loss_giou_enc_0: 0.9251 (0.9013)  loss_mal_dn_0: 0.7568 (0.7576)  loss_bbox_dn_0: 0.3040 (0.2988)  loss_giou_dn_0: 0.8522 (0.7944)  loss_fgl_dn_0: 1.0762 (1.0948)  loss_ddf_dn_0: 0.1202 (0.1205)  loss_mal_dn_1: 0.7305 (0.7263)  loss_bbox_dn_1: 0.2414 (0.2454)  loss_giou_dn_1: 0.7432 (0.6833)  loss_fgl_dn_1: 1.0769 (1.0866)  loss_ddf_dn_1: 0.0090 (0.0085)  loss_mal_dn_2: 0.7241 (0.7186)  loss_bbox_dn_2: 0.2352 (0.2405)  loss_giou_dn_2: 0.7298 (0.6735)  loss_fgl_dn_2: 1.0783 (1.0870)  loss_mal_dn_pre: 0.7563 (0.7575)  loss_bbox_dn_pre: 0.3046 (0.2996)  loss_giou_dn_pre: 0.8515 (0.7935)
Test:  [ 0/13]  eta: 0:00:36    time: 2.8412  data: 2.4789  max mem: 8243
Test:  [10/13]  eta: 0:00:01    time: 0.5763  data: 0.3034  max mem: 8243
Test:  [12/13]  eta: 0:00:00    time: 0.5153  data: 0.2629  max mem: 8243
Test: Total time: 0:00:06 (0.5226 s / it)
Averaged stats: 
Accumulating evaluation results...
COCOeval_opt.accumulate() finished...
DONE (t=0.30s).
IoU metric: bbox
 Average Precision  (AP) @[ IoU=0.50:0.95 | area=   all | maxDets=100 ] = 0.244
 Average Precision  (AP) @[ IoU=0.50      | area=   all | maxDets=100 ] = 0.518
 Average Precision  (AP) @[ IoU=0.75      | area=   all | maxDets=100 ] = 0.190
 Average Precision  (AP) @[ IoU=0.50:0.95 | area= small | maxDets=100 ] = 0.099
 Average Precision  (AP) @[ IoU=0.50:0.95 | area=medium | maxDets=100 ] = 0.204
 Average Precision  (AP) @[ IoU=0.50:0.95 | area= large | maxDets=100 ] = 0.290
 Average Recall     (AR) @[ IoU=0.50:0.95 | area=   all | maxDets=  1 ] = 0.235
 Average Recall     (AR) @[ IoU=0.50:0.95 | area=   all | maxDets= 10 ] = 0.456
 Average Recall     (AR) @[ IoU=0.50:0.95 | area=   all | maxDets=100 ] = 0.523
 Average Recall     (AR) @[ IoU=0.50:0.95 | area= small | maxDets=100 ] = 0.264
 Average Recall     (AR) @[ IoU=0.50:0.95 | area=medium | maxDets=100 ] = 0.493
 Average Recall     (AR) @[ IoU=0.50:0.95 | area= large | maxDets=100 ] = 0.615
 Average Recall     (AR) @[ IoU=0.50      | area=   all | maxDets=100 ] = 0.938
 Average Recall     (AR) @[ IoU=0.75      | area=   all | maxDets=100 ] = 0.497
best_stat: {'epoch': 49, 'coco_eval_bbox': 0.244104916256252}
Epoch: [51]  [  0/197]  eta: 0:09:56  lr: 0.000400  loss: 23.0447 (23.0447)  loss_mal: 1.0518 (1.0518)  loss_bbox: 0.2333 (0.2333)  loss_giou: 0.6805 (0.6805)  loss_fgl: 1.0872 (1.0872)  loss_mal_aux_0: 1.0596 (1.0596)  loss_bbox_aux_0: 0.2376 (0.2376)  loss_giou_aux_0: 0.7098 (0.7098)  loss_fgl_aux_0: 1.0987 (1.0987)  loss_ddf_aux_0: 0.0320 (0.0320)  loss_mal_aux_1: 1.0488 (1.0488)  loss_bbox_aux_1: 0.2333 (0.2333)  loss_giou_aux_1: 0.6809 (0.6809)  loss_fgl_aux_1: 1.0867 (1.0867)  loss_ddf_aux_1: 0.0029 (0.0029)  loss_mal_pre: 1.0576 (1.0576)  loss_bbox_pre: 0.2382 (0.2382)  loss_giou_pre: 0.7093 (0.7093)  loss_mal_enc_0: 1.0752 (1.0752)  loss_bbox_enc_0: 0.2491 (0.2491)  loss_giou_enc_0: 0.7454 (0.7454)  loss_mal_dn_0: 0.7710 (0.7710)  loss_bbox_dn_0: 0.2433 (0.2433)  loss_giou_dn_0: 0.6579 (0.6579)  loss_fgl_dn_0: 1.1388 (1.1388)  loss_ddf_dn_0: 0.1519 (0.1519)  loss_mal_dn_1: 0.7046 (0.7046)  loss_bbox_dn_1: 0.1908 (0.1908)  loss_giou_dn_1: 0.5451 (0.5451)  loss_fgl_dn_1: 1.1134 (1.1134)  loss_ddf_dn_1: 0.0090 (0.0090)  loss_mal_dn_2: 0.6919 (0.6919)  loss_bbox_dn_2: 0.1860 (0.1860)  loss_giou_dn_2: 0.5387 (0.5387)  loss_fgl_dn_2: 1.1122 (1.1122)  loss_mal_dn_pre: 0.7710 (0.7710)  loss_bbox_dn_pre: 0.2442 (0.2442)  loss_giou_dn_pre: 0.6569 (0.6569)  time: 3.0287  data: 2.3745  max mem: 8243
Epoch: [51]  [196/197]  eta: 0:00:00  lr: 0.000400  loss: 24.4906 (24.7911)  loss_mal: 1.0615 (1.0406)  loss_bbox: 0.2600 (0.3138)  loss_giou: 0.7913 (0.8555)  loss_fgl: 1.0122 (1.0174)  loss_mal_aux_0: 1.0771 (1.0668)  loss_bbox_aux_0: 0.2646 (0.3200)  loss_giou_aux_0: 0.8048 (0.8707)  loss_fgl_aux_0: 1.0146 (1.0257)  loss_ddf_aux_0: 0.0243 (0.0238)  loss_mal_aux_1: 1.0713 (1.0533)  loss_bbox_aux_1: 0.2615 (0.3145)  loss_giou_aux_1: 0.7964 (0.8570)  loss_fgl_aux_1: 1.0106 (1.0177)  loss_ddf_aux_1: 0.0020 (0.0020)  loss_mal_pre: 1.0752 (1.0668)  loss_bbox_pre: 0.2656 (0.3203)  loss_giou_pre: 0.8024 (0.8694)  loss_mal_enc_0: 1.0859 (1.0736)  loss_bbox_enc_0: 0.2798 (0.3334)  loss_giou_enc_0: 0.8401 (0.8996)  loss_mal_dn_0: 0.7559 (0.7580)  loss_bbox_dn_0: 0.3022 (0.3090)  loss_giou_dn_0: 0.7387 (0.7984)  loss_fgl_dn_0: 1.0822 (1.0940)  loss_ddf_dn_0: 0.1213 (0.1234)  loss_mal_dn_1: 0.7290 (0.7275)  loss_bbox_dn_1: 0.2389 (0.2557)  loss_giou_dn_1: 0.6297 (0.6889)  loss_fgl_dn_1: 1.0838 (1.0854)  loss_ddf_dn_1: 0.0089 (0.0090)  loss_mal_dn_2: 0.7217 (0.7197)  loss_bbox_dn_2: 0.2298 (0.2505)  loss_giou_dn_2: 0.6210 (0.6789)  loss_fgl_dn_2: 1.0855 (1.0856)  loss_mal_dn_pre: 0.7554 (0.7579)  loss_bbox_dn_pre: 0.3045 (0.3098)  loss_giou_dn_pre: 0.7397 (0.7975)  time: 0.4801  data: 0.0510  max mem: 8243
Epoch: [51] Total time: 0:01:45 (0.5367 s / it)
Averaged stats: lr: 0.000400  loss: 24.4906 (24.7911)  loss_mal: 1.0615 (1.0406)  loss_bbox: 0.2600 (0.3138)  loss_giou: 0.7913 (0.8555)  loss_fgl: 1.0122 (1.0174)  loss_mal_aux_0: 1.0771 (1.0668)  loss_bbox_aux_0: 0.2646 (0.3200)  loss_giou_aux_0: 0.8048 (0.8707)  loss_fgl_aux_0: 1.0146 (1.0257)  loss_ddf_aux_0: 0.0243 (0.0238)  loss_mal_aux_1: 1.0713 (1.0533)  loss_bbox_aux_1: 0.2615 (0.3145)  loss_giou_aux_1: 0.7964 (0.8570)  loss_fgl_aux_1: 1.0106 (1.0177)  loss_ddf_aux_1: 0.0020 (0.0020)  loss_mal_pre: 1.0752 (1.0668)  loss_bbox_pre: 0.2656 (0.3203)  loss_giou_pre: 0.8024 (0.8694)  loss_mal_enc_0: 1.0859 (1.0736)  loss_bbox_enc_0: 0.2798 (0.3334)  loss_giou_enc_0: 0.8401 (0.8996)  loss_mal_dn_0: 0.7559 (0.7580)  loss_bbox_dn_0: 0.3022 (0.3090)  loss_giou_dn_0: 0.7387 (0.7984)  loss_fgl_dn_0: 1.0822 (1.0940)  loss_ddf_dn_0: 0.1213 (0.1234)  loss_mal_dn_1: 0.7290 (0.7275)  loss_bbox_dn_1: 0.2389 (0.2557)  loss_giou_dn_1: 0.6297 (0.6889)  loss_fgl_dn_1: 1.0838 (1.0854)  loss_ddf_dn_1: 0.0089 (0.0090)  loss_mal_dn_2: 0.7217 (0.7197)  loss_bbox_dn_2: 0.2298 (0.2505)  loss_giou_dn_2: 0.6210 (0.6789)  loss_fgl_dn_2: 1.0855 (1.0856)  loss_mal_dn_pre: 0.7554 (0.7579)  loss_bbox_dn_pre: 0.3045 (0.3098)  loss_giou_dn_pre: 0.7397 (0.7975)
Test:  [ 0/13]  eta: 0:00:38    time: 2.9858  data: 2.6342  max mem: 8243
Test:  [10/13]  eta: 0:00:01    time: 0.5896  data: 0.3246  max mem: 8243
Test:  [12/13]  eta: 0:00:00    time: 0.5265  data: 0.2808  max mem: 8243
Test: Total time: 0:00:06 (0.5339 s / it)
Averaged stats: 
Accumulating evaluation results...
COCOeval_opt.accumulate() finished...
DONE (t=0.30s).
IoU metric: bbox
 Average Precision  (AP) @[ IoU=0.50:0.95 | area=   all | maxDets=100 ] = 0.244
 Average Precision  (AP) @[ IoU=0.50      | area=   all | maxDets=100 ] = 0.521
 Average Precision  (AP) @[ IoU=0.75      | area=   all | maxDets=100 ] = 0.191
 Average Precision  (AP) @[ IoU=0.50:0.95 | area= small | maxDets=100 ] = 0.100
 Average Precision  (AP) @[ IoU=0.50:0.95 | area=medium | maxDets=100 ] = 0.205
 Average Precision  (AP) @[ IoU=0.50:0.95 | area= large | maxDets=100 ] = 0.292
 Average Recall     (AR) @[ IoU=0.50:0.95 | area=   all | maxDets=  1 ] = 0.236
 Average Recall     (AR) @[ IoU=0.50:0.95 | area=   all | maxDets= 10 ] = 0.457
 Average Recall     (AR) @[ IoU=0.50:0.95 | area=   all | maxDets=100 ] = 0.525
 Average Recall     (AR) @[ IoU=0.50:0.95 | area= small | maxDets=100 ] = 0.266
 Average Recall     (AR) @[ IoU=0.50:0.95 | area=medium | maxDets=100 ] = 0.494
 Average Recall     (AR) @[ IoU=0.50:0.95 | area= large | maxDets=100 ] = 0.616
 Average Recall     (AR) @[ IoU=0.50      | area=   all | maxDets=100 ] = 0.939
 Average Recall     (AR) @[ IoU=0.75      | area=   all | maxDets=100 ] = 0.500
best_stat: {'epoch': 51, 'coco_eval_bbox': 0.24431144308001615}
Epoch: [52]  [  0/197]  eta: 0:11:14  lr: 0.000400  loss: 26.0262 (26.0262)  loss_mal: 0.9712 (0.9712)  loss_bbox: 0.3900 (0.3900)  loss_giou: 1.0975 (1.0975)  loss_fgl: 0.8873 (0.8873)  loss_mal_aux_0: 0.9761 (0.9761)  loss_bbox_aux_0: 0.3995 (0.3995)  loss_giou_aux_0: 1.1134 (1.1134)  loss_fgl_aux_0: 0.8919 (0.8919)  loss_ddf_aux_0: 0.0209 (0.0209)  loss_mal_aux_1: 0.9692 (0.9692)  loss_bbox_aux_1: 0.3898 (0.3898)  loss_giou_aux_1: 1.1013 (1.1013)  loss_fgl_aux_1: 0.8861 (0.8861)  loss_ddf_aux_1: 0.0016 (0.0016)  loss_mal_pre: 0.9829 (0.9829)  loss_bbox_pre: 0.3990 (0.3990)  loss_giou_pre: 1.1117 (1.1117)  loss_mal_enc_0: 0.9707 (0.9707)  loss_bbox_enc_0: 0.4071 (0.4071)  loss_giou_enc_0: 1.1392 (1.1392)  loss_mal_dn_0: 0.7495 (0.7495)  loss_bbox_dn_0: 0.3324 (0.3324)  loss_giou_dn_0: 0.9177 (0.9177)  loss_fgl_dn_0: 1.0412 (1.0412)  loss_ddf_dn_0: 0.1090 (0.1090)  loss_mal_dn_1: 0.7490 (0.7490)  loss_bbox_dn_1: 0.2811 (0.2811)  loss_giou_dn_1: 0.8142 (0.8142)  loss_fgl_dn_1: 1.0474 (1.0474)  loss_ddf_dn_1: 0.0084 (0.0084)  loss_mal_dn_2: 0.7432 (0.7432)  loss_bbox_dn_2: 0.2788 (0.2788)  loss_giou_dn_2: 0.8000 (0.8000)  loss_fgl_dn_2: 1.0506 (1.0506)  loss_mal_dn_pre: 0.7510 (0.7510)  loss_bbox_dn_pre: 0.3320 (0.3320)  loss_giou_dn_pre: 0.9142 (0.9142)  time: 3.4225  data: 2.7138  max mem: 8243
Epoch: [52]  [196/197]  eta: 0:00:00  lr: 0.000400  loss: 24.8570 (24.6967)  loss_mal: 1.0352 (1.0416)  loss_bbox: 0.3023 (0.3079)  loss_giou: 0.8761 (0.8471)  loss_fgl: 1.0149 (1.0192)  loss_mal_aux_0: 1.0596 (1.0716)  loss_bbox_aux_0: 0.3085 (0.3142)  loss_giou_aux_0: 0.8928 (0.8628)  loss_fgl_aux_0: 1.0233 (1.0267)  loss_ddf_aux_0: 0.0224 (0.0225)  loss_mal_aux_1: 1.0576 (1.0575)  loss_bbox_aux_1: 0.3052 (0.3087)  loss_giou_aux_1: 0.8770 (0.8491)  loss_fgl_aux_1: 1.0153 (1.0194)  loss_ddf_aux_1: 0.0018 (0.0020)  loss_mal_pre: 1.0664 (1.0726)  loss_bbox_pre: 0.3080 (0.3149)  loss_giou_pre: 0.8888 (0.8613)  loss_mal_enc_0: 1.0977 (1.0805)  loss_bbox_enc_0: 0.3252 (0.3283)  loss_giou_enc_0: 0.9133 (0.8939)  loss_mal_dn_0: 0.7549 (0.7583)  loss_bbox_dn_0: 0.2885 (0.3033)  loss_giou_dn_0: 0.8499 (0.7908)  loss_fgl_dn_0: 1.0652 (1.0946)  loss_ddf_dn_0: 0.1163 (0.1199)  loss_mal_dn_1: 0.7227 (0.7267)  loss_bbox_dn_1: 0.2371 (0.2506)  loss_giou_dn_1: 0.7308 (0.6811)  loss_fgl_dn_1: 1.0668 (1.0863)  loss_ddf_dn_1: 0.0075 (0.0085)  loss_mal_dn_2: 0.7163 (0.7189)  loss_bbox_dn_2: 0.2315 (0.2456)  loss_giou_dn_2: 0.7208 (0.6716)  loss_fgl_dn_2: 1.0681 (1.0867)  loss_mal_dn_pre: 0.7549 (0.7582)  loss_bbox_dn_pre: 0.2905 (0.3041)  loss_giou_dn_pre: 0.8485 (0.7897)  time: 0.4808  data: 0.0489  max mem: 8248
Epoch: [52] Total time: 0:01:49 (0.5557 s / it)
Averaged stats: lr: 0.000400  loss: 24.8570 (24.6967)  loss_mal: 1.0352 (1.0416)  loss_bbox: 0.3023 (0.3079)  loss_giou: 0.8761 (0.8471)  loss_fgl: 1.0149 (1.0192)  loss_mal_aux_0: 1.0596 (1.0716)  loss_bbox_aux_0: 0.3085 (0.3142)  loss_giou_aux_0: 0.8928 (0.8628)  loss_fgl_aux_0: 1.0233 (1.0267)  loss_ddf_aux_0: 0.0224 (0.0225)  loss_mal_aux_1: 1.0576 (1.0575)  loss_bbox_aux_1: 0.3052 (0.3087)  loss_giou_aux_1: 0.8770 (0.8491)  loss_fgl_aux_1: 1.0153 (1.0194)  loss_ddf_aux_1: 0.0018 (0.0020)  loss_mal_pre: 1.0664 (1.0726)  loss_bbox_pre: 0.3080 (0.3149)  loss_giou_pre: 0.8888 (0.8613)  loss_mal_enc_0: 1.0977 (1.0805)  loss_bbox_enc_0: 0.3252 (0.3283)  loss_giou_enc_0: 0.9133 (0.8939)  loss_mal_dn_0: 0.7549 (0.7583)  loss_bbox_dn_0: 0.2885 (0.3033)  loss_giou_dn_0: 0.8499 (0.7908)  loss_fgl_dn_0: 1.0652 (1.0946)  loss_ddf_dn_0: 0.1163 (0.1199)  loss_mal_dn_1: 0.7227 (0.7267)  loss_bbox_dn_1: 0.2371 (0.2506)  loss_giou_dn_1: 0.7308 (0.6811)  loss_fgl_dn_1: 1.0668 (1.0863)  loss_ddf_dn_1: 0.0075 (0.0085)  loss_mal_dn_2: 0.7163 (0.7189)  loss_bbox_dn_2: 0.2315 (0.2456)  loss_giou_dn_2: 0.7208 (0.6716)  loss_fgl_dn_2: 1.0681 (1.0867)  loss_mal_dn_pre: 0.7549 (0.7582)  loss_bbox_dn_pre: 0.2905 (0.3041)  loss_giou_dn_pre: 0.8485 (0.7897)
Test:  [ 0/13]  eta: 0:00:45    time: 3.4952  data: 3.1406  max mem: 8248
Test:  [10/13]  eta: 0:00:01    time: 0.6251  data: 0.3592  max mem: 8248
Test:  [12/13]  eta: 0:00:00    time: 0.5630  data: 0.3102  max mem: 8248
Test: Total time: 0:00:07 (0.5691 s / it)
Averaged stats: 
Accumulating evaluation results...
COCOeval_opt.accumulate() finished...
DONE (t=0.31s).
IoU metric: bbox
 Average Precision  (AP) @[ IoU=0.50:0.95 | area=   all | maxDets=100 ] = 0.245
 Average Precision  (AP) @[ IoU=0.50      | area=   all | maxDets=100 ] = 0.521
 Average Precision  (AP) @[ IoU=0.75      | area=   all | maxDets=100 ] = 0.192
 Average Precision  (AP) @[ IoU=0.50:0.95 | area= small | maxDets=100 ] = 0.099
 Average Precision  (AP) @[ IoU=0.50:0.95 | area=medium | maxDets=100 ] = 0.205
 Average Precision  (AP) @[ IoU=0.50:0.95 | area= large | maxDets=100 ] = 0.291
 Average Recall     (AR) @[ IoU=0.50:0.95 | area=   all | maxDets=  1 ] = 0.237
 Average Recall     (AR) @[ IoU=0.50:0.95 | area=   all | maxDets= 10 ] = 0.457
 Average Recall     (AR) @[ IoU=0.50:0.95 | area=   all | maxDets=100 ] = 0.524
 Average Recall     (AR) @[ IoU=0.50:0.95 | area= small | maxDets=100 ] = 0.265
 Average Recall     (AR) @[ IoU=0.50:0.95 | area=medium | maxDets=100 ] = 0.494
 Average Recall     (AR) @[ IoU=0.50:0.95 | area= large | maxDets=100 ] = 0.613
 Average Recall     (AR) @[ IoU=0.50      | area=   all | maxDets=100 ] = 0.939
 Average Recall     (AR) @[ IoU=0.75      | area=   all | maxDets=100 ] = 0.497
best_stat: {'epoch': 52, 'coco_eval_bbox': 0.24461994827277056}
Epoch: [53]  [  0/197]  eta: 0:08:49  lr: 0.000400  loss: 23.7303 (23.7303)  loss_mal: 1.1611 (1.1611)  loss_bbox: 0.2405 (0.2405)  loss_giou: 0.6408 (0.6408)  loss_fgl: 1.1084 (1.1084)  loss_mal_aux_0: 1.1836 (1.1836)  loss_bbox_aux_0: 0.2454 (0.2454)  loss_giou_aux_0: 0.6498 (0.6498)  loss_fgl_aux_0: 1.1260 (1.1260)  loss_ddf_aux_0: 0.0260 (0.0260)  loss_mal_aux_1: 1.1582 (1.1582)  loss_bbox_aux_1: 0.2453 (0.2453)  loss_giou_aux_1: 0.6477 (0.6477)  loss_fgl_aux_1: 1.1112 (1.1112)  loss_ddf_aux_1: 0.0021 (0.0021)  loss_mal_pre: 1.1855 (1.1855)  loss_bbox_pre: 0.2427 (0.2427)  loss_giou_pre: 0.6472 (0.6472)  loss_mal_enc_0: 1.2227 (1.2227)  loss_bbox_enc_0: 0.2521 (0.2521)  loss_giou_enc_0: 0.6798 (0.6798)  loss_mal_dn_0: 0.7861 (0.7861)  loss_bbox_dn_0: 0.2861 (0.2861)  loss_giou_dn_0: 0.6892 (0.6892)  loss_fgl_dn_0: 1.1286 (1.1286)  loss_ddf_dn_0: 0.1382 (0.1382)  loss_mal_dn_1: 0.7114 (0.7114)  loss_bbox_dn_1: 0.2159 (0.2159)  loss_giou_dn_1: 0.5647 (0.5647)  loss_fgl_dn_1: 1.1023 (1.1023)  loss_ddf_dn_1: 0.0089 (0.0089)  loss_mal_dn_2: 0.6992 (0.6992)  loss_bbox_dn_2: 0.2110 (0.2110)  loss_giou_dn_2: 0.5541 (0.5541)  loss_fgl_dn_2: 1.0997 (1.0997)  loss_mal_dn_pre: 0.7847 (0.7847)  loss_bbox_dn_pre: 0.2866 (0.2866)  loss_giou_dn_pre: 0.6876 (0.6876)  time: 2.6866  data: 2.2043  max mem: 8248
Epoch: [53]  [196/197]  eta: 0:00:00  lr: 0.000400  loss: 25.7016 (24.7213)  loss_mal: 1.0645 (1.0519)  loss_bbox: 0.3557 (0.3085)  loss_giou: 0.8817 (0.8373)  loss_fgl: 0.9910 (1.0251)  loss_mal_aux_0: 1.0889 (1.0799)  loss_bbox_aux_0: 0.3610 (0.3145)  loss_giou_aux_0: 0.8973 (0.8520)  loss_fgl_aux_0: 1.0051 (1.0333)  loss_ddf_aux_0: 0.0221 (0.0226)  loss_mal_aux_1: 1.0742 (1.0622)  loss_bbox_aux_1: 0.3546 (0.3092)  loss_giou_aux_1: 0.8852 (0.8391)  loss_fgl_aux_1: 0.9913 (1.0252)  loss_ddf_aux_1: 0.0017 (0.0019)  loss_mal_pre: 1.0908 (1.0806)  loss_bbox_pre: 0.3603 (0.3146)  loss_giou_pre: 0.8966 (0.8509)  loss_mal_enc_0: 1.0996 (1.0865)  loss_bbox_enc_0: 0.3763 (0.3297)  loss_giou_enc_0: 0.9172 (0.8835)  loss_mal_dn_0: 0.7588 (0.7592)  loss_bbox_dn_0: 0.3559 (0.3074)  loss_giou_dn_0: 0.8641 (0.7891)  loss_fgl_dn_0: 1.0612 (1.0982)  loss_ddf_dn_0: 0.1171 (0.1220)  loss_mal_dn_1: 0.7368 (0.7277)  loss_bbox_dn_1: 0.2951 (0.2536)  loss_giou_dn_1: 0.7375 (0.6773)  loss_fgl_dn_1: 1.0628 (1.0886)  loss_ddf_dn_1: 0.0080 (0.0087)  loss_mal_dn_2: 0.7280 (0.7198)  loss_bbox_dn_2: 0.2874 (0.2488)  loss_giou_dn_2: 0.7275 (0.6677)  loss_fgl_dn_2: 1.0642 (1.0889)  loss_mal_dn_pre: 0.7583 (0.7591)  loss_bbox_dn_pre: 0.3543 (0.3083)  loss_giou_dn_pre: 0.8621 (0.7883)  time: 0.4651  data: 0.0474  max mem: 8248
Epoch: [53] Total time: 0:01:45 (0.5377 s / it)
Averaged stats: lr: 0.000400  loss: 25.7016 (24.7213)  loss_mal: 1.0645 (1.0519)  loss_bbox: 0.3557 (0.3085)  loss_giou: 0.8817 (0.8373)  loss_fgl: 0.9910 (1.0251)  loss_mal_aux_0: 1.0889 (1.0799)  loss_bbox_aux_0: 0.3610 (0.3145)  loss_giou_aux_0: 0.8973 (0.8520)  loss_fgl_aux_0: 1.0051 (1.0333)  loss_ddf_aux_0: 0.0221 (0.0226)  loss_mal_aux_1: 1.0742 (1.0622)  loss_bbox_aux_1: 0.3546 (0.3092)  loss_giou_aux_1: 0.8852 (0.8391)  loss_fgl_aux_1: 0.9913 (1.0252)  loss_ddf_aux_1: 0.0017 (0.0019)  loss_mal_pre: 1.0908 (1.0806)  loss_bbox_pre: 0.3603 (0.3146)  loss_giou_pre: 0.8966 (0.8509)  loss_mal_enc_0: 1.0996 (1.0865)  loss_bbox_enc_0: 0.3763 (0.3297)  loss_giou_enc_0: 0.9172 (0.8835)  loss_mal_dn_0: 0.7588 (0.7592)  loss_bbox_dn_0: 0.3559 (0.3074)  loss_giou_dn_0: 0.8641 (0.7891)  loss_fgl_dn_0: 1.0612 (1.0982)  loss_ddf_dn_0: 0.1171 (0.1220)  loss_mal_dn_1: 0.7368 (0.7277)  loss_bbox_dn_1: 0.2951 (0.2536)  loss_giou_dn_1: 0.7375 (0.6773)  loss_fgl_dn_1: 1.0628 (1.0886)  loss_ddf_dn_1: 0.0080 (0.0087)  loss_mal_dn_2: 0.7280 (0.7198)  loss_bbox_dn_2: 0.2874 (0.2488)  loss_giou_dn_2: 0.7275 (0.6677)  loss_fgl_dn_2: 1.0642 (1.0889)  loss_mal_dn_pre: 0.7583 (0.7591)  loss_bbox_dn_pre: 0.3543 (0.3083)  loss_giou_dn_pre: 0.8621 (0.7883)
Test:  [ 0/13]  eta: 0:00:34    time: 2.6346  data: 2.2521  max mem: 8248
Test:  [10/13]  eta: 0:00:01    time: 0.5711  data: 0.3019  max mem: 8248
Test:  [12/13]  eta: 0:00:00    time: 0.5179  data: 0.2618  max mem: 8248
Test: Total time: 0:00:06 (0.5234 s / it)
Averaged stats: 
Accumulating evaluation results...
COCOeval_opt.accumulate() finished...
DONE (t=0.31s).
IoU metric: bbox
 Average Precision  (AP) @[ IoU=0.50:0.95 | area=   all | maxDets=100 ] = 0.245
 Average Precision  (AP) @[ IoU=0.50      | area=   all | maxDets=100 ] = 0.520
 Average Precision  (AP) @[ IoU=0.75      | area=   all | maxDets=100 ] = 0.192
 Average Precision  (AP) @[ IoU=0.50:0.95 | area= small | maxDets=100 ] = 0.099
 Average Precision  (AP) @[ IoU=0.50:0.95 | area=medium | maxDets=100 ] = 0.206
 Average Precision  (AP) @[ IoU=0.50:0.95 | area= large | maxDets=100 ] = 0.292
 Average Recall     (AR) @[ IoU=0.50:0.95 | area=   all | maxDets=  1 ] = 0.236
 Average Recall     (AR) @[ IoU=0.50:0.95 | area=   all | maxDets= 10 ] = 0.457
 Average Recall     (AR) @[ IoU=0.50:0.95 | area=   all | maxDets=100 ] = 0.524
 Average Recall     (AR) @[ IoU=0.50:0.95 | area= small | maxDets=100 ] = 0.264
 Average Recall     (AR) @[ IoU=0.50:0.95 | area=medium | maxDets=100 ] = 0.494
 Average Recall     (AR) @[ IoU=0.50:0.95 | area= large | maxDets=100 ] = 0.614
 Average Recall     (AR) @[ IoU=0.50      | area=   all | maxDets=100 ] = 0.938
 Average Recall     (AR) @[ IoU=0.75      | area=   all | maxDets=100 ] = 0.495
best_stat: {'epoch': 53, 'coco_eval_bbox': 0.24476489933812678}
Epoch: [54]  [  0/197]  eta: 0:09:04  lr: 0.000400  loss: 24.5678 (24.5678)  loss_mal: 0.9702 (0.9702)  loss_bbox: 0.2606 (0.2606)  loss_giou: 0.9580 (0.9580)  loss_fgl: 0.9827 (0.9827)  loss_mal_aux_0: 1.0039 (1.0039)  loss_bbox_aux_0: 0.2642 (0.2642)  loss_giou_aux_0: 0.9695 (0.9695)  loss_fgl_aux_0: 0.9883 (0.9883)  loss_ddf_aux_0: 0.0225 (0.0225)  loss_mal_aux_1: 0.9902 (0.9902)  loss_bbox_aux_1: 0.2615 (0.2615)  loss_giou_aux_1: 0.9601 (0.9601)  loss_fgl_aux_1: 0.9827 (0.9827)  loss_ddf_aux_1: 0.0022 (0.0022)  loss_mal_pre: 1.0029 (1.0029)  loss_bbox_pre: 0.2642 (0.2642)  loss_giou_pre: 0.9670 (0.9670)  loss_mal_enc_0: 1.0176 (1.0176)  loss_bbox_enc_0: 0.2810 (0.2810)  loss_giou_enc_0: 0.9955 (0.9955)  loss_mal_dn_0: 0.7622 (0.7622)  loss_bbox_dn_0: 0.2372 (0.2372)  loss_giou_dn_0: 0.8635 (0.8635)  loss_fgl_dn_0: 1.0718 (1.0718)  loss_ddf_dn_0: 0.1066 (0.1066)  loss_mal_dn_1: 0.7485 (0.7485)  loss_bbox_dn_1: 0.1921 (0.1921)  loss_giou_dn_1: 0.7504 (0.7504)  loss_fgl_dn_1: 1.0726 (1.0726)  loss_ddf_dn_1: 0.0073 (0.0073)  loss_mal_dn_2: 0.7515 (0.7515)  loss_bbox_dn_2: 0.1871 (0.1871)  loss_giou_dn_2: 0.7380 (0.7380)  loss_fgl_dn_2: 1.0742 (1.0742)  loss_mal_dn_pre: 0.7627 (0.7627)  loss_bbox_dn_pre: 0.2370 (0.2370)  loss_giou_dn_pre: 0.8601 (0.8601)  time: 2.7642  data: 2.1847  max mem: 8248
Epoch: [54]  [196/197]  eta: 0:00:00  lr: 0.000400  loss: 25.2415 (24.5276)  loss_mal: 1.0205 (1.0430)  loss_bbox: 0.3217 (0.2955)  loss_giou: 0.9451 (0.8306)  loss_fgl: 0.9851 (1.0282)  loss_mal_aux_0: 1.0566 (1.0726)  loss_bbox_aux_0: 0.3270 (0.3021)  loss_giou_aux_0: 0.9491 (0.8473)  loss_fgl_aux_0: 0.9921 (1.0367)  loss_ddf_aux_0: 0.0225 (0.0237)  loss_mal_aux_1: 1.0400 (1.0545)  loss_bbox_aux_1: 0.3234 (0.2963)  loss_giou_aux_1: 0.9447 (0.8328)  loss_fgl_aux_1: 0.9862 (1.0284)  loss_ddf_aux_1: 0.0023 (0.0021)  loss_mal_pre: 1.0547 (1.0729)  loss_bbox_pre: 0.3306 (0.3027)  loss_giou_pre: 0.9491 (0.8461)  loss_mal_enc_0: 1.0742 (1.0811)  loss_bbox_enc_0: 0.3406 (0.3165)  loss_giou_enc_0: 0.9731 (0.8790)  loss_mal_dn_0: 0.7598 (0.7587)  loss_bbox_dn_0: 0.2922 (0.2937)  loss_giou_dn_0: 0.8511 (0.7825)  loss_fgl_dn_0: 1.0620 (1.1013)  loss_ddf_dn_0: 0.1226 (0.1234)  loss_mal_dn_1: 0.7334 (0.7257)  loss_bbox_dn_1: 0.2329 (0.2402)  loss_giou_dn_1: 0.7398 (0.6704)  loss_fgl_dn_1: 1.0700 (1.0912)  loss_ddf_dn_1: 0.0097 (0.0090)  loss_mal_dn_2: 0.7256 (0.7180)  loss_bbox_dn_2: 0.2279 (0.2353)  loss_giou_dn_2: 0.7274 (0.6604)  loss_fgl_dn_2: 1.0716 (1.0914)  loss_mal_dn_pre: 0.7593 (0.7585)  loss_bbox_dn_pre: 0.2883 (0.2944)  loss_giou_dn_pre: 0.8505 (0.7815)  time: 0.4948  data: 0.0460  max mem: 8248
Epoch: [54] Total time: 0:01:46 (0.5392 s / it)
Averaged stats: lr: 0.000400  loss: 25.2415 (24.5276)  loss_mal: 1.0205 (1.0430)  loss_bbox: 0.3217 (0.2955)  loss_giou: 0.9451 (0.8306)  loss_fgl: 0.9851 (1.0282)  loss_mal_aux_0: 1.0566 (1.0726)  loss_bbox_aux_0: 0.3270 (0.3021)  loss_giou_aux_0: 0.9491 (0.8473)  loss_fgl_aux_0: 0.9921 (1.0367)  loss_ddf_aux_0: 0.0225 (0.0237)  loss_mal_aux_1: 1.0400 (1.0545)  loss_bbox_aux_1: 0.3234 (0.2963)  loss_giou_aux_1: 0.9447 (0.8328)  loss_fgl_aux_1: 0.9862 (1.0284)  loss_ddf_aux_1: 0.0023 (0.0021)  loss_mal_pre: 1.0547 (1.0729)  loss_bbox_pre: 0.3306 (0.3027)  loss_giou_pre: 0.9491 (0.8461)  loss_mal_enc_0: 1.0742 (1.0811)  loss_bbox_enc_0: 0.3406 (0.3165)  loss_giou_enc_0: 0.9731 (0.8790)  loss_mal_dn_0: 0.7598 (0.7587)  loss_bbox_dn_0: 0.2922 (0.2937)  loss_giou_dn_0: 0.8511 (0.7825)  loss_fgl_dn_0: 1.0620 (1.1013)  loss_ddf_dn_0: 0.1226 (0.1234)  loss_mal_dn_1: 0.7334 (0.7257)  loss_bbox_dn_1: 0.2329 (0.2402)  loss_giou_dn_1: 0.7398 (0.6704)  loss_fgl_dn_1: 1.0700 (1.0912)  loss_ddf_dn_1: 0.0097 (0.0090)  loss_mal_dn_2: 0.7256 (0.7180)  loss_bbox_dn_2: 0.2279 (0.2353)  loss_giou_dn_2: 0.7274 (0.6604)  loss_fgl_dn_2: 1.0716 (1.0914)  loss_mal_dn_pre: 0.7593 (0.7585)  loss_bbox_dn_pre: 0.2883 (0.2944)  loss_giou_dn_pre: 0.8505 (0.7815)
Test:  [ 0/13]  eta: 0:00:43    time: 3.3791  data: 3.0144  max mem: 8248
Test:  [10/13]  eta: 0:00:01    time: 0.6133  data: 0.3450  max mem: 8248
Test:  [12/13]  eta: 0:00:00    time: 0.5532  data: 0.2983  max mem: 8248
Test: Total time: 0:00:07 (0.5606 s / it)
Averaged stats: 
Accumulating evaluation results...
COCOeval_opt.accumulate() finished...
DONE (t=0.29s).
IoU metric: bbox
 Average Precision  (AP) @[ IoU=0.50:0.95 | area=   all | maxDets=100 ] = 0.245
 Average Precision  (AP) @[ IoU=0.50      | area=   all | maxDets=100 ] = 0.522
 Average Precision  (AP) @[ IoU=0.75      | area=   all | maxDets=100 ] = 0.191
 Average Precision  (AP) @[ IoU=0.50:0.95 | area= small | maxDets=100 ] = 0.100
 Average Precision  (AP) @[ IoU=0.50:0.95 | area=medium | maxDets=100 ] = 0.206
 Average Precision  (AP) @[ IoU=0.50:0.95 | area= large | maxDets=100 ] = 0.291
 Average Recall     (AR) @[ IoU=0.50:0.95 | area=   all | maxDets=  1 ] = 0.237
 Average Recall     (AR) @[ IoU=0.50:0.95 | area=   all | maxDets= 10 ] = 0.458
 Average Recall     (AR) @[ IoU=0.50:0.95 | area=   all | maxDets=100 ] = 0.525
 Average Recall     (AR) @[ IoU=0.50:0.95 | area= small | maxDets=100 ] = 0.266
 Average Recall     (AR) @[ IoU=0.50:0.95 | area=medium | maxDets=100 ] = 0.496
 Average Recall     (AR) @[ IoU=0.50:0.95 | area= large | maxDets=100 ] = 0.615
 Average Recall     (AR) @[ IoU=0.50      | area=   all | maxDets=100 ] = 0.941
 Average Recall     (AR) @[ IoU=0.75      | area=   all | maxDets=100 ] = 0.500
best_stat: {'epoch': 54, 'coco_eval_bbox': 0.24485993597005606}
Epoch: [55]  [  0/197]  eta: 0:10:38  lr: 0.000400  loss: 23.5511 (23.5511)  loss_mal: 1.0264 (1.0264)  loss_bbox: 0.2356 (0.2356)  loss_giou: 0.7483 (0.7483)  loss_fgl: 1.0543 (1.0543)  loss_mal_aux_0: 1.0830 (1.0830)  loss_bbox_aux_0: 0.2394 (0.2394)  loss_giou_aux_0: 0.7631 (0.7631)  loss_fgl_aux_0: 1.0735 (1.0735)  loss_ddf_aux_0: 0.0312 (0.0312)  loss_mal_aux_1: 1.0576 (1.0576)  loss_bbox_aux_1: 0.2369 (0.2369)  loss_giou_aux_1: 0.7496 (0.7496)  loss_fgl_aux_1: 1.0554 (1.0554)  loss_ddf_aux_1: 0.0023 (0.0023)  loss_mal_pre: 1.0771 (1.0771)  loss_bbox_pre: 0.2407 (0.2407)  loss_giou_pre: 0.7641 (0.7641)  loss_mal_enc_0: 1.1055 (1.1055)  loss_bbox_enc_0: 0.2541 (0.2541)  loss_giou_enc_0: 0.7971 (0.7971)  loss_mal_dn_0: 0.7710 (0.7710)  loss_bbox_dn_0: 0.2510 (0.2510)  loss_giou_dn_0: 0.7024 (0.7024)  loss_fgl_dn_0: 1.1317 (1.1317)  loss_ddf_dn_0: 0.1487 (0.1487)  loss_mal_dn_1: 0.7227 (0.7227)  loss_bbox_dn_1: 0.2045 (0.2045)  loss_giou_dn_1: 0.5951 (0.5951)  loss_fgl_dn_1: 1.1006 (1.1006)  loss_ddf_dn_1: 0.0090 (0.0090)  loss_mal_dn_2: 0.7148 (0.7148)  loss_bbox_dn_2: 0.1965 (0.1965)  loss_giou_dn_2: 0.5866 (0.5866)  loss_fgl_dn_2: 1.0994 (1.0994)  loss_mal_dn_pre: 0.7700 (0.7700)  loss_bbox_dn_pre: 0.2513 (0.2513)  loss_giou_dn_pre: 0.7006 (0.7006)  time: 3.2434  data: 2.6064  max mem: 8248
Epoch: [55]  [196/197]  eta: 0:00:00  lr: 0.000400  loss: 23.7060 (24.7308)  loss_mal: 1.0166 (1.0426)  loss_bbox: 0.2613 (0.3087)  loss_giou: 0.8159 (0.8443)  loss_fgl: 1.0416 (1.0227)  loss_mal_aux_0: 1.0420 (1.0714)  loss_bbox_aux_0: 0.2629 (0.3152)  loss_giou_aux_0: 0.8238 (0.8599)  loss_fgl_aux_0: 1.0487 (1.0307)  loss_ddf_aux_0: 0.0215 (0.0230)  loss_mal_aux_1: 1.0352 (1.0569)  loss_bbox_aux_1: 0.2604 (0.3098)  loss_giou_aux_1: 0.8177 (0.8464)  loss_fgl_aux_1: 1.0432 (1.0230)  loss_ddf_aux_1: 0.0019 (0.0023)  loss_mal_pre: 1.0381 (1.0719)  loss_bbox_pre: 0.2630 (0.3156)  loss_giou_pre: 0.8193 (0.8586)  loss_mal_enc_0: 1.0771 (1.0836)  loss_bbox_enc_0: 0.2771 (0.3295)  loss_giou_enc_0: 0.8430 (0.8909)  loss_mal_dn_0: 0.7544 (0.7581)  loss_bbox_dn_0: 0.2722 (0.3066)  loss_giou_dn_0: 0.7399 (0.7953)  loss_fgl_dn_0: 1.0955 (1.0960)  loss_ddf_dn_0: 0.1122 (0.1237)  loss_mal_dn_1: 0.7158 (0.7268)  loss_bbox_dn_1: 0.2122 (0.2524)  loss_giou_dn_1: 0.6364 (0.6832)  loss_fgl_dn_1: 1.0944 (1.0872)  loss_ddf_dn_1: 0.0071 (0.0092)  loss_mal_dn_2: 0.7114 (0.7186)  loss_bbox_dn_2: 0.2111 (0.2468)  loss_giou_dn_2: 0.6262 (0.6726)  loss_fgl_dn_2: 1.0932 (1.0875)  loss_mal_dn_pre: 0.7549 (0.7580)  loss_bbox_dn_pre: 0.2731 (0.3074)  loss_giou_dn_pre: 0.7386 (0.7944)  time: 0.4936  data: 0.0475  max mem: 8248
Epoch: [55] Total time: 0:01:46 (0.5423 s / it)
Averaged stats: lr: 0.000400  loss: 23.7060 (24.7308)  loss_mal: 1.0166 (1.0426)  loss_bbox: 0.2613 (0.3087)  loss_giou: 0.8159 (0.8443)  loss_fgl: 1.0416 (1.0227)  loss_mal_aux_0: 1.0420 (1.0714)  loss_bbox_aux_0: 0.2629 (0.3152)  loss_giou_aux_0: 0.8238 (0.8599)  loss_fgl_aux_0: 1.0487 (1.0307)  loss_ddf_aux_0: 0.0215 (0.0230)  loss_mal_aux_1: 1.0352 (1.0569)  loss_bbox_aux_1: 0.2604 (0.3098)  loss_giou_aux_1: 0.8177 (0.8464)  loss_fgl_aux_1: 1.0432 (1.0230)  loss_ddf_aux_1: 0.0019 (0.0023)  loss_mal_pre: 1.0381 (1.0719)  loss_bbox_pre: 0.2630 (0.3156)  loss_giou_pre: 0.8193 (0.8586)  loss_mal_enc_0: 1.0771 (1.0836)  loss_bbox_enc_0: 0.2771 (0.3295)  loss_giou_enc_0: 0.8430 (0.8909)  loss_mal_dn_0: 0.7544 (0.7581)  loss_bbox_dn_0: 0.2722 (0.3066)  loss_giou_dn_0: 0.7399 (0.7953)  loss_fgl_dn_0: 1.0955 (1.0960)  loss_ddf_dn_0: 0.1122 (0.1237)  loss_mal_dn_1: 0.7158 (0.7268)  loss_bbox_dn_1: 0.2122 (0.2524)  loss_giou_dn_1: 0.6364 (0.6832)  loss_fgl_dn_1: 1.0944 (1.0872)  loss_ddf_dn_1: 0.0071 (0.0092)  loss_mal_dn_2: 0.7114 (0.7186)  loss_bbox_dn_2: 0.2111 (0.2468)  loss_giou_dn_2: 0.6262 (0.6726)  loss_fgl_dn_2: 1.0932 (1.0875)  loss_mal_dn_pre: 0.7549 (0.7580)  loss_bbox_dn_pre: 0.2731 (0.3074)  loss_giou_dn_pre: 0.7386 (0.7944)
Test:  [ 0/13]  eta: 0:00:40    time: 3.1474  data: 2.9329  max mem: 8248
Test:  [10/13]  eta: 0:00:01    time: 0.6077  data: 0.3633  max mem: 8248
Test:  [12/13]  eta: 0:00:00    time: 0.5485  data: 0.3137  max mem: 8248
Test: Total time: 0:00:07 (0.5540 s / it)
Averaged stats: 
Accumulating evaluation results...
COCOeval_opt.accumulate() finished...
DONE (t=0.29s).
IoU metric: bbox
 Average Precision  (AP) @[ IoU=0.50:0.95 | area=   all | maxDets=100 ] = 0.245
 Average Precision  (AP) @[ IoU=0.50      | area=   all | maxDets=100 ] = 0.522
 Average Precision  (AP) @[ IoU=0.75      | area=   all | maxDets=100 ] = 0.192
 Average Precision  (AP) @[ IoU=0.50:0.95 | area= small | maxDets=100 ] = 0.099
 Average Precision  (AP) @[ IoU=0.50:0.95 | area=medium | maxDets=100 ] = 0.207
 Average Precision  (AP) @[ IoU=0.50:0.95 | area= large | maxDets=100 ] = 0.292
 Average Recall     (AR) @[ IoU=0.50:0.95 | area=   all | maxDets=  1 ] = 0.237
 Average Recall     (AR) @[ IoU=0.50:0.95 | area=   all | maxDets= 10 ] = 0.459
 Average Recall     (AR) @[ IoU=0.50:0.95 | area=   all | maxDets=100 ] = 0.525
 Average Recall     (AR) @[ IoU=0.50:0.95 | area= small | maxDets=100 ] = 0.264
 Average Recall     (AR) @[ IoU=0.50:0.95 | area=medium | maxDets=100 ] = 0.496
 Average Recall     (AR) @[ IoU=0.50:0.95 | area= large | maxDets=100 ] = 0.615
 Average Recall     (AR) @[ IoU=0.50      | area=   all | maxDets=100 ] = 0.941
 Average Recall     (AR) @[ IoU=0.75      | area=   all | maxDets=100 ] = 0.501
best_stat: {'epoch': 55, 'coco_eval_bbox': 0.24513630319190644}
Epoch: [56]  [  0/197]  eta: 0:10:10  lr: 0.000400  loss: 23.7113 (23.7113)  loss_mal: 0.9941 (0.9941)  loss_bbox: 0.3036 (0.3036)  loss_giou: 0.7546 (0.7546)  loss_fgl: 1.0281 (1.0281)  loss_mal_aux_0: 1.0654 (1.0654)  loss_bbox_aux_0: 0.3128 (0.3128)  loss_giou_aux_0: 0.7694 (0.7694)  loss_fgl_aux_0: 1.0437 (1.0437)  loss_ddf_aux_0: 0.0326 (0.0326)  loss_mal_aux_1: 1.0010 (1.0010)  loss_bbox_aux_1: 0.3043 (0.3043)  loss_giou_aux_1: 0.7525 (0.7525)  loss_fgl_aux_1: 1.0314 (1.0314)  loss_ddf_aux_1: 0.0024 (0.0024)  loss_mal_pre: 1.0615 (1.0615)  loss_bbox_pre: 0.3128 (0.3128)  loss_giou_pre: 0.7677 (0.7677)  loss_mal_enc_0: 1.0605 (1.0605)  loss_bbox_enc_0: 0.3461 (0.3461)  loss_giou_enc_0: 0.8120 (0.8120)  loss_mal_dn_0: 0.7593 (0.7593)  loss_bbox_dn_0: 0.3042 (0.3042)  loss_giou_dn_0: 0.6705 (0.6705)  loss_fgl_dn_0: 1.1315 (1.1315)  loss_ddf_dn_0: 0.1492 (0.1492)  loss_mal_dn_1: 0.7061 (0.7061)  loss_bbox_dn_1: 0.2420 (0.2420)  loss_giou_dn_1: 0.5581 (0.5581)  loss_fgl_dn_1: 1.1046 (1.1046)  loss_ddf_dn_1: 0.0092 (0.0092)  loss_mal_dn_2: 0.6953 (0.6953)  loss_bbox_dn_2: 0.2360 (0.2360)  loss_giou_dn_2: 0.5529 (0.5529)  loss_fgl_dn_2: 1.1011 (1.1011)  loss_mal_dn_pre: 0.7598 (0.7598)  loss_bbox_dn_pre: 0.3049 (0.3049)  loss_giou_dn_pre: 0.6702 (0.6702)  time: 3.0971  data: 2.4789  max mem: 8248
Epoch: [56]  [196/197]  eta: 0:00:00  lr: 0.000400  loss: 25.4616 (24.4813)  loss_mal: 1.0342 (1.0349)  loss_bbox: 0.3450 (0.2976)  loss_giou: 0.9138 (0.8314)  loss_fgl: 0.9771 (1.0289)  loss_mal_aux_0: 1.0498 (1.0644)  loss_bbox_aux_0: 0.3485 (0.3039)  loss_giou_aux_0: 0.9299 (0.8472)  loss_fgl_aux_0: 0.9916 (1.0372)  loss_ddf_aux_0: 0.0236 (0.0231)  loss_mal_aux_1: 1.0312 (1.0478)  loss_bbox_aux_1: 0.3448 (0.2984)  loss_giou_aux_1: 0.9172 (0.8333)  loss_fgl_aux_1: 0.9786 (1.0291)  loss_ddf_aux_1: 0.0020 (0.0020)  loss_mal_pre: 1.0508 (1.0651)  loss_bbox_pre: 0.3486 (0.3044)  loss_giou_pre: 0.9270 (0.8459)  loss_mal_enc_0: 1.0771 (1.0779)  loss_bbox_enc_0: 0.3600 (0.3182)  loss_giou_enc_0: 0.9523 (0.8779)  loss_mal_dn_0: 0.7563 (0.7569)  loss_bbox_dn_0: 0.3008 (0.2936)  loss_giou_dn_0: 0.8755 (0.7772)  loss_fgl_dn_0: 1.0666 (1.1023)  loss_ddf_dn_0: 0.1335 (0.1247)  loss_mal_dn_1: 0.7412 (0.7233)  loss_bbox_dn_1: 0.2618 (0.2413)  loss_giou_dn_1: 0.7650 (0.6661)  loss_fgl_dn_1: 1.0658 (1.0915)  loss_ddf_dn_1: 0.0092 (0.0085)  loss_mal_dn_2: 0.7339 (0.7150)  loss_bbox_dn_2: 0.2552 (0.2365)  loss_giou_dn_2: 0.7559 (0.6564)  loss_fgl_dn_2: 1.0657 (1.0917)  loss_mal_dn_pre: 0.7573 (0.7568)  loss_bbox_dn_pre: 0.3010 (0.2945)  loss_giou_dn_pre: 0.8739 (0.7763)  time: 0.4582  data: 0.0438  max mem: 8248
Epoch: [56] Total time: 0:01:43 (0.5272 s / it)
Averaged stats: lr: 0.000400  loss: 25.4616 (24.4813)  loss_mal: 1.0342 (1.0349)  loss_bbox: 0.3450 (0.2976)  loss_giou: 0.9138 (0.8314)  loss_fgl: 0.9771 (1.0289)  loss_mal_aux_0: 1.0498 (1.0644)  loss_bbox_aux_0: 0.3485 (0.3039)  loss_giou_aux_0: 0.9299 (0.8472)  loss_fgl_aux_0: 0.9916 (1.0372)  loss_ddf_aux_0: 0.0236 (0.0231)  loss_mal_aux_1: 1.0312 (1.0478)  loss_bbox_aux_1: 0.3448 (0.2984)  loss_giou_aux_1: 0.9172 (0.8333)  loss_fgl_aux_1: 0.9786 (1.0291)  loss_ddf_aux_1: 0.0020 (0.0020)  loss_mal_pre: 1.0508 (1.0651)  loss_bbox_pre: 0.3486 (0.3044)  loss_giou_pre: 0.9270 (0.8459)  loss_mal_enc_0: 1.0771 (1.0779)  loss_bbox_enc_0: 0.3600 (0.3182)  loss_giou_enc_0: 0.9523 (0.8779)  loss_mal_dn_0: 0.7563 (0.7569)  loss_bbox_dn_0: 0.3008 (0.2936)  loss_giou_dn_0: 0.8755 (0.7772)  loss_fgl_dn_0: 1.0666 (1.1023)  loss_ddf_dn_0: 0.1335 (0.1247)  loss_mal_dn_1: 0.7412 (0.7233)  loss_bbox_dn_1: 0.2618 (0.2413)  loss_giou_dn_1: 0.7650 (0.6661)  loss_fgl_dn_1: 1.0658 (1.0915)  loss_ddf_dn_1: 0.0092 (0.0085)  loss_mal_dn_2: 0.7339 (0.7150)  loss_bbox_dn_2: 0.2552 (0.2365)  loss_giou_dn_2: 0.7559 (0.6564)  loss_fgl_dn_2: 1.0657 (1.0917)  loss_mal_dn_pre: 0.7573 (0.7568)  loss_bbox_dn_pre: 0.3010 (0.2945)  loss_giou_dn_pre: 0.8739 (0.7763)
Test:  [ 0/13]  eta: 0:00:41    time: 3.2074  data: 2.9954  max mem: 8248
Test:  [10/13]  eta: 0:00:01    time: 0.6126  data: 0.3515  max mem: 8248
Test:  [12/13]  eta: 0:00:00    time: 0.5535  data: 0.3038  max mem: 8248
Test: Total time: 0:00:07 (0.5602 s / it)
Averaged stats: 
Accumulating evaluation results...
COCOeval_opt.accumulate() finished...
DONE (t=0.30s).
IoU metric: bbox
 Average Precision  (AP) @[ IoU=0.50:0.95 | area=   all | maxDets=100 ] = 0.245
 Average Precision  (AP) @[ IoU=0.50      | area=   all | maxDets=100 ] = 0.523
 Average Precision  (AP) @[ IoU=0.75      | area=   all | maxDets=100 ] = 0.194
 Average Precision  (AP) @[ IoU=0.50:0.95 | area= small | maxDets=100 ] = 0.100
 Average Precision  (AP) @[ IoU=0.50:0.95 | area=medium | maxDets=100 ] = 0.206
 Average Precision  (AP) @[ IoU=0.50:0.95 | area= large | maxDets=100 ] = 0.294
 Average Recall     (AR) @[ IoU=0.50:0.95 | area=   all | maxDets=  1 ] = 0.237
 Average Recall     (AR) @[ IoU=0.50:0.95 | area=   all | maxDets= 10 ] = 0.459
 Average Recall     (AR) @[ IoU=0.50:0.95 | area=   all | maxDets=100 ] = 0.526
 Average Recall     (AR) @[ IoU=0.50:0.95 | area= small | maxDets=100 ] = 0.264
 Average Recall     (AR) @[ IoU=0.50:0.95 | area=medium | maxDets=100 ] = 0.498
 Average Recall     (AR) @[ IoU=0.50:0.95 | area= large | maxDets=100 ] = 0.615
 Average Recall     (AR) @[ IoU=0.50      | area=   all | maxDets=100 ] = 0.941
 Average Recall     (AR) @[ IoU=0.75      | area=   all | maxDets=100 ] = 0.504
best_stat: {'epoch': 56, 'coco_eval_bbox': 0.24535230061897165}
Epoch: [57]  [  0/197]  eta: 0:11:08  lr: 0.000400  loss: 25.6024 (25.6024)  loss_mal: 1.0391 (1.0391)  loss_bbox: 0.3796 (0.3796)  loss_giou: 0.8701 (0.8701)  loss_fgl: 1.0523 (1.0523)  loss_mal_aux_0: 1.0586 (1.0586)  loss_bbox_aux_0: 0.3857 (0.3857)  loss_giou_aux_0: 0.8816 (0.8816)  loss_fgl_aux_0: 1.0636 (1.0636)  loss_ddf_aux_0: 0.0226 (0.0226)  loss_mal_aux_1: 1.0430 (1.0430)  loss_bbox_aux_1: 0.3788 (0.3788)  loss_giou_aux_1: 0.8741 (0.8741)  loss_fgl_aux_1: 1.0514 (1.0514)  loss_ddf_aux_1: 0.0021 (0.0021)  loss_mal_pre: 1.0625 (1.0625)  loss_bbox_pre: 0.3835 (0.3835)  loss_giou_pre: 0.8733 (0.8733)  loss_mal_enc_0: 1.0840 (1.0840)  loss_bbox_enc_0: 0.3961 (0.3961)  loss_giou_enc_0: 0.8929 (0.8929)  loss_mal_dn_0: 0.7539 (0.7539)  loss_bbox_dn_0: 0.3633 (0.3633)  loss_giou_dn_0: 0.8247 (0.8247)  loss_fgl_dn_0: 1.0992 (1.0992)  loss_ddf_dn_0: 0.1363 (0.1363)  loss_mal_dn_1: 0.7319 (0.7319)  loss_bbox_dn_1: 0.3015 (0.3015)  loss_giou_dn_1: 0.7175 (0.7175)  loss_fgl_dn_1: 1.0991 (1.0991)  loss_ddf_dn_1: 0.0104 (0.0104)  loss_mal_dn_2: 0.7231 (0.7231)  loss_bbox_dn_2: 0.3008 (0.3008)  loss_giou_dn_2: 0.7060 (0.7060)  loss_fgl_dn_2: 1.1008 (1.1008)  loss_mal_dn_pre: 0.7544 (0.7544)  loss_bbox_dn_pre: 0.3639 (0.3639)  loss_giou_dn_pre: 0.8209 (0.8209)  time: 3.3933  data: 2.7672  max mem: 8248
Epoch: [57]  [196/197]  eta: 0:00:00  lr: 0.000400  loss: 24.3629 (24.3849)  loss_mal: 1.0527 (1.0407)  loss_bbox: 0.2546 (0.2945)  loss_giou: 0.7850 (0.8160)  loss_fgl: 0.9958 (1.0324)  loss_mal_aux_0: 1.0840 (1.0666)  loss_bbox_aux_0: 0.2580 (0.3011)  loss_giou_aux_0: 0.8073 (0.8320)  loss_fgl_aux_0: 1.0020 (1.0416)  loss_ddf_aux_0: 0.0225 (0.0241)  loss_mal_aux_1: 1.0391 (1.0487)  loss_bbox_aux_1: 0.2576 (0.2956)  loss_giou_aux_1: 0.7878 (0.8181)  loss_fgl_aux_1: 0.9943 (1.0327)  loss_ddf_aux_1: 0.0024 (0.0022)  loss_mal_pre: 1.0713 (1.0669)  loss_bbox_pre: 0.2591 (0.3015)  loss_giou_pre: 0.8064 (0.8307)  loss_mal_enc_0: 1.0723 (1.0787)  loss_bbox_enc_0: 0.2741 (0.3146)  loss_giou_enc_0: 0.8352 (0.8628)  loss_mal_dn_0: 0.7510 (0.7557)  loss_bbox_dn_0: 0.3145 (0.2953)  loss_giou_dn_0: 0.7394 (0.7707)  loss_fgl_dn_0: 1.1050 (1.1043)  loss_ddf_dn_0: 0.1202 (0.1265)  loss_mal_dn_1: 0.7197 (0.7198)  loss_bbox_dn_1: 0.2388 (0.2420)  loss_giou_dn_1: 0.6129 (0.6588)  loss_fgl_dn_1: 1.0876 (1.0913)  loss_ddf_dn_1: 0.0079 (0.0088)  loss_mal_dn_2: 0.7134 (0.7113)  loss_bbox_dn_2: 0.2304 (0.2371)  loss_giou_dn_2: 0.6049 (0.6492)  loss_fgl_dn_2: 1.0889 (1.0912)  loss_mal_dn_pre: 0.7500 (0.7556)  loss_bbox_dn_pre: 0.3148 (0.2960)  loss_giou_dn_pre: 0.7385 (0.7699)  time: 0.4942  data: 0.0521  max mem: 8248
Epoch: [57] Total time: 0:01:46 (0.5393 s / it)
Averaged stats: lr: 0.000400  loss: 24.3629 (24.3849)  loss_mal: 1.0527 (1.0407)  loss_bbox: 0.2546 (0.2945)  loss_giou: 0.7850 (0.8160)  loss_fgl: 0.9958 (1.0324)  loss_mal_aux_0: 1.0840 (1.0666)  loss_bbox_aux_0: 0.2580 (0.3011)  loss_giou_aux_0: 0.8073 (0.8320)  loss_fgl_aux_0: 1.0020 (1.0416)  loss_ddf_aux_0: 0.0225 (0.0241)  loss_mal_aux_1: 1.0391 (1.0487)  loss_bbox_aux_1: 0.2576 (0.2956)  loss_giou_aux_1: 0.7878 (0.8181)  loss_fgl_aux_1: 0.9943 (1.0327)  loss_ddf_aux_1: 0.0024 (0.0022)  loss_mal_pre: 1.0713 (1.0669)  loss_bbox_pre: 0.2591 (0.3015)  loss_giou_pre: 0.8064 (0.8307)  loss_mal_enc_0: 1.0723 (1.0787)  loss_bbox_enc_0: 0.2741 (0.3146)  loss_giou_enc_0: 0.8352 (0.8628)  loss_mal_dn_0: 0.7510 (0.7557)  loss_bbox_dn_0: 0.3145 (0.2953)  loss_giou_dn_0: 0.7394 (0.7707)  loss_fgl_dn_0: 1.1050 (1.1043)  loss_ddf_dn_0: 0.1202 (0.1265)  loss_mal_dn_1: 0.7197 (0.7198)  loss_bbox_dn_1: 0.2388 (0.2420)  loss_giou_dn_1: 0.6129 (0.6588)  loss_fgl_dn_1: 1.0876 (1.0913)  loss_ddf_dn_1: 0.0079 (0.0088)  loss_mal_dn_2: 0.7134 (0.7113)  loss_bbox_dn_2: 0.2304 (0.2371)  loss_giou_dn_2: 0.6049 (0.6492)  loss_fgl_dn_2: 1.0889 (1.0912)  loss_mal_dn_pre: 0.7500 (0.7556)  loss_bbox_dn_pre: 0.3148 (0.2960)  loss_giou_dn_pre: 0.7385 (0.7699)
Test:  [ 0/13]  eta: 0:00:44    time: 3.3962  data: 3.1431  max mem: 8248
Test:  [10/13]  eta: 0:00:01    time: 0.6436  data: 0.3844  max mem: 8248
Test:  [12/13]  eta: 0:00:00    time: 0.5880  data: 0.3389  max mem: 8248
Test: Total time: 0:00:07 (0.5959 s / it)
Averaged stats: 
Accumulating evaluation results...
COCOeval_opt.accumulate() finished...
DONE (t=0.32s).
IoU metric: bbox
 Average Precision  (AP) @[ IoU=0.50:0.95 | area=   all | maxDets=100 ] = 0.245
 Average Precision  (AP) @[ IoU=0.50      | area=   all | maxDets=100 ] = 0.522
 Average Precision  (AP) @[ IoU=0.75      | area=   all | maxDets=100 ] = 0.194
 Average Precision  (AP) @[ IoU=0.50:0.95 | area= small | maxDets=100 ] = 0.101
 Average Precision  (AP) @[ IoU=0.50:0.95 | area=medium | maxDets=100 ] = 0.206
 Average Precision  (AP) @[ IoU=0.50:0.95 | area= large | maxDets=100 ] = 0.293
 Average Recall     (AR) @[ IoU=0.50:0.95 | area=   all | maxDets=  1 ] = 0.238
 Average Recall     (AR) @[ IoU=0.50:0.95 | area=   all | maxDets= 10 ] = 0.459
 Average Recall     (AR) @[ IoU=0.50:0.95 | area=   all | maxDets=100 ] = 0.526
 Average Recall     (AR) @[ IoU=0.50:0.95 | area= small | maxDets=100 ] = 0.266
 Average Recall     (AR) @[ IoU=0.50:0.95 | area=medium | maxDets=100 ] = 0.499
 Average Recall     (AR) @[ IoU=0.50:0.95 | area= large | maxDets=100 ] = 0.615
 Average Recall     (AR) @[ IoU=0.50      | area=   all | maxDets=100 ] = 0.940
 Average Recall     (AR) @[ IoU=0.75      | area=   all | maxDets=100 ] = 0.501
best_stat: {'epoch': 56, 'coco_eval_bbox': 0.24535230061897165}
Epoch: [58]  [  0/197]  eta: 0:11:13  lr: 0.000400  loss: 22.7283 (22.7283)  loss_mal: 0.9795 (0.9795)  loss_bbox: 0.2168 (0.2168)  loss_giou: 0.6526 (0.6526)  loss_fgl: 1.1310 (1.1310)  loss_mal_aux_0: 1.0088 (1.0088)  loss_bbox_aux_0: 0.2175 (0.2175)  loss_giou_aux_0: 0.6651 (0.6651)  loss_fgl_aux_0: 1.1272 (1.1272)  loss_ddf_aux_0: 0.0305 (0.0305)  loss_mal_aux_1: 0.9824 (0.9824)  loss_bbox_aux_1: 0.2175 (0.2175)  loss_giou_aux_1: 0.6577 (0.6577)  loss_fgl_aux_1: 1.1312 (1.1312)  loss_ddf_aux_1: 0.0027 (0.0027)  loss_mal_pre: 1.0049 (1.0049)  loss_bbox_pre: 0.2184 (0.2184)  loss_giou_pre: 0.6666 (0.6666)  loss_mal_enc_0: 1.0264 (1.0264)  loss_bbox_enc_0: 0.2358 (0.2358)  loss_giou_enc_0: 0.7257 (0.7257)  loss_mal_dn_0: 0.7715 (0.7715)  loss_bbox_dn_0: 0.2245 (0.2245)  loss_giou_dn_0: 0.6662 (0.6662)  loss_fgl_dn_0: 1.1615 (1.1615)  loss_ddf_dn_0: 0.1617 (0.1617)  loss_mal_dn_1: 0.7231 (0.7231)  loss_bbox_dn_1: 0.1867 (0.1867)  loss_giou_dn_1: 0.5492 (0.5492)  loss_fgl_dn_1: 1.1398 (1.1398)  loss_ddf_dn_1: 0.0090 (0.0090)  loss_mal_dn_2: 0.7148 (0.7148)  loss_bbox_dn_2: 0.1821 (0.1821)  loss_giou_dn_2: 0.5403 (0.5403)  loss_fgl_dn_2: 1.1383 (1.1383)  loss_mal_dn_pre: 0.7705 (0.7705)  loss_bbox_dn_pre: 0.2254 (0.2254)  loss_giou_dn_pre: 0.6656 (0.6656)  time: 3.4165  data: 2.7882  max mem: 8248
Epoch: [58]  [196/197]  eta: 0:00:00  lr: 0.000400  loss: 25.3160 (24.5952)  loss_mal: 1.0479 (1.0481)  loss_bbox: 0.3381 (0.3051)  loss_giou: 0.8835 (0.8369)  loss_fgl: 0.9889 (1.0223)  loss_mal_aux_0: 1.0840 (1.0639)  loss_bbox_aux_0: 0.3368 (0.3117)  loss_giou_aux_0: 0.8872 (0.8527)  loss_fgl_aux_0: 0.9989 (1.0300)  loss_ddf_aux_0: 0.0224 (0.0240)  loss_mal_aux_1: 1.0469 (1.0510)  loss_bbox_aux_1: 0.3386 (0.3061)  loss_giou_aux_1: 0.8799 (0.8393)  loss_fgl_aux_1: 0.9897 (1.0226)  loss_ddf_aux_1: 0.0022 (0.0023)  loss_mal_pre: 1.0811 (1.0643)  loss_bbox_pre: 0.3373 (0.3123)  loss_giou_pre: 0.8859 (0.8514)  loss_mal_enc_0: 1.0830 (1.0736)  loss_bbox_enc_0: 0.3524 (0.3264)  loss_giou_enc_0: 0.9167 (0.8847)  loss_mal_dn_0: 0.7568 (0.7557)  loss_bbox_dn_0: 0.2964 (0.3021)  loss_giou_dn_0: 0.8482 (0.7873)  loss_fgl_dn_0: 1.0610 (1.0962)  loss_ddf_dn_0: 0.1217 (0.1269)  loss_mal_dn_1: 0.7368 (0.7245)  loss_bbox_dn_1: 0.2464 (0.2487)  loss_giou_dn_1: 0.7259 (0.6741)  loss_fgl_dn_1: 1.0685 (1.0866)  loss_ddf_dn_1: 0.0084 (0.0091)  loss_mal_dn_2: 0.7295 (0.7166)  loss_bbox_dn_2: 0.2443 (0.2436)  loss_giou_dn_2: 0.7126 (0.6640)  loss_fgl_dn_2: 1.0703 (1.0868)  loss_mal_dn_pre: 0.7578 (0.7558)  loss_bbox_dn_pre: 0.2977 (0.3026)  loss_giou_dn_pre: 0.8468 (0.7860)  time: 0.4759  data: 0.0439  max mem: 8248
Epoch: [58] Total time: 0:01:45 (0.5331 s / it)
Averaged stats: lr: 0.000400  loss: 25.3160 (24.5952)  loss_mal: 1.0479 (1.0481)  loss_bbox: 0.3381 (0.3051)  loss_giou: 0.8835 (0.8369)  loss_fgl: 0.9889 (1.0223)  loss_mal_aux_0: 1.0840 (1.0639)  loss_bbox_aux_0: 0.3368 (0.3117)  loss_giou_aux_0: 0.8872 (0.8527)  loss_fgl_aux_0: 0.9989 (1.0300)  loss_ddf_aux_0: 0.0224 (0.0240)  loss_mal_aux_1: 1.0469 (1.0510)  loss_bbox_aux_1: 0.3386 (0.3061)  loss_giou_aux_1: 0.8799 (0.8393)  loss_fgl_aux_1: 0.9897 (1.0226)  loss_ddf_aux_1: 0.0022 (0.0023)  loss_mal_pre: 1.0811 (1.0643)  loss_bbox_pre: 0.3373 (0.3123)  loss_giou_pre: 0.8859 (0.8514)  loss_mal_enc_0: 1.0830 (1.0736)  loss_bbox_enc_0: 0.3524 (0.3264)  loss_giou_enc_0: 0.9167 (0.8847)  loss_mal_dn_0: 0.7568 (0.7557)  loss_bbox_dn_0: 0.2964 (0.3021)  loss_giou_dn_0: 0.8482 (0.7873)  loss_fgl_dn_0: 1.0610 (1.0962)  loss_ddf_dn_0: 0.1217 (0.1269)  loss_mal_dn_1: 0.7368 (0.7245)  loss_bbox_dn_1: 0.2464 (0.2487)  loss_giou_dn_1: 0.7259 (0.6741)  loss_fgl_dn_1: 1.0685 (1.0866)  loss_ddf_dn_1: 0.0084 (0.0091)  loss_mal_dn_2: 0.7295 (0.7166)  loss_bbox_dn_2: 0.2443 (0.2436)  loss_giou_dn_2: 0.7126 (0.6640)  loss_fgl_dn_2: 1.0703 (1.0868)  loss_mal_dn_pre: 0.7578 (0.7558)  loss_bbox_dn_pre: 0.2977 (0.3026)  loss_giou_dn_pre: 0.8468 (0.7860)
Test:  [ 0/13]  eta: 0:00:36    time: 2.8383  data: 2.6127  max mem: 8248
Test:  [10/13]  eta: 0:00:01    time: 0.5765  data: 0.3238  max mem: 8248
Test:  [12/13]  eta: 0:00:00    time: 0.5218  data: 0.2801  max mem: 8248
Test: Total time: 0:00:06 (0.5285 s / it)
Averaged stats: 
Accumulating evaluation results...
COCOeval_opt.accumulate() finished...
DONE (t=0.29s).
IoU metric: bbox
 Average Precision  (AP) @[ IoU=0.50:0.95 | area=   all | maxDets=100 ] = 0.246
 Average Precision  (AP) @[ IoU=0.50      | area=   all | maxDets=100 ] = 0.524
 Average Precision  (AP) @[ IoU=0.75      | area=   all | maxDets=100 ] = 0.194
 Average Precision  (AP) @[ IoU=0.50:0.95 | area= small | maxDets=100 ] = 0.100
 Average Precision  (AP) @[ IoU=0.50:0.95 | area=medium | maxDets=100 ] = 0.207
 Average Precision  (AP) @[ IoU=0.50:0.95 | area= large | maxDets=100 ] = 0.291
 Average Recall     (AR) @[ IoU=0.50:0.95 | area=   all | maxDets=  1 ] = 0.237
 Average Recall     (AR) @[ IoU=0.50:0.95 | area=   all | maxDets= 10 ] = 0.460
 Average Recall     (AR) @[ IoU=0.50:0.95 | area=   all | maxDets=100 ] = 0.526
 Average Recall     (AR) @[ IoU=0.50:0.95 | area= small | maxDets=100 ] = 0.264
 Average Recall     (AR) @[ IoU=0.50:0.95 | area=medium | maxDets=100 ] = 0.497
 Average Recall     (AR) @[ IoU=0.50:0.95 | area= large | maxDets=100 ] = 0.616
 Average Recall     (AR) @[ IoU=0.50      | area=   all | maxDets=100 ] = 0.939
 Average Recall     (AR) @[ IoU=0.75      | area=   all | maxDets=100 ] = 0.502
best_stat: {'epoch': 58, 'coco_eval_bbox': 0.2458309026647039}
Epoch: [59]  [  0/197]  eta: 0:11:32  lr: 0.000400  loss: 25.8285 (25.8285)  loss_mal: 1.0615 (1.0615)  loss_bbox: 0.3630 (0.3630)  loss_giou: 0.9278 (0.9278)  loss_fgl: 0.9885 (0.9885)  loss_mal_aux_0: 1.0605 (1.0605)  loss_bbox_aux_0: 0.3745 (0.3745)  loss_giou_aux_0: 0.9501 (0.9501)  loss_fgl_aux_0: 0.9890 (0.9890)  loss_ddf_aux_0: 0.0188 (0.0188)  loss_mal_aux_1: 1.0752 (1.0752)  loss_bbox_aux_1: 0.3670 (0.3670)  loss_giou_aux_1: 0.9323 (0.9323)  loss_fgl_aux_1: 0.9872 (0.9872)  loss_ddf_aux_1: 0.0024 (0.0024)  loss_mal_pre: 1.0625 (1.0625)  loss_bbox_pre: 0.3761 (0.3761)  loss_giou_pre: 0.9515 (0.9515)  loss_mal_enc_0: 1.1006 (1.1006)  loss_bbox_enc_0: 0.3921 (0.3921)  loss_giou_enc_0: 0.9775 (0.9775)  loss_mal_dn_0: 0.7500 (0.7500)  loss_bbox_dn_0: 0.3802 (0.3802)  loss_giou_dn_0: 0.8630 (0.8630)  loss_fgl_dn_0: 1.0677 (1.0677)  loss_ddf_dn_0: 0.1170 (0.1170)  loss_mal_dn_1: 0.7290 (0.7290)  loss_bbox_dn_1: 0.3093 (0.3093)  loss_giou_dn_1: 0.7446 (0.7446)  loss_fgl_dn_1: 1.0719 (1.0719)  loss_ddf_dn_1: 0.0086 (0.0086)  loss_mal_dn_2: 0.7231 (0.7231)  loss_bbox_dn_2: 0.3029 (0.3029)  loss_giou_dn_2: 0.7341 (0.7341)  loss_fgl_dn_2: 1.0758 (1.0758)  loss_mal_dn_pre: 0.7500 (0.7500)  loss_bbox_dn_pre: 0.3818 (0.3818)  loss_giou_dn_pre: 0.8614 (0.8614)  time: 3.5128  data: 2.8797  max mem: 8248
Epoch: [59]  [196/197]  eta: 0:00:00  lr: 0.000400  loss: 23.9530 (24.4504)  loss_mal: 1.0283 (1.0407)  loss_bbox: 0.2618 (0.2954)  loss_giou: 0.7781 (0.8246)  loss_fgl: 1.0260 (1.0288)  loss_mal_aux_0: 1.0469 (1.0676)  loss_bbox_aux_0: 0.2661 (0.3016)  loss_giou_aux_0: 0.7956 (0.8402)  loss_fgl_aux_0: 1.0319 (1.0372)  loss_ddf_aux_0: 0.0237 (0.0236)  loss_mal_aux_1: 1.0332 (1.0482)  loss_bbox_aux_1: 0.2619 (0.2965)  loss_giou_aux_1: 0.7835 (0.8269)  loss_fgl_aux_1: 1.0262 (1.0291)  loss_ddf_aux_1: 0.0021 (0.0023)  loss_mal_pre: 1.0459 (1.0683)  loss_bbox_pre: 0.2671 (0.3021)  loss_giou_pre: 0.7960 (0.8391)  loss_mal_enc_0: 1.0811 (1.0789)  loss_bbox_enc_0: 0.2905 (0.3160)  loss_giou_enc_0: 0.8227 (0.8713)  loss_mal_dn_0: 0.7549 (0.7553)  loss_bbox_dn_0: 0.2687 (0.2964)  loss_giou_dn_0: 0.7356 (0.7792)  loss_fgl_dn_0: 1.1060 (1.0999)  loss_ddf_dn_0: 0.1184 (0.1269)  loss_mal_dn_1: 0.7222 (0.7203)  loss_bbox_dn_1: 0.2101 (0.2430)  loss_giou_dn_1: 0.6211 (0.6679)  loss_fgl_dn_1: 1.1009 (1.0880)  loss_ddf_dn_1: 0.0077 (0.0092)  loss_mal_dn_2: 0.7129 (0.7119)  loss_bbox_dn_2: 0.2056 (0.2380)  loss_giou_dn_2: 0.6182 (0.6579)  loss_fgl_dn_2: 1.1018 (1.0878)  loss_mal_dn_pre: 0.7544 (0.7551)  loss_bbox_dn_pre: 0.2689 (0.2970)  loss_giou_dn_pre: 0.7368 (0.7783)  time: 0.4706  data: 0.0368  max mem: 8248
Epoch: [59] Total time: 0:01:44 (0.5300 s / it)
Averaged stats: lr: 0.000400  loss: 23.9530 (24.4504)  loss_mal: 1.0283 (1.0407)  loss_bbox: 0.2618 (0.2954)  loss_giou: 0.7781 (0.8246)  loss_fgl: 1.0260 (1.0288)  loss_mal_aux_0: 1.0469 (1.0676)  loss_bbox_aux_0: 0.2661 (0.3016)  loss_giou_aux_0: 0.7956 (0.8402)  loss_fgl_aux_0: 1.0319 (1.0372)  loss_ddf_aux_0: 0.0237 (0.0236)  loss_mal_aux_1: 1.0332 (1.0482)  loss_bbox_aux_1: 0.2619 (0.2965)  loss_giou_aux_1: 0.7835 (0.8269)  loss_fgl_aux_1: 1.0262 (1.0291)  loss_ddf_aux_1: 0.0021 (0.0023)  loss_mal_pre: 1.0459 (1.0683)  loss_bbox_pre: 0.2671 (0.3021)  loss_giou_pre: 0.7960 (0.8391)  loss_mal_enc_0: 1.0811 (1.0789)  loss_bbox_enc_0: 0.2905 (0.3160)  loss_giou_enc_0: 0.8227 (0.8713)  loss_mal_dn_0: 0.7549 (0.7553)  loss_bbox_dn_0: 0.2687 (0.2964)  loss_giou_dn_0: 0.7356 (0.7792)  loss_fgl_dn_0: 1.1060 (1.0999)  loss_ddf_dn_0: 0.1184 (0.1269)  loss_mal_dn_1: 0.7222 (0.7203)  loss_bbox_dn_1: 0.2101 (0.2430)  loss_giou_dn_1: 0.6211 (0.6679)  loss_fgl_dn_1: 1.1009 (1.0880)  loss_ddf_dn_1: 0.0077 (0.0092)  loss_mal_dn_2: 0.7129 (0.7119)  loss_bbox_dn_2: 0.2056 (0.2380)  loss_giou_dn_2: 0.6182 (0.6579)  loss_fgl_dn_2: 1.1018 (1.0878)  loss_mal_dn_pre: 0.7544 (0.7551)  loss_bbox_dn_pre: 0.2689 (0.2970)  loss_giou_dn_pre: 0.7368 (0.7783)
Test:  [ 0/13]  eta: 0:00:35    time: 2.7537  data: 2.3944  max mem: 8248
Test:  [10/13]  eta: 0:00:01    time: 0.5573  data: 0.3001  max mem: 8248
Test:  [12/13]  eta: 0:00:00    time: 0.5055  data: 0.2602  max mem: 8248
Test: Total time: 0:00:06 (0.5126 s / it)
Averaged stats: 
Accumulating evaluation results...
COCOeval_opt.accumulate() finished...
DONE (t=0.29s).
IoU metric: bbox
 Average Precision  (AP) @[ IoU=0.50:0.95 | area=   all | maxDets=100 ] = 0.247
 Average Precision  (AP) @[ IoU=0.50      | area=   all | maxDets=100 ] = 0.524
 Average Precision  (AP) @[ IoU=0.75      | area=   all | maxDets=100 ] = 0.193
 Average Precision  (AP) @[ IoU=0.50:0.95 | area= small | maxDets=100 ] = 0.098
 Average Precision  (AP) @[ IoU=0.50:0.95 | area=medium | maxDets=100 ] = 0.208
 Average Precision  (AP) @[ IoU=0.50:0.95 | area= large | maxDets=100 ] = 0.292
 Average Recall     (AR) @[ IoU=0.50:0.95 | area=   all | maxDets=  1 ] = 0.237
 Average Recall     (AR) @[ IoU=0.50:0.95 | area=   all | maxDets= 10 ] = 0.461
 Average Recall     (AR) @[ IoU=0.50:0.95 | area=   all | maxDets=100 ] = 0.526
 Average Recall     (AR) @[ IoU=0.50:0.95 | area= small | maxDets=100 ] = 0.266
 Average Recall     (AR) @[ IoU=0.50:0.95 | area=medium | maxDets=100 ] = 0.497
 Average Recall     (AR) @[ IoU=0.50:0.95 | area= large | maxDets=100 ] = 0.617
 Average Recall     (AR) @[ IoU=0.50      | area=   all | maxDets=100 ] = 0.941
 Average Recall     (AR) @[ IoU=0.75      | area=   all | maxDets=100 ] = 0.501
best_stat: {'epoch': 59, 'coco_eval_bbox': 0.24676085917002125}
Epoch: [60]  [  0/197]  eta: 0:11:16  lr: 0.000400  loss: 25.6684 (25.6684)  loss_mal: 1.0459 (1.0459)  loss_bbox: 0.3435 (0.3435)  loss_giou: 0.9288 (0.9288)  loss_fgl: 0.9886 (0.9886)  loss_mal_aux_0: 1.0693 (1.0693)  loss_bbox_aux_0: 0.3527 (0.3527)  loss_giou_aux_0: 0.9518 (0.9518)  loss_fgl_aux_0: 0.9981 (0.9981)  loss_ddf_aux_0: 0.0236 (0.0236)  loss_mal_aux_1: 1.0400 (1.0400)  loss_bbox_aux_1: 0.3448 (0.3448)  loss_giou_aux_1: 0.9358 (0.9358)  loss_fgl_aux_1: 0.9876 (0.9876)  loss_ddf_aux_1: 0.0024 (0.0024)  loss_mal_pre: 1.0791 (1.0791)  loss_bbox_pre: 0.3517 (0.3517)  loss_giou_pre: 0.9496 (0.9496)  loss_mal_enc_0: 1.0498 (1.0498)  loss_bbox_enc_0: 0.3791 (0.3791)  loss_giou_enc_0: 0.9873 (0.9873)  loss_mal_dn_0: 0.7471 (0.7471)  loss_bbox_dn_0: 0.3537 (0.3537)  loss_giou_dn_0: 0.8868 (0.8868)  loss_fgl_dn_0: 1.0600 (1.0600)  loss_ddf_dn_0: 0.1098 (0.1098)  loss_mal_dn_1: 0.7397 (0.7397)  loss_bbox_dn_1: 0.2961 (0.2961)  loss_giou_dn_1: 0.7700 (0.7700)  loss_fgl_dn_1: 1.0591 (1.0591)  loss_ddf_dn_1: 0.0082 (0.0082)  loss_mal_dn_2: 0.7339 (0.7339)  loss_bbox_dn_2: 0.2903 (0.2903)  loss_giou_dn_2: 0.7556 (0.7556)  loss_fgl_dn_2: 1.0603 (1.0603)  loss_mal_dn_pre: 0.7476 (0.7476)  loss_bbox_dn_pre: 0.3555 (0.3555)  loss_giou_dn_pre: 0.8848 (0.8848)  time: 3.4321  data: 2.8374  max mem: 8248
Epoch: [60]  [196/197]  eta: 0:00:00  lr: 0.000400  loss: 25.0796 (24.5250)  loss_mal: 0.9941 (1.0403)  loss_bbox: 0.3177 (0.3016)  loss_giou: 0.9047 (0.8244)  loss_fgl: 0.9970 (1.0302)  loss_mal_aux_0: 1.0283 (1.0705)  loss_bbox_aux_0: 0.3233 (0.3073)  loss_giou_aux_0: 0.9189 (0.8395)  loss_fgl_aux_0: 1.0001 (1.0384)  loss_ddf_aux_0: 0.0210 (0.0228)  loss_mal_aux_1: 1.0127 (1.0505)  loss_bbox_aux_1: 0.3192 (0.3027)  loss_giou_aux_1: 0.9040 (0.8269)  loss_fgl_aux_1: 0.9965 (1.0304)  loss_ddf_aux_1: 0.0024 (0.0024)  loss_mal_pre: 1.0283 (1.0708)  loss_bbox_pre: 0.3235 (0.3076)  loss_giou_pre: 0.9196 (0.8387)  loss_mal_enc_0: 1.0537 (1.0795)  loss_bbox_enc_0: 0.3350 (0.3212)  loss_giou_enc_0: 0.9391 (0.8708)  loss_mal_dn_0: 0.7529 (0.7570)  loss_bbox_dn_0: 0.2815 (0.3022)  loss_giou_dn_0: 0.8390 (0.7785)  loss_fgl_dn_0: 1.0768 (1.1011)  loss_ddf_dn_0: 0.1236 (0.1292)  loss_mal_dn_1: 0.7339 (0.7231)  loss_bbox_dn_1: 0.2257 (0.2487)  loss_giou_dn_1: 0.7284 (0.6666)  loss_fgl_dn_1: 1.0803 (1.0900)  loss_ddf_dn_1: 0.0094 (0.0092)  loss_mal_dn_2: 0.7236 (0.7148)  loss_bbox_dn_2: 0.2239 (0.2437)  loss_giou_dn_2: 0.7202 (0.6566)  loss_fgl_dn_2: 1.0830 (1.0900)  loss_mal_dn_pre: 0.7529 (0.7570)  loss_bbox_dn_pre: 0.2822 (0.3031)  loss_giou_dn_pre: 0.8389 (0.7776)  time: 0.4856  data: 0.0473  max mem: 8248
Epoch: [60] Total time: 0:01:43 (0.5268 s / it)
Averaged stats: lr: 0.000400  loss: 25.0796 (24.5250)  loss_mal: 0.9941 (1.0403)  loss_bbox: 0.3177 (0.3016)  loss_giou: 0.9047 (0.8244)  loss_fgl: 0.9970 (1.0302)  loss_mal_aux_0: 1.0283 (1.0705)  loss_bbox_aux_0: 0.3233 (0.3073)  loss_giou_aux_0: 0.9189 (0.8395)  loss_fgl_aux_0: 1.0001 (1.0384)  loss_ddf_aux_0: 0.0210 (0.0228)  loss_mal_aux_1: 1.0127 (1.0505)  loss_bbox_aux_1: 0.3192 (0.3027)  loss_giou_aux_1: 0.9040 (0.8269)  loss_fgl_aux_1: 0.9965 (1.0304)  loss_ddf_aux_1: 0.0024 (0.0024)  loss_mal_pre: 1.0283 (1.0708)  loss_bbox_pre: 0.3235 (0.3076)  loss_giou_pre: 0.9196 (0.8387)  loss_mal_enc_0: 1.0537 (1.0795)  loss_bbox_enc_0: 0.3350 (0.3212)  loss_giou_enc_0: 0.9391 (0.8708)  loss_mal_dn_0: 0.7529 (0.7570)  loss_bbox_dn_0: 0.2815 (0.3022)  loss_giou_dn_0: 0.8390 (0.7785)  loss_fgl_dn_0: 1.0768 (1.1011)  loss_ddf_dn_0: 0.1236 (0.1292)  loss_mal_dn_1: 0.7339 (0.7231)  loss_bbox_dn_1: 0.2257 (0.2487)  loss_giou_dn_1: 0.7284 (0.6666)  loss_fgl_dn_1: 1.0803 (1.0900)  loss_ddf_dn_1: 0.0094 (0.0092)  loss_mal_dn_2: 0.7236 (0.7148)  loss_bbox_dn_2: 0.2239 (0.2437)  loss_giou_dn_2: 0.7202 (0.6566)  loss_fgl_dn_2: 1.0830 (1.0900)  loss_mal_dn_pre: 0.7529 (0.7570)  loss_bbox_dn_pre: 0.2822 (0.3031)  loss_giou_dn_pre: 0.8389 (0.7776)
Test:  [ 0/13]  eta: 0:00:38    time: 2.9917  data: 2.6286  max mem: 8248
Test:  [10/13]  eta: 0:00:01    time: 0.6067  data: 0.3296  max mem: 8248
Test:  [12/13]  eta: 0:00:00    time: 0.5415  data: 0.2852  max mem: 8248
Test: Total time: 0:00:07 (0.5490 s / it)
Averaged stats: 
Accumulating evaluation results...
COCOeval_opt.accumulate() finished...
DONE (t=0.33s).
IoU metric: bbox
 Average Precision  (AP) @[ IoU=0.50:0.95 | area=   all | maxDets=100 ] = 0.247
 Average Precision  (AP) @[ IoU=0.50      | area=   all | maxDets=100 ] = 0.523
 Average Precision  (AP) @[ IoU=0.75      | area=   all | maxDets=100 ] = 0.195
 Average Precision  (AP) @[ IoU=0.50:0.95 | area= small | maxDets=100 ] = 0.098
 Average Precision  (AP) @[ IoU=0.50:0.95 | area=medium | maxDets=100 ] = 0.209
 Average Precision  (AP) @[ IoU=0.50:0.95 | area= large | maxDets=100 ] = 0.293
 Average Recall     (AR) @[ IoU=0.50:0.95 | area=   all | maxDets=  1 ] = 0.237
 Average Recall     (AR) @[ IoU=0.50:0.95 | area=   all | maxDets= 10 ] = 0.461
 Average Recall     (AR) @[ IoU=0.50:0.95 | area=   all | maxDets=100 ] = 0.527
 Average Recall     (AR) @[ IoU=0.50:0.95 | area= small | maxDets=100 ] = 0.267
 Average Recall     (AR) @[ IoU=0.50:0.95 | area=medium | maxDets=100 ] = 0.499
 Average Recall     (AR) @[ IoU=0.50:0.95 | area= large | maxDets=100 ] = 0.618
 Average Recall     (AR) @[ IoU=0.50      | area=   all | maxDets=100 ] = 0.940
 Average Recall     (AR) @[ IoU=0.75      | area=   all | maxDets=100 ] = 0.506
best_stat: {'epoch': 60, 'coco_eval_bbox': 0.24692079464193442}
Epoch: [61]  [  0/197]  eta: 0:10:03  lr: 0.000400  loss: 23.0400 (23.0400)  loss_mal: 1.0928 (1.0928)  loss_bbox: 0.1878 (0.1878)  loss_giou: 0.6677 (0.6677)  loss_fgl: 1.1271 (1.1271)  loss_mal_aux_0: 1.1289 (1.1289)  loss_bbox_aux_0: 0.1942 (0.1942)  loss_giou_aux_0: 0.6890 (0.6890)  loss_fgl_aux_0: 1.1256 (1.1256)  loss_ddf_aux_0: 0.0168 (0.0168)  loss_mal_aux_1: 1.0908 (1.0908)  loss_bbox_aux_1: 0.1880 (0.1880)  loss_giou_aux_1: 0.6668 (0.6668)  loss_fgl_aux_1: 1.1281 (1.1281)  loss_ddf_aux_1: 0.0018 (0.0018)  loss_mal_pre: 1.1260 (1.1260)  loss_bbox_pre: 0.1931 (0.1931)  loss_giou_pre: 0.6887 (0.6887)  loss_mal_enc_0: 1.1523 (1.1523)  loss_bbox_enc_0: 0.2058 (0.2058)  loss_giou_enc_0: 0.7176 (0.7176)  loss_mal_dn_0: 0.7578 (0.7578)  loss_bbox_dn_0: 0.2086 (0.2086)  loss_giou_dn_0: 0.6900 (0.6900)  loss_fgl_dn_0: 1.1367 (1.1367)  loss_ddf_dn_0: 0.1038 (0.1038)  loss_mal_dn_1: 0.7036 (0.7036)  loss_bbox_dn_1: 0.1602 (0.1602)  loss_giou_dn_1: 0.5636 (0.5636)  loss_fgl_dn_1: 1.1268 (1.1268)  loss_ddf_dn_1: 0.0061 (0.0061)  loss_mal_dn_2: 0.6948 (0.6948)  loss_bbox_dn_2: 0.1579 (0.1579)  loss_giou_dn_2: 0.5540 (0.5540)  loss_fgl_dn_2: 1.1268 (1.1268)  loss_mal_dn_pre: 0.7583 (0.7583)  loss_bbox_dn_pre: 0.2094 (0.2094)  loss_giou_dn_pre: 0.6926 (0.6926)  time: 3.0632  data: 2.4595  max mem: 8248
Epoch: [61]  [196/197]  eta: 0:00:00  lr: 0.000400  loss: 25.6896 (24.5915)  loss_mal: 1.0039 (1.0330)  loss_bbox: 0.3473 (0.3032)  loss_giou: 0.9513 (0.8459)  loss_fgl: 0.9626 (1.0193)  loss_mal_aux_0: 1.0244 (1.0632)  loss_bbox_aux_0: 0.3469 (0.3094)  loss_giou_aux_0: 0.9670 (0.8618)  loss_fgl_aux_0: 0.9779 (1.0278)  loss_ddf_aux_0: 0.0239 (0.0235)  loss_mal_aux_1: 1.0225 (1.0467)  loss_bbox_aux_1: 0.3487 (0.3044)  loss_giou_aux_1: 0.9551 (0.8482)  loss_fgl_aux_1: 0.9638 (1.0196)  loss_ddf_aux_1: 0.0020 (0.0024)  loss_mal_pre: 1.0303 (1.0639)  loss_bbox_pre: 0.3485 (0.3101)  loss_giou_pre: 0.9625 (0.8604)  loss_mal_enc_0: 1.0381 (1.0699)  loss_bbox_enc_0: 0.3623 (0.3237)  loss_giou_enc_0: 0.9894 (0.8919)  loss_mal_dn_0: 0.7559 (0.7570)  loss_bbox_dn_0: 0.3258 (0.2988)  loss_giou_dn_0: 0.8742 (0.7882)  loss_fgl_dn_0: 1.0617 (1.0983)  loss_ddf_dn_0: 0.1228 (0.1292)  loss_mal_dn_1: 0.7334 (0.7251)  loss_bbox_dn_1: 0.2728 (0.2446)  loss_giou_dn_1: 0.7570 (0.6739)  loss_fgl_dn_1: 1.0673 (1.0876)  loss_ddf_dn_1: 0.0084 (0.0090)  loss_mal_dn_2: 0.7246 (0.7170)  loss_bbox_dn_2: 0.2680 (0.2392)  loss_giou_dn_2: 0.7497 (0.6642)  loss_fgl_dn_2: 1.0709 (1.0877)  loss_mal_dn_pre: 0.7554 (0.7568)  loss_bbox_dn_pre: 0.3276 (0.2996)  loss_giou_dn_pre: 0.8723 (0.7873)  time: 0.5407  data: 0.0494  max mem: 8281
Epoch: [61] Total time: 0:01:48 (0.5491 s / it)
Averaged stats: lr: 0.000400  loss: 25.6896 (24.5915)  loss_mal: 1.0039 (1.0330)  loss_bbox: 0.3473 (0.3032)  loss_giou: 0.9513 (0.8459)  loss_fgl: 0.9626 (1.0193)  loss_mal_aux_0: 1.0244 (1.0632)  loss_bbox_aux_0: 0.3469 (0.3094)  loss_giou_aux_0: 0.9670 (0.8618)  loss_fgl_aux_0: 0.9779 (1.0278)  loss_ddf_aux_0: 0.0239 (0.0235)  loss_mal_aux_1: 1.0225 (1.0467)  loss_bbox_aux_1: 0.3487 (0.3044)  loss_giou_aux_1: 0.9551 (0.8482)  loss_fgl_aux_1: 0.9638 (1.0196)  loss_ddf_aux_1: 0.0020 (0.0024)  loss_mal_pre: 1.0303 (1.0639)  loss_bbox_pre: 0.3485 (0.3101)  loss_giou_pre: 0.9625 (0.8604)  loss_mal_enc_0: 1.0381 (1.0699)  loss_bbox_enc_0: 0.3623 (0.3237)  loss_giou_enc_0: 0.9894 (0.8919)  loss_mal_dn_0: 0.7559 (0.7570)  loss_bbox_dn_0: 0.3258 (0.2988)  loss_giou_dn_0: 0.8742 (0.7882)  loss_fgl_dn_0: 1.0617 (1.0983)  loss_ddf_dn_0: 0.1228 (0.1292)  loss_mal_dn_1: 0.7334 (0.7251)  loss_bbox_dn_1: 0.2728 (0.2446)  loss_giou_dn_1: 0.7570 (0.6739)  loss_fgl_dn_1: 1.0673 (1.0876)  loss_ddf_dn_1: 0.0084 (0.0090)  loss_mal_dn_2: 0.7246 (0.7170)  loss_bbox_dn_2: 0.2680 (0.2392)  loss_giou_dn_2: 0.7497 (0.6642)  loss_fgl_dn_2: 1.0709 (1.0877)  loss_mal_dn_pre: 0.7554 (0.7568)  loss_bbox_dn_pre: 0.3276 (0.2996)  loss_giou_dn_pre: 0.8723 (0.7873)
Test:  [ 0/13]  eta: 0:00:42    time: 3.3019  data: 2.9374  max mem: 8281
Test:  [10/13]  eta: 0:00:01    time: 0.6104  data: 0.3421  max mem: 8281
Test:  [12/13]  eta: 0:00:00    time: 0.5524  data: 0.2957  max mem: 8281
Test: Total time: 0:00:07 (0.5594 s / it)
Averaged stats: 
Accumulating evaluation results...
COCOeval_opt.accumulate() finished...
DONE (t=0.31s).
IoU metric: bbox
 Average Precision  (AP) @[ IoU=0.50:0.95 | area=   all | maxDets=100 ] = 0.246
 Average Precision  (AP) @[ IoU=0.50      | area=   all | maxDets=100 ] = 0.522
 Average Precision  (AP) @[ IoU=0.75      | area=   all | maxDets=100 ] = 0.193
 Average Precision  (AP) @[ IoU=0.50:0.95 | area= small | maxDets=100 ] = 0.098
 Average Precision  (AP) @[ IoU=0.50:0.95 | area=medium | maxDets=100 ] = 0.209
 Average Precision  (AP) @[ IoU=0.50:0.95 | area= large | maxDets=100 ] = 0.291
 Average Recall     (AR) @[ IoU=0.50:0.95 | area=   all | maxDets=  1 ] = 0.237
 Average Recall     (AR) @[ IoU=0.50:0.95 | area=   all | maxDets= 10 ] = 0.461
 Average Recall     (AR) @[ IoU=0.50:0.95 | area=   all | maxDets=100 ] = 0.526
 Average Recall     (AR) @[ IoU=0.50:0.95 | area= small | maxDets=100 ] = 0.267
 Average Recall     (AR) @[ IoU=0.50:0.95 | area=medium | maxDets=100 ] = 0.498
 Average Recall     (AR) @[ IoU=0.50:0.95 | area= large | maxDets=100 ] = 0.618
 Average Recall     (AR) @[ IoU=0.50      | area=   all | maxDets=100 ] = 0.941
 Average Recall     (AR) @[ IoU=0.75      | area=   all | maxDets=100 ] = 0.502
best_stat: {'epoch': 60, 'coco_eval_bbox': 0.24692079464193442}
Epoch: [62]  [  0/197]  eta: 0:09:19  lr: 0.000400  loss: 22.3231 (22.3231)  loss_mal: 1.0146 (1.0146)  loss_bbox: 0.2019 (0.2019)  loss_giou: 0.6048 (0.6048)  loss_fgl: 1.1101 (1.1101)  loss_mal_aux_0: 1.0400 (1.0400)  loss_bbox_aux_0: 0.2127 (0.2127)  loss_giou_aux_0: 0.6354 (0.6354)  loss_fgl_aux_0: 1.1193 (1.1193)  loss_ddf_aux_0: 0.0243 (0.0243)  loss_mal_aux_1: 1.0312 (1.0312)  loss_bbox_aux_1: 0.2055 (0.2055)  loss_giou_aux_1: 0.6099 (0.6099)  loss_fgl_aux_1: 1.1111 (1.1111)  loss_ddf_aux_1: 0.0020 (0.0020)  loss_mal_pre: 1.0420 (1.0420)  loss_bbox_pre: 0.2127 (0.2127)  loss_giou_pre: 0.6326 (0.6326)  loss_mal_enc_0: 1.0811 (1.0811)  loss_bbox_enc_0: 0.2278 (0.2278)  loss_giou_enc_0: 0.6633 (0.6633)  loss_mal_dn_0: 0.7349 (0.7349)  loss_bbox_dn_0: 0.2593 (0.2593)  loss_giou_dn_0: 0.6357 (0.6357)  loss_fgl_dn_0: 1.1602 (1.1602)  loss_ddf_dn_0: 0.1289 (0.1289)  loss_mal_dn_1: 0.6714 (0.6714)  loss_bbox_dn_1: 0.1970 (0.1970)  loss_giou_dn_1: 0.5210 (0.5210)  loss_fgl_dn_1: 1.1175 (1.1175)  loss_ddf_dn_1: 0.0079 (0.0079)  loss_mal_dn_2: 0.6621 (0.6621)  loss_bbox_dn_2: 0.1877 (0.1877)  loss_giou_dn_2: 0.5066 (0.5066)  loss_fgl_dn_2: 1.1139 (1.1139)  loss_mal_dn_pre: 0.7358 (0.7358)  loss_bbox_dn_pre: 0.2639 (0.2639)  loss_giou_dn_pre: 0.6371 (0.6371)  time: 2.8390  data: 2.3717  max mem: 8281
Epoch: [62]  [196/197]  eta: 0:00:00  lr: 0.000400  loss: 23.4087 (24.4048)  loss_mal: 1.0273 (1.0359)  loss_bbox: 0.2437 (0.2950)  loss_giou: 0.7296 (0.8174)  loss_fgl: 1.0684 (1.0337)  loss_mal_aux_0: 1.0439 (1.0675)  loss_bbox_aux_0: 0.2488 (0.3015)  loss_giou_aux_0: 0.7445 (0.8333)  loss_fgl_aux_0: 1.0779 (1.0416)  loss_ddf_aux_0: 0.0207 (0.0231)  loss_mal_aux_1: 1.0332 (1.0515)  loss_bbox_aux_1: 0.2469 (0.2960)  loss_giou_aux_1: 0.7300 (0.8198)  loss_fgl_aux_1: 1.0685 (1.0339)  loss_ddf_aux_1: 0.0020 (0.0023)  loss_mal_pre: 1.0430 (1.0680)  loss_bbox_pre: 0.2497 (0.3018)  loss_giou_pre: 0.7392 (0.8322)  loss_mal_enc_0: 1.0586 (1.0757)  loss_bbox_enc_0: 0.2716 (0.3153)  loss_giou_enc_0: 0.7800 (0.8653)  loss_mal_dn_0: 0.7573 (0.7566)  loss_bbox_dn_0: 0.2612 (0.2949)  loss_giou_dn_0: 0.7162 (0.7730)  loss_fgl_dn_0: 1.1241 (1.1025)  loss_ddf_dn_0: 0.1178 (0.1288)  loss_mal_dn_1: 0.7124 (0.7214)  loss_bbox_dn_1: 0.2103 (0.2413)  loss_giou_dn_1: 0.5918 (0.6607)  loss_fgl_dn_1: 1.0998 (1.0903)  loss_ddf_dn_1: 0.0082 (0.0092)  loss_mal_dn_2: 0.6997 (0.7135)  loss_bbox_dn_2: 0.2041 (0.2364)  loss_giou_dn_2: 0.5833 (0.6504)  loss_fgl_dn_2: 1.0960 (1.0904)  loss_mal_dn_pre: 0.7573 (0.7563)  loss_bbox_dn_pre: 0.2627 (0.2958)  loss_giou_dn_pre: 0.7142 (0.7722)  time: 0.5155  data: 0.0536  max mem: 8281
Epoch: [62] Total time: 0:01:49 (0.5560 s / it)
Averaged stats: lr: 0.000400  loss: 23.4087 (24.4048)  loss_mal: 1.0273 (1.0359)  loss_bbox: 0.2437 (0.2950)  loss_giou: 0.7296 (0.8174)  loss_fgl: 1.0684 (1.0337)  loss_mal_aux_0: 1.0439 (1.0675)  loss_bbox_aux_0: 0.2488 (0.3015)  loss_giou_aux_0: 0.7445 (0.8333)  loss_fgl_aux_0: 1.0779 (1.0416)  loss_ddf_aux_0: 0.0207 (0.0231)  loss_mal_aux_1: 1.0332 (1.0515)  loss_bbox_aux_1: 0.2469 (0.2960)  loss_giou_aux_1: 0.7300 (0.8198)  loss_fgl_aux_1: 1.0685 (1.0339)  loss_ddf_aux_1: 0.0020 (0.0023)  loss_mal_pre: 1.0430 (1.0680)  loss_bbox_pre: 0.2497 (0.3018)  loss_giou_pre: 0.7392 (0.8322)  loss_mal_enc_0: 1.0586 (1.0757)  loss_bbox_enc_0: 0.2716 (0.3153)  loss_giou_enc_0: 0.7800 (0.8653)  loss_mal_dn_0: 0.7573 (0.7566)  loss_bbox_dn_0: 0.2612 (0.2949)  loss_giou_dn_0: 0.7162 (0.7730)  loss_fgl_dn_0: 1.1241 (1.1025)  loss_ddf_dn_0: 0.1178 (0.1288)  loss_mal_dn_1: 0.7124 (0.7214)  loss_bbox_dn_1: 0.2103 (0.2413)  loss_giou_dn_1: 0.5918 (0.6607)  loss_fgl_dn_1: 1.0998 (1.0903)  loss_ddf_dn_1: 0.0082 (0.0092)  loss_mal_dn_2: 0.6997 (0.7135)  loss_bbox_dn_2: 0.2041 (0.2364)  loss_giou_dn_2: 0.5833 (0.6504)  loss_fgl_dn_2: 1.0960 (1.0904)  loss_mal_dn_pre: 0.7573 (0.7563)  loss_bbox_dn_pre: 0.2627 (0.2958)  loss_giou_dn_pre: 0.7142 (0.7722)
Test:  [ 0/13]  eta: 0:00:36    time: 2.8058  data: 2.4129  max mem: 8281
Test:  [10/13]  eta: 0:00:01    time: 0.6162  data: 0.3313  max mem: 8281
Test:  [12/13]  eta: 0:00:00    time: 0.5574  data: 0.2867  max mem: 8281
Test: Total time: 0:00:07 (0.5660 s / it)
Averaged stats: 
Accumulating evaluation results...
COCOeval_opt.accumulate() finished...
DONE (t=0.31s).
IoU metric: bbox
 Average Precision  (AP) @[ IoU=0.50:0.95 | area=   all | maxDets=100 ] = 0.247
 Average Precision  (AP) @[ IoU=0.50      | area=   all | maxDets=100 ] = 0.525
 Average Precision  (AP) @[ IoU=0.75      | area=   all | maxDets=100 ] = 0.194
 Average Precision  (AP) @[ IoU=0.50:0.95 | area= small | maxDets=100 ] = 0.099
 Average Precision  (AP) @[ IoU=0.50:0.95 | area=medium | maxDets=100 ] = 0.208
 Average Precision  (AP) @[ IoU=0.50:0.95 | area= large | maxDets=100 ] = 0.295
 Average Recall     (AR) @[ IoU=0.50:0.95 | area=   all | maxDets=  1 ] = 0.237
 Average Recall     (AR) @[ IoU=0.50:0.95 | area=   all | maxDets= 10 ] = 0.462
 Average Recall     (AR) @[ IoU=0.50:0.95 | area=   all | maxDets=100 ] = 0.526
 Average Recall     (AR) @[ IoU=0.50:0.95 | area= small | maxDets=100 ] = 0.268
 Average Recall     (AR) @[ IoU=0.50:0.95 | area=medium | maxDets=100 ] = 0.497
 Average Recall     (AR) @[ IoU=0.50:0.95 | area= large | maxDets=100 ] = 0.617
 Average Recall     (AR) @[ IoU=0.50      | area=   all | maxDets=100 ] = 0.942
 Average Recall     (AR) @[ IoU=0.75      | area=   all | maxDets=100 ] = 0.501
best_stat: {'epoch': 60, 'coco_eval_bbox': 0.24692079464193442}
Epoch: [63]  [  0/197]  eta: 0:10:51  lr: 0.000400  loss: 25.8022 (25.8022)  loss_mal: 0.9639 (0.9639)  loss_bbox: 0.3670 (0.3670)  loss_giou: 1.0531 (1.0531)  loss_fgl: 0.9398 (0.9398)  loss_mal_aux_0: 0.9707 (0.9707)  loss_bbox_aux_0: 0.3764 (0.3764)  loss_giou_aux_0: 1.0667 (1.0667)  loss_fgl_aux_0: 0.9428 (0.9428)  loss_ddf_aux_0: 0.0196 (0.0196)  loss_mal_aux_1: 0.9624 (0.9624)  loss_bbox_aux_1: 0.3682 (0.3682)  loss_giou_aux_1: 1.0525 (1.0525)  loss_fgl_aux_1: 0.9405 (0.9405)  loss_ddf_aux_1: 0.0019 (0.0019)  loss_mal_pre: 0.9727 (0.9727)  loss_bbox_pre: 0.3787 (0.3787)  loss_giou_pre: 1.0650 (1.0650)  loss_mal_enc_0: 0.9692 (0.9692)  loss_bbox_enc_0: 0.3872 (0.3872)  loss_giou_enc_0: 1.0857 (1.0857)  loss_mal_dn_0: 0.7617 (0.7617)  loss_bbox_dn_0: 0.3003 (0.3003)  loss_giou_dn_0: 0.9164 (0.9164)  loss_fgl_dn_0: 1.0597 (1.0597)  loss_ddf_dn_0: 0.1145 (0.1145)  loss_mal_dn_1: 0.7495 (0.7495)  loss_bbox_dn_1: 0.2604 (0.2604)  loss_giou_dn_1: 0.8241 (0.8241)  loss_fgl_dn_1: 1.0623 (1.0623)  loss_ddf_dn_1: 0.0086 (0.0086)  loss_mal_dn_2: 0.7432 (0.7432)  loss_bbox_dn_2: 0.2581 (0.2581)  loss_giou_dn_2: 0.8144 (0.8144)  loss_fgl_dn_2: 1.0639 (1.0639)  loss_mal_dn_pre: 0.7617 (0.7617)  loss_bbox_dn_pre: 0.3016 (0.3016)  loss_giou_dn_pre: 0.9176 (0.9176)  time: 3.3091  data: 2.4433  max mem: 8281
Epoch: [63]  [196/197]  eta: 0:00:00  lr: 0.000400  loss: 23.3341 (24.6031)  loss_mal: 1.0225 (1.0318)  loss_bbox: 0.2410 (0.3054)  loss_giou: 0.7123 (0.8450)  loss_fgl: 1.0713 (1.0208)  loss_mal_aux_0: 1.0420 (1.0598)  loss_bbox_aux_0: 0.2482 (0.3121)  loss_giou_aux_0: 0.7243 (0.8609)  loss_fgl_aux_0: 1.0817 (1.0297)  loss_ddf_aux_0: 0.0250 (0.0243)  loss_mal_aux_1: 1.0137 (1.0440)  loss_bbox_aux_1: 0.2427 (0.3065)  loss_giou_aux_1: 0.7146 (0.8475)  loss_fgl_aux_1: 1.0721 (1.0211)  loss_ddf_aux_1: 0.0023 (0.0024)  loss_mal_pre: 1.0371 (1.0607)  loss_bbox_pre: 0.2492 (0.3125)  loss_giou_pre: 0.7243 (0.8596)  loss_mal_enc_0: 1.0498 (1.0683)  loss_bbox_enc_0: 0.2670 (0.3266)  loss_giou_enc_0: 0.7774 (0.8915)  loss_mal_dn_0: 0.7500 (0.7545)  loss_bbox_dn_0: 0.2527 (0.3013)  loss_giou_dn_0: 0.7141 (0.7885)  loss_fgl_dn_0: 1.1298 (1.0984)  loss_ddf_dn_0: 0.1372 (0.1286)  loss_mal_dn_1: 0.7051 (0.7228)  loss_bbox_dn_1: 0.2075 (0.2478)  loss_giou_dn_1: 0.5898 (0.6763)  loss_fgl_dn_1: 1.0987 (1.0887)  loss_ddf_dn_1: 0.0085 (0.0094)  loss_mal_dn_2: 0.6948 (0.7149)  loss_bbox_dn_2: 0.2042 (0.2426)  loss_giou_dn_2: 0.5822 (0.6663)  loss_fgl_dn_2: 1.0966 (1.0885)  loss_mal_dn_pre: 0.7500 (0.7544)  loss_bbox_dn_pre: 0.2523 (0.3021)  loss_giou_dn_pre: 0.7115 (0.7875)  time: 0.4879  data: 0.0503  max mem: 8281
Epoch: [63] Total time: 0:01:47 (0.5473 s / it)
Averaged stats: lr: 0.000400  loss: 23.3341 (24.6031)  loss_mal: 1.0225 (1.0318)  loss_bbox: 0.2410 (0.3054)  loss_giou: 0.7123 (0.8450)  loss_fgl: 1.0713 (1.0208)  loss_mal_aux_0: 1.0420 (1.0598)  loss_bbox_aux_0: 0.2482 (0.3121)  loss_giou_aux_0: 0.7243 (0.8609)  loss_fgl_aux_0: 1.0817 (1.0297)  loss_ddf_aux_0: 0.0250 (0.0243)  loss_mal_aux_1: 1.0137 (1.0440)  loss_bbox_aux_1: 0.2427 (0.3065)  loss_giou_aux_1: 0.7146 (0.8475)  loss_fgl_aux_1: 1.0721 (1.0211)  loss_ddf_aux_1: 0.0023 (0.0024)  loss_mal_pre: 1.0371 (1.0607)  loss_bbox_pre: 0.2492 (0.3125)  loss_giou_pre: 0.7243 (0.8596)  loss_mal_enc_0: 1.0498 (1.0683)  loss_bbox_enc_0: 0.2670 (0.3266)  loss_giou_enc_0: 0.7774 (0.8915)  loss_mal_dn_0: 0.7500 (0.7545)  loss_bbox_dn_0: 0.2527 (0.3013)  loss_giou_dn_0: 0.7141 (0.7885)  loss_fgl_dn_0: 1.1298 (1.0984)  loss_ddf_dn_0: 0.1372 (0.1286)  loss_mal_dn_1: 0.7051 (0.7228)  loss_bbox_dn_1: 0.2075 (0.2478)  loss_giou_dn_1: 0.5898 (0.6763)  loss_fgl_dn_1: 1.0987 (1.0887)  loss_ddf_dn_1: 0.0085 (0.0094)  loss_mal_dn_2: 0.6948 (0.7149)  loss_bbox_dn_2: 0.2042 (0.2426)  loss_giou_dn_2: 0.5822 (0.6663)  loss_fgl_dn_2: 1.0966 (1.0885)  loss_mal_dn_pre: 0.7500 (0.7544)  loss_bbox_dn_pre: 0.2523 (0.3021)  loss_giou_dn_pre: 0.7115 (0.7875)
Test:  [ 0/13]  eta: 0:00:44    time: 3.4244  data: 3.0599  max mem: 8281
Test:  [10/13]  eta: 0:00:01    time: 0.6257  data: 0.3596  max mem: 8281
Test:  [12/13]  eta: 0:00:00    time: 0.5569  data: 0.3104  max mem: 8281
Test: Total time: 0:00:07 (0.5626 s / it)
Averaged stats: 
Accumulating evaluation results...
COCOeval_opt.accumulate() finished...
DONE (t=0.29s).
IoU metric: bbox
 Average Precision  (AP) @[ IoU=0.50:0.95 | area=   all | maxDets=100 ] = 0.246
 Average Precision  (AP) @[ IoU=0.50      | area=   all | maxDets=100 ] = 0.523
 Average Precision  (AP) @[ IoU=0.75      | area=   all | maxDets=100 ] = 0.195
 Average Precision  (AP) @[ IoU=0.50:0.95 | area= small | maxDets=100 ] = 0.098
 Average Precision  (AP) @[ IoU=0.50:0.95 | area=medium | maxDets=100 ] = 0.207
 Average Precision  (AP) @[ IoU=0.50:0.95 | area= large | maxDets=100 ] = 0.296
 Average Recall     (AR) @[ IoU=0.50:0.95 | area=   all | maxDets=  1 ] = 0.238
 Average Recall     (AR) @[ IoU=0.50:0.95 | area=   all | maxDets= 10 ] = 0.461
 Average Recall     (AR) @[ IoU=0.50:0.95 | area=   all | maxDets=100 ] = 0.526
 Average Recall     (AR) @[ IoU=0.50:0.95 | area= small | maxDets=100 ] = 0.265
 Average Recall     (AR) @[ IoU=0.50:0.95 | area=medium | maxDets=100 ] = 0.497
 Average Recall     (AR) @[ IoU=0.50:0.95 | area= large | maxDets=100 ] = 0.619
 Average Recall     (AR) @[ IoU=0.50      | area=   all | maxDets=100 ] = 0.941
 Average Recall     (AR) @[ IoU=0.75      | area=   all | maxDets=100 ] = 0.505
best_stat: {'epoch': 60, 'coco_eval_bbox': 0.24692079464193442}
Epoch: [64]  [  0/197]  eta: 0:08:35  lr: 0.000400  loss: 23.5959 (23.5959)  loss_mal: 1.0225 (1.0225)  loss_bbox: 0.2779 (0.2779)  loss_giou: 0.7157 (0.7157)  loss_fgl: 1.0894 (1.0894)  loss_mal_aux_0: 1.0518 (1.0518)  loss_bbox_aux_0: 0.2856 (0.2856)  loss_giou_aux_0: 0.7358 (0.7358)  loss_fgl_aux_0: 1.0967 (1.0967)  loss_ddf_aux_0: 0.0241 (0.0241)  loss_mal_aux_1: 1.0439 (1.0439)  loss_bbox_aux_1: 0.2806 (0.2806)  loss_giou_aux_1: 0.7214 (0.7214)  loss_fgl_aux_1: 1.0901 (1.0901)  loss_ddf_aux_1: 0.0023 (0.0023)  loss_mal_pre: 1.0547 (1.0547)  loss_bbox_pre: 0.2836 (0.2836)  loss_giou_pre: 0.7321 (0.7321)  loss_mal_enc_0: 1.0723 (1.0723)  loss_bbox_enc_0: 0.2988 (0.2988)  loss_giou_enc_0: 0.7675 (0.7675)  loss_mal_dn_0: 0.7622 (0.7622)  loss_bbox_dn_0: 0.2846 (0.2846)  loss_giou_dn_0: 0.6973 (0.6973)  loss_fgl_dn_0: 1.1356 (1.1356)  loss_ddf_dn_0: 0.1465 (0.1465)  loss_mal_dn_1: 0.7080 (0.7080)  loss_bbox_dn_1: 0.2145 (0.2145)  loss_giou_dn_1: 0.5655 (0.5655)  loss_fgl_dn_1: 1.1140 (1.1140)  loss_ddf_dn_1: 0.0092 (0.0092)  loss_mal_dn_2: 0.6943 (0.6943)  loss_bbox_dn_2: 0.2079 (0.2079)  loss_giou_dn_2: 0.5551 (0.5551)  loss_fgl_dn_2: 1.1113 (1.1113)  loss_mal_dn_pre: 0.7607 (0.7607)  loss_bbox_dn_pre: 0.2854 (0.2854)  loss_giou_dn_pre: 0.6971 (0.6971)  time: 2.6186  data: 1.9336  max mem: 8281
Epoch: [64]  [196/197]  eta: 0:00:00  lr: 0.000400  loss: 24.6602 (24.3637)  loss_mal: 0.9980 (1.0288)  loss_bbox: 0.3174 (0.2964)  loss_giou: 0.8842 (0.8252)  loss_fgl: 0.9633 (1.0273)  loss_mal_aux_0: 1.0264 (1.0545)  loss_bbox_aux_0: 0.3234 (0.3028)  loss_giou_aux_0: 0.9007 (0.8410)  loss_fgl_aux_0: 0.9622 (1.0358)  loss_ddf_aux_0: 0.0234 (0.0234)  loss_mal_aux_1: 1.0117 (1.0382)  loss_bbox_aux_1: 0.3178 (0.2974)  loss_giou_aux_1: 0.8830 (0.8275)  loss_fgl_aux_1: 0.9615 (1.0276)  loss_ddf_aux_1: 0.0022 (0.0023)  loss_mal_pre: 1.0283 (1.0550)  loss_bbox_pre: 0.3232 (0.3033)  loss_giou_pre: 0.8977 (0.8397)  loss_mal_enc_0: 1.0264 (1.0609)  loss_bbox_enc_0: 0.3323 (0.3169)  loss_giou_enc_0: 0.9245 (0.8726)  loss_mal_dn_0: 0.7485 (0.7550)  loss_bbox_dn_0: 0.2917 (0.2945)  loss_giou_dn_0: 0.8215 (0.7725)  loss_fgl_dn_0: 1.0661 (1.1014)  loss_ddf_dn_0: 0.1254 (0.1312)  loss_mal_dn_1: 0.7139 (0.7201)  loss_bbox_dn_1: 0.2439 (0.2420)  loss_giou_dn_1: 0.7053 (0.6617)  loss_fgl_dn_1: 1.0696 (1.0888)  loss_ddf_dn_1: 0.0086 (0.0094)  loss_mal_dn_2: 0.7095 (0.7116)  loss_bbox_dn_2: 0.2379 (0.2369)  loss_giou_dn_2: 0.6991 (0.6515)  loss_fgl_dn_2: 1.0703 (1.0886)  loss_mal_dn_pre: 0.7485 (0.7548)  loss_bbox_dn_pre: 0.2922 (0.2954)  loss_giou_dn_pre: 0.8192 (0.7717)  time: 0.5104  data: 0.0490  max mem: 8281
Epoch: [64] Total time: 0:01:49 (0.5549 s / it)
Averaged stats: lr: 0.000400  loss: 24.6602 (24.3637)  loss_mal: 0.9980 (1.0288)  loss_bbox: 0.3174 (0.2964)  loss_giou: 0.8842 (0.8252)  loss_fgl: 0.9633 (1.0273)  loss_mal_aux_0: 1.0264 (1.0545)  loss_bbox_aux_0: 0.3234 (0.3028)  loss_giou_aux_0: 0.9007 (0.8410)  loss_fgl_aux_0: 0.9622 (1.0358)  loss_ddf_aux_0: 0.0234 (0.0234)  loss_mal_aux_1: 1.0117 (1.0382)  loss_bbox_aux_1: 0.3178 (0.2974)  loss_giou_aux_1: 0.8830 (0.8275)  loss_fgl_aux_1: 0.9615 (1.0276)  loss_ddf_aux_1: 0.0022 (0.0023)  loss_mal_pre: 1.0283 (1.0550)  loss_bbox_pre: 0.3232 (0.3033)  loss_giou_pre: 0.8977 (0.8397)  loss_mal_enc_0: 1.0264 (1.0609)  loss_bbox_enc_0: 0.3323 (0.3169)  loss_giou_enc_0: 0.9245 (0.8726)  loss_mal_dn_0: 0.7485 (0.7550)  loss_bbox_dn_0: 0.2917 (0.2945)  loss_giou_dn_0: 0.8215 (0.7725)  loss_fgl_dn_0: 1.0661 (1.1014)  loss_ddf_dn_0: 0.1254 (0.1312)  loss_mal_dn_1: 0.7139 (0.7201)  loss_bbox_dn_1: 0.2439 (0.2420)  loss_giou_dn_1: 0.7053 (0.6617)  loss_fgl_dn_1: 1.0696 (1.0888)  loss_ddf_dn_1: 0.0086 (0.0094)  loss_mal_dn_2: 0.7095 (0.7116)  loss_bbox_dn_2: 0.2379 (0.2369)  loss_giou_dn_2: 0.6991 (0.6515)  loss_fgl_dn_2: 1.0703 (1.0886)  loss_mal_dn_pre: 0.7485 (0.7548)  loss_bbox_dn_pre: 0.2922 (0.2954)  loss_giou_dn_pre: 0.8192 (0.7717)
Test:  [ 0/13]  eta: 0:00:38    time: 2.9309  data: 2.5531  max mem: 8281
Test:  [10/13]  eta: 0:00:01    time: 0.6020  data: 0.3256  max mem: 8281
Test:  [12/13]  eta: 0:00:00    time: 0.5385  data: 0.2821  max mem: 8281
Test: Total time: 0:00:07 (0.5468 s / it)
Averaged stats: 
Accumulating evaluation results...
COCOeval_opt.accumulate() finished...
DONE (t=0.34s).
IoU metric: bbox
 Average Precision  (AP) @[ IoU=0.50:0.95 | area=   all | maxDets=100 ] = 0.246
 Average Precision  (AP) @[ IoU=0.50      | area=   all | maxDets=100 ] = 0.523
 Average Precision  (AP) @[ IoU=0.75      | area=   all | maxDets=100 ] = 0.194
 Average Precision  (AP) @[ IoU=0.50:0.95 | area= small | maxDets=100 ] = 0.098
 Average Precision  (AP) @[ IoU=0.50:0.95 | area=medium | maxDets=100 ] = 0.207
 Average Precision  (AP) @[ IoU=0.50:0.95 | area= large | maxDets=100 ] = 0.296
 Average Recall     (AR) @[ IoU=0.50:0.95 | area=   all | maxDets=  1 ] = 0.238
 Average Recall     (AR) @[ IoU=0.50:0.95 | area=   all | maxDets= 10 ] = 0.461
 Average Recall     (AR) @[ IoU=0.50:0.95 | area=   all | maxDets=100 ] = 0.527
 Average Recall     (AR) @[ IoU=0.50:0.95 | area= small | maxDets=100 ] = 0.267
 Average Recall     (AR) @[ IoU=0.50:0.95 | area=medium | maxDets=100 ] = 0.499
 Average Recall     (AR) @[ IoU=0.50:0.95 | area= large | maxDets=100 ] = 0.618
 Average Recall     (AR) @[ IoU=0.50      | area=   all | maxDets=100 ] = 0.943
 Average Recall     (AR) @[ IoU=0.75      | area=   all | maxDets=100 ] = 0.506
best_stat: {'epoch': 60, 'coco_eval_bbox': 0.24692079464193442}
Epoch: [65]  [  0/197]  eta: 0:11:07  lr: 0.000400  loss: 22.6912 (22.6912)  loss_mal: 0.9819 (0.9819)  loss_bbox: 0.2427 (0.2427)  loss_giou: 0.6755 (0.6755)  loss_fgl: 1.0655 (1.0655)  loss_mal_aux_0: 1.0176 (1.0176)  loss_bbox_aux_0: 0.2498 (0.2498)  loss_giou_aux_0: 0.6981 (0.6981)  loss_fgl_aux_0: 1.0879 (1.0879)  loss_ddf_aux_0: 0.0369 (0.0369)  loss_mal_aux_1: 0.9893 (0.9893)  loss_bbox_aux_1: 0.2441 (0.2441)  loss_giou_aux_1: 0.6792 (0.6792)  loss_fgl_aux_1: 1.0666 (1.0666)  loss_ddf_aux_1: 0.0032 (0.0032)  loss_mal_pre: 0.9995 (0.9995)  loss_bbox_pre: 0.2535 (0.2535)  loss_giou_pre: 0.6990 (0.6990)  loss_mal_enc_0: 1.0420 (1.0420)  loss_bbox_enc_0: 0.2663 (0.2663)  loss_giou_enc_0: 0.7523 (0.7523)  loss_mal_dn_0: 0.7573 (0.7573)  loss_bbox_dn_0: 0.2583 (0.2583)  loss_giou_dn_0: 0.6146 (0.6146)  loss_fgl_dn_0: 1.1611 (1.1611)  loss_ddf_dn_0: 0.1634 (0.1634)  loss_mal_dn_1: 0.6846 (0.6846)  loss_bbox_dn_1: 0.2163 (0.2163)  loss_giou_dn_1: 0.5154 (0.5154)  loss_fgl_dn_1: 1.1220 (1.1220)  loss_ddf_dn_1: 0.0094 (0.0094)  loss_mal_dn_2: 0.6748 (0.6748)  loss_bbox_dn_2: 0.2073 (0.2073)  loss_giou_dn_2: 0.5042 (0.5042)  loss_fgl_dn_2: 1.1199 (1.1199)  loss_mal_dn_pre: 0.7568 (0.7568)  loss_bbox_dn_pre: 0.2596 (0.2596)  loss_giou_dn_pre: 0.6152 (0.6152)  time: 3.3886  data: 2.8665  max mem: 8281
Epoch: [65]  [196/197]  eta: 0:00:00  lr: 0.000400  loss: 23.1802 (24.3611)  loss_mal: 1.0039 (1.0331)  loss_bbox: 0.2593 (0.2954)  loss_giou: 0.7303 (0.8212)  loss_fgl: 1.0508 (1.0298)  loss_mal_aux_0: 1.0420 (1.0539)  loss_bbox_aux_0: 0.2661 (0.3021)  loss_giou_aux_0: 0.7421 (0.8376)  loss_fgl_aux_0: 1.0609 (1.0386)  loss_ddf_aux_0: 0.0237 (0.0242)  loss_mal_aux_1: 1.0107 (1.0404)  loss_bbox_aux_1: 0.2602 (0.2965)  loss_giou_aux_1: 0.7335 (0.8240)  loss_fgl_aux_1: 1.0524 (1.0299)  loss_ddf_aux_1: 0.0024 (0.0025)  loss_mal_pre: 1.0381 (1.0546)  loss_bbox_pre: 0.2651 (0.3026)  loss_giou_pre: 0.7398 (0.8364)  loss_mal_enc_0: 1.0732 (1.0648)  loss_bbox_enc_0: 0.2814 (0.3168)  loss_giou_enc_0: 0.7854 (0.8686)  loss_mal_dn_0: 0.7524 (0.7563)  loss_bbox_dn_0: 0.2634 (0.2946)  loss_giou_dn_0: 0.6873 (0.7715)  loss_fgl_dn_0: 1.1321 (1.1046)  loss_ddf_dn_0: 0.1257 (0.1323)  loss_mal_dn_1: 0.7065 (0.7205)  loss_bbox_dn_1: 0.2115 (0.2407)  loss_giou_dn_1: 0.5612 (0.6581)  loss_fgl_dn_1: 1.1051 (1.0911)  loss_ddf_dn_1: 0.0096 (0.0094)  loss_mal_dn_2: 0.6943 (0.7122)  loss_bbox_dn_2: 0.2076 (0.2355)  loss_giou_dn_2: 0.5513 (0.6479)  loss_fgl_dn_2: 1.1026 (1.0909)  loss_mal_dn_pre: 0.7534 (0.7563)  loss_bbox_dn_pre: 0.2647 (0.2953)  loss_giou_dn_pre: 0.6886 (0.7706)  time: 0.4735  data: 0.0464  max mem: 8281
Epoch: [65] Total time: 0:01:45 (0.5336 s / it)
Averaged stats: lr: 0.000400  loss: 23.1802 (24.3611)  loss_mal: 1.0039 (1.0331)  loss_bbox: 0.2593 (0.2954)  loss_giou: 0.7303 (0.8212)  loss_fgl: 1.0508 (1.0298)  loss_mal_aux_0: 1.0420 (1.0539)  loss_bbox_aux_0: 0.2661 (0.3021)  loss_giou_aux_0: 0.7421 (0.8376)  loss_fgl_aux_0: 1.0609 (1.0386)  loss_ddf_aux_0: 0.0237 (0.0242)  loss_mal_aux_1: 1.0107 (1.0404)  loss_bbox_aux_1: 0.2602 (0.2965)  loss_giou_aux_1: 0.7335 (0.8240)  loss_fgl_aux_1: 1.0524 (1.0299)  loss_ddf_aux_1: 0.0024 (0.0025)  loss_mal_pre: 1.0381 (1.0546)  loss_bbox_pre: 0.2651 (0.3026)  loss_giou_pre: 0.7398 (0.8364)  loss_mal_enc_0: 1.0732 (1.0648)  loss_bbox_enc_0: 0.2814 (0.3168)  loss_giou_enc_0: 0.7854 (0.8686)  loss_mal_dn_0: 0.7524 (0.7563)  loss_bbox_dn_0: 0.2634 (0.2946)  loss_giou_dn_0: 0.6873 (0.7715)  loss_fgl_dn_0: 1.1321 (1.1046)  loss_ddf_dn_0: 0.1257 (0.1323)  loss_mal_dn_1: 0.7065 (0.7205)  loss_bbox_dn_1: 0.2115 (0.2407)  loss_giou_dn_1: 0.5612 (0.6581)  loss_fgl_dn_1: 1.1051 (1.0911)  loss_ddf_dn_1: 0.0096 (0.0094)  loss_mal_dn_2: 0.6943 (0.7122)  loss_bbox_dn_2: 0.2076 (0.2355)  loss_giou_dn_2: 0.5513 (0.6479)  loss_fgl_dn_2: 1.1026 (1.0909)  loss_mal_dn_pre: 0.7534 (0.7563)  loss_bbox_dn_pre: 0.2647 (0.2953)  loss_giou_dn_pre: 0.6886 (0.7706)
Test:  [ 0/13]  eta: 0:00:41    time: 3.1618  data: 2.7902  max mem: 8281
Test:  [10/13]  eta: 0:00:01    time: 0.5930  data: 0.3250  max mem: 8281
Test:  [12/13]  eta: 0:00:00    time: 0.5440  data: 0.2889  max mem: 8281
Test: Total time: 0:00:07 (0.5512 s / it)
Averaged stats: 
Accumulating evaluation results...
COCOeval_opt.accumulate() finished...
DONE (t=0.33s).
IoU metric: bbox
 Average Precision  (AP) @[ IoU=0.50:0.95 | area=   all | maxDets=100 ] = 0.247
 Average Precision  (AP) @[ IoU=0.50      | area=   all | maxDets=100 ] = 0.524
 Average Precision  (AP) @[ IoU=0.75      | area=   all | maxDets=100 ] = 0.195
 Average Precision  (AP) @[ IoU=0.50:0.95 | area= small | maxDets=100 ] = 0.099
 Average Precision  (AP) @[ IoU=0.50:0.95 | area=medium | maxDets=100 ] = 0.207
 Average Precision  (AP) @[ IoU=0.50:0.95 | area= large | maxDets=100 ] = 0.298
 Average Recall     (AR) @[ IoU=0.50:0.95 | area=   all | maxDets=  1 ] = 0.239
 Average Recall     (AR) @[ IoU=0.50:0.95 | area=   all | maxDets= 10 ] = 0.461
 Average Recall     (AR) @[ IoU=0.50:0.95 | area=   all | maxDets=100 ] = 0.528
 Average Recall     (AR) @[ IoU=0.50:0.95 | area= small | maxDets=100 ] = 0.267
 Average Recall     (AR) @[ IoU=0.50:0.95 | area=medium | maxDets=100 ] = 0.500
 Average Recall     (AR) @[ IoU=0.50:0.95 | area= large | maxDets=100 ] = 0.616
 Average Recall     (AR) @[ IoU=0.50      | area=   all | maxDets=100 ] = 0.942
 Average Recall     (AR) @[ IoU=0.75      | area=   all | maxDets=100 ] = 0.507
best_stat: {'epoch': 65, 'coco_eval_bbox': 0.24699551078799759}
Epoch: [66]  [  0/197]  eta: 0:09:48  lr: 0.000400  loss: 23.2630 (23.2630)  loss_mal: 1.0254 (1.0254)  loss_bbox: 0.2680 (0.2680)  loss_giou: 0.6681 (0.6681)  loss_fgl: 1.0743 (1.0743)  loss_mal_aux_0: 1.0479 (1.0479)  loss_bbox_aux_0: 0.2742 (0.2742)  loss_giou_aux_0: 0.6896 (0.6896)  loss_fgl_aux_0: 1.0822 (1.0822)  loss_ddf_aux_0: 0.0263 (0.0263)  loss_mal_aux_1: 1.0449 (1.0449)  loss_bbox_aux_1: 0.2705 (0.2705)  loss_giou_aux_1: 0.6707 (0.6707)  loss_fgl_aux_1: 1.0774 (1.0774)  loss_ddf_aux_1: 0.0034 (0.0034)  loss_mal_pre: 1.0498 (1.0498)  loss_bbox_pre: 0.2760 (0.2760)  loss_giou_pre: 0.6880 (0.6880)  loss_mal_enc_0: 1.0889 (1.0889)  loss_bbox_enc_0: 0.3179 (0.3179)  loss_giou_enc_0: 0.7400 (0.7400)  loss_mal_dn_0: 0.7627 (0.7627)  loss_bbox_dn_0: 0.2905 (0.2905)  loss_giou_dn_0: 0.6384 (0.6384)  loss_fgl_dn_0: 1.1450 (1.1450)  loss_ddf_dn_0: 0.1335 (0.1335)  loss_mal_dn_1: 0.7134 (0.7134)  loss_bbox_dn_1: 0.2440 (0.2440)  loss_giou_dn_1: 0.5418 (0.5418)  loss_fgl_dn_1: 1.1199 (1.1199)  loss_ddf_dn_1: 0.0089 (0.0089)  loss_mal_dn_2: 0.7080 (0.7080)  loss_bbox_dn_2: 0.2352 (0.2352)  loss_giou_dn_2: 0.5336 (0.5336)  loss_fgl_dn_2: 1.1154 (1.1154)  loss_mal_dn_pre: 0.7627 (0.7627)  loss_bbox_dn_pre: 0.2895 (0.2895)  loss_giou_dn_pre: 0.6374 (0.6374)  time: 2.9857  data: 2.4672  max mem: 8281
Epoch: [66]  [196/197]  eta: 0:00:00  lr: 0.000400  loss: 25.0592 (24.5712)  loss_mal: 1.0215 (1.0368)  loss_bbox: 0.3215 (0.3051)  loss_giou: 0.8810 (0.8432)  loss_fgl: 0.9845 (1.0174)  loss_mal_aux_0: 1.0508 (1.0590)  loss_bbox_aux_0: 0.3307 (0.3114)  loss_giou_aux_0: 0.8975 (0.8590)  loss_fgl_aux_0: 0.9904 (1.0255)  loss_ddf_aux_0: 0.0261 (0.0244)  loss_mal_aux_1: 1.0342 (1.0456)  loss_bbox_aux_1: 0.3205 (0.3063)  loss_giou_aux_1: 0.8845 (0.8458)  loss_fgl_aux_1: 0.9848 (1.0177)  loss_ddf_aux_1: 0.0025 (0.0026)  loss_mal_pre: 1.0527 (1.0595)  loss_bbox_pre: 0.3299 (0.3116)  loss_giou_pre: 0.8986 (0.8580)  loss_mal_enc_0: 1.0391 (1.0704)  loss_bbox_enc_0: 0.3496 (0.3258)  loss_giou_enc_0: 0.9227 (0.8893)  loss_mal_dn_0: 0.7563 (0.7566)  loss_bbox_dn_0: 0.2941 (0.2986)  loss_giou_dn_0: 0.8295 (0.7876)  loss_fgl_dn_0: 1.0661 (1.0951)  loss_ddf_dn_0: 0.1449 (0.1302)  loss_mal_dn_1: 0.7271 (0.7240)  loss_bbox_dn_1: 0.2526 (0.2449)  loss_giou_dn_1: 0.7088 (0.6759)  loss_fgl_dn_1: 1.0698 (1.0851)  loss_ddf_dn_1: 0.0095 (0.0096)  loss_mal_dn_2: 0.7222 (0.7162)  loss_bbox_dn_2: 0.2487 (0.2396)  loss_giou_dn_2: 0.6981 (0.6654)  loss_fgl_dn_2: 1.0706 (1.0852)  loss_mal_dn_pre: 0.7568 (0.7566)  loss_bbox_dn_pre: 0.2947 (0.2993)  loss_giou_dn_pre: 0.8276 (0.7868)  time: 0.5149  data: 0.0548  max mem: 8281
Epoch: [66] Total time: 0:01:48 (0.5521 s / it)
Averaged stats: lr: 0.000400  loss: 25.0592 (24.5712)  loss_mal: 1.0215 (1.0368)  loss_bbox: 0.3215 (0.3051)  loss_giou: 0.8810 (0.8432)  loss_fgl: 0.9845 (1.0174)  loss_mal_aux_0: 1.0508 (1.0590)  loss_bbox_aux_0: 0.3307 (0.3114)  loss_giou_aux_0: 0.8975 (0.8590)  loss_fgl_aux_0: 0.9904 (1.0255)  loss_ddf_aux_0: 0.0261 (0.0244)  loss_mal_aux_1: 1.0342 (1.0456)  loss_bbox_aux_1: 0.3205 (0.3063)  loss_giou_aux_1: 0.8845 (0.8458)  loss_fgl_aux_1: 0.9848 (1.0177)  loss_ddf_aux_1: 0.0025 (0.0026)  loss_mal_pre: 1.0527 (1.0595)  loss_bbox_pre: 0.3299 (0.3116)  loss_giou_pre: 0.8986 (0.8580)  loss_mal_enc_0: 1.0391 (1.0704)  loss_bbox_enc_0: 0.3496 (0.3258)  loss_giou_enc_0: 0.9227 (0.8893)  loss_mal_dn_0: 0.7563 (0.7566)  loss_bbox_dn_0: 0.2941 (0.2986)  loss_giou_dn_0: 0.8295 (0.7876)  loss_fgl_dn_0: 1.0661 (1.0951)  loss_ddf_dn_0: 0.1449 (0.1302)  loss_mal_dn_1: 0.7271 (0.7240)  loss_bbox_dn_1: 0.2526 (0.2449)  loss_giou_dn_1: 0.7088 (0.6759)  loss_fgl_dn_1: 1.0698 (1.0851)  loss_ddf_dn_1: 0.0095 (0.0096)  loss_mal_dn_2: 0.7222 (0.7162)  loss_bbox_dn_2: 0.2487 (0.2396)  loss_giou_dn_2: 0.6981 (0.6654)  loss_fgl_dn_2: 1.0706 (1.0852)  loss_mal_dn_pre: 0.7568 (0.7566)  loss_bbox_dn_pre: 0.2947 (0.2993)  loss_giou_dn_pre: 0.8276 (0.7868)
Test:  [ 0/13]  eta: 0:00:41    time: 3.1817  data: 2.8233  max mem: 8281
Test:  [10/13]  eta: 0:00:01    time: 0.5960  data: 0.3313  max mem: 8281
Test:  [12/13]  eta: 0:00:00    time: 0.5394  data: 0.2867  max mem: 8281
Test: Total time: 0:00:07 (0.5465 s / it)
Averaged stats: 
Accumulating evaluation results...
COCOeval_opt.accumulate() finished...
DONE (t=0.31s).
IoU metric: bbox
 Average Precision  (AP) @[ IoU=0.50:0.95 | area=   all | maxDets=100 ] = 0.248
 Average Precision  (AP) @[ IoU=0.50      | area=   all | maxDets=100 ] = 0.526
 Average Precision  (AP) @[ IoU=0.75      | area=   all | maxDets=100 ] = 0.195
 Average Precision  (AP) @[ IoU=0.50:0.95 | area= small | maxDets=100 ] = 0.099
 Average Precision  (AP) @[ IoU=0.50:0.95 | area=medium | maxDets=100 ] = 0.207
 Average Precision  (AP) @[ IoU=0.50:0.95 | area= large | maxDets=100 ] = 0.298
 Average Recall     (AR) @[ IoU=0.50:0.95 | area=   all | maxDets=  1 ] = 0.239
 Average Recall     (AR) @[ IoU=0.50:0.95 | area=   all | maxDets= 10 ] = 0.462
 Average Recall     (AR) @[ IoU=0.50:0.95 | area=   all | maxDets=100 ] = 0.528
 Average Recall     (AR) @[ IoU=0.50:0.95 | area= small | maxDets=100 ] = 0.269
 Average Recall     (AR) @[ IoU=0.50:0.95 | area=medium | maxDets=100 ] = 0.500
 Average Recall     (AR) @[ IoU=0.50:0.95 | area= large | maxDets=100 ] = 0.616
 Average Recall     (AR) @[ IoU=0.50      | area=   all | maxDets=100 ] = 0.943
 Average Recall     (AR) @[ IoU=0.75      | area=   all | maxDets=100 ] = 0.508
best_stat: {'epoch': 66, 'coco_eval_bbox': 0.24753307676765524}
Epoch: [67]  [  0/197]  eta: 0:11:44  lr: 0.000400  loss: 26.9959 (26.9959)  loss_mal: 0.9678 (0.9678)  loss_bbox: 0.4771 (0.4771)  loss_giou: 1.1874 (1.1874)  loss_fgl: 0.8449 (0.8449)  loss_mal_aux_0: 1.0186 (1.0186)  loss_bbox_aux_0: 0.4819 (0.4819)  loss_giou_aux_0: 1.1847 (1.1847)  loss_fgl_aux_0: 0.8499 (0.8499)  loss_ddf_aux_0: 0.0228 (0.0228)  loss_mal_aux_1: 0.9932 (0.9932)  loss_bbox_aux_1: 0.4790 (0.4790)  loss_giou_aux_1: 1.1831 (1.1831)  loss_fgl_aux_1: 0.8453 (0.8453)  loss_ddf_aux_1: 0.0024 (0.0024)  loss_mal_pre: 1.0205 (1.0205)  loss_bbox_pre: 0.4830 (0.4830)  loss_giou_pre: 1.1840 (1.1840)  loss_mal_enc_0: 1.0039 (1.0039)  loss_bbox_enc_0: 0.4951 (0.4951)  loss_giou_enc_0: 1.2000 (1.2000)  loss_mal_dn_0: 0.7466 (0.7466)  loss_bbox_dn_0: 0.3475 (0.3475)  loss_giou_dn_0: 0.9492 (0.9492)  loss_fgl_dn_0: 1.0281 (1.0281)  loss_ddf_dn_0: 0.1056 (0.1056)  loss_mal_dn_1: 0.7437 (0.7437)  loss_bbox_dn_1: 0.2944 (0.2944)  loss_giou_dn_1: 0.8513 (0.8513)  loss_fgl_dn_1: 1.0374 (1.0374)  loss_ddf_dn_1: 0.0091 (0.0091)  loss_mal_dn_2: 0.7388 (0.7388)  loss_bbox_dn_2: 0.2909 (0.2909)  loss_giou_dn_2: 0.8396 (0.8396)  loss_fgl_dn_2: 1.0424 (1.0424)  loss_mal_dn_pre: 0.7451 (0.7451)  loss_bbox_dn_pre: 0.3512 (0.3512)  loss_giou_dn_pre: 0.9505 (0.9505)  time: 3.5742  data: 2.9361  max mem: 8281
Epoch: [67]  [196/197]  eta: 0:00:00  lr: 0.000400  loss: 23.3995 (24.3848)  loss_mal: 1.0205 (1.0283)  loss_bbox: 0.2303 (0.2974)  loss_giou: 0.7284 (0.8283)  loss_fgl: 1.0026 (1.0260)  loss_mal_aux_0: 1.0518 (1.0547)  loss_bbox_aux_0: 0.2353 (0.3039)  loss_giou_aux_0: 0.7509 (0.8453)  loss_fgl_aux_0: 1.0071 (1.0341)  loss_ddf_aux_0: 0.0215 (0.0244)  loss_mal_aux_1: 1.0332 (1.0407)  loss_bbox_aux_1: 0.2313 (0.2984)  loss_giou_aux_1: 0.7309 (0.8309)  loss_fgl_aux_1: 1.0025 (1.0263)  loss_ddf_aux_1: 0.0025 (0.0025)  loss_mal_pre: 1.0469 (1.0555)  loss_bbox_pre: 0.2366 (0.3043)  loss_giou_pre: 0.7514 (0.8441)  loss_mal_enc_0: 1.0693 (1.0682)  loss_bbox_enc_0: 0.2529 (0.3176)  loss_giou_enc_0: 0.7725 (0.8763)  loss_mal_dn_0: 0.7476 (0.7541)  loss_bbox_dn_0: 0.2553 (0.2925)  loss_giou_dn_0: 0.7222 (0.7739)  loss_fgl_dn_0: 1.0739 (1.1013)  loss_ddf_dn_0: 0.1213 (0.1297)  loss_mal_dn_1: 0.7183 (0.7194)  loss_bbox_dn_1: 0.2141 (0.2400)  loss_giou_dn_1: 0.6114 (0.6615)  loss_fgl_dn_1: 1.0794 (1.0891)  loss_ddf_dn_1: 0.0094 (0.0095)  loss_mal_dn_2: 0.7119 (0.7105)  loss_bbox_dn_2: 0.2070 (0.2350)  loss_giou_dn_2: 0.6062 (0.6512)  loss_fgl_dn_2: 1.0781 (1.0892)  loss_mal_dn_pre: 0.7490 (0.7541)  loss_bbox_dn_pre: 0.2567 (0.2935)  loss_giou_dn_pre: 0.7212 (0.7731)  time: 0.4655  data: 0.0434  max mem: 8281
Epoch: [67] Total time: 0:01:43 (0.5261 s / it)
Averaged stats: lr: 0.000400  loss: 23.3995 (24.3848)  loss_mal: 1.0205 (1.0283)  loss_bbox: 0.2303 (0.2974)  loss_giou: 0.7284 (0.8283)  loss_fgl: 1.0026 (1.0260)  loss_mal_aux_0: 1.0518 (1.0547)  loss_bbox_aux_0: 0.2353 (0.3039)  loss_giou_aux_0: 0.7509 (0.8453)  loss_fgl_aux_0: 1.0071 (1.0341)  loss_ddf_aux_0: 0.0215 (0.0244)  loss_mal_aux_1: 1.0332 (1.0407)  loss_bbox_aux_1: 0.2313 (0.2984)  loss_giou_aux_1: 0.7309 (0.8309)  loss_fgl_aux_1: 1.0025 (1.0263)  loss_ddf_aux_1: 0.0025 (0.0025)  loss_mal_pre: 1.0469 (1.0555)  loss_bbox_pre: 0.2366 (0.3043)  loss_giou_pre: 0.7514 (0.8441)  loss_mal_enc_0: 1.0693 (1.0682)  loss_bbox_enc_0: 0.2529 (0.3176)  loss_giou_enc_0: 0.7725 (0.8763)  loss_mal_dn_0: 0.7476 (0.7541)  loss_bbox_dn_0: 0.2553 (0.2925)  loss_giou_dn_0: 0.7222 (0.7739)  loss_fgl_dn_0: 1.0739 (1.1013)  loss_ddf_dn_0: 0.1213 (0.1297)  loss_mal_dn_1: 0.7183 (0.7194)  loss_bbox_dn_1: 0.2141 (0.2400)  loss_giou_dn_1: 0.6114 (0.6615)  loss_fgl_dn_1: 1.0794 (1.0891)  loss_ddf_dn_1: 0.0094 (0.0095)  loss_mal_dn_2: 0.7119 (0.7105)  loss_bbox_dn_2: 0.2070 (0.2350)  loss_giou_dn_2: 0.6062 (0.6512)  loss_fgl_dn_2: 1.0781 (1.0892)  loss_mal_dn_pre: 0.7490 (0.7541)  loss_bbox_dn_pre: 0.2567 (0.2935)  loss_giou_dn_pre: 0.7212 (0.7731)
Test:  [ 0/13]  eta: 0:00:40    time: 3.1254  data: 2.7512  max mem: 8281
Test:  [10/13]  eta: 0:00:01    time: 0.6134  data: 0.3329  max mem: 8281
Test:  [12/13]  eta: 0:00:00    time: 0.5552  data: 0.2888  max mem: 8281
Test: Total time: 0:00:07 (0.5619 s / it)
Averaged stats: 
Accumulating evaluation results...
COCOeval_opt.accumulate() finished...
DONE (t=0.32s).
IoU metric: bbox
 Average Precision  (AP) @[ IoU=0.50:0.95 | area=   all | maxDets=100 ] = 0.248
 Average Precision  (AP) @[ IoU=0.50      | area=   all | maxDets=100 ] = 0.526
 Average Precision  (AP) @[ IoU=0.75      | area=   all | maxDets=100 ] = 0.196
 Average Precision  (AP) @[ IoU=0.50:0.95 | area= small | maxDets=100 ] = 0.099
 Average Precision  (AP) @[ IoU=0.50:0.95 | area=medium | maxDets=100 ] = 0.207
 Average Precision  (AP) @[ IoU=0.50:0.95 | area= large | maxDets=100 ] = 0.299
 Average Recall     (AR) @[ IoU=0.50:0.95 | area=   all | maxDets=  1 ] = 0.238
 Average Recall     (AR) @[ IoU=0.50:0.95 | area=   all | maxDets= 10 ] = 0.462
 Average Recall     (AR) @[ IoU=0.50:0.95 | area=   all | maxDets=100 ] = 0.529
 Average Recall     (AR) @[ IoU=0.50:0.95 | area= small | maxDets=100 ] = 0.268
 Average Recall     (AR) @[ IoU=0.50:0.95 | area=medium | maxDets=100 ] = 0.500
 Average Recall     (AR) @[ IoU=0.50:0.95 | area= large | maxDets=100 ] = 0.618
 Average Recall     (AR) @[ IoU=0.50      | area=   all | maxDets=100 ] = 0.944
 Average Recall     (AR) @[ IoU=0.75      | area=   all | maxDets=100 ] = 0.514
best_stat: {'epoch': 67, 'coco_eval_bbox': 0.24779103722964416}
Epoch: [68]  [  0/197]  eta: 0:10:09  lr: 0.000400  loss: 23.9261 (23.9261)  loss_mal: 1.1611 (1.1611)  loss_bbox: 0.2486 (0.2486)  loss_giou: 0.6928 (0.6928)  loss_fgl: 1.0919 (1.0919)  loss_mal_aux_0: 1.1865 (1.1865)  loss_bbox_aux_0: 0.2488 (0.2488)  loss_giou_aux_0: 0.7058 (0.7058)  loss_fgl_aux_0: 1.1086 (1.1086)  loss_ddf_aux_0: 0.0218 (0.0218)  loss_mal_aux_1: 1.1494 (1.1494)  loss_bbox_aux_1: 0.2463 (0.2463)  loss_giou_aux_1: 0.6955 (0.6955)  loss_fgl_aux_1: 1.0928 (1.0928)  loss_ddf_aux_1: 0.0023 (0.0023)  loss_mal_pre: 1.1807 (1.1807)  loss_bbox_pre: 0.2485 (0.2485)  loss_giou_pre: 0.7051 (0.7051)  loss_mal_enc_0: 1.2051 (1.2051)  loss_bbox_enc_0: 0.2619 (0.2619)  loss_giou_enc_0: 0.7361 (0.7361)  loss_mal_dn_0: 0.7617 (0.7617)  loss_bbox_dn_0: 0.2829 (0.2829)  loss_giou_dn_0: 0.7273 (0.7273)  loss_fgl_dn_0: 1.1213 (1.1213)  loss_ddf_dn_0: 0.1204 (0.1204)  loss_mal_dn_1: 0.6997 (0.6997)  loss_bbox_dn_1: 0.2112 (0.2112)  loss_giou_dn_1: 0.5809 (0.5809)  loss_fgl_dn_1: 1.0894 (1.0894)  loss_ddf_dn_1: 0.0071 (0.0071)  loss_mal_dn_2: 0.6895 (0.6895)  loss_bbox_dn_2: 0.2081 (0.2081)  loss_giou_dn_2: 0.5721 (0.5721)  loss_fgl_dn_2: 1.0855 (1.0855)  loss_mal_dn_pre: 0.7617 (0.7617)  loss_bbox_dn_pre: 0.2886 (0.2886)  loss_giou_dn_pre: 0.7288 (0.7288)  time: 3.0962  data: 2.4391  max mem: 8281
Epoch: [68]  [196/197]  eta: 0:00:00  lr: 0.000400  loss: 23.4139 (24.4807)  loss_mal: 1.0332 (1.0368)  loss_bbox: 0.2360 (0.2984)  loss_giou: 0.7327 (0.8307)  loss_fgl: 1.0820 (1.0275)  loss_mal_aux_0: 1.0498 (1.0630)  loss_bbox_aux_0: 0.2443 (0.3051)  loss_giou_aux_0: 0.7524 (0.8474)  loss_fgl_aux_0: 1.0871 (1.0357)  loss_ddf_aux_0: 0.0235 (0.0238)  loss_mal_aux_1: 1.0352 (1.0488)  loss_bbox_aux_1: 0.2384 (0.2995)  loss_giou_aux_1: 0.7400 (0.8333)  loss_fgl_aux_1: 1.0805 (1.0279)  loss_ddf_aux_1: 0.0024 (0.0024)  loss_mal_pre: 1.0576 (1.0642)  loss_bbox_pre: 0.2439 (0.3056)  loss_giou_pre: 0.7514 (0.8461)  loss_mal_enc_0: 1.0605 (1.0756)  loss_bbox_enc_0: 0.2581 (0.3199)  loss_giou_enc_0: 0.7887 (0.8780)  loss_mal_dn_0: 0.7534 (0.7551)  loss_bbox_dn_0: 0.2483 (0.2957)  loss_giou_dn_0: 0.7041 (0.7799)  loss_fgl_dn_0: 1.1371 (1.0999)  loss_ddf_dn_0: 0.1280 (0.1295)  loss_mal_dn_1: 0.7168 (0.7212)  loss_bbox_dn_1: 0.1957 (0.2419)  loss_giou_dn_1: 0.5815 (0.6654)  loss_fgl_dn_1: 1.1091 (1.0890)  loss_ddf_dn_1: 0.0086 (0.0094)  loss_mal_dn_2: 0.7119 (0.7128)  loss_bbox_dn_2: 0.1888 (0.2367)  loss_giou_dn_2: 0.5673 (0.6550)  loss_fgl_dn_2: 1.1056 (1.0889)  loss_mal_dn_pre: 0.7534 (0.7550)  loss_bbox_dn_pre: 0.2476 (0.2966)  loss_giou_dn_pre: 0.7035 (0.7789)  time: 0.4804  data: 0.0490  max mem: 8281
Epoch: [68] Total time: 0:01:49 (0.5573 s / it)
Averaged stats: lr: 0.000400  loss: 23.4139 (24.4807)  loss_mal: 1.0332 (1.0368)  loss_bbox: 0.2360 (0.2984)  loss_giou: 0.7327 (0.8307)  loss_fgl: 1.0820 (1.0275)  loss_mal_aux_0: 1.0498 (1.0630)  loss_bbox_aux_0: 0.2443 (0.3051)  loss_giou_aux_0: 0.7524 (0.8474)  loss_fgl_aux_0: 1.0871 (1.0357)  loss_ddf_aux_0: 0.0235 (0.0238)  loss_mal_aux_1: 1.0352 (1.0488)  loss_bbox_aux_1: 0.2384 (0.2995)  loss_giou_aux_1: 0.7400 (0.8333)  loss_fgl_aux_1: 1.0805 (1.0279)  loss_ddf_aux_1: 0.0024 (0.0024)  loss_mal_pre: 1.0576 (1.0642)  loss_bbox_pre: 0.2439 (0.3056)  loss_giou_pre: 0.7514 (0.8461)  loss_mal_enc_0: 1.0605 (1.0756)  loss_bbox_enc_0: 0.2581 (0.3199)  loss_giou_enc_0: 0.7887 (0.8780)  loss_mal_dn_0: 0.7534 (0.7551)  loss_bbox_dn_0: 0.2483 (0.2957)  loss_giou_dn_0: 0.7041 (0.7799)  loss_fgl_dn_0: 1.1371 (1.0999)  loss_ddf_dn_0: 0.1280 (0.1295)  loss_mal_dn_1: 0.7168 (0.7212)  loss_bbox_dn_1: 0.1957 (0.2419)  loss_giou_dn_1: 0.5815 (0.6654)  loss_fgl_dn_1: 1.1091 (1.0890)  loss_ddf_dn_1: 0.0086 (0.0094)  loss_mal_dn_2: 0.7119 (0.7128)  loss_bbox_dn_2: 0.1888 (0.2367)  loss_giou_dn_2: 0.5673 (0.6550)  loss_fgl_dn_2: 1.1056 (1.0889)  loss_mal_dn_pre: 0.7534 (0.7550)  loss_bbox_dn_pre: 0.2476 (0.2966)  loss_giou_dn_pre: 0.7035 (0.7789)
Test:  [ 0/13]  eta: 0:00:35    time: 2.7095  data: 2.2971  max mem: 8281
Test:  [10/13]  eta: 0:00:01    time: 0.6013  data: 0.3157  max mem: 8281
Test:  [12/13]  eta: 0:00:00    time: 0.5462  data: 0.2741  max mem: 8281
Test: Total time: 0:00:07 (0.5547 s / it)
Averaged stats: 
Accumulating evaluation results...
COCOeval_opt.accumulate() finished...
DONE (t=0.34s).
IoU metric: bbox
 Average Precision  (AP) @[ IoU=0.50:0.95 | area=   all | maxDets=100 ] = 0.249
 Average Precision  (AP) @[ IoU=0.50      | area=   all | maxDets=100 ] = 0.529
 Average Precision  (AP) @[ IoU=0.75      | area=   all | maxDets=100 ] = 0.196
 Average Precision  (AP) @[ IoU=0.50:0.95 | area= small | maxDets=100 ] = 0.099
 Average Precision  (AP) @[ IoU=0.50:0.95 | area=medium | maxDets=100 ] = 0.207
 Average Precision  (AP) @[ IoU=0.50:0.95 | area= large | maxDets=100 ] = 0.300
 Average Recall     (AR) @[ IoU=0.50:0.95 | area=   all | maxDets=  1 ] = 0.239
 Average Recall     (AR) @[ IoU=0.50:0.95 | area=   all | maxDets= 10 ] = 0.462
 Average Recall     (AR) @[ IoU=0.50:0.95 | area=   all | maxDets=100 ] = 0.529
 Average Recall     (AR) @[ IoU=0.50:0.95 | area= small | maxDets=100 ] = 0.267
 Average Recall     (AR) @[ IoU=0.50:0.95 | area=medium | maxDets=100 ] = 0.501
 Average Recall     (AR) @[ IoU=0.50:0.95 | area= large | maxDets=100 ] = 0.618
 Average Recall     (AR) @[ IoU=0.50      | area=   all | maxDets=100 ] = 0.943
 Average Recall     (AR) @[ IoU=0.75      | area=   all | maxDets=100 ] = 0.514
best_stat: {'epoch': 68, 'coco_eval_bbox': 0.24903815100830362}
Epoch: [69]  [  0/197]  eta: 0:12:00  lr: 0.000400  loss: 26.0288 (26.0288)  loss_mal: 1.1611 (1.1611)  loss_bbox: 0.3563 (0.3563)  loss_giou: 0.9255 (0.9255)  loss_fgl: 0.9832 (0.9832)  loss_mal_aux_0: 1.1328 (1.1328)  loss_bbox_aux_0: 0.3725 (0.3725)  loss_giou_aux_0: 0.9486 (0.9486)  loss_fgl_aux_0: 0.9835 (0.9835)  loss_ddf_aux_0: 0.0198 (0.0198)  loss_mal_aux_1: 1.1436 (1.1436)  loss_bbox_aux_1: 0.3583 (0.3583)  loss_giou_aux_1: 0.9277 (0.9277)  loss_fgl_aux_1: 0.9825 (0.9825)  loss_ddf_aux_1: 0.0019 (0.0019)  loss_mal_pre: 1.1309 (1.1309)  loss_bbox_pre: 0.3728 (0.3728)  loss_giou_pre: 0.9482 (0.9482)  loss_mal_enc_0: 1.1143 (1.1143)  loss_bbox_enc_0: 0.3823 (0.3823)  loss_giou_enc_0: 0.9650 (0.9650)  loss_mal_dn_0: 0.7422 (0.7422)  loss_bbox_dn_0: 0.3580 (0.3580)  loss_giou_dn_0: 0.8887 (0.8887)  loss_fgl_dn_0: 1.0381 (1.0381)  loss_ddf_dn_0: 0.1100 (0.1100)  loss_mal_dn_1: 0.7339 (0.7339)  loss_bbox_dn_1: 0.3021 (0.3021)  loss_giou_dn_1: 0.7698 (0.7698)  loss_fgl_dn_1: 1.0460 (1.0460)  loss_ddf_dn_1: 0.0092 (0.0092)  loss_mal_dn_2: 0.7290 (0.7290)  loss_bbox_dn_2: 0.2934 (0.2934)  loss_giou_dn_2: 0.7595 (0.7595)  loss_fgl_dn_2: 1.0472 (1.0472)  loss_mal_dn_pre: 0.7427 (0.7427)  loss_bbox_dn_pre: 0.3601 (0.3601)  loss_giou_dn_pre: 0.8882 (0.8882)  time: 3.6572  data: 2.9664  max mem: 8281
Epoch: [69]  [196/197]  eta: 0:00:00  lr: 0.000400  loss: 23.5778 (24.3639)  loss_mal: 1.0449 (1.0338)  loss_bbox: 0.2559 (0.2946)  loss_giou: 0.7118 (0.8213)  loss_fgl: 1.0714 (1.0295)  loss_mal_aux_0: 1.0840 (1.0606)  loss_bbox_aux_0: 0.2684 (0.3013)  loss_giou_aux_0: 0.7328 (0.8376)  loss_fgl_aux_0: 1.0840 (1.0383)  loss_ddf_aux_0: 0.0241 (0.0241)  loss_mal_aux_1: 1.0488 (1.0440)  loss_bbox_aux_1: 0.2578 (0.2956)  loss_giou_aux_1: 0.7168 (0.8239)  loss_fgl_aux_1: 1.0718 (1.0298)  loss_ddf_aux_1: 0.0023 (0.0024)  loss_mal_pre: 1.0850 (1.0614)  loss_bbox_pre: 0.2673 (0.3017)  loss_giou_pre: 0.7313 (0.8365)  loss_mal_enc_0: 1.0781 (1.0676)  loss_bbox_enc_0: 0.2839 (0.3159)  loss_giou_enc_0: 0.7720 (0.8702)  loss_mal_dn_0: 0.7505 (0.7542)  loss_bbox_dn_0: 0.2691 (0.2937)  loss_giou_dn_0: 0.6955 (0.7719)  loss_fgl_dn_0: 1.1411 (1.1026)  loss_ddf_dn_0: 0.1281 (0.1287)  loss_mal_dn_1: 0.7095 (0.7185)  loss_bbox_dn_1: 0.2186 (0.2402)  loss_giou_dn_1: 0.5786 (0.6594)  loss_fgl_dn_1: 1.1092 (1.0903)  loss_ddf_dn_1: 0.0089 (0.0094)  loss_mal_dn_2: 0.6997 (0.7104)  loss_bbox_dn_2: 0.2156 (0.2351)  loss_giou_dn_2: 0.5699 (0.6491)  loss_fgl_dn_2: 1.1068 (1.0903)  loss_mal_dn_pre: 0.7505 (0.7542)  loss_bbox_dn_pre: 0.2702 (0.2945)  loss_giou_dn_pre: 0.6945 (0.7711)  time: 0.4749  data: 0.0468  max mem: 8281
Epoch: [69] Total time: 0:01:45 (0.5366 s / it)
Averaged stats: lr: 0.000400  loss: 23.5778 (24.3639)  loss_mal: 1.0449 (1.0338)  loss_bbox: 0.2559 (0.2946)  loss_giou: 0.7118 (0.8213)  loss_fgl: 1.0714 (1.0295)  loss_mal_aux_0: 1.0840 (1.0606)  loss_bbox_aux_0: 0.2684 (0.3013)  loss_giou_aux_0: 0.7328 (0.8376)  loss_fgl_aux_0: 1.0840 (1.0383)  loss_ddf_aux_0: 0.0241 (0.0241)  loss_mal_aux_1: 1.0488 (1.0440)  loss_bbox_aux_1: 0.2578 (0.2956)  loss_giou_aux_1: 0.7168 (0.8239)  loss_fgl_aux_1: 1.0718 (1.0298)  loss_ddf_aux_1: 0.0023 (0.0024)  loss_mal_pre: 1.0850 (1.0614)  loss_bbox_pre: 0.2673 (0.3017)  loss_giou_pre: 0.7313 (0.8365)  loss_mal_enc_0: 1.0781 (1.0676)  loss_bbox_enc_0: 0.2839 (0.3159)  loss_giou_enc_0: 0.7720 (0.8702)  loss_mal_dn_0: 0.7505 (0.7542)  loss_bbox_dn_0: 0.2691 (0.2937)  loss_giou_dn_0: 0.6955 (0.7719)  loss_fgl_dn_0: 1.1411 (1.1026)  loss_ddf_dn_0: 0.1281 (0.1287)  loss_mal_dn_1: 0.7095 (0.7185)  loss_bbox_dn_1: 0.2186 (0.2402)  loss_giou_dn_1: 0.5786 (0.6594)  loss_fgl_dn_1: 1.1092 (1.0903)  loss_ddf_dn_1: 0.0089 (0.0094)  loss_mal_dn_2: 0.6997 (0.7104)  loss_bbox_dn_2: 0.2156 (0.2351)  loss_giou_dn_2: 0.5699 (0.6491)  loss_fgl_dn_2: 1.1068 (1.0903)  loss_mal_dn_pre: 0.7505 (0.7542)  loss_bbox_dn_pre: 0.2702 (0.2945)  loss_giou_dn_pre: 0.6945 (0.7711)
Test:  [ 0/13]  eta: 0:00:36    time: 2.7713  data: 2.3872  max mem: 8281
Test:  [10/13]  eta: 0:00:01    time: 0.5822  data: 0.3127  max mem: 8281
Test:  [12/13]  eta: 0:00:00    time: 0.5281  data: 0.2785  max mem: 8281
Test: Total time: 0:00:06 (0.5358 s / it)
Averaged stats: 
Accumulating evaluation results...
COCOeval_opt.accumulate() finished...
DONE (t=0.31s).
IoU metric: bbox
 Average Precision  (AP) @[ IoU=0.50:0.95 | area=   all | maxDets=100 ] = 0.249
 Average Precision  (AP) @[ IoU=0.50      | area=   all | maxDets=100 ] = 0.528
 Average Precision  (AP) @[ IoU=0.75      | area=   all | maxDets=100 ] = 0.197
 Average Precision  (AP) @[ IoU=0.50:0.95 | area= small | maxDets=100 ] = 0.100
 Average Precision  (AP) @[ IoU=0.50:0.95 | area=medium | maxDets=100 ] = 0.208
 Average Precision  (AP) @[ IoU=0.50:0.95 | area= large | maxDets=100 ] = 0.301
 Average Recall     (AR) @[ IoU=0.50:0.95 | area=   all | maxDets=  1 ] = 0.238
 Average Recall     (AR) @[ IoU=0.50:0.95 | area=   all | maxDets= 10 ] = 0.462
 Average Recall     (AR) @[ IoU=0.50:0.95 | area=   all | maxDets=100 ] = 0.529
 Average Recall     (AR) @[ IoU=0.50:0.95 | area= small | maxDets=100 ] = 0.266
 Average Recall     (AR) @[ IoU=0.50:0.95 | area=medium | maxDets=100 ] = 0.502
 Average Recall     (AR) @[ IoU=0.50:0.95 | area= large | maxDets=100 ] = 0.619
 Average Recall     (AR) @[ IoU=0.50      | area=   all | maxDets=100 ] = 0.940
 Average Recall     (AR) @[ IoU=0.75      | area=   all | maxDets=100 ] = 0.513
best_stat: {'epoch': 69, 'coco_eval_bbox': 0.24931640714024803}
Epoch: [70]  [  0/197]  eta: 0:10:56  lr: 0.000400  loss: 23.0294 (23.0294)  loss_mal: 0.9937 (0.9937)  loss_bbox: 0.2621 (0.2621)  loss_giou: 0.6776 (0.6776)  loss_fgl: 1.1050 (1.1050)  loss_mal_aux_0: 1.0156 (1.0156)  loss_bbox_aux_0: 0.2705 (0.2705)  loss_giou_aux_0: 0.7022 (0.7022)  loss_fgl_aux_0: 1.1164 (1.1164)  loss_ddf_aux_0: 0.0293 (0.0293)  loss_mal_aux_1: 0.9878 (0.9878)  loss_bbox_aux_1: 0.2658 (0.2658)  loss_giou_aux_1: 0.6834 (0.6834)  loss_fgl_aux_1: 1.1049 (1.1049)  loss_ddf_aux_1: 0.0026 (0.0026)  loss_mal_pre: 1.0215 (1.0215)  loss_bbox_pre: 0.2703 (0.2703)  loss_giou_pre: 0.6989 (0.6989)  loss_mal_enc_0: 1.0430 (1.0430)  loss_bbox_enc_0: 0.2843 (0.2843)  loss_giou_enc_0: 0.7460 (0.7460)  loss_mal_dn_0: 0.7529 (0.7529)  loss_bbox_dn_0: 0.2553 (0.2553)  loss_giou_dn_0: 0.6513 (0.6513)  loss_fgl_dn_0: 1.1523 (1.1523)  loss_ddf_dn_0: 0.1391 (0.1391)  loss_mal_dn_1: 0.6978 (0.6978)  loss_bbox_dn_1: 0.2019 (0.2019)  loss_giou_dn_1: 0.5481 (0.5481)  loss_fgl_dn_1: 1.1276 (1.1276)  loss_ddf_dn_1: 0.0081 (0.0081)  loss_mal_dn_2: 0.6914 (0.6914)  loss_bbox_dn_2: 0.1977 (0.1977)  loss_giou_dn_2: 0.5397 (0.5397)  loss_fgl_dn_2: 1.1251 (1.1251)  loss_mal_dn_pre: 0.7529 (0.7529)  loss_bbox_dn_pre: 0.2569 (0.2569)  loss_giou_dn_pre: 0.6506 (0.6506)  time: 3.3341  data: 2.6834  max mem: 8281
Epoch: [70]  [196/197]  eta: 0:00:00  lr: 0.000400  loss: 24.1145 (24.3228)  loss_mal: 1.0400 (1.0171)  loss_bbox: 0.2534 (0.2980)  loss_giou: 0.7775 (0.8285)  loss_fgl: 1.0033 (1.0258)  loss_mal_aux_0: 1.0732 (1.0481)  loss_bbox_aux_0: 0.2633 (0.3047)  loss_giou_aux_0: 0.7965 (0.8447)  loss_fgl_aux_0: 1.0124 (1.0343)  loss_ddf_aux_0: 0.0243 (0.0236)  loss_mal_aux_1: 1.0547 (1.0319)  loss_bbox_aux_1: 0.2556 (0.2992)  loss_giou_aux_1: 0.7848 (0.8308)  loss_fgl_aux_1: 1.0055 (1.0262)  loss_ddf_aux_1: 0.0026 (0.0024)  loss_mal_pre: 1.0684 (1.0491)  loss_bbox_pre: 0.2653 (0.3051)  loss_giou_pre: 0.7950 (0.8436)  loss_mal_enc_0: 1.0830 (1.0599)  loss_bbox_enc_0: 0.2834 (0.3187)  loss_giou_enc_0: 0.8366 (0.8760)  loss_mal_dn_0: 0.7568 (0.7543)  loss_bbox_dn_0: 0.2853 (0.2906)  loss_giou_dn_0: 0.7363 (0.7699)  loss_fgl_dn_0: 1.0863 (1.1038)  loss_ddf_dn_0: 0.1341 (0.1287)  loss_mal_dn_1: 0.7388 (0.7185)  loss_bbox_dn_1: 0.2290 (0.2374)  loss_giou_dn_1: 0.6167 (0.6577)  loss_fgl_dn_1: 1.0806 (1.0904)  loss_ddf_dn_1: 0.0094 (0.0092)  loss_mal_dn_2: 0.7280 (0.7100)  loss_bbox_dn_2: 0.2229 (0.2324)  loss_giou_dn_2: 0.6068 (0.6475)  loss_fgl_dn_2: 1.0828 (1.0903)  loss_mal_dn_pre: 0.7568 (0.7542)  loss_bbox_dn_pre: 0.2860 (0.2912)  loss_giou_dn_pre: 0.7360 (0.7693)  time: 0.4904  data: 0.0518  max mem: 8281
Epoch: [70] Total time: 0:01:47 (0.5452 s / it)
Averaged stats: lr: 0.000400  loss: 24.1145 (24.3228)  loss_mal: 1.0400 (1.0171)  loss_bbox: 0.2534 (0.2980)  loss_giou: 0.7775 (0.8285)  loss_fgl: 1.0033 (1.0258)  loss_mal_aux_0: 1.0732 (1.0481)  loss_bbox_aux_0: 0.2633 (0.3047)  loss_giou_aux_0: 0.7965 (0.8447)  loss_fgl_aux_0: 1.0124 (1.0343)  loss_ddf_aux_0: 0.0243 (0.0236)  loss_mal_aux_1: 1.0547 (1.0319)  loss_bbox_aux_1: 0.2556 (0.2992)  loss_giou_aux_1: 0.7848 (0.8308)  loss_fgl_aux_1: 1.0055 (1.0262)  loss_ddf_aux_1: 0.0026 (0.0024)  loss_mal_pre: 1.0684 (1.0491)  loss_bbox_pre: 0.2653 (0.3051)  loss_giou_pre: 0.7950 (0.8436)  loss_mal_enc_0: 1.0830 (1.0599)  loss_bbox_enc_0: 0.2834 (0.3187)  loss_giou_enc_0: 0.8366 (0.8760)  loss_mal_dn_0: 0.7568 (0.7543)  loss_bbox_dn_0: 0.2853 (0.2906)  loss_giou_dn_0: 0.7363 (0.7699)  loss_fgl_dn_0: 1.0863 (1.1038)  loss_ddf_dn_0: 0.1341 (0.1287)  loss_mal_dn_1: 0.7388 (0.7185)  loss_bbox_dn_1: 0.2290 (0.2374)  loss_giou_dn_1: 0.6167 (0.6577)  loss_fgl_dn_1: 1.0806 (1.0904)  loss_ddf_dn_1: 0.0094 (0.0092)  loss_mal_dn_2: 0.7280 (0.7100)  loss_bbox_dn_2: 0.2229 (0.2324)  loss_giou_dn_2: 0.6068 (0.6475)  loss_fgl_dn_2: 1.0828 (1.0903)  loss_mal_dn_pre: 0.7568 (0.7542)  loss_bbox_dn_pre: 0.2860 (0.2912)  loss_giou_dn_pre: 0.7360 (0.7693)
Test:  [ 0/13]  eta: 0:00:36    time: 2.8212  data: 2.4604  max mem: 8281
Test:  [10/13]  eta: 0:00:01    time: 0.5875  data: 0.3203  max mem: 8281
Test:  [12/13]  eta: 0:00:00    time: 0.5323  data: 0.2774  max mem: 8281
Test: Total time: 0:00:07 (0.5398 s / it)
Averaged stats: 
Accumulating evaluation results...
COCOeval_opt.accumulate() finished...
DONE (t=0.32s).
IoU metric: bbox
 Average Precision  (AP) @[ IoU=0.50:0.95 | area=   all | maxDets=100 ] = 0.249
 Average Precision  (AP) @[ IoU=0.50      | area=   all | maxDets=100 ] = 0.529
 Average Precision  (AP) @[ IoU=0.75      | area=   all | maxDets=100 ] = 0.196
 Average Precision  (AP) @[ IoU=0.50:0.95 | area= small | maxDets=100 ] = 0.098
 Average Precision  (AP) @[ IoU=0.50:0.95 | area=medium | maxDets=100 ] = 0.208
 Average Precision  (AP) @[ IoU=0.50:0.95 | area= large | maxDets=100 ] = 0.299
 Average Recall     (AR) @[ IoU=0.50:0.95 | area=   all | maxDets=  1 ] = 0.239
 Average Recall     (AR) @[ IoU=0.50:0.95 | area=   all | maxDets= 10 ] = 0.463
 Average Recall     (AR) @[ IoU=0.50:0.95 | area=   all | maxDets=100 ] = 0.530
 Average Recall     (AR) @[ IoU=0.50:0.95 | area= small | maxDets=100 ] = 0.266
 Average Recall     (AR) @[ IoU=0.50:0.95 | area=medium | maxDets=100 ] = 0.502
 Average Recall     (AR) @[ IoU=0.50:0.95 | area= large | maxDets=100 ] = 0.620
 Average Recall     (AR) @[ IoU=0.50      | area=   all | maxDets=100 ] = 0.942
 Average Recall     (AR) @[ IoU=0.75      | area=   all | maxDets=100 ] = 0.511
best_stat: {'epoch': 69, 'coco_eval_bbox': 0.24931640714024803}
Epoch: [71]  [  0/197]  eta: 0:13:13  lr: 0.000400  loss: 25.9839 (25.9839)  loss_mal: 1.0127 (1.0127)  loss_bbox: 0.3667 (0.3667)  loss_giou: 1.0680 (1.0680)  loss_fgl: 0.9094 (0.9094)  loss_mal_aux_0: 1.0107 (1.0107)  loss_bbox_aux_0: 0.3760 (0.3760)  loss_giou_aux_0: 1.0800 (1.0800)  loss_fgl_aux_0: 0.9083 (0.9083)  loss_ddf_aux_0: 0.0189 (0.0189)  loss_mal_aux_1: 1.0195 (1.0195)  loss_bbox_aux_1: 0.3680 (0.3680)  loss_giou_aux_1: 1.0687 (1.0687)  loss_fgl_aux_1: 0.9084 (0.9084)  loss_ddf_aux_1: 0.0015 (0.0015)  loss_mal_pre: 1.0107 (1.0107)  loss_bbox_pre: 0.3761 (0.3761)  loss_giou_pre: 1.0800 (1.0800)  loss_mal_enc_0: 1.0166 (1.0166)  loss_bbox_enc_0: 0.3823 (0.3823)  loss_giou_enc_0: 1.0998 (1.0998)  loss_mal_dn_0: 0.7559 (0.7559)  loss_bbox_dn_0: 0.3153 (0.3153)  loss_giou_dn_0: 0.9154 (0.9154)  loss_fgl_dn_0: 1.0495 (1.0495)  loss_ddf_dn_0: 0.0904 (0.0904)  loss_mal_dn_1: 0.7515 (0.7515)  loss_bbox_dn_1: 0.2685 (0.2685)  loss_giou_dn_1: 0.8131 (0.8131)  loss_fgl_dn_1: 1.0617 (1.0617)  loss_ddf_dn_1: 0.0068 (0.0068)  loss_mal_dn_2: 0.7485 (0.7485)  loss_bbox_dn_2: 0.2658 (0.2658)  loss_giou_dn_2: 0.8038 (0.8038)  loss_fgl_dn_2: 1.0656 (1.0656)  loss_mal_dn_pre: 0.7563 (0.7563)  loss_bbox_dn_pre: 0.3167 (0.3167)  loss_giou_dn_pre: 0.9166 (0.9166)  time: 4.0278  data: 3.2865  max mem: 8281
Epoch: [71]  [196/197]  eta: 0:00:00  lr: 0.000400  loss: 25.4455 (24.3213)  loss_mal: 1.0195 (1.0181)  loss_bbox: 0.3338 (0.2913)  loss_giou: 0.8336 (0.8285)  loss_fgl: 1.0044 (1.0276)  loss_mal_aux_0: 1.0439 (1.0525)  loss_bbox_aux_0: 0.3429 (0.2978)  loss_giou_aux_0: 0.8456 (0.8441)  loss_fgl_aux_0: 1.0142 (1.0365)  loss_ddf_aux_0: 0.0213 (0.0243)  loss_mal_aux_1: 1.0322 (1.0330)  loss_bbox_aux_1: 0.3354 (0.2924)  loss_giou_aux_1: 0.8343 (0.8312)  loss_fgl_aux_1: 1.0050 (1.0281)  loss_ddf_aux_1: 0.0022 (0.0025)  loss_mal_pre: 1.0400 (1.0529)  loss_bbox_pre: 0.3438 (0.2982)  loss_giou_pre: 0.8430 (0.8428)  loss_mal_enc_0: 1.0596 (1.0629)  loss_bbox_enc_0: 0.3611 (0.3129)  loss_giou_enc_0: 0.8599 (0.8754)  loss_mal_dn_0: 0.7554 (0.7556)  loss_bbox_dn_0: 0.3034 (0.2877)  loss_giou_dn_0: 0.8373 (0.7723)  loss_fgl_dn_0: 1.0745 (1.1042)  loss_ddf_dn_0: 0.1108 (0.1316)  loss_mal_dn_1: 0.7295 (0.7206)  loss_bbox_dn_1: 0.2507 (0.2357)  loss_giou_dn_1: 0.7285 (0.6602)  loss_fgl_dn_1: 1.0751 (1.0913)  loss_ddf_dn_1: 0.0082 (0.0097)  loss_mal_dn_2: 0.7231 (0.7121)  loss_bbox_dn_2: 0.2463 (0.2305)  loss_giou_dn_2: 0.7162 (0.6500)  loss_fgl_dn_2: 1.0766 (1.0910)  loss_mal_dn_pre: 0.7544 (0.7556)  loss_bbox_dn_pre: 0.3043 (0.2886)  loss_giou_dn_pre: 0.8366 (0.7715)  time: 0.4852  data: 0.0426  max mem: 8281
Epoch: [71] Total time: 0:01:47 (0.5472 s / it)
Averaged stats: lr: 0.000400  loss: 25.4455 (24.3213)  loss_mal: 1.0195 (1.0181)  loss_bbox: 0.3338 (0.2913)  loss_giou: 0.8336 (0.8285)  loss_fgl: 1.0044 (1.0276)  loss_mal_aux_0: 1.0439 (1.0525)  loss_bbox_aux_0: 0.3429 (0.2978)  loss_giou_aux_0: 0.8456 (0.8441)  loss_fgl_aux_0: 1.0142 (1.0365)  loss_ddf_aux_0: 0.0213 (0.0243)  loss_mal_aux_1: 1.0322 (1.0330)  loss_bbox_aux_1: 0.3354 (0.2924)  loss_giou_aux_1: 0.8343 (0.8312)  loss_fgl_aux_1: 1.0050 (1.0281)  loss_ddf_aux_1: 0.0022 (0.0025)  loss_mal_pre: 1.0400 (1.0529)  loss_bbox_pre: 0.3438 (0.2982)  loss_giou_pre: 0.8430 (0.8428)  loss_mal_enc_0: 1.0596 (1.0629)  loss_bbox_enc_0: 0.3611 (0.3129)  loss_giou_enc_0: 0.8599 (0.8754)  loss_mal_dn_0: 0.7554 (0.7556)  loss_bbox_dn_0: 0.3034 (0.2877)  loss_giou_dn_0: 0.8373 (0.7723)  loss_fgl_dn_0: 1.0745 (1.1042)  loss_ddf_dn_0: 0.1108 (0.1316)  loss_mal_dn_1: 0.7295 (0.7206)  loss_bbox_dn_1: 0.2507 (0.2357)  loss_giou_dn_1: 0.7285 (0.6602)  loss_fgl_dn_1: 1.0751 (1.0913)  loss_ddf_dn_1: 0.0082 (0.0097)  loss_mal_dn_2: 0.7231 (0.7121)  loss_bbox_dn_2: 0.2463 (0.2305)  loss_giou_dn_2: 0.7162 (0.6500)  loss_fgl_dn_2: 1.0766 (1.0910)  loss_mal_dn_pre: 0.7544 (0.7556)  loss_bbox_dn_pre: 0.3043 (0.2886)  loss_giou_dn_pre: 0.8366 (0.7715)
Test:  [ 0/13]  eta: 0:00:41    time: 3.2277  data: 2.8812  max mem: 8281
Test:  [10/13]  eta: 0:00:01    time: 0.6032  data: 0.3371  max mem: 8281
Test:  [12/13]  eta: 0:00:00    time: 0.5381  data: 0.2915  max mem: 8281
Test: Total time: 0:00:07 (0.5454 s / it)
Averaged stats: 
Accumulating evaluation results...
COCOeval_opt.accumulate() finished...
DONE (t=0.30s).
IoU metric: bbox
 Average Precision  (AP) @[ IoU=0.50:0.95 | area=   all | maxDets=100 ] = 0.249
 Average Precision  (AP) @[ IoU=0.50      | area=   all | maxDets=100 ] = 0.530
 Average Precision  (AP) @[ IoU=0.75      | area=   all | maxDets=100 ] = 0.194
 Average Precision  (AP) @[ IoU=0.50:0.95 | area= small | maxDets=100 ] = 0.101
 Average Precision  (AP) @[ IoU=0.50:0.95 | area=medium | maxDets=100 ] = 0.207
 Average Precision  (AP) @[ IoU=0.50:0.95 | area= large | maxDets=100 ] = 0.300
 Average Recall     (AR) @[ IoU=0.50:0.95 | area=   all | maxDets=  1 ] = 0.238
 Average Recall     (AR) @[ IoU=0.50:0.95 | area=   all | maxDets= 10 ] = 0.462
 Average Recall     (AR) @[ IoU=0.50:0.95 | area=   all | maxDets=100 ] = 0.528
 Average Recall     (AR) @[ IoU=0.50:0.95 | area= small | maxDets=100 ] = 0.268
 Average Recall     (AR) @[ IoU=0.50:0.95 | area=medium | maxDets=100 ] = 0.499
 Average Recall     (AR) @[ IoU=0.50:0.95 | area= large | maxDets=100 ] = 0.618
 Average Recall     (AR) @[ IoU=0.50      | area=   all | maxDets=100 ] = 0.944
 Average Recall     (AR) @[ IoU=0.75      | area=   all | maxDets=100 ] = 0.510
best_stat: {'epoch': 69, 'coco_eval_bbox': 0.24931640714024803}
Epoch: [72]  [  0/197]  eta: 0:11:12  lr: 0.000400  loss: 26.5932 (26.5932)  loss_mal: 1.0889 (1.0889)  loss_bbox: 0.4185 (0.4185)  loss_giou: 0.9315 (0.9315)  loss_fgl: 1.0159 (1.0159)  loss_mal_aux_0: 1.1152 (1.1152)  loss_bbox_aux_0: 0.4229 (0.4229)  loss_giou_aux_0: 0.9453 (0.9453)  loss_fgl_aux_0: 1.0129 (1.0129)  loss_ddf_aux_0: 0.0196 (0.0196)  loss_mal_aux_1: 1.1084 (1.1084)  loss_bbox_aux_1: 0.4190 (0.4190)  loss_giou_aux_1: 0.9329 (0.9329)  loss_fgl_aux_1: 1.0158 (1.0158)  loss_ddf_aux_1: 0.0021 (0.0021)  loss_mal_pre: 1.1172 (1.1172)  loss_bbox_pre: 0.4211 (0.4211)  loss_giou_pre: 0.9425 (0.9425)  loss_mal_enc_0: 1.0957 (1.0957)  loss_bbox_enc_0: 0.4379 (0.4379)  loss_giou_enc_0: 0.9686 (0.9686)  loss_mal_dn_0: 0.7568 (0.7568)  loss_bbox_dn_0: 0.4278 (0.4278)  loss_giou_dn_0: 0.8660 (0.8660)  loss_fgl_dn_0: 1.0740 (1.0740)  loss_ddf_dn_0: 0.1065 (0.1065)  loss_mal_dn_1: 0.7432 (0.7432)  loss_bbox_dn_1: 0.3652 (0.3652)  loss_giou_dn_1: 0.7533 (0.7533)  loss_fgl_dn_1: 1.0829 (1.0829)  loss_ddf_dn_1: 0.0089 (0.0089)  loss_mal_dn_2: 0.7397 (0.7397)  loss_bbox_dn_2: 0.3565 (0.3565)  loss_giou_dn_2: 0.7366 (0.7366)  loss_fgl_dn_2: 1.0891 (1.0891)  loss_mal_dn_pre: 0.7568 (0.7568)  loss_bbox_dn_pre: 0.4315 (0.4315)  loss_giou_dn_pre: 0.8665 (0.8665)  time: 3.4139  data: 2.8117  max mem: 8281
Epoch: [72]  [196/197]  eta: 0:00:00  lr: 0.000400  loss: 25.2304 (24.3919)  loss_mal: 1.0479 (1.0228)  loss_bbox: 0.2923 (0.2974)  loss_giou: 0.8446 (0.8311)  loss_fgl: 1.0123 (1.0272)  loss_mal_aux_0: 1.0654 (1.0496)  loss_bbox_aux_0: 0.3009 (0.3037)  loss_giou_aux_0: 0.8545 (0.8465)  loss_fgl_aux_0: 1.0162 (1.0349)  loss_ddf_aux_0: 0.0212 (0.0228)  loss_mal_aux_1: 1.0547 (1.0340)  loss_bbox_aux_1: 0.2930 (0.2983)  loss_giou_aux_1: 0.8450 (0.8334)  loss_fgl_aux_1: 1.0126 (1.0274)  loss_ddf_aux_1: 0.0023 (0.0023)  loss_mal_pre: 1.0674 (1.0501)  loss_bbox_pre: 0.3026 (0.3040)  loss_giou_pre: 0.8531 (0.8453)  loss_mal_enc_0: 1.0752 (1.0627)  loss_bbox_enc_0: 0.3126 (0.3165)  loss_giou_enc_0: 0.8765 (0.8776)  loss_mal_dn_0: 0.7573 (0.7545)  loss_bbox_dn_0: 0.3038 (0.2932)  loss_giou_dn_0: 0.8233 (0.7786)  loss_fgl_dn_0: 1.0680 (1.1009)  loss_ddf_dn_0: 0.1206 (0.1305)  loss_mal_dn_1: 0.7314 (0.7206)  loss_bbox_dn_1: 0.2560 (0.2403)  loss_giou_dn_1: 0.7086 (0.6664)  loss_fgl_dn_1: 1.0662 (1.0897)  loss_ddf_dn_1: 0.0094 (0.0094)  loss_mal_dn_2: 0.7251 (0.7129)  loss_bbox_dn_2: 0.2472 (0.2355)  loss_giou_dn_2: 0.7010 (0.6562)  loss_fgl_dn_2: 1.0686 (1.0897)  loss_mal_dn_pre: 0.7563 (0.7545)  loss_bbox_dn_pre: 0.3055 (0.2940)  loss_giou_dn_pre: 0.8213 (0.7776)  time: 0.4800  data: 0.0439  max mem: 8281
Epoch: [72] Total time: 0:01:46 (0.5410 s / it)
Averaged stats: lr: 0.000400  loss: 25.2304 (24.3919)  loss_mal: 1.0479 (1.0228)  loss_bbox: 0.2923 (0.2974)  loss_giou: 0.8446 (0.8311)  loss_fgl: 1.0123 (1.0272)  loss_mal_aux_0: 1.0654 (1.0496)  loss_bbox_aux_0: 0.3009 (0.3037)  loss_giou_aux_0: 0.8545 (0.8465)  loss_fgl_aux_0: 1.0162 (1.0349)  loss_ddf_aux_0: 0.0212 (0.0228)  loss_mal_aux_1: 1.0547 (1.0340)  loss_bbox_aux_1: 0.2930 (0.2983)  loss_giou_aux_1: 0.8450 (0.8334)  loss_fgl_aux_1: 1.0126 (1.0274)  loss_ddf_aux_1: 0.0023 (0.0023)  loss_mal_pre: 1.0674 (1.0501)  loss_bbox_pre: 0.3026 (0.3040)  loss_giou_pre: 0.8531 (0.8453)  loss_mal_enc_0: 1.0752 (1.0627)  loss_bbox_enc_0: 0.3126 (0.3165)  loss_giou_enc_0: 0.8765 (0.8776)  loss_mal_dn_0: 0.7573 (0.7545)  loss_bbox_dn_0: 0.3038 (0.2932)  loss_giou_dn_0: 0.8233 (0.7786)  loss_fgl_dn_0: 1.0680 (1.1009)  loss_ddf_dn_0: 0.1206 (0.1305)  loss_mal_dn_1: 0.7314 (0.7206)  loss_bbox_dn_1: 0.2560 (0.2403)  loss_giou_dn_1: 0.7086 (0.6664)  loss_fgl_dn_1: 1.0662 (1.0897)  loss_ddf_dn_1: 0.0094 (0.0094)  loss_mal_dn_2: 0.7251 (0.7129)  loss_bbox_dn_2: 0.2472 (0.2355)  loss_giou_dn_2: 0.7010 (0.6562)  loss_fgl_dn_2: 1.0686 (1.0897)  loss_mal_dn_pre: 0.7563 (0.7545)  loss_bbox_dn_pre: 0.3055 (0.2940)  loss_giou_dn_pre: 0.8213 (0.7776)
Test:  [ 0/13]  eta: 0:00:40    time: 3.0894  data: 2.7587  max mem: 8281
Test:  [10/13]  eta: 0:00:01    time: 0.5975  data: 0.3332  max mem: 8281
Test:  [12/13]  eta: 0:00:00    time: 0.5402  data: 0.2883  max mem: 8281
Test: Total time: 0:00:07 (0.5475 s / it)
Averaged stats: 
Accumulating evaluation results...
COCOeval_opt.accumulate() finished...
DONE (t=0.30s).
IoU metric: bbox
 Average Precision  (AP) @[ IoU=0.50:0.95 | area=   all | maxDets=100 ] = 0.250
 Average Precision  (AP) @[ IoU=0.50      | area=   all | maxDets=100 ] = 0.532
 Average Precision  (AP) @[ IoU=0.75      | area=   all | maxDets=100 ] = 0.194
 Average Precision  (AP) @[ IoU=0.50:0.95 | area= small | maxDets=100 ] = 0.100
 Average Precision  (AP) @[ IoU=0.50:0.95 | area=medium | maxDets=100 ] = 0.208
 Average Precision  (AP) @[ IoU=0.50:0.95 | area= large | maxDets=100 ] = 0.301
 Average Recall     (AR) @[ IoU=0.50:0.95 | area=   all | maxDets=  1 ] = 0.239
 Average Recall     (AR) @[ IoU=0.50:0.95 | area=   all | maxDets= 10 ] = 0.462
 Average Recall     (AR) @[ IoU=0.50:0.95 | area=   all | maxDets=100 ] = 0.529
 Average Recall     (AR) @[ IoU=0.50:0.95 | area= small | maxDets=100 ] = 0.265
 Average Recall     (AR) @[ IoU=0.50:0.95 | area=medium | maxDets=100 ] = 0.499
 Average Recall     (AR) @[ IoU=0.50:0.95 | area= large | maxDets=100 ] = 0.619
 Average Recall     (AR) @[ IoU=0.50      | area=   all | maxDets=100 ] = 0.944
 Average Recall     (AR) @[ IoU=0.75      | area=   all | maxDets=100 ] = 0.511
best_stat: {'epoch': 72, 'coco_eval_bbox': 0.24982181503930354}
Epoch: [73]  [  0/197]  eta: 0:08:17  lr: 0.000400  loss: 22.6881 (22.6881)  loss_mal: 1.0381 (1.0381)  loss_bbox: 0.1693 (0.1693)  loss_giou: 0.6547 (0.6547)  loss_fgl: 1.1253 (1.1253)  loss_mal_aux_0: 1.0703 (1.0703)  loss_bbox_aux_0: 0.1777 (0.1777)  loss_giou_aux_0: 0.6659 (0.6659)  loss_fgl_aux_0: 1.1415 (1.1415)  loss_ddf_aux_0: 0.0184 (0.0184)  loss_mal_aux_1: 1.0410 (1.0410)  loss_bbox_aux_1: 0.1726 (0.1726)  loss_giou_aux_1: 0.6596 (0.6596)  loss_fgl_aux_1: 1.1261 (1.1261)  loss_ddf_aux_1: 0.0022 (0.0022)  loss_mal_pre: 1.0674 (1.0674)  loss_bbox_pre: 0.1785 (0.1785)  loss_giou_pre: 0.6661 (0.6661)  loss_mal_enc_0: 1.0898 (1.0898)  loss_bbox_enc_0: 0.1932 (0.1932)  loss_giou_enc_0: 0.7029 (0.7029)  loss_mal_dn_0: 0.7651 (0.7651)  loss_bbox_dn_0: 0.1928 (0.1928)  loss_giou_dn_0: 0.6926 (0.6926)  loss_fgl_dn_0: 1.1529 (1.1529)  loss_ddf_dn_0: 0.1152 (0.1152)  loss_mal_dn_1: 0.7144 (0.7144)  loss_bbox_dn_1: 0.1545 (0.1545)  loss_giou_dn_1: 0.5929 (0.5929)  loss_fgl_dn_1: 1.1286 (1.1286)  loss_ddf_dn_1: 0.0096 (0.0096)  loss_mal_dn_2: 0.7012 (0.7012)  loss_bbox_dn_2: 0.1487 (0.1487)  loss_giou_dn_2: 0.5818 (0.5818)  loss_fgl_dn_2: 1.1271 (1.1271)  loss_mal_dn_pre: 0.7651 (0.7651)  loss_bbox_dn_pre: 0.1933 (0.1933)  loss_giou_dn_pre: 0.6916 (0.6916)  time: 2.5229  data: 1.9511  max mem: 8281
Epoch: [73]  [196/197]  eta: 0:00:00  lr: 0.000400  loss: 23.1559 (24.5911)  loss_mal: 1.0098 (1.0318)  loss_bbox: 0.2385 (0.3066)  loss_giou: 0.7041 (0.8511)  loss_fgl: 1.0697 (1.0167)  loss_mal_aux_0: 1.0566 (1.0507)  loss_bbox_aux_0: 0.2443 (0.3129)  loss_giou_aux_0: 0.7265 (0.8668)  loss_fgl_aux_0: 1.0790 (1.0245)  loss_ddf_aux_0: 0.0247 (0.0227)  loss_mal_aux_1: 1.0117 (1.0386)  loss_bbox_aux_1: 0.2388 (0.3077)  loss_giou_aux_1: 0.7070 (0.8539)  loss_fgl_aux_1: 1.0698 (1.0170)  loss_ddf_aux_1: 0.0025 (0.0024)  loss_mal_pre: 1.0586 (1.0507)  loss_bbox_pre: 0.2463 (0.3135)  loss_giou_pre: 0.7220 (0.8655)  loss_mal_enc_0: 1.0508 (1.0616)  loss_bbox_enc_0: 0.2660 (0.3267)  loss_giou_enc_0: 0.7637 (0.8954)  loss_mal_dn_0: 0.7568 (0.7557)  loss_bbox_dn_0: 0.2691 (0.3016)  loss_giou_dn_0: 0.6858 (0.7902)  loss_fgl_dn_0: 1.1396 (1.0961)  loss_ddf_dn_0: 0.1278 (0.1282)  loss_mal_dn_1: 0.7031 (0.7234)  loss_bbox_dn_1: 0.2050 (0.2476)  loss_giou_dn_1: 0.5747 (0.6777)  loss_fgl_dn_1: 1.1076 (1.0864)  loss_ddf_dn_1: 0.0093 (0.0095)  loss_mal_dn_2: 0.6885 (0.7147)  loss_bbox_dn_2: 0.2012 (0.2424)  loss_giou_dn_2: 0.5597 (0.6674)  loss_fgl_dn_2: 1.1079 (1.0865)  loss_mal_dn_pre: 0.7568 (0.7557)  loss_bbox_dn_pre: 0.2707 (0.3022)  loss_giou_dn_pre: 0.6852 (0.7890)  time: 0.5000  data: 0.0512  max mem: 8281
Epoch: [73] Total time: 0:01:50 (0.5591 s / it)
Averaged stats: lr: 0.000400  loss: 23.1559 (24.5911)  loss_mal: 1.0098 (1.0318)  loss_bbox: 0.2385 (0.3066)  loss_giou: 0.7041 (0.8511)  loss_fgl: 1.0697 (1.0167)  loss_mal_aux_0: 1.0566 (1.0507)  loss_bbox_aux_0: 0.2443 (0.3129)  loss_giou_aux_0: 0.7265 (0.8668)  loss_fgl_aux_0: 1.0790 (1.0245)  loss_ddf_aux_0: 0.0247 (0.0227)  loss_mal_aux_1: 1.0117 (1.0386)  loss_bbox_aux_1: 0.2388 (0.3077)  loss_giou_aux_1: 0.7070 (0.8539)  loss_fgl_aux_1: 1.0698 (1.0170)  loss_ddf_aux_1: 0.0025 (0.0024)  loss_mal_pre: 1.0586 (1.0507)  loss_bbox_pre: 0.2463 (0.3135)  loss_giou_pre: 0.7220 (0.8655)  loss_mal_enc_0: 1.0508 (1.0616)  loss_bbox_enc_0: 0.2660 (0.3267)  loss_giou_enc_0: 0.7637 (0.8954)  loss_mal_dn_0: 0.7568 (0.7557)  loss_bbox_dn_0: 0.2691 (0.3016)  loss_giou_dn_0: 0.6858 (0.7902)  loss_fgl_dn_0: 1.1396 (1.0961)  loss_ddf_dn_0: 0.1278 (0.1282)  loss_mal_dn_1: 0.7031 (0.7234)  loss_bbox_dn_1: 0.2050 (0.2476)  loss_giou_dn_1: 0.5747 (0.6777)  loss_fgl_dn_1: 1.1076 (1.0864)  loss_ddf_dn_1: 0.0093 (0.0095)  loss_mal_dn_2: 0.6885 (0.7147)  loss_bbox_dn_2: 0.2012 (0.2424)  loss_giou_dn_2: 0.5597 (0.6674)  loss_fgl_dn_2: 1.1079 (1.0865)  loss_mal_dn_pre: 0.7568 (0.7557)  loss_bbox_dn_pre: 0.2707 (0.3022)  loss_giou_dn_pre: 0.6852 (0.7890)
Test:  [ 0/13]  eta: 0:00:39    time: 3.0105  data: 2.5892  max mem: 8281
Test:  [10/13]  eta: 0:00:01    time: 0.6090  data: 0.3099  max mem: 8281
Test:  [12/13]  eta: 0:00:00    time: 0.5432  data: 0.2681  max mem: 8281
Test: Total time: 0:00:07 (0.5521 s / it)
Averaged stats: 
Accumulating evaluation results...
COCOeval_opt.accumulate() finished...
DONE (t=0.37s).
IoU metric: bbox
 Average Precision  (AP) @[ IoU=0.50:0.95 | area=   all | maxDets=100 ] = 0.250
 Average Precision  (AP) @[ IoU=0.50      | area=   all | maxDets=100 ] = 0.532
 Average Precision  (AP) @[ IoU=0.75      | area=   all | maxDets=100 ] = 0.195
 Average Precision  (AP) @[ IoU=0.50:0.95 | area= small | maxDets=100 ] = 0.102
 Average Precision  (AP) @[ IoU=0.50:0.95 | area=medium | maxDets=100 ] = 0.207
 Average Precision  (AP) @[ IoU=0.50:0.95 | area= large | maxDets=100 ] = 0.302
 Average Recall     (AR) @[ IoU=0.50:0.95 | area=   all | maxDets=  1 ] = 0.238
 Average Recall     (AR) @[ IoU=0.50:0.95 | area=   all | maxDets= 10 ] = 0.462
 Average Recall     (AR) @[ IoU=0.50:0.95 | area=   all | maxDets=100 ] = 0.530
 Average Recall     (AR) @[ IoU=0.50:0.95 | area= small | maxDets=100 ] = 0.270
 Average Recall     (AR) @[ IoU=0.50:0.95 | area=medium | maxDets=100 ] = 0.499
 Average Recall     (AR) @[ IoU=0.50:0.95 | area= large | maxDets=100 ] = 0.621
 Average Recall     (AR) @[ IoU=0.50      | area=   all | maxDets=100 ] = 0.944
 Average Recall     (AR) @[ IoU=0.75      | area=   all | maxDets=100 ] = 0.511
best_stat: {'epoch': 73, 'coco_eval_bbox': 0.2501577328658391}
Epoch: [74]  [  0/197]  eta: 0:11:09  lr: 0.000400  loss: 22.5869 (22.5869)  loss_mal: 0.8555 (0.8555)  loss_bbox: 0.2806 (0.2806)  loss_giou: 0.8054 (0.8054)  loss_fgl: 0.9893 (0.9893)  loss_mal_aux_0: 0.8643 (0.8643)  loss_bbox_aux_0: 0.2944 (0.2944)  loss_giou_aux_0: 0.8293 (0.8293)  loss_fgl_aux_0: 1.0066 (1.0066)  loss_ddf_aux_0: 0.0246 (0.0246)  loss_mal_aux_1: 0.8569 (0.8569)  loss_bbox_aux_1: 0.2800 (0.2800)  loss_giou_aux_1: 0.8104 (0.8104)  loss_fgl_aux_1: 0.9905 (0.9905)  loss_ddf_aux_1: 0.0030 (0.0030)  loss_mal_pre: 0.8696 (0.8696)  loss_bbox_pre: 0.2951 (0.2951)  loss_giou_pre: 0.8284 (0.8284)  loss_mal_enc_0: 0.8882 (0.8882)  loss_bbox_enc_0: 0.3320 (0.3320)  loss_giou_enc_0: 0.8741 (0.8741)  loss_mal_dn_0: 0.7280 (0.7280)  loss_bbox_dn_0: 0.2356 (0.2356)  loss_giou_dn_0: 0.6745 (0.6745)  loss_fgl_dn_0: 1.1312 (1.1312)  loss_ddf_dn_0: 0.1353 (0.1353)  loss_mal_dn_1: 0.6782 (0.6782)  loss_bbox_dn_1: 0.1859 (0.1859)  loss_giou_dn_1: 0.5732 (0.5732)  loss_fgl_dn_1: 1.1024 (1.1024)  loss_ddf_dn_1: 0.0109 (0.0109)  loss_mal_dn_2: 0.6670 (0.6670)  loss_bbox_dn_2: 0.1834 (0.1834)  loss_giou_dn_2: 0.5657 (0.5657)  loss_fgl_dn_2: 1.1006 (1.1006)  loss_mal_dn_pre: 0.7275 (0.7275)  loss_bbox_dn_pre: 0.2359 (0.2359)  loss_giou_dn_pre: 0.6732 (0.6732)  time: 3.3977  data: 2.7566  max mem: 8281
Epoch: [74]  [196/197]  eta: 0:00:00  lr: 0.000400  loss: 24.8126 (24.2778)  loss_mal: 0.9971 (1.0228)  loss_bbox: 0.3086 (0.2947)  loss_giou: 0.8551 (0.8184)  loss_fgl: 0.9844 (1.0260)  loss_mal_aux_0: 1.0469 (1.0536)  loss_bbox_aux_0: 0.3133 (0.3017)  loss_giou_aux_0: 0.8741 (0.8348)  loss_fgl_aux_0: 0.9926 (1.0353)  loss_ddf_aux_0: 0.0224 (0.0250)  loss_mal_aux_1: 1.0254 (1.0364)  loss_bbox_aux_1: 0.3092 (0.2957)  loss_giou_aux_1: 0.8598 (0.8210)  loss_fgl_aux_1: 0.9846 (1.0263)  loss_ddf_aux_1: 0.0024 (0.0025)  loss_mal_pre: 1.0469 (1.0538)  loss_bbox_pre: 0.3139 (0.3021)  loss_giou_pre: 0.8701 (0.8337)  loss_mal_enc_0: 1.0723 (1.0624)  loss_bbox_enc_0: 0.3301 (0.3170)  loss_giou_enc_0: 0.9010 (0.8665)  loss_mal_dn_0: 0.7549 (0.7546)  loss_bbox_dn_0: 0.2786 (0.2934)  loss_giou_dn_0: 0.8286 (0.7645)  loss_fgl_dn_0: 1.0737 (1.1033)  loss_ddf_dn_0: 0.1292 (0.1340)  loss_mal_dn_1: 0.7192 (0.7185)  loss_bbox_dn_1: 0.2273 (0.2406)  loss_giou_dn_1: 0.7136 (0.6523)  loss_fgl_dn_1: 1.0774 (1.0889)  loss_ddf_dn_1: 0.0095 (0.0098)  loss_mal_dn_2: 0.7114 (0.7100)  loss_bbox_dn_2: 0.2260 (0.2354)  loss_giou_dn_2: 0.6966 (0.6420)  loss_fgl_dn_2: 1.0791 (1.0887)  loss_mal_dn_pre: 0.7554 (0.7544)  loss_bbox_dn_pre: 0.2810 (0.2942)  loss_giou_dn_pre: 0.8289 (0.7637)  time: 0.4851  data: 0.0454  max mem: 8281
Epoch: [74] Total time: 0:01:45 (0.5376 s / it)
Averaged stats: lr: 0.000400  loss: 24.8126 (24.2778)  loss_mal: 0.9971 (1.0228)  loss_bbox: 0.3086 (0.2947)  loss_giou: 0.8551 (0.8184)  loss_fgl: 0.9844 (1.0260)  loss_mal_aux_0: 1.0469 (1.0536)  loss_bbox_aux_0: 0.3133 (0.3017)  loss_giou_aux_0: 0.8741 (0.8348)  loss_fgl_aux_0: 0.9926 (1.0353)  loss_ddf_aux_0: 0.0224 (0.0250)  loss_mal_aux_1: 1.0254 (1.0364)  loss_bbox_aux_1: 0.3092 (0.2957)  loss_giou_aux_1: 0.8598 (0.8210)  loss_fgl_aux_1: 0.9846 (1.0263)  loss_ddf_aux_1: 0.0024 (0.0025)  loss_mal_pre: 1.0469 (1.0538)  loss_bbox_pre: 0.3139 (0.3021)  loss_giou_pre: 0.8701 (0.8337)  loss_mal_enc_0: 1.0723 (1.0624)  loss_bbox_enc_0: 0.3301 (0.3170)  loss_giou_enc_0: 0.9010 (0.8665)  loss_mal_dn_0: 0.7549 (0.7546)  loss_bbox_dn_0: 0.2786 (0.2934)  loss_giou_dn_0: 0.8286 (0.7645)  loss_fgl_dn_0: 1.0737 (1.1033)  loss_ddf_dn_0: 0.1292 (0.1340)  loss_mal_dn_1: 0.7192 (0.7185)  loss_bbox_dn_1: 0.2273 (0.2406)  loss_giou_dn_1: 0.7136 (0.6523)  loss_fgl_dn_1: 1.0774 (1.0889)  loss_ddf_dn_1: 0.0095 (0.0098)  loss_mal_dn_2: 0.7114 (0.7100)  loss_bbox_dn_2: 0.2260 (0.2354)  loss_giou_dn_2: 0.6966 (0.6420)  loss_fgl_dn_2: 1.0791 (1.0887)  loss_mal_dn_pre: 0.7554 (0.7544)  loss_bbox_dn_pre: 0.2810 (0.2942)  loss_giou_dn_pre: 0.8289 (0.7637)
Test:  [ 0/13]  eta: 0:00:43    time: 3.3108  data: 2.9450  max mem: 8281
Test:  [10/13]  eta: 0:00:01    time: 0.6185  data: 0.3525  max mem: 8281
Test:  [12/13]  eta: 0:00:00    time: 0.5510  data: 0.3046  max mem: 8281
Test: Total time: 0:00:07 (0.5564 s / it)
Averaged stats: 
Accumulating evaluation results...
COCOeval_opt.accumulate() finished...
DONE (t=0.29s).
IoU metric: bbox
 Average Precision  (AP) @[ IoU=0.50:0.95 | area=   all | maxDets=100 ] = 0.248
 Average Precision  (AP) @[ IoU=0.50      | area=   all | maxDets=100 ] = 0.530
 Average Precision  (AP) @[ IoU=0.75      | area=   all | maxDets=100 ] = 0.192
 Average Precision  (AP) @[ IoU=0.50:0.95 | area= small | maxDets=100 ] = 0.102
 Average Precision  (AP) @[ IoU=0.50:0.95 | area=medium | maxDets=100 ] = 0.205
 Average Precision  (AP) @[ IoU=0.50:0.95 | area= large | maxDets=100 ] = 0.301
 Average Recall     (AR) @[ IoU=0.50:0.95 | area=   all | maxDets=  1 ] = 0.238
 Average Recall     (AR) @[ IoU=0.50:0.95 | area=   all | maxDets= 10 ] = 0.462
 Average Recall     (AR) @[ IoU=0.50:0.95 | area=   all | maxDets=100 ] = 0.530
 Average Recall     (AR) @[ IoU=0.50:0.95 | area= small | maxDets=100 ] = 0.270
 Average Recall     (AR) @[ IoU=0.50:0.95 | area=medium | maxDets=100 ] = 0.498
 Average Recall     (AR) @[ IoU=0.50:0.95 | area= large | maxDets=100 ] = 0.621
 Average Recall     (AR) @[ IoU=0.50      | area=   all | maxDets=100 ] = 0.944
 Average Recall     (AR) @[ IoU=0.75      | area=   all | maxDets=100 ] = 0.510
best_stat: {'epoch': 73, 'coco_eval_bbox': 0.2501577328658391}
Epoch: [75]  [  0/197]  eta: 0:12:07  lr: 0.000400  loss: 26.7247 (26.7247)  loss_mal: 1.1289 (1.1289)  loss_bbox: 0.4121 (0.4121)  loss_giou: 0.9158 (0.9158)  loss_fgl: 0.9535 (0.9535)  loss_mal_aux_0: 1.1855 (1.1855)  loss_bbox_aux_0: 0.4293 (0.4293)  loss_giou_aux_0: 0.9356 (0.9356)  loss_fgl_aux_0: 0.9670 (0.9670)  loss_ddf_aux_0: 0.0260 (0.0260)  loss_mal_aux_1: 1.1553 (1.1553)  loss_bbox_aux_1: 0.4131 (0.4131)  loss_giou_aux_1: 0.9184 (0.9184)  loss_fgl_aux_1: 0.9530 (0.9530)  loss_ddf_aux_1: 0.0021 (0.0021)  loss_mal_pre: 1.1865 (1.1865)  loss_bbox_pre: 0.4327 (0.4327)  loss_giou_pre: 0.9341 (0.9341)  loss_mal_enc_0: 1.1807 (1.1807)  loss_bbox_enc_0: 0.4504 (0.4504)  loss_giou_enc_0: 0.9647 (0.9647)  loss_mal_dn_0: 0.7559 (0.7559)  loss_bbox_dn_0: 0.4655 (0.4655)  loss_giou_dn_0: 0.8651 (0.8651)  loss_fgl_dn_0: 1.0516 (1.0516)  loss_ddf_dn_0: 0.1399 (0.1399)  loss_mal_dn_1: 0.7466 (0.7466)  loss_bbox_dn_1: 0.4008 (0.4008)  loss_giou_dn_1: 0.7473 (0.7473)  loss_fgl_dn_1: 1.0313 (1.0313)  loss_ddf_dn_1: 0.0101 (0.0101)  loss_mal_dn_2: 0.7344 (0.7344)  loss_bbox_dn_2: 0.3840 (0.3840)  loss_giou_dn_2: 0.7305 (0.7305)  loss_fgl_dn_2: 1.0310 (1.0310)  loss_mal_dn_pre: 0.7559 (0.7559)  loss_bbox_dn_pre: 0.4655 (0.4655)  loss_giou_dn_pre: 0.8646 (0.8646)  time: 3.6918  data: 3.0311  max mem: 8281
Epoch: [75]  [196/197]  eta: 0:00:00  lr: 0.000400  loss: 22.9795 (24.2029)  loss_mal: 0.9985 (1.0273)  loss_bbox: 0.2290 (0.2871)  loss_giou: 0.6649 (0.8142)  loss_fgl: 1.0825 (1.0317)  loss_mal_aux_0: 1.0439 (1.0561)  loss_bbox_aux_0: 0.2368 (0.2933)  loss_giou_aux_0: 0.6831 (0.8299)  loss_fgl_aux_0: 1.1018 (1.0407)  loss_ddf_aux_0: 0.0248 (0.0240)  loss_mal_aux_1: 1.0146 (1.0370)  loss_bbox_aux_1: 0.2293 (0.2881)  loss_giou_aux_1: 0.6699 (0.8167)  loss_fgl_aux_1: 1.0835 (1.0323)  loss_ddf_aux_1: 0.0029 (0.0025)  loss_mal_pre: 1.0439 (1.0567)  loss_bbox_pre: 0.2359 (0.2939)  loss_giou_pre: 0.6812 (0.8286)  loss_mal_enc_0: 1.0586 (1.0655)  loss_bbox_enc_0: 0.2578 (0.3073)  loss_giou_enc_0: 0.7351 (0.8621)  loss_mal_dn_0: 0.7539 (0.7540)  loss_bbox_dn_0: 0.2480 (0.2849)  loss_giou_dn_0: 0.6656 (0.7624)  loss_fgl_dn_0: 1.1446 (1.1075)  loss_ddf_dn_0: 0.1471 (0.1356)  loss_mal_dn_1: 0.6982 (0.7165)  loss_bbox_dn_1: 0.1979 (0.2320)  loss_giou_dn_1: 0.5464 (0.6475)  loss_fgl_dn_1: 1.1194 (1.0926)  loss_ddf_dn_1: 0.0103 (0.0095)  loss_mal_dn_2: 0.6846 (0.7075)  loss_bbox_dn_2: 0.1956 (0.2271)  loss_giou_dn_2: 0.5385 (0.6376)  loss_fgl_dn_2: 1.1173 (1.0919)  loss_mal_dn_pre: 0.7539 (0.7539)  loss_bbox_dn_pre: 0.2490 (0.2858)  loss_giou_dn_pre: 0.6635 (0.7614)  time: 0.4647  data: 0.0447  max mem: 8321
Epoch: [75] Total time: 0:01:45 (0.5359 s / it)
Averaged stats: lr: 0.000400  loss: 22.9795 (24.2029)  loss_mal: 0.9985 (1.0273)  loss_bbox: 0.2290 (0.2871)  loss_giou: 0.6649 (0.8142)  loss_fgl: 1.0825 (1.0317)  loss_mal_aux_0: 1.0439 (1.0561)  loss_bbox_aux_0: 0.2368 (0.2933)  loss_giou_aux_0: 0.6831 (0.8299)  loss_fgl_aux_0: 1.1018 (1.0407)  loss_ddf_aux_0: 0.0248 (0.0240)  loss_mal_aux_1: 1.0146 (1.0370)  loss_bbox_aux_1: 0.2293 (0.2881)  loss_giou_aux_1: 0.6699 (0.8167)  loss_fgl_aux_1: 1.0835 (1.0323)  loss_ddf_aux_1: 0.0029 (0.0025)  loss_mal_pre: 1.0439 (1.0567)  loss_bbox_pre: 0.2359 (0.2939)  loss_giou_pre: 0.6812 (0.8286)  loss_mal_enc_0: 1.0586 (1.0655)  loss_bbox_enc_0: 0.2578 (0.3073)  loss_giou_enc_0: 0.7351 (0.8621)  loss_mal_dn_0: 0.7539 (0.7540)  loss_bbox_dn_0: 0.2480 (0.2849)  loss_giou_dn_0: 0.6656 (0.7624)  loss_fgl_dn_0: 1.1446 (1.1075)  loss_ddf_dn_0: 0.1471 (0.1356)  loss_mal_dn_1: 0.6982 (0.7165)  loss_bbox_dn_1: 0.1979 (0.2320)  loss_giou_dn_1: 0.5464 (0.6475)  loss_fgl_dn_1: 1.1194 (1.0926)  loss_ddf_dn_1: 0.0103 (0.0095)  loss_mal_dn_2: 0.6846 (0.7075)  loss_bbox_dn_2: 0.1956 (0.2271)  loss_giou_dn_2: 0.5385 (0.6376)  loss_fgl_dn_2: 1.1173 (1.0919)  loss_mal_dn_pre: 0.7539 (0.7539)  loss_bbox_dn_pre: 0.2490 (0.2858)  loss_giou_dn_pre: 0.6635 (0.7614)
Test:  [ 0/13]  eta: 0:00:38    time: 2.9243  data: 2.5108  max mem: 8321
Test:  [10/13]  eta: 0:00:01    time: 0.5865  data: 0.3107  max mem: 8321
Test:  [12/13]  eta: 0:00:00    time: 0.5315  data: 0.2691  max mem: 8321
Test: Total time: 0:00:06 (0.5384 s / it)
Averaged stats: 
Accumulating evaluation results...
COCOeval_opt.accumulate() finished...
DONE (t=0.31s).
IoU metric: bbox
 Average Precision  (AP) @[ IoU=0.50:0.95 | area=   all | maxDets=100 ] = 0.251
 Average Precision  (AP) @[ IoU=0.50      | area=   all | maxDets=100 ] = 0.533
 Average Precision  (AP) @[ IoU=0.75      | area=   all | maxDets=100 ] = 0.195
 Average Precision  (AP) @[ IoU=0.50:0.95 | area= small | maxDets=100 ] = 0.104
 Average Precision  (AP) @[ IoU=0.50:0.95 | area=medium | maxDets=100 ] = 0.208
 Average Precision  (AP) @[ IoU=0.50:0.95 | area= large | maxDets=100 ] = 0.302
 Average Recall     (AR) @[ IoU=0.50:0.95 | area=   all | maxDets=  1 ] = 0.239
 Average Recall     (AR) @[ IoU=0.50:0.95 | area=   all | maxDets= 10 ] = 0.462
 Average Recall     (AR) @[ IoU=0.50:0.95 | area=   all | maxDets=100 ] = 0.530
 Average Recall     (AR) @[ IoU=0.50:0.95 | area= small | maxDets=100 ] = 0.270
 Average Recall     (AR) @[ IoU=0.50:0.95 | area=medium | maxDets=100 ] = 0.499
 Average Recall     (AR) @[ IoU=0.50:0.95 | area= large | maxDets=100 ] = 0.621
 Average Recall     (AR) @[ IoU=0.50      | area=   all | maxDets=100 ] = 0.943
 Average Recall     (AR) @[ IoU=0.75      | area=   all | maxDets=100 ] = 0.512
best_stat: {'epoch': 75, 'coco_eval_bbox': 0.25075460335629773}
Epoch: [76]  [  0/197]  eta: 0:11:38  lr: 0.000400  loss: 25.9047 (25.9047)  loss_mal: 1.0420 (1.0420)  loss_bbox: 0.3438 (0.3438)  loss_giou: 1.0438 (1.0438)  loss_fgl: 0.9434 (0.9434)  loss_mal_aux_0: 1.0811 (1.0811)  loss_bbox_aux_0: 0.3488 (0.3488)  loss_giou_aux_0: 1.0572 (1.0572)  loss_fgl_aux_0: 0.9471 (0.9471)  loss_ddf_aux_0: 0.0211 (0.0211)  loss_mal_aux_1: 1.0527 (1.0527)  loss_bbox_aux_1: 0.3434 (0.3434)  loss_giou_aux_1: 1.0459 (1.0459)  loss_fgl_aux_1: 0.9421 (0.9421)  loss_ddf_aux_1: 0.0024 (0.0024)  loss_mal_pre: 1.0684 (1.0684)  loss_bbox_pre: 0.3510 (0.3510)  loss_giou_pre: 1.0576 (1.0576)  loss_mal_enc_0: 1.0420 (1.0420)  loss_bbox_enc_0: 0.3619 (0.3619)  loss_giou_enc_0: 1.0828 (1.0828)  loss_mal_dn_0: 0.7485 (0.7485)  loss_bbox_dn_0: 0.2920 (0.2920)  loss_giou_dn_0: 0.9042 (0.9042)  loss_fgl_dn_0: 1.0648 (1.0648)  loss_ddf_dn_0: 0.1236 (0.1236)  loss_mal_dn_1: 0.7349 (0.7349)  loss_bbox_dn_1: 0.2395 (0.2395)  loss_giou_dn_1: 0.7737 (0.7737)  loss_fgl_dn_1: 1.0804 (1.0804)  loss_ddf_dn_1: 0.0098 (0.0098)  loss_mal_dn_2: 0.7280 (0.7280)  loss_bbox_dn_2: 0.2346 (0.2346)  loss_giou_dn_2: 0.7619 (0.7619)  loss_fgl_dn_2: 1.0809 (1.0809)  loss_mal_dn_pre: 0.7500 (0.7500)  loss_bbox_dn_pre: 0.2957 (0.2957)  loss_giou_dn_pre: 0.9036 (0.9036)  time: 3.5440  data: 2.8871  max mem: 8321
Epoch: [76]  [196/197]  eta: 0:00:00  lr: 0.000400  loss: 25.4273 (24.1681)  loss_mal: 1.0176 (1.0207)  loss_bbox: 0.3257 (0.2852)  loss_giou: 0.9094 (0.8147)  loss_fgl: 0.9897 (1.0318)  loss_mal_aux_0: 1.0400 (1.0487)  loss_bbox_aux_0: 0.3294 (0.2919)  loss_giou_aux_0: 0.9250 (0.8310)  loss_fgl_aux_0: 0.9962 (1.0403)  loss_ddf_aux_0: 0.0257 (0.0244)  loss_mal_aux_1: 1.0303 (1.0323)  loss_bbox_aux_1: 0.3276 (0.2864)  loss_giou_aux_1: 0.9129 (0.8172)  loss_fgl_aux_1: 0.9910 (1.0324)  loss_ddf_aux_1: 0.0024 (0.0025)  loss_mal_pre: 1.0420 (1.0495)  loss_bbox_pre: 0.3286 (0.2922)  loss_giou_pre: 0.9262 (0.8300)  loss_mal_enc_0: 1.0586 (1.0642)  loss_bbox_enc_0: 0.3352 (0.3067)  loss_giou_enc_0: 0.9536 (0.8648)  loss_mal_dn_0: 0.7510 (0.7541)  loss_bbox_dn_0: 0.2872 (0.2818)  loss_giou_dn_0: 0.8665 (0.7636)  loss_fgl_dn_0: 1.0676 (1.1061)  loss_ddf_dn_0: 0.1288 (0.1338)  loss_mal_dn_1: 0.7310 (0.7171)  loss_bbox_dn_1: 0.2394 (0.2293)  loss_giou_dn_1: 0.7584 (0.6493)  loss_fgl_dn_1: 1.0744 (1.0930)  loss_ddf_dn_1: 0.0090 (0.0095)  loss_mal_dn_2: 0.7256 (0.7086)  loss_bbox_dn_2: 0.2397 (0.2243)  loss_giou_dn_2: 0.7454 (0.6391)  loss_fgl_dn_2: 1.0764 (1.0926)  loss_mal_dn_pre: 0.7515 (0.7541)  loss_bbox_dn_pre: 0.2883 (0.2825)  loss_giou_dn_pre: 0.8648 (0.7627)  time: 0.5289  data: 0.0507  max mem: 8321
Epoch: [76] Total time: 0:01:48 (0.5498 s / it)
Averaged stats: lr: 0.000400  loss: 25.4273 (24.1681)  loss_mal: 1.0176 (1.0207)  loss_bbox: 0.3257 (0.2852)  loss_giou: 0.9094 (0.8147)  loss_fgl: 0.9897 (1.0318)  loss_mal_aux_0: 1.0400 (1.0487)  loss_bbox_aux_0: 0.3294 (0.2919)  loss_giou_aux_0: 0.9250 (0.8310)  loss_fgl_aux_0: 0.9962 (1.0403)  loss_ddf_aux_0: 0.0257 (0.0244)  loss_mal_aux_1: 1.0303 (1.0323)  loss_bbox_aux_1: 0.3276 (0.2864)  loss_giou_aux_1: 0.9129 (0.8172)  loss_fgl_aux_1: 0.9910 (1.0324)  loss_ddf_aux_1: 0.0024 (0.0025)  loss_mal_pre: 1.0420 (1.0495)  loss_bbox_pre: 0.3286 (0.2922)  loss_giou_pre: 0.9262 (0.8300)  loss_mal_enc_0: 1.0586 (1.0642)  loss_bbox_enc_0: 0.3352 (0.3067)  loss_giou_enc_0: 0.9536 (0.8648)  loss_mal_dn_0: 0.7510 (0.7541)  loss_bbox_dn_0: 0.2872 (0.2818)  loss_giou_dn_0: 0.8665 (0.7636)  loss_fgl_dn_0: 1.0676 (1.1061)  loss_ddf_dn_0: 0.1288 (0.1338)  loss_mal_dn_1: 0.7310 (0.7171)  loss_bbox_dn_1: 0.2394 (0.2293)  loss_giou_dn_1: 0.7584 (0.6493)  loss_fgl_dn_1: 1.0744 (1.0930)  loss_ddf_dn_1: 0.0090 (0.0095)  loss_mal_dn_2: 0.7256 (0.7086)  loss_bbox_dn_2: 0.2397 (0.2243)  loss_giou_dn_2: 0.7454 (0.6391)  loss_fgl_dn_2: 1.0764 (1.0926)  loss_mal_dn_pre: 0.7515 (0.7541)  loss_bbox_dn_pre: 0.2883 (0.2825)  loss_giou_dn_pre: 0.8648 (0.7627)
Test:  [ 0/13]  eta: 0:00:36    time: 2.8383  data: 2.4347  max mem: 8321
Test:  [10/13]  eta: 0:00:01    time: 0.5821  data: 0.3070  max mem: 8321
Test:  [12/13]  eta: 0:00:00    time: 0.5202  data: 0.2660  max mem: 8321
Test: Total time: 0:00:06 (0.5260 s / it)
Averaged stats: 
Accumulating evaluation results...
COCOeval_opt.accumulate() finished...
DONE (t=0.31s).
IoU metric: bbox
 Average Precision  (AP) @[ IoU=0.50:0.95 | area=   all | maxDets=100 ] = 0.251
 Average Precision  (AP) @[ IoU=0.50      | area=   all | maxDets=100 ] = 0.533
 Average Precision  (AP) @[ IoU=0.75      | area=   all | maxDets=100 ] = 0.195
 Average Precision  (AP) @[ IoU=0.50:0.95 | area= small | maxDets=100 ] = 0.103
 Average Precision  (AP) @[ IoU=0.50:0.95 | area=medium | maxDets=100 ] = 0.208
 Average Precision  (AP) @[ IoU=0.50:0.95 | area= large | maxDets=100 ] = 0.301
 Average Recall     (AR) @[ IoU=0.50:0.95 | area=   all | maxDets=  1 ] = 0.239
 Average Recall     (AR) @[ IoU=0.50:0.95 | area=   all | maxDets= 10 ] = 0.461
 Average Recall     (AR) @[ IoU=0.50:0.95 | area=   all | maxDets=100 ] = 0.530
 Average Recall     (AR) @[ IoU=0.50:0.95 | area= small | maxDets=100 ] = 0.270
 Average Recall     (AR) @[ IoU=0.50:0.95 | area=medium | maxDets=100 ] = 0.498
 Average Recall     (AR) @[ IoU=0.50:0.95 | area= large | maxDets=100 ] = 0.623
 Average Recall     (AR) @[ IoU=0.50      | area=   all | maxDets=100 ] = 0.943
 Average Recall     (AR) @[ IoU=0.75      | area=   all | maxDets=100 ] = 0.512
best_stat: {'epoch': 75, 'coco_eval_bbox': 0.25075460335629773}
Epoch: [77]  [  0/197]  eta: 0:13:26  lr: 0.000400  loss: 25.7706 (25.7706)  loss_mal: 0.8901 (0.8901)  loss_bbox: 0.3965 (0.3965)  loss_giou: 1.1604 (1.1604)  loss_fgl: 0.8333 (0.8333)  loss_mal_aux_0: 0.8936 (0.8936)  loss_bbox_aux_0: 0.4042 (0.4042)  loss_giou_aux_0: 1.1650 (1.1650)  loss_fgl_aux_0: 0.8318 (0.8318)  loss_ddf_aux_0: 0.0217 (0.0217)  loss_mal_aux_1: 0.8936 (0.8936)  loss_bbox_aux_1: 0.3971 (0.3971)  loss_giou_aux_1: 1.1592 (1.1592)  loss_fgl_aux_1: 0.8327 (0.8327)  loss_ddf_aux_1: 0.0019 (0.0019)  loss_mal_pre: 0.8936 (0.8936)  loss_bbox_pre: 0.4019 (0.4019)  loss_giou_pre: 1.1640 (1.1640)  loss_mal_enc_0: 0.8906 (0.8906)  loss_bbox_enc_0: 0.4120 (0.4120)  loss_giou_enc_0: 1.1914 (1.1914)  loss_mal_dn_0: 0.7539 (0.7539)  loss_bbox_dn_0: 0.3187 (0.3187)  loss_giou_dn_0: 0.9505 (0.9505)  loss_fgl_dn_0: 1.0150 (1.0150)  loss_ddf_dn_0: 0.1078 (0.1078)  loss_mal_dn_1: 0.7451 (0.7451)  loss_bbox_dn_1: 0.2605 (0.2605)  loss_giou_dn_1: 0.8483 (0.8483)  loss_fgl_dn_1: 1.0279 (1.0279)  loss_ddf_dn_1: 0.0077 (0.0077)  loss_mal_dn_2: 0.7451 (0.7451)  loss_bbox_dn_2: 0.2588 (0.2588)  loss_giou_dn_2: 0.8386 (0.8386)  loss_fgl_dn_2: 1.0297 (1.0297)  loss_mal_dn_pre: 0.7539 (0.7539)  loss_bbox_dn_pre: 0.3231 (0.3231)  loss_giou_dn_pre: 0.9514 (0.9514)  time: 4.0931  data: 3.4367  max mem: 8321
Epoch: [77]  [196/197]  eta: 0:00:00  lr: 0.000400  loss: 23.1741 (24.0531)  loss_mal: 1.0156 (1.0186)  loss_bbox: 0.2245 (0.2833)  loss_giou: 0.7078 (0.8007)  loss_fgl: 1.0875 (1.0343)  loss_mal_aux_0: 1.0488 (1.0476)  loss_bbox_aux_0: 0.2317 (0.2899)  loss_giou_aux_0: 0.7241 (0.8168)  loss_fgl_aux_0: 1.0996 (1.0444)  loss_ddf_aux_0: 0.0276 (0.0252)  loss_mal_aux_1: 1.0352 (1.0293)  loss_bbox_aux_1: 0.2287 (0.2845)  loss_giou_aux_1: 0.7148 (0.8034)  loss_fgl_aux_1: 1.0920 (1.0349)  loss_ddf_aux_1: 0.0026 (0.0025)  loss_mal_pre: 1.0508 (1.0480)  loss_bbox_pre: 0.2318 (0.2903)  loss_giou_pre: 0.7240 (0.8155)  loss_mal_enc_0: 1.0430 (1.0603)  loss_bbox_enc_0: 0.2528 (0.3047)  loss_giou_enc_0: 0.7665 (0.8506)  loss_mal_dn_0: 0.7490 (0.7534)  loss_bbox_dn_0: 0.2647 (0.2826)  loss_giou_dn_0: 0.6986 (0.7538)  loss_fgl_dn_0: 1.1381 (1.1091)  loss_ddf_dn_0: 0.1363 (0.1341)  loss_mal_dn_1: 0.7080 (0.7146)  loss_bbox_dn_1: 0.2089 (0.2308)  loss_giou_dn_1: 0.5782 (0.6423)  loss_fgl_dn_1: 1.0907 (1.0927)  loss_ddf_dn_1: 0.0097 (0.0095)  loss_mal_dn_2: 0.6973 (0.7058)  loss_bbox_dn_2: 0.1998 (0.2257)  loss_giou_dn_2: 0.5664 (0.6320)  loss_fgl_dn_2: 1.0885 (1.0922)  loss_mal_dn_pre: 0.7485 (0.7533)  loss_bbox_dn_pre: 0.2652 (0.2833)  loss_giou_dn_pre: 0.6996 (0.7529)  time: 0.4795  data: 0.0474  max mem: 8321
Epoch: [77] Total time: 0:01:47 (0.5453 s / it)
Averaged stats: lr: 0.000400  loss: 23.1741 (24.0531)  loss_mal: 1.0156 (1.0186)  loss_bbox: 0.2245 (0.2833)  loss_giou: 0.7078 (0.8007)  loss_fgl: 1.0875 (1.0343)  loss_mal_aux_0: 1.0488 (1.0476)  loss_bbox_aux_0: 0.2317 (0.2899)  loss_giou_aux_0: 0.7241 (0.8168)  loss_fgl_aux_0: 1.0996 (1.0444)  loss_ddf_aux_0: 0.0276 (0.0252)  loss_mal_aux_1: 1.0352 (1.0293)  loss_bbox_aux_1: 0.2287 (0.2845)  loss_giou_aux_1: 0.7148 (0.8034)  loss_fgl_aux_1: 1.0920 (1.0349)  loss_ddf_aux_1: 0.0026 (0.0025)  loss_mal_pre: 1.0508 (1.0480)  loss_bbox_pre: 0.2318 (0.2903)  loss_giou_pre: 0.7240 (0.8155)  loss_mal_enc_0: 1.0430 (1.0603)  loss_bbox_enc_0: 0.2528 (0.3047)  loss_giou_enc_0: 0.7665 (0.8506)  loss_mal_dn_0: 0.7490 (0.7534)  loss_bbox_dn_0: 0.2647 (0.2826)  loss_giou_dn_0: 0.6986 (0.7538)  loss_fgl_dn_0: 1.1381 (1.1091)  loss_ddf_dn_0: 0.1363 (0.1341)  loss_mal_dn_1: 0.7080 (0.7146)  loss_bbox_dn_1: 0.2089 (0.2308)  loss_giou_dn_1: 0.5782 (0.6423)  loss_fgl_dn_1: 1.0907 (1.0927)  loss_ddf_dn_1: 0.0097 (0.0095)  loss_mal_dn_2: 0.6973 (0.7058)  loss_bbox_dn_2: 0.1998 (0.2257)  loss_giou_dn_2: 0.5664 (0.6320)  loss_fgl_dn_2: 1.0885 (1.0922)  loss_mal_dn_pre: 0.7485 (0.7533)  loss_bbox_dn_pre: 0.2652 (0.2833)  loss_giou_dn_pre: 0.6996 (0.7529)
Test:  [ 0/13]  eta: 0:00:31    time: 2.4385  data: 2.0172  max mem: 8321
Test:  [10/13]  eta: 0:00:01    time: 0.5659  data: 0.2879  max mem: 8321
Test:  [12/13]  eta: 0:00:00    time: 0.5066  data: 0.2499  max mem: 8321
Test: Total time: 0:00:06 (0.5134 s / it)
Averaged stats: 
Accumulating evaluation results...
COCOeval_opt.accumulate() finished...
DONE (t=0.30s).
IoU metric: bbox
 Average Precision  (AP) @[ IoU=0.50:0.95 | area=   all | maxDets=100 ] = 0.251
 Average Precision  (AP) @[ IoU=0.50      | area=   all | maxDets=100 ] = 0.534
 Average Precision  (AP) @[ IoU=0.75      | area=   all | maxDets=100 ] = 0.195
 Average Precision  (AP) @[ IoU=0.50:0.95 | area= small | maxDets=100 ] = 0.105
 Average Precision  (AP) @[ IoU=0.50:0.95 | area=medium | maxDets=100 ] = 0.209
 Average Precision  (AP) @[ IoU=0.50:0.95 | area= large | maxDets=100 ] = 0.301
 Average Recall     (AR) @[ IoU=0.50:0.95 | area=   all | maxDets=  1 ] = 0.238
 Average Recall     (AR) @[ IoU=0.50:0.95 | area=   all | maxDets= 10 ] = 0.463
 Average Recall     (AR) @[ IoU=0.50:0.95 | area=   all | maxDets=100 ] = 0.531
 Average Recall     (AR) @[ IoU=0.50:0.95 | area= small | maxDets=100 ] = 0.271
 Average Recall     (AR) @[ IoU=0.50:0.95 | area=medium | maxDets=100 ] = 0.499
 Average Recall     (AR) @[ IoU=0.50:0.95 | area= large | maxDets=100 ] = 0.624
 Average Recall     (AR) @[ IoU=0.50      | area=   all | maxDets=100 ] = 0.944
 Average Recall     (AR) @[ IoU=0.75      | area=   all | maxDets=100 ] = 0.516
best_stat: {'epoch': 77, 'coco_eval_bbox': 0.25089829338831776}
     ### Attention --- Mixup is closed after epoch@ 78 ###
     ### Attention --- Mixup is closed after epoch@ 78 ###
     ### Attention --- Mixup is closed after epoch@ 78 ###
     ### Attention --- Mixup is closed after epoch@ 78 ###
     ### Attention --- Mixup is closed after epoch@ 78 ###
     ### Attention --- Mixup is closed after epoch@ 78 ###
     ### Attention --- Mixup is closed after epoch@ 78 ###
     ### Attention --- Mixup is closed after epoch@ 78 ###
Epoch: [78]  [  0/197]  eta: 0:10:13  lr: 0.000400  loss: 24.5997 (24.5997)  loss_mal: 1.1270 (1.1270)  loss_bbox: 0.2986 (0.2986)  loss_giou: 0.6826 (0.6826)  loss_fgl: 1.1100 (1.1100)  loss_mal_aux_0: 1.2373 (1.2373)  loss_bbox_aux_0: 0.3006 (0.3006)  loss_giou_aux_0: 0.6925 (0.6925)  loss_fgl_aux_0: 1.1132 (1.1132)  loss_ddf_aux_0: 0.0141 (0.0141)  loss_mal_aux_1: 1.1250 (1.1250)  loss_bbox_aux_1: 0.2979 (0.2979)  loss_giou_aux_1: 0.6864 (0.6864)  loss_fgl_aux_1: 1.1074 (1.1074)  loss_ddf_aux_1: 0.0017 (0.0017)  loss_mal_pre: 1.2363 (1.2363)  loss_bbox_pre: 0.2925 (0.2925)  loss_giou_pre: 0.6902 (0.6902)  loss_mal_enc_0: 1.3613 (1.3613)  loss_bbox_enc_0: 0.3001 (0.3001)  loss_giou_enc_0: 0.7154 (0.7154)  loss_mal_dn_0: 0.7485 (0.7485)  loss_bbox_dn_0: 0.3265 (0.3265)  loss_giou_dn_0: 0.7045 (0.7045)  loss_fgl_dn_0: 1.1378 (1.1378)  loss_ddf_dn_0: 0.0644 (0.0644)  loss_mal_dn_1: 0.7075 (0.7075)  loss_bbox_dn_1: 0.2711 (0.2711)  loss_giou_dn_1: 0.6096 (0.6096)  loss_fgl_dn_1: 1.1382 (1.1382)  loss_ddf_dn_1: 0.0051 (0.0051)  loss_mal_dn_2: 0.6997 (0.6997)  loss_bbox_dn_2: 0.2672 (0.2672)  loss_giou_dn_2: 0.5995 (0.5995)  loss_fgl_dn_2: 1.1407 (1.1407)  loss_mal_dn_pre: 0.7476 (0.7476)  loss_bbox_dn_pre: 0.3342 (0.3342)  loss_giou_dn_pre: 0.7076 (0.7076)  time: 3.1119  data: 2.4672  max mem: 8321
Epoch: [78]  [196/197]  eta: 0:00:00  lr: 0.000400  loss: 24.3418 (24.2855)  loss_mal: 1.1914 (1.1608)  loss_bbox: 0.2874 (0.2915)  loss_giou: 0.5855 (0.6251)  loss_fgl: 1.1375 (1.1223)  loss_mal_aux_0: 1.2402 (1.2112)  loss_bbox_aux_0: 0.2932 (0.3008)  loss_giou_aux_0: 0.6045 (0.6426)  loss_fgl_aux_0: 1.1560 (1.1345)  loss_ddf_aux_0: 0.0201 (0.0167)  loss_mal_aux_1: 1.1836 (1.1749)  loss_bbox_aux_1: 0.2924 (0.2925)  loss_giou_aux_1: 0.5834 (0.6270)  loss_fgl_aux_1: 1.1375 (1.1225)  loss_ddf_aux_1: 0.0015 (0.0014)  loss_mal_pre: 1.2363 (1.2102)  loss_bbox_pre: 0.2909 (0.3008)  loss_giou_pre: 0.6058 (0.6417)  loss_mal_enc_0: 1.2705 (1.2394)  loss_bbox_enc_0: 0.3558 (0.3340)  loss_giou_enc_0: 0.6785 (0.6938)  loss_mal_dn_0: 0.7554 (0.7574)  loss_bbox_dn_0: 0.3813 (0.3655)  loss_giou_dn_0: 0.6600 (0.6662)  loss_fgl_dn_0: 1.1514 (1.1515)  loss_ddf_dn_0: 0.0932 (0.0874)  loss_mal_dn_1: 0.6914 (0.6978)  loss_bbox_dn_1: 0.2934 (0.2930)  loss_giou_dn_1: 0.5441 (0.5532)  loss_fgl_dn_1: 1.1217 (1.1278)  loss_ddf_dn_1: 0.0067 (0.0062)  loss_mal_dn_2: 0.6812 (0.6876)  loss_bbox_dn_2: 0.2881 (0.2859)  loss_giou_dn_2: 0.5286 (0.5438)  loss_fgl_dn_2: 1.1217 (1.1268)  loss_mal_dn_pre: 0.7554 (0.7573)  loss_bbox_dn_pre: 0.3755 (0.3684)  loss_giou_dn_pre: 0.6624 (0.6660)  time: 0.4297  data: 0.0465  max mem: 8321
Epoch: [78] Total time: 0:01:35 (0.4842 s / it)
Averaged stats: lr: 0.000400  loss: 24.3418 (24.2855)  loss_mal: 1.1914 (1.1608)  loss_bbox: 0.2874 (0.2915)  loss_giou: 0.5855 (0.6251)  loss_fgl: 1.1375 (1.1223)  loss_mal_aux_0: 1.2402 (1.2112)  loss_bbox_aux_0: 0.2932 (0.3008)  loss_giou_aux_0: 0.6045 (0.6426)  loss_fgl_aux_0: 1.1560 (1.1345)  loss_ddf_aux_0: 0.0201 (0.0167)  loss_mal_aux_1: 1.1836 (1.1749)  loss_bbox_aux_1: 0.2924 (0.2925)  loss_giou_aux_1: 0.5834 (0.6270)  loss_fgl_aux_1: 1.1375 (1.1225)  loss_ddf_aux_1: 0.0015 (0.0014)  loss_mal_pre: 1.2363 (1.2102)  loss_bbox_pre: 0.2909 (0.3008)  loss_giou_pre: 0.6058 (0.6417)  loss_mal_enc_0: 1.2705 (1.2394)  loss_bbox_enc_0: 0.3558 (0.3340)  loss_giou_enc_0: 0.6785 (0.6938)  loss_mal_dn_0: 0.7554 (0.7574)  loss_bbox_dn_0: 0.3813 (0.3655)  loss_giou_dn_0: 0.6600 (0.6662)  loss_fgl_dn_0: 1.1514 (1.1515)  loss_ddf_dn_0: 0.0932 (0.0874)  loss_mal_dn_1: 0.6914 (0.6978)  loss_bbox_dn_1: 0.2934 (0.2930)  loss_giou_dn_1: 0.5441 (0.5532)  loss_fgl_dn_1: 1.1217 (1.1278)  loss_ddf_dn_1: 0.0067 (0.0062)  loss_mal_dn_2: 0.6812 (0.6876)  loss_bbox_dn_2: 0.2881 (0.2859)  loss_giou_dn_2: 0.5286 (0.5438)  loss_fgl_dn_2: 1.1217 (1.1268)  loss_mal_dn_pre: 0.7554 (0.7573)  loss_bbox_dn_pre: 0.3755 (0.3684)  loss_giou_dn_pre: 0.6624 (0.6660)
Test:  [ 0/13]  eta: 0:00:42    time: 3.2835  data: 3.0521  max mem: 8321
Test:  [10/13]  eta: 0:00:01    time: 0.6182  data: 0.3634  max mem: 8321
Test:  [12/13]  eta: 0:00:00    time: 0.5596  data: 0.3144  max mem: 8321
Test: Total time: 0:00:07 (0.5656 s / it)
Averaged stats: 
Accumulating evaluation results...
COCOeval_opt.accumulate() finished...
DONE (t=0.30s).
IoU metric: bbox
 Average Precision  (AP) @[ IoU=0.50:0.95 | area=   all | maxDets=100 ] = 0.252
 Average Precision  (AP) @[ IoU=0.50      | area=   all | maxDets=100 ] = 0.535
 Average Precision  (AP) @[ IoU=0.75      | area=   all | maxDets=100 ] = 0.197
 Average Precision  (AP) @[ IoU=0.50:0.95 | area= small | maxDets=100 ] = 0.104
 Average Precision  (AP) @[ IoU=0.50:0.95 | area=medium | maxDets=100 ] = 0.209
 Average Precision  (AP) @[ IoU=0.50:0.95 | area= large | maxDets=100 ] = 0.303
 Average Recall     (AR) @[ IoU=0.50:0.95 | area=   all | maxDets=  1 ] = 0.240
 Average Recall     (AR) @[ IoU=0.50:0.95 | area=   all | maxDets= 10 ] = 0.464
 Average Recall     (AR) @[ IoU=0.50:0.95 | area=   all | maxDets=100 ] = 0.531
 Average Recall     (AR) @[ IoU=0.50:0.95 | area= small | maxDets=100 ] = 0.272
 Average Recall     (AR) @[ IoU=0.50:0.95 | area=medium | maxDets=100 ] = 0.499
 Average Recall     (AR) @[ IoU=0.50:0.95 | area= large | maxDets=100 ] = 0.623
 Average Recall     (AR) @[ IoU=0.50      | area=   all | maxDets=100 ] = 0.943
 Average Recall     (AR) @[ IoU=0.75      | area=   all | maxDets=100 ] = 0.518
best_stat: {'epoch': 78, 'coco_eval_bbox': 0.25170306463091824}
Epoch: [79]  [  0/197]  eta: 0:09:48  lr: 0.000400  loss: 23.7962 (23.7962)  loss_mal: 1.1768 (1.1768)  loss_bbox: 0.2446 (0.2446)  loss_giou: 0.6021 (0.6021)  loss_fgl: 1.1161 (1.1161)  loss_mal_aux_0: 1.2412 (1.2412)  loss_bbox_aux_0: 0.2550 (0.2550)  loss_giou_aux_0: 0.6307 (0.6307)  loss_fgl_aux_0: 1.1277 (1.1277)  loss_ddf_aux_0: 0.0208 (0.0208)  loss_mal_aux_1: 1.1943 (1.1943)  loss_bbox_aux_1: 0.2430 (0.2430)  loss_giou_aux_1: 0.6018 (0.6018)  loss_fgl_aux_1: 1.1104 (1.1104)  loss_ddf_aux_1: 0.0015 (0.0015)  loss_mal_pre: 1.2305 (1.2305)  loss_bbox_pre: 0.2529 (0.2529)  loss_giou_pre: 0.6301 (0.6301)  loss_mal_enc_0: 1.2002 (1.2002)  loss_bbox_enc_0: 0.3189 (0.3189)  loss_giou_enc_0: 0.7285 (0.7285)  loss_mal_dn_0: 0.7485 (0.7485)  loss_bbox_dn_0: 0.3095 (0.3095)  loss_giou_dn_0: 0.6612 (0.6612)  loss_fgl_dn_0: 1.1580 (1.1580)  loss_ddf_dn_0: 0.1080 (0.1080)  loss_mal_dn_1: 0.6855 (0.6855)  loss_bbox_dn_1: 0.2396 (0.2396)  loss_giou_dn_1: 0.5451 (0.5451)  loss_fgl_dn_1: 1.1186 (1.1186)  loss_ddf_dn_1: 0.0080 (0.0080)  loss_mal_dn_2: 0.6733 (0.6733)  loss_bbox_dn_2: 0.2366 (0.2366)  loss_giou_dn_2: 0.5437 (0.5437)  loss_fgl_dn_2: 1.1168 (1.1168)  loss_mal_dn_pre: 0.7480 (0.7480)  loss_bbox_dn_pre: 0.3077 (0.3077)  loss_giou_dn_pre: 0.6610 (0.6610)  time: 2.9859  data: 2.4218  max mem: 8321
Epoch: [79]  [196/197]  eta: 0:00:00  lr: 0.000400  loss: 24.1427 (24.0691)  loss_mal: 1.1162 (1.1266)  loss_bbox: 0.2828 (0.2917)  loss_giou: 0.6082 (0.6264)  loss_fgl: 1.1240 (1.1217)  loss_mal_aux_0: 1.1797 (1.1737)  loss_bbox_aux_0: 0.2866 (0.3013)  loss_giou_aux_0: 0.6287 (0.6451)  loss_fgl_aux_0: 1.1385 (1.1354)  loss_ddf_aux_0: 0.0176 (0.0182)  loss_mal_aux_1: 1.1504 (1.1456)  loss_bbox_aux_1: 0.2851 (0.2926)  loss_giou_aux_1: 0.6108 (0.6282)  loss_fgl_aux_1: 1.1249 (1.1220)  loss_ddf_aux_1: 0.0015 (0.0014)  loss_mal_pre: 1.1797 (1.1745)  loss_bbox_pre: 0.2882 (0.3015)  loss_giou_pre: 0.6277 (0.6442)  loss_mal_enc_0: 1.2061 (1.2020)  loss_bbox_enc_0: 0.3401 (0.3390)  loss_giou_enc_0: 0.6893 (0.6997)  loss_mal_dn_0: 0.7549 (0.7547)  loss_bbox_dn_0: 0.3693 (0.3585)  loss_giou_dn_0: 0.6424 (0.6592)  loss_fgl_dn_0: 1.1590 (1.1549)  loss_ddf_dn_0: 0.0909 (0.0917)  loss_mal_dn_1: 0.6890 (0.6935)  loss_bbox_dn_1: 0.2760 (0.2854)  loss_giou_dn_1: 0.5240 (0.5454)  loss_fgl_dn_1: 1.1236 (1.1282)  loss_ddf_dn_1: 0.0063 (0.0063)  loss_mal_dn_2: 0.6787 (0.6837)  loss_bbox_dn_2: 0.2697 (0.2785)  loss_giou_dn_2: 0.5157 (0.5361)  loss_fgl_dn_2: 1.1221 (1.1270)  loss_mal_dn_pre: 0.7544 (0.7547)  loss_bbox_dn_pre: 0.3721 (0.3615)  loss_giou_dn_pre: 0.6395 (0.6591)  time: 0.4197  data: 0.0447  max mem: 8321
Epoch: [79] Total time: 0:01:30 (0.4600 s / it)
Averaged stats: lr: 0.000400  loss: 24.1427 (24.0691)  loss_mal: 1.1162 (1.1266)  loss_bbox: 0.2828 (0.2917)  loss_giou: 0.6082 (0.6264)  loss_fgl: 1.1240 (1.1217)  loss_mal_aux_0: 1.1797 (1.1737)  loss_bbox_aux_0: 0.2866 (0.3013)  loss_giou_aux_0: 0.6287 (0.6451)  loss_fgl_aux_0: 1.1385 (1.1354)  loss_ddf_aux_0: 0.0176 (0.0182)  loss_mal_aux_1: 1.1504 (1.1456)  loss_bbox_aux_1: 0.2851 (0.2926)  loss_giou_aux_1: 0.6108 (0.6282)  loss_fgl_aux_1: 1.1249 (1.1220)  loss_ddf_aux_1: 0.0015 (0.0014)  loss_mal_pre: 1.1797 (1.1745)  loss_bbox_pre: 0.2882 (0.3015)  loss_giou_pre: 0.6277 (0.6442)  loss_mal_enc_0: 1.2061 (1.2020)  loss_bbox_enc_0: 0.3401 (0.3390)  loss_giou_enc_0: 0.6893 (0.6997)  loss_mal_dn_0: 0.7549 (0.7547)  loss_bbox_dn_0: 0.3693 (0.3585)  loss_giou_dn_0: 0.6424 (0.6592)  loss_fgl_dn_0: 1.1590 (1.1549)  loss_ddf_dn_0: 0.0909 (0.0917)  loss_mal_dn_1: 0.6890 (0.6935)  loss_bbox_dn_1: 0.2760 (0.2854)  loss_giou_dn_1: 0.5240 (0.5454)  loss_fgl_dn_1: 1.1236 (1.1282)  loss_ddf_dn_1: 0.0063 (0.0063)  loss_mal_dn_2: 0.6787 (0.6837)  loss_bbox_dn_2: 0.2697 (0.2785)  loss_giou_dn_2: 0.5157 (0.5361)  loss_fgl_dn_2: 1.1221 (1.1270)  loss_mal_dn_pre: 0.7544 (0.7547)  loss_bbox_dn_pre: 0.3721 (0.3615)  loss_giou_dn_pre: 0.6395 (0.6591)
Test:  [ 0/13]  eta: 0:00:43    time: 3.3721  data: 3.1416  max mem: 8321
Test:  [10/13]  eta: 0:00:01    time: 0.6161  data: 0.3625  max mem: 8321
Test:  [12/13]  eta: 0:00:00    time: 0.5563  data: 0.3130  max mem: 8321
Test: Total time: 0:00:07 (0.5633 s / it)
Averaged stats: 
Accumulating evaluation results...
COCOeval_opt.accumulate() finished...
DONE (t=0.31s).
IoU metric: bbox
 Average Precision  (AP) @[ IoU=0.50:0.95 | area=   all | maxDets=100 ] = 0.252
 Average Precision  (AP) @[ IoU=0.50      | area=   all | maxDets=100 ] = 0.536
 Average Precision  (AP) @[ IoU=0.75      | area=   all | maxDets=100 ] = 0.199
 Average Precision  (AP) @[ IoU=0.50:0.95 | area= small | maxDets=100 ] = 0.107
 Average Precision  (AP) @[ IoU=0.50:0.95 | area=medium | maxDets=100 ] = 0.209
 Average Precision  (AP) @[ IoU=0.50:0.95 | area= large | maxDets=100 ] = 0.305
 Average Recall     (AR) @[ IoU=0.50:0.95 | area=   all | maxDets=  1 ] = 0.239
 Average Recall     (AR) @[ IoU=0.50:0.95 | area=   all | maxDets= 10 ] = 0.466
 Average Recall     (AR) @[ IoU=0.50:0.95 | area=   all | maxDets=100 ] = 0.531
 Average Recall     (AR) @[ IoU=0.50:0.95 | area= small | maxDets=100 ] = 0.271
 Average Recall     (AR) @[ IoU=0.50:0.95 | area=medium | maxDets=100 ] = 0.500
 Average Recall     (AR) @[ IoU=0.50:0.95 | area= large | maxDets=100 ] = 0.621
 Average Recall     (AR) @[ IoU=0.50      | area=   all | maxDets=100 ] = 0.944
 Average Recall     (AR) @[ IoU=0.75      | area=   all | maxDets=100 ] = 0.522
best_stat: {'epoch': 79, 'coco_eval_bbox': 0.25249756961360326}
Epoch: [80]  [  0/197]  eta: 0:11:17  lr: 0.000400  loss: 25.0325 (25.0325)  loss_mal: 1.2070 (1.2070)  loss_bbox: 0.2826 (0.2826)  loss_giou: 0.6552 (0.6552)  loss_fgl: 1.1629 (1.1629)  loss_mal_aux_0: 1.2832 (1.2832)  loss_bbox_aux_0: 0.2791 (0.2791)  loss_giou_aux_0: 0.6545 (0.6545)  loss_fgl_aux_0: 1.1643 (1.1643)  loss_ddf_aux_0: 0.0182 (0.0182)  loss_mal_aux_1: 1.2578 (1.2578)  loss_bbox_aux_1: 0.2836 (0.2836)  loss_giou_aux_1: 0.6588 (0.6588)  loss_fgl_aux_1: 1.1609 (1.1609)  loss_ddf_aux_1: 0.0013 (0.0013)  loss_mal_pre: 1.2549 (1.2549)  loss_bbox_pre: 0.2815 (0.2815)  loss_giou_pre: 0.6498 (0.6498)  loss_mal_enc_0: 1.2383 (1.2383)  loss_bbox_enc_0: 0.2971 (0.2971)  loss_giou_enc_0: 0.7159 (0.7159)  loss_mal_dn_0: 0.7705 (0.7705)  loss_bbox_dn_0: 0.4291 (0.4291)  loss_giou_dn_0: 0.7187 (0.7187)  loss_fgl_dn_0: 1.1403 (1.1403)  loss_ddf_dn_0: 0.1010 (0.1010)  loss_mal_dn_1: 0.7104 (0.7104)  loss_bbox_dn_1: 0.3168 (0.3168)  loss_giou_dn_1: 0.5783 (0.5783)  loss_fgl_dn_1: 1.1257 (1.1257)  loss_ddf_dn_1: 0.0071 (0.0071)  loss_mal_dn_2: 0.7012 (0.7012)  loss_bbox_dn_2: 0.3077 (0.3077)  loss_giou_dn_2: 0.5651 (0.5651)  loss_fgl_dn_2: 1.1282 (1.1282)  loss_mal_dn_pre: 0.7695 (0.7695)  loss_bbox_dn_pre: 0.4352 (0.4352)  loss_giou_dn_pre: 0.7205 (0.7205)  time: 3.4407  data: 2.8456  max mem: 8321
Epoch: [80]  [196/197]  eta: 0:00:00  lr: 0.000400  loss: 23.8976 (24.0110)  loss_mal: 1.1221 (1.1298)  loss_bbox: 0.2935 (0.2889)  loss_giou: 0.6184 (0.6151)  loss_fgl: 1.1200 (1.1269)  loss_mal_aux_0: 1.1865 (1.1955)  loss_bbox_aux_0: 0.3005 (0.2985)  loss_giou_aux_0: 0.6346 (0.6330)  loss_fgl_aux_0: 1.1329 (1.1416)  loss_ddf_aux_0: 0.0188 (0.0191)  loss_mal_aux_1: 1.1582 (1.1504)  loss_bbox_aux_1: 0.2932 (0.2899)  loss_giou_aux_1: 0.6235 (0.6167)  loss_fgl_aux_1: 1.1199 (1.1275)  loss_ddf_aux_1: 0.0013 (0.0014)  loss_mal_pre: 1.1875 (1.1945)  loss_bbox_pre: 0.3025 (0.2986)  loss_giou_pre: 0.6366 (0.6320)  loss_mal_enc_0: 1.1553 (1.2107)  loss_bbox_enc_0: 0.3414 (0.3340)  loss_giou_enc_0: 0.6831 (0.6861)  loss_mal_dn_0: 0.7505 (0.7543)  loss_bbox_dn_0: 0.3475 (0.3521)  loss_giou_dn_0: 0.6450 (0.6502)  loss_fgl_dn_0: 1.1570 (1.1568)  loss_ddf_dn_0: 0.0836 (0.0921)  loss_mal_dn_1: 0.6885 (0.6917)  loss_bbox_dn_1: 0.2787 (0.2809)  loss_giou_dn_1: 0.5340 (0.5372)  loss_fgl_dn_1: 1.1252 (1.1285)  loss_ddf_dn_1: 0.0054 (0.0062)  loss_mal_dn_2: 0.6802 (0.6807)  loss_bbox_dn_2: 0.2715 (0.2746)  loss_giou_dn_2: 0.5259 (0.5283)  loss_fgl_dn_2: 1.1245 (1.1271)  loss_mal_dn_pre: 0.7515 (0.7542)  loss_bbox_dn_pre: 0.3536 (0.3559)  loss_giou_dn_pre: 0.6463 (0.6501)  time: 0.4243  data: 0.0441  max mem: 8321
Epoch: [80] Total time: 0:01:32 (0.4714 s / it)
Averaged stats: lr: 0.000400  loss: 23.8976 (24.0110)  loss_mal: 1.1221 (1.1298)  loss_bbox: 0.2935 (0.2889)  loss_giou: 0.6184 (0.6151)  loss_fgl: 1.1200 (1.1269)  loss_mal_aux_0: 1.1865 (1.1955)  loss_bbox_aux_0: 0.3005 (0.2985)  loss_giou_aux_0: 0.6346 (0.6330)  loss_fgl_aux_0: 1.1329 (1.1416)  loss_ddf_aux_0: 0.0188 (0.0191)  loss_mal_aux_1: 1.1582 (1.1504)  loss_bbox_aux_1: 0.2932 (0.2899)  loss_giou_aux_1: 0.6235 (0.6167)  loss_fgl_aux_1: 1.1199 (1.1275)  loss_ddf_aux_1: 0.0013 (0.0014)  loss_mal_pre: 1.1875 (1.1945)  loss_bbox_pre: 0.3025 (0.2986)  loss_giou_pre: 0.6366 (0.6320)  loss_mal_enc_0: 1.1553 (1.2107)  loss_bbox_enc_0: 0.3414 (0.3340)  loss_giou_enc_0: 0.6831 (0.6861)  loss_mal_dn_0: 0.7505 (0.7543)  loss_bbox_dn_0: 0.3475 (0.3521)  loss_giou_dn_0: 0.6450 (0.6502)  loss_fgl_dn_0: 1.1570 (1.1568)  loss_ddf_dn_0: 0.0836 (0.0921)  loss_mal_dn_1: 0.6885 (0.6917)  loss_bbox_dn_1: 0.2787 (0.2809)  loss_giou_dn_1: 0.5340 (0.5372)  loss_fgl_dn_1: 1.1252 (1.1285)  loss_ddf_dn_1: 0.0054 (0.0062)  loss_mal_dn_2: 0.6802 (0.6807)  loss_bbox_dn_2: 0.2715 (0.2746)  loss_giou_dn_2: 0.5259 (0.5283)  loss_fgl_dn_2: 1.1245 (1.1271)  loss_mal_dn_pre: 0.7515 (0.7542)  loss_bbox_dn_pre: 0.3536 (0.3559)  loss_giou_dn_pre: 0.6463 (0.6501)
Test:  [ 0/13]  eta: 0:00:35    time: 2.7288  data: 2.3443  max mem: 8321
Test:  [10/13]  eta: 0:00:01    time: 0.5866  data: 0.3066  max mem: 8321
Test:  [12/13]  eta: 0:00:00    time: 0.5314  data: 0.2658  max mem: 8321
Test: Total time: 0:00:06 (0.5378 s / it)
Averaged stats: 
Accumulating evaluation results...
COCOeval_opt.accumulate() finished...
DONE (t=0.31s).
IoU metric: bbox
 Average Precision  (AP) @[ IoU=0.50:0.95 | area=   all | maxDets=100 ] = 0.254
 Average Precision  (AP) @[ IoU=0.50      | area=   all | maxDets=100 ] = 0.539
 Average Precision  (AP) @[ IoU=0.75      | area=   all | maxDets=100 ] = 0.197
 Average Precision  (AP) @[ IoU=0.50:0.95 | area= small | maxDets=100 ] = 0.107
 Average Precision  (AP) @[ IoU=0.50:0.95 | area=medium | maxDets=100 ] = 0.210
 Average Precision  (AP) @[ IoU=0.50:0.95 | area= large | maxDets=100 ] = 0.304
 Average Recall     (AR) @[ IoU=0.50:0.95 | area=   all | maxDets=  1 ] = 0.239
 Average Recall     (AR) @[ IoU=0.50:0.95 | area=   all | maxDets= 10 ] = 0.468
 Average Recall     (AR) @[ IoU=0.50:0.95 | area=   all | maxDets=100 ] = 0.533
 Average Recall     (AR) @[ IoU=0.50:0.95 | area= small | maxDets=100 ] = 0.273
 Average Recall     (AR) @[ IoU=0.50:0.95 | area=medium | maxDets=100 ] = 0.502
 Average Recall     (AR) @[ IoU=0.50:0.95 | area= large | maxDets=100 ] = 0.624
 Average Recall     (AR) @[ IoU=0.50      | area=   all | maxDets=100 ] = 0.945
 Average Recall     (AR) @[ IoU=0.75      | area=   all | maxDets=100 ] = 0.522
best_stat: {'epoch': 80, 'coco_eval_bbox': 0.2538212807203629}
Epoch: [81]  [  0/197]  eta: 0:10:52  lr: 0.000400  loss: 23.6630 (23.6630)  loss_mal: 1.1406 (1.1406)  loss_bbox: 0.2673 (0.2673)  loss_giou: 0.5936 (0.5936)  loss_fgl: 1.1390 (1.1390)  loss_mal_aux_0: 1.1494 (1.1494)  loss_bbox_aux_0: 0.2779 (0.2779)  loss_giou_aux_0: 0.6068 (0.6068)  loss_fgl_aux_0: 1.1532 (1.1532)  loss_ddf_aux_0: 0.0194 (0.0194)  loss_mal_aux_1: 1.1963 (1.1963)  loss_bbox_aux_1: 0.2648 (0.2648)  loss_giou_aux_1: 0.5892 (0.5892)  loss_fgl_aux_1: 1.1436 (1.1436)  loss_ddf_aux_1: 0.0015 (0.0015)  loss_mal_pre: 1.1602 (1.1602)  loss_bbox_pre: 0.2717 (0.2717)  loss_giou_pre: 0.6007 (0.6007)  loss_mal_enc_0: 1.2305 (1.2305)  loss_bbox_enc_0: 0.3366 (0.3366)  loss_giou_enc_0: 0.6575 (0.6575)  loss_mal_dn_0: 0.7559 (0.7559)  loss_bbox_dn_0: 0.3168 (0.3168)  loss_giou_dn_0: 0.6424 (0.6424)  loss_fgl_dn_0: 1.1600 (1.1600)  loss_ddf_dn_0: 0.0893 (0.0893)  loss_mal_dn_1: 0.6851 (0.6851)  loss_bbox_dn_1: 0.2547 (0.2547)  loss_giou_dn_1: 0.5239 (0.5239)  loss_fgl_dn_1: 1.1364 (1.1364)  loss_ddf_dn_1: 0.0053 (0.0053)  loss_mal_dn_2: 0.6694 (0.6694)  loss_bbox_dn_2: 0.2497 (0.2497)  loss_giou_dn_2: 0.5132 (0.5132)  loss_fgl_dn_2: 1.1348 (1.1348)  loss_mal_dn_pre: 0.7559 (0.7559)  loss_bbox_dn_pre: 0.3245 (0.3245)  loss_giou_dn_pre: 0.6459 (0.6459)  time: 3.3105  data: 2.7509  max mem: 8321
Epoch: [81]  [196/197]  eta: 0:00:00  lr: 0.000400  loss: 23.9425 (24.0125)  loss_mal: 1.1328 (1.1178)  loss_bbox: 0.3142 (0.2963)  loss_giou: 0.6136 (0.6151)  loss_fgl: 1.1136 (1.1229)  loss_mal_aux_0: 1.1885 (1.1776)  loss_bbox_aux_0: 0.3230 (0.3069)  loss_giou_aux_0: 0.6217 (0.6335)  loss_fgl_aux_0: 1.1389 (1.1397)  loss_ddf_aux_0: 0.0179 (0.0205)  loss_mal_aux_1: 1.1416 (1.1376)  loss_bbox_aux_1: 0.3081 (0.2973)  loss_giou_aux_1: 0.6134 (0.6171)  loss_fgl_aux_1: 1.1157 (1.1232)  loss_ddf_aux_1: 0.0013 (0.0014)  loss_mal_pre: 1.1855 (1.1773)  loss_bbox_pre: 0.3175 (0.3065)  loss_giou_pre: 0.6200 (0.6320)  loss_mal_enc_0: 1.2090 (1.1990)  loss_bbox_enc_0: 0.3556 (0.3405)  loss_giou_enc_0: 0.6701 (0.6838)  loss_mal_dn_0: 0.7466 (0.7540)  loss_bbox_dn_0: 0.3708 (0.3628)  loss_giou_dn_0: 0.6571 (0.6531)  loss_fgl_dn_0: 1.1578 (1.1565)  loss_ddf_dn_0: 0.0911 (0.0951)  loss_mal_dn_1: 0.6904 (0.6916)  loss_bbox_dn_1: 0.2920 (0.2894)  loss_giou_dn_1: 0.5335 (0.5387)  loss_fgl_dn_1: 1.1254 (1.1271)  loss_ddf_dn_1: 0.0060 (0.0066)  loss_mal_dn_2: 0.6812 (0.6812)  loss_bbox_dn_2: 0.2873 (0.2831)  loss_giou_dn_2: 0.5204 (0.5291)  loss_fgl_dn_2: 1.1241 (1.1257)  loss_mal_dn_pre: 0.7456 (0.7536)  loss_bbox_dn_pre: 0.3719 (0.3660)  loss_giou_dn_pre: 0.6547 (0.6529)  time: 0.4198  data: 0.0420  max mem: 8321
Epoch: [81] Total time: 0:01:31 (0.4660 s / it)
Averaged stats: lr: 0.000400  loss: 23.9425 (24.0125)  loss_mal: 1.1328 (1.1178)  loss_bbox: 0.3142 (0.2963)  loss_giou: 0.6136 (0.6151)  loss_fgl: 1.1136 (1.1229)  loss_mal_aux_0: 1.1885 (1.1776)  loss_bbox_aux_0: 0.3230 (0.3069)  loss_giou_aux_0: 0.6217 (0.6335)  loss_fgl_aux_0: 1.1389 (1.1397)  loss_ddf_aux_0: 0.0179 (0.0205)  loss_mal_aux_1: 1.1416 (1.1376)  loss_bbox_aux_1: 0.3081 (0.2973)  loss_giou_aux_1: 0.6134 (0.6171)  loss_fgl_aux_1: 1.1157 (1.1232)  loss_ddf_aux_1: 0.0013 (0.0014)  loss_mal_pre: 1.1855 (1.1773)  loss_bbox_pre: 0.3175 (0.3065)  loss_giou_pre: 0.6200 (0.6320)  loss_mal_enc_0: 1.2090 (1.1990)  loss_bbox_enc_0: 0.3556 (0.3405)  loss_giou_enc_0: 0.6701 (0.6838)  loss_mal_dn_0: 0.7466 (0.7540)  loss_bbox_dn_0: 0.3708 (0.3628)  loss_giou_dn_0: 0.6571 (0.6531)  loss_fgl_dn_0: 1.1578 (1.1565)  loss_ddf_dn_0: 0.0911 (0.0951)  loss_mal_dn_1: 0.6904 (0.6916)  loss_bbox_dn_1: 0.2920 (0.2894)  loss_giou_dn_1: 0.5335 (0.5387)  loss_fgl_dn_1: 1.1254 (1.1271)  loss_ddf_dn_1: 0.0060 (0.0066)  loss_mal_dn_2: 0.6812 (0.6812)  loss_bbox_dn_2: 0.2873 (0.2831)  loss_giou_dn_2: 0.5204 (0.5291)  loss_fgl_dn_2: 1.1241 (1.1257)  loss_mal_dn_pre: 0.7456 (0.7536)  loss_bbox_dn_pre: 0.3719 (0.3660)  loss_giou_dn_pre: 0.6547 (0.6529)
Test:  [ 0/13]  eta: 0:00:34    time: 2.6399  data: 2.4243  max mem: 8321
Test:  [10/13]  eta: 0:00:01    time: 0.5590  data: 0.2994  max mem: 8321
Test:  [12/13]  eta: 0:00:00    time: 0.5093  data: 0.2598  max mem: 8321
Test: Total time: 0:00:06 (0.5149 s / it)
Averaged stats: 
Accumulating evaluation results...
COCOeval_opt.accumulate() finished...
DONE (t=0.31s).
IoU metric: bbox
 Average Precision  (AP) @[ IoU=0.50:0.95 | area=   all | maxDets=100 ] = 0.255
 Average Precision  (AP) @[ IoU=0.50      | area=   all | maxDets=100 ] = 0.539
 Average Precision  (AP) @[ IoU=0.75      | area=   all | maxDets=100 ] = 0.198
 Average Precision  (AP) @[ IoU=0.50:0.95 | area= small | maxDets=100 ] = 0.107
 Average Precision  (AP) @[ IoU=0.50:0.95 | area=medium | maxDets=100 ] = 0.211
 Average Precision  (AP) @[ IoU=0.50:0.95 | area= large | maxDets=100 ] = 0.304
 Average Recall     (AR) @[ IoU=0.50:0.95 | area=   all | maxDets=  1 ] = 0.238
 Average Recall     (AR) @[ IoU=0.50:0.95 | area=   all | maxDets= 10 ] = 0.467
 Average Recall     (AR) @[ IoU=0.50:0.95 | area=   all | maxDets=100 ] = 0.533
 Average Recall     (AR) @[ IoU=0.50:0.95 | area= small | maxDets=100 ] = 0.275
 Average Recall     (AR) @[ IoU=0.50:0.95 | area=medium | maxDets=100 ] = 0.503
 Average Recall     (AR) @[ IoU=0.50:0.95 | area= large | maxDets=100 ] = 0.625
 Average Recall     (AR) @[ IoU=0.50      | area=   all | maxDets=100 ] = 0.945
 Average Recall     (AR) @[ IoU=0.75      | area=   all | maxDets=100 ] = 0.522
best_stat: {'epoch': 81, 'coco_eval_bbox': 0.2547546059951849}
Epoch: [82]  [  0/197]  eta: 0:10:04  lr: 0.000400  loss: 24.5500 (24.5500)  loss_mal: 1.2744 (1.2744)  loss_bbox: 0.2867 (0.2867)  loss_giou: 0.4794 (0.4794)  loss_fgl: 1.1434 (1.1434)  loss_mal_aux_0: 1.4375 (1.4375)  loss_bbox_aux_0: 0.3085 (0.3085)  loss_giou_aux_0: 0.5103 (0.5103)  loss_fgl_aux_0: 1.1699 (1.1699)  loss_ddf_aux_0: 0.0301 (0.0301)  loss_mal_aux_1: 1.3730 (1.3730)  loss_bbox_aux_1: 0.2895 (0.2895)  loss_giou_aux_1: 0.4851 (0.4851)  loss_fgl_aux_1: 1.1445 (1.1445)  loss_ddf_aux_1: 0.0018 (0.0018)  loss_mal_pre: 1.4229 (1.4229)  loss_bbox_pre: 0.3089 (0.3089)  loss_giou_pre: 0.5090 (0.5090)  loss_mal_enc_0: 1.3564 (1.3564)  loss_bbox_enc_0: 0.3889 (0.3889)  loss_giou_enc_0: 0.5677 (0.5677)  loss_mal_dn_0: 0.7559 (0.7559)  loss_bbox_dn_0: 0.4083 (0.4083)  loss_giou_dn_0: 0.5888 (0.5888)  loss_fgl_dn_0: 1.1704 (1.1704)  loss_ddf_dn_0: 0.0916 (0.0916)  loss_mal_dn_1: 0.6953 (0.6953)  loss_bbox_dn_1: 0.3361 (0.3361)  loss_giou_dn_1: 0.4940 (0.4940)  loss_fgl_dn_1: 1.1349 (1.1349)  loss_ddf_dn_1: 0.0059 (0.0059)  loss_mal_dn_2: 0.6816 (0.6816)  loss_bbox_dn_2: 0.3266 (0.3266)  loss_giou_dn_2: 0.4862 (0.4862)  loss_fgl_dn_2: 1.1312 (1.1312)  loss_mal_dn_pre: 0.7559 (0.7559)  loss_bbox_dn_pre: 0.4112 (0.4112)  loss_giou_dn_pre: 0.5882 (0.5882)  time: 3.0672  data: 2.4063  max mem: 8321
Epoch: [82]  [196/197]  eta: 0:00:00  lr: 0.000400  loss: 24.0102 (23.8809)  loss_mal: 1.0859 (1.0992)  loss_bbox: 0.2594 (0.2907)  loss_giou: 0.6385 (0.6170)  loss_fgl: 1.1244 (1.1199)  loss_mal_aux_0: 1.1689 (1.1650)  loss_bbox_aux_0: 0.2697 (0.2995)  loss_giou_aux_0: 0.6622 (0.6343)  loss_fgl_aux_0: 1.1323 (1.1332)  loss_ddf_aux_0: 0.0173 (0.0186)  loss_mal_aux_1: 1.1377 (1.1294)  loss_bbox_aux_1: 0.2588 (0.2921)  loss_giou_aux_1: 0.6443 (0.6192)  loss_fgl_aux_1: 1.1251 (1.1202)  loss_ddf_aux_1: 0.0014 (0.0015)  loss_mal_pre: 1.1680 (1.1664)  loss_bbox_pre: 0.2706 (0.2991)  loss_giou_pre: 0.6685 (0.6335)  loss_mal_enc_0: 1.1768 (1.2011)  loss_bbox_enc_0: 0.3122 (0.3339)  loss_giou_enc_0: 0.7068 (0.6868)  loss_mal_dn_0: 0.7476 (0.7516)  loss_bbox_dn_0: 0.3443 (0.3560)  loss_giou_dn_0: 0.6730 (0.6499)  loss_fgl_dn_0: 1.1390 (1.1559)  loss_ddf_dn_0: 0.0906 (0.0942)  loss_mal_dn_1: 0.6919 (0.6896)  loss_bbox_dn_1: 0.2682 (0.2834)  loss_giou_dn_1: 0.5577 (0.5367)  loss_fgl_dn_1: 1.1232 (1.1269)  loss_ddf_dn_1: 0.0061 (0.0064)  loss_mal_dn_2: 0.6792 (0.6795)  loss_bbox_dn_2: 0.2667 (0.2769)  loss_giou_dn_2: 0.5555 (0.5278)  loss_fgl_dn_2: 1.1225 (1.1253)  loss_mal_dn_pre: 0.7476 (0.7516)  loss_bbox_dn_pre: 0.3477 (0.3590)  loss_giou_dn_pre: 0.6723 (0.6497)  time: 0.4143  data: 0.0425  max mem: 8321
Epoch: [82] Total time: 0:01:31 (0.4620 s / it)
Averaged stats: lr: 0.000400  loss: 24.0102 (23.8809)  loss_mal: 1.0859 (1.0992)  loss_bbox: 0.2594 (0.2907)  loss_giou: 0.6385 (0.6170)  loss_fgl: 1.1244 (1.1199)  loss_mal_aux_0: 1.1689 (1.1650)  loss_bbox_aux_0: 0.2697 (0.2995)  loss_giou_aux_0: 0.6622 (0.6343)  loss_fgl_aux_0: 1.1323 (1.1332)  loss_ddf_aux_0: 0.0173 (0.0186)  loss_mal_aux_1: 1.1377 (1.1294)  loss_bbox_aux_1: 0.2588 (0.2921)  loss_giou_aux_1: 0.6443 (0.6192)  loss_fgl_aux_1: 1.1251 (1.1202)  loss_ddf_aux_1: 0.0014 (0.0015)  loss_mal_pre: 1.1680 (1.1664)  loss_bbox_pre: 0.2706 (0.2991)  loss_giou_pre: 0.6685 (0.6335)  loss_mal_enc_0: 1.1768 (1.2011)  loss_bbox_enc_0: 0.3122 (0.3339)  loss_giou_enc_0: 0.7068 (0.6868)  loss_mal_dn_0: 0.7476 (0.7516)  loss_bbox_dn_0: 0.3443 (0.3560)  loss_giou_dn_0: 0.6730 (0.6499)  loss_fgl_dn_0: 1.1390 (1.1559)  loss_ddf_dn_0: 0.0906 (0.0942)  loss_mal_dn_1: 0.6919 (0.6896)  loss_bbox_dn_1: 0.2682 (0.2834)  loss_giou_dn_1: 0.5577 (0.5367)  loss_fgl_dn_1: 1.1232 (1.1269)  loss_ddf_dn_1: 0.0061 (0.0064)  loss_mal_dn_2: 0.6792 (0.6795)  loss_bbox_dn_2: 0.2667 (0.2769)  loss_giou_dn_2: 0.5555 (0.5278)  loss_fgl_dn_2: 1.1225 (1.1253)  loss_mal_dn_pre: 0.7476 (0.7516)  loss_bbox_dn_pre: 0.3477 (0.3590)  loss_giou_dn_pre: 0.6723 (0.6497)
Test:  [ 0/13]  eta: 0:00:37    time: 2.9019  data: 2.5399  max mem: 8321
Test:  [10/13]  eta: 0:00:01    time: 0.5681  data: 0.3109  max mem: 8321
Test:  [12/13]  eta: 0:00:00    time: 0.5231  data: 0.2769  max mem: 8321
Test: Total time: 0:00:06 (0.5297 s / it)
Averaged stats: 
Accumulating evaluation results...
COCOeval_opt.accumulate() finished...
DONE (t=0.29s).
IoU metric: bbox
 Average Precision  (AP) @[ IoU=0.50:0.95 | area=   all | maxDets=100 ] = 0.255
 Average Precision  (AP) @[ IoU=0.50      | area=   all | maxDets=100 ] = 0.540
 Average Precision  (AP) @[ IoU=0.75      | area=   all | maxDets=100 ] = 0.199
 Average Precision  (AP) @[ IoU=0.50:0.95 | area= small | maxDets=100 ] = 0.108
 Average Precision  (AP) @[ IoU=0.50:0.95 | area=medium | maxDets=100 ] = 0.212
 Average Precision  (AP) @[ IoU=0.50:0.95 | area= large | maxDets=100 ] = 0.304
 Average Recall     (AR) @[ IoU=0.50:0.95 | area=   all | maxDets=  1 ] = 0.240
 Average Recall     (AR) @[ IoU=0.50:0.95 | area=   all | maxDets= 10 ] = 0.467
 Average Recall     (AR) @[ IoU=0.50:0.95 | area=   all | maxDets=100 ] = 0.534
 Average Recall     (AR) @[ IoU=0.50:0.95 | area= small | maxDets=100 ] = 0.276
 Average Recall     (AR) @[ IoU=0.50:0.95 | area=medium | maxDets=100 ] = 0.503
 Average Recall     (AR) @[ IoU=0.50:0.95 | area= large | maxDets=100 ] = 0.624
 Average Recall     (AR) @[ IoU=0.50      | area=   all | maxDets=100 ] = 0.943
 Average Recall     (AR) @[ IoU=0.75      | area=   all | maxDets=100 ] = 0.519
best_stat: {'epoch': 82, 'coco_eval_bbox': 0.25529479418042733}
Epoch: [83]  [  0/197]  eta: 0:11:57  lr: 0.000400  loss: 25.2502 (25.2502)  loss_mal: 1.2705 (1.2705)  loss_bbox: 0.3142 (0.3142)  loss_giou: 0.5800 (0.5800)  loss_fgl: 1.1233 (1.1233)  loss_mal_aux_0: 1.3848 (1.3848)  loss_bbox_aux_0: 0.3258 (0.3258)  loss_giou_aux_0: 0.5980 (0.5980)  loss_fgl_aux_0: 1.1365 (1.1365)  loss_ddf_aux_0: 0.0187 (0.0187)  loss_mal_aux_1: 1.3350 (1.3350)  loss_bbox_aux_1: 0.3120 (0.3120)  loss_giou_aux_1: 0.5832 (0.5832)  loss_fgl_aux_1: 1.1245 (1.1245)  loss_ddf_aux_1: 0.0016 (0.0016)  loss_mal_pre: 1.3877 (1.3877)  loss_bbox_pre: 0.3235 (0.3235)  loss_giou_pre: 0.5952 (0.5952)  loss_mal_enc_0: 1.4229 (1.4229)  loss_bbox_enc_0: 0.3604 (0.3604)  loss_giou_enc_0: 0.6494 (0.6494)  loss_mal_dn_0: 0.7803 (0.7803)  loss_bbox_dn_0: 0.4253 (0.4253)  loss_giou_dn_0: 0.6533 (0.6533)  loss_fgl_dn_0: 1.1450 (1.1450)  loss_ddf_dn_0: 0.1115 (0.1115)  loss_mal_dn_1: 0.7231 (0.7231)  loss_bbox_dn_1: 0.3337 (0.3337)  loss_giou_dn_1: 0.5366 (0.5366)  loss_fgl_dn_1: 1.1298 (1.1298)  loss_ddf_dn_1: 0.0079 (0.0079)  loss_mal_dn_2: 0.7148 (0.7148)  loss_bbox_dn_2: 0.3228 (0.3228)  loss_giou_dn_2: 0.5318 (0.5318)  loss_fgl_dn_2: 1.1278 (1.1278)  loss_mal_dn_pre: 0.7803 (0.7803)  loss_bbox_dn_pre: 0.4278 (0.4278)  loss_giou_dn_pre: 0.6516 (0.6516)  time: 3.6440  data: 2.8703  max mem: 8321
Epoch: [83]  [196/197]  eta: 0:00:00  lr: 0.000400  loss: 23.9905 (23.7708)  loss_mal: 1.1162 (1.0961)  loss_bbox: 0.2959 (0.2862)  loss_giou: 0.6229 (0.6205)  loss_fgl: 1.1229 (1.1160)  loss_mal_aux_0: 1.1484 (1.1561)  loss_bbox_aux_0: 0.3053 (0.2956)  loss_giou_aux_0: 0.6480 (0.6381)  loss_fgl_aux_0: 1.1320 (1.1308)  loss_ddf_aux_0: 0.0152 (0.0191)  loss_mal_aux_1: 1.1270 (1.1155)  loss_bbox_aux_1: 0.2996 (0.2872)  loss_giou_aux_1: 0.6246 (0.6223)  loss_fgl_aux_1: 1.1240 (1.1164)  loss_ddf_aux_1: 0.0013 (0.0015)  loss_mal_pre: 1.1396 (1.1571)  loss_bbox_pre: 0.3047 (0.2954)  loss_giou_pre: 0.6454 (0.6369)  loss_mal_enc_0: 1.1670 (1.1829)  loss_bbox_enc_0: 0.3351 (0.3329)  loss_giou_enc_0: 0.6980 (0.6928)  loss_mal_dn_0: 0.7520 (0.7492)  loss_bbox_dn_0: 0.3411 (0.3488)  loss_giou_dn_0: 0.6339 (0.6494)  loss_fgl_dn_0: 1.1491 (1.1547)  loss_ddf_dn_0: 0.0846 (0.0926)  loss_mal_dn_1: 0.6934 (0.6860)  loss_bbox_dn_1: 0.2744 (0.2769)  loss_giou_dn_1: 0.5287 (0.5367)  loss_fgl_dn_1: 1.1231 (1.1244)  loss_ddf_dn_1: 0.0057 (0.0061)  loss_mal_dn_2: 0.6831 (0.6752)  loss_bbox_dn_2: 0.2695 (0.2703)  loss_giou_dn_2: 0.5154 (0.5278)  loss_fgl_dn_2: 1.1203 (1.1231)  loss_mal_dn_pre: 0.7515 (0.7492)  loss_bbox_dn_pre: 0.3441 (0.3518)  loss_giou_dn_pre: 0.6324 (0.6493)  time: 0.4296  data: 0.0412  max mem: 8321
Epoch: [83] Total time: 0:01:31 (0.4635 s / it)
Averaged stats: lr: 0.000400  loss: 23.9905 (23.7708)  loss_mal: 1.1162 (1.0961)  loss_bbox: 0.2959 (0.2862)  loss_giou: 0.6229 (0.6205)  loss_fgl: 1.1229 (1.1160)  loss_mal_aux_0: 1.1484 (1.1561)  loss_bbox_aux_0: 0.3053 (0.2956)  loss_giou_aux_0: 0.6480 (0.6381)  loss_fgl_aux_0: 1.1320 (1.1308)  loss_ddf_aux_0: 0.0152 (0.0191)  loss_mal_aux_1: 1.1270 (1.1155)  loss_bbox_aux_1: 0.2996 (0.2872)  loss_giou_aux_1: 0.6246 (0.6223)  loss_fgl_aux_1: 1.1240 (1.1164)  loss_ddf_aux_1: 0.0013 (0.0015)  loss_mal_pre: 1.1396 (1.1571)  loss_bbox_pre: 0.3047 (0.2954)  loss_giou_pre: 0.6454 (0.6369)  loss_mal_enc_0: 1.1670 (1.1829)  loss_bbox_enc_0: 0.3351 (0.3329)  loss_giou_enc_0: 0.6980 (0.6928)  loss_mal_dn_0: 0.7520 (0.7492)  loss_bbox_dn_0: 0.3411 (0.3488)  loss_giou_dn_0: 0.6339 (0.6494)  loss_fgl_dn_0: 1.1491 (1.1547)  loss_ddf_dn_0: 0.0846 (0.0926)  loss_mal_dn_1: 0.6934 (0.6860)  loss_bbox_dn_1: 0.2744 (0.2769)  loss_giou_dn_1: 0.5287 (0.5367)  loss_fgl_dn_1: 1.1231 (1.1244)  loss_ddf_dn_1: 0.0057 (0.0061)  loss_mal_dn_2: 0.6831 (0.6752)  loss_bbox_dn_2: 0.2695 (0.2703)  loss_giou_dn_2: 0.5154 (0.5278)  loss_fgl_dn_2: 1.1203 (1.1231)  loss_mal_dn_pre: 0.7515 (0.7492)  loss_bbox_dn_pre: 0.3441 (0.3518)  loss_giou_dn_pre: 0.6324 (0.6493)
Test:  [ 0/13]  eta: 0:00:35    time: 2.7036  data: 2.4865  max mem: 8321
Test:  [10/13]  eta: 0:00:01    time: 0.5669  data: 0.3111  max mem: 8321
Test:  [12/13]  eta: 0:00:00    time: 0.5219  data: 0.2769  max mem: 8321
Test: Total time: 0:00:06 (0.5291 s / it)
Averaged stats: 
Accumulating evaluation results...
COCOeval_opt.accumulate() finished...
DONE (t=0.30s).
IoU metric: bbox
 Average Precision  (AP) @[ IoU=0.50:0.95 | area=   all | maxDets=100 ] = 0.256
 Average Precision  (AP) @[ IoU=0.50      | area=   all | maxDets=100 ] = 0.541
 Average Precision  (AP) @[ IoU=0.75      | area=   all | maxDets=100 ] = 0.199
 Average Precision  (AP) @[ IoU=0.50:0.95 | area= small | maxDets=100 ] = 0.109
 Average Precision  (AP) @[ IoU=0.50:0.95 | area=medium | maxDets=100 ] = 0.213
 Average Precision  (AP) @[ IoU=0.50:0.95 | area= large | maxDets=100 ] = 0.307
 Average Recall     (AR) @[ IoU=0.50:0.95 | area=   all | maxDets=  1 ] = 0.240
 Average Recall     (AR) @[ IoU=0.50:0.95 | area=   all | maxDets= 10 ] = 0.468
 Average Recall     (AR) @[ IoU=0.50:0.95 | area=   all | maxDets=100 ] = 0.536
 Average Recall     (AR) @[ IoU=0.50:0.95 | area= small | maxDets=100 ] = 0.278
 Average Recall     (AR) @[ IoU=0.50:0.95 | area=medium | maxDets=100 ] = 0.505
 Average Recall     (AR) @[ IoU=0.50:0.95 | area= large | maxDets=100 ] = 0.626
 Average Recall     (AR) @[ IoU=0.50      | area=   all | maxDets=100 ] = 0.945
 Average Recall     (AR) @[ IoU=0.75      | area=   all | maxDets=100 ] = 0.521
best_stat: {'epoch': 83, 'coco_eval_bbox': 0.2560191579872081}
Epoch: [84]  [  0/197]  eta: 0:08:51  lr: 0.000400  loss: 23.3903 (23.3903)  loss_mal: 1.1172 (1.1172)  loss_bbox: 0.2623 (0.2623)  loss_giou: 0.5856 (0.5856)  loss_fgl: 1.1164 (1.1164)  loss_mal_aux_0: 1.1289 (1.1289)  loss_bbox_aux_0: 0.3090 (0.3090)  loss_giou_aux_0: 0.6084 (0.6084)  loss_fgl_aux_0: 1.1362 (1.1362)  loss_ddf_aux_0: 0.0209 (0.0209)  loss_mal_aux_1: 1.1377 (1.1377)  loss_bbox_aux_1: 0.2669 (0.2669)  loss_giou_aux_1: 0.5863 (0.5863)  loss_fgl_aux_1: 1.1208 (1.1208)  loss_ddf_aux_1: 0.0019 (0.0019)  loss_mal_pre: 1.1260 (1.1260)  loss_bbox_pre: 0.3136 (0.3136)  loss_giou_pre: 0.6116 (0.6116)  loss_mal_enc_0: 1.1152 (1.1152)  loss_bbox_enc_0: 0.3571 (0.3571)  loss_giou_enc_0: 0.6850 (0.6850)  loss_mal_dn_0: 0.7534 (0.7534)  loss_bbox_dn_0: 0.3702 (0.3702)  loss_giou_dn_0: 0.6004 (0.6004)  loss_fgl_dn_0: 1.1718 (1.1718)  loss_ddf_dn_0: 0.0951 (0.0951)  loss_mal_dn_1: 0.6689 (0.6689)  loss_bbox_dn_1: 0.2676 (0.2676)  loss_giou_dn_1: 0.4755 (0.4755)  loss_fgl_dn_1: 1.1393 (1.1393)  loss_ddf_dn_1: 0.0064 (0.0064)  loss_mal_dn_2: 0.6523 (0.6523)  loss_bbox_dn_2: 0.2567 (0.2567)  loss_giou_dn_2: 0.4627 (0.4627)  loss_fgl_dn_2: 1.1360 (1.1360)  loss_mal_dn_pre: 0.7529 (0.7529)  loss_bbox_dn_pre: 0.3733 (0.3733)  loss_giou_dn_pre: 0.6007 (0.6007)  time: 2.6963  data: 2.1455  max mem: 8321
Epoch: [84]  [196/197]  eta: 0:00:00  lr: 0.000400  loss: 23.3713 (23.6605)  loss_mal: 1.0693 (1.0859)  loss_bbox: 0.2763 (0.2811)  loss_giou: 0.5979 (0.6163)  loss_fgl: 1.1238 (1.1189)  loss_mal_aux_0: 1.1699 (1.1567)  loss_bbox_aux_0: 0.2768 (0.2906)  loss_giou_aux_0: 0.6187 (0.6336)  loss_fgl_aux_0: 1.1446 (1.1327)  loss_ddf_aux_0: 0.0204 (0.0182)  loss_mal_aux_1: 1.0830 (1.1102)  loss_bbox_aux_1: 0.2757 (0.2826)  loss_giou_aux_1: 0.5986 (0.6180)  loss_fgl_aux_1: 1.1281 (1.1194)  loss_ddf_aux_1: 0.0015 (0.0014)  loss_mal_pre: 1.1689 (1.1575)  loss_bbox_pre: 0.2771 (0.2906)  loss_giou_pre: 0.6186 (0.6327)  loss_mal_enc_0: 1.1660 (1.1706)  loss_bbox_enc_0: 0.3098 (0.3252)  loss_giou_enc_0: 0.6901 (0.6884)  loss_mal_dn_0: 0.7461 (0.7489)  loss_bbox_dn_0: 0.3279 (0.3429)  loss_giou_dn_0: 0.6393 (0.6432)  loss_fgl_dn_0: 1.1570 (1.1572)  loss_ddf_dn_0: 0.0922 (0.0962)  loss_mal_dn_1: 0.6855 (0.6847)  loss_bbox_dn_1: 0.2590 (0.2705)  loss_giou_dn_1: 0.5200 (0.5302)  loss_fgl_dn_1: 1.1268 (1.1264)  loss_ddf_dn_1: 0.0053 (0.0062)  loss_mal_dn_2: 0.6753 (0.6747)  loss_bbox_dn_2: 0.2513 (0.2645)  loss_giou_dn_2: 0.5125 (0.5216)  loss_fgl_dn_2: 1.1249 (1.1252)  loss_mal_dn_pre: 0.7451 (0.7487)  loss_bbox_dn_pre: 0.3313 (0.3461)  loss_giou_dn_pre: 0.6385 (0.6430)  time: 0.4326  data: 0.0451  max mem: 8321
Epoch: [84] Total time: 0:01:31 (0.4661 s / it)
Averaged stats: lr: 0.000400  loss: 23.3713 (23.6605)  loss_mal: 1.0693 (1.0859)  loss_bbox: 0.2763 (0.2811)  loss_giou: 0.5979 (0.6163)  loss_fgl: 1.1238 (1.1189)  loss_mal_aux_0: 1.1699 (1.1567)  loss_bbox_aux_0: 0.2768 (0.2906)  loss_giou_aux_0: 0.6187 (0.6336)  loss_fgl_aux_0: 1.1446 (1.1327)  loss_ddf_aux_0: 0.0204 (0.0182)  loss_mal_aux_1: 1.0830 (1.1102)  loss_bbox_aux_1: 0.2757 (0.2826)  loss_giou_aux_1: 0.5986 (0.6180)  loss_fgl_aux_1: 1.1281 (1.1194)  loss_ddf_aux_1: 0.0015 (0.0014)  loss_mal_pre: 1.1689 (1.1575)  loss_bbox_pre: 0.2771 (0.2906)  loss_giou_pre: 0.6186 (0.6327)  loss_mal_enc_0: 1.1660 (1.1706)  loss_bbox_enc_0: 0.3098 (0.3252)  loss_giou_enc_0: 0.6901 (0.6884)  loss_mal_dn_0: 0.7461 (0.7489)  loss_bbox_dn_0: 0.3279 (0.3429)  loss_giou_dn_0: 0.6393 (0.6432)  loss_fgl_dn_0: 1.1570 (1.1572)  loss_ddf_dn_0: 0.0922 (0.0962)  loss_mal_dn_1: 0.6855 (0.6847)  loss_bbox_dn_1: 0.2590 (0.2705)  loss_giou_dn_1: 0.5200 (0.5302)  loss_fgl_dn_1: 1.1268 (1.1264)  loss_ddf_dn_1: 0.0053 (0.0062)  loss_mal_dn_2: 0.6753 (0.6747)  loss_bbox_dn_2: 0.2513 (0.2645)  loss_giou_dn_2: 0.5125 (0.5216)  loss_fgl_dn_2: 1.1249 (1.1252)  loss_mal_dn_pre: 0.7451 (0.7487)  loss_bbox_dn_pre: 0.3313 (0.3461)  loss_giou_dn_pre: 0.6385 (0.6430)
Test:  [ 0/13]  eta: 0:00:41    time: 3.1939  data: 2.8228  max mem: 8321
Test:  [10/13]  eta: 0:00:01    time: 0.5985  data: 0.3322  max mem: 8321
Test:  [12/13]  eta: 0:00:00    time: 0.5486  data: 0.2950  max mem: 8321
Test: Total time: 0:00:07 (0.5555 s / it)
Averaged stats: 
Accumulating evaluation results...
COCOeval_opt.accumulate() finished...
DONE (t=0.31s).
IoU metric: bbox
 Average Precision  (AP) @[ IoU=0.50:0.95 | area=   all | maxDets=100 ] = 0.256
 Average Precision  (AP) @[ IoU=0.50      | area=   all | maxDets=100 ] = 0.542
 Average Precision  (AP) @[ IoU=0.75      | area=   all | maxDets=100 ] = 0.199
 Average Precision  (AP) @[ IoU=0.50:0.95 | area= small | maxDets=100 ] = 0.110
 Average Precision  (AP) @[ IoU=0.50:0.95 | area=medium | maxDets=100 ] = 0.213
 Average Precision  (AP) @[ IoU=0.50:0.95 | area= large | maxDets=100 ] = 0.307
 Average Recall     (AR) @[ IoU=0.50:0.95 | area=   all | maxDets=  1 ] = 0.241
 Average Recall     (AR) @[ IoU=0.50:0.95 | area=   all | maxDets= 10 ] = 0.467
 Average Recall     (AR) @[ IoU=0.50:0.95 | area=   all | maxDets=100 ] = 0.537
 Average Recall     (AR) @[ IoU=0.50:0.95 | area= small | maxDets=100 ] = 0.280
 Average Recall     (AR) @[ IoU=0.50:0.95 | area=medium | maxDets=100 ] = 0.506
 Average Recall     (AR) @[ IoU=0.50:0.95 | area= large | maxDets=100 ] = 0.628
 Average Recall     (AR) @[ IoU=0.50      | area=   all | maxDets=100 ] = 0.946
 Average Recall     (AR) @[ IoU=0.75      | area=   all | maxDets=100 ] = 0.523
best_stat: {'epoch': 84, 'coco_eval_bbox': 0.2563918039253126}
Epoch: [85]  [  0/197]  eta: 0:10:01  lr: 0.000400  loss: 23.0450 (23.0450)  loss_mal: 0.9619 (0.9619)  loss_bbox: 0.3136 (0.3136)  loss_giou: 0.5552 (0.5552)  loss_fgl: 1.1524 (1.1524)  loss_mal_aux_0: 1.0371 (1.0371)  loss_bbox_aux_0: 0.3291 (0.3291)  loss_giou_aux_0: 0.5537 (0.5537)  loss_fgl_aux_0: 1.1627 (1.1627)  loss_ddf_aux_0: 0.0167 (0.0167)  loss_mal_aux_1: 0.9634 (0.9634)  loss_bbox_aux_1: 0.3143 (0.3143)  loss_giou_aux_1: 0.5554 (0.5554)  loss_fgl_aux_1: 1.1482 (1.1482)  loss_ddf_aux_1: 0.0011 (0.0011)  loss_mal_pre: 1.0430 (1.0430)  loss_bbox_pre: 0.3280 (0.3280)  loss_giou_pre: 0.5518 (0.5518)  loss_mal_enc_0: 1.1553 (1.1553)  loss_bbox_enc_0: 0.3349 (0.3349)  loss_giou_enc_0: 0.5849 (0.5849)  loss_mal_dn_0: 0.7314 (0.7314)  loss_bbox_dn_0: 0.4053 (0.4053)  loss_giou_dn_0: 0.6078 (0.6078)  loss_fgl_dn_0: 1.1637 (1.1637)  loss_ddf_dn_0: 0.0985 (0.0985)  loss_mal_dn_1: 0.6685 (0.6685)  loss_bbox_dn_1: 0.3183 (0.3183)  loss_giou_dn_1: 0.5130 (0.5130)  loss_fgl_dn_1: 1.1225 (1.1225)  loss_ddf_dn_1: 0.0064 (0.0064)  loss_mal_dn_2: 0.6562 (0.6562)  loss_bbox_dn_2: 0.3168 (0.3168)  loss_giou_dn_2: 0.5020 (0.5020)  loss_fgl_dn_2: 1.1213 (1.1213)  loss_mal_dn_pre: 0.7314 (0.7314)  loss_bbox_dn_pre: 0.4082 (0.4082)  loss_giou_dn_pre: 0.6106 (0.6106)  time: 3.0544  data: 2.4961  max mem: 8321
Epoch: [85]  [196/197]  eta: 0:00:00  lr: 0.000400  loss: 23.5756 (23.6828)  loss_mal: 1.0771 (1.1062)  loss_bbox: 0.2814 (0.2828)  loss_giou: 0.5832 (0.6056)  loss_fgl: 1.1197 (1.1214)  loss_mal_aux_0: 1.1328 (1.1637)  loss_bbox_aux_0: 0.3026 (0.2926)  loss_giou_aux_0: 0.6251 (0.6248)  loss_fgl_aux_0: 1.1396 (1.1363)  loss_ddf_aux_0: 0.0207 (0.0201)  loss_mal_aux_1: 1.0693 (1.1216)  loss_bbox_aux_1: 0.2826 (0.2836)  loss_giou_aux_1: 0.5859 (0.6076)  loss_fgl_aux_1: 1.1169 (1.1217)  loss_ddf_aux_1: 0.0014 (0.0015)  loss_mal_pre: 1.1455 (1.1626)  loss_bbox_pre: 0.3005 (0.2926)  loss_giou_pre: 0.6273 (0.6237)  loss_mal_enc_0: 1.1660 (1.1754)  loss_bbox_enc_0: 0.3302 (0.3279)  loss_giou_enc_0: 0.6786 (0.6787)  loss_mal_dn_0: 0.7476 (0.7493)  loss_bbox_dn_0: 0.3413 (0.3504)  loss_giou_dn_0: 0.6361 (0.6369)  loss_fgl_dn_0: 1.1621 (1.1579)  loss_ddf_dn_0: 0.1015 (0.0952)  loss_mal_dn_1: 0.6772 (0.6842)  loss_bbox_dn_1: 0.2734 (0.2780)  loss_giou_dn_1: 0.5191 (0.5239)  loss_fgl_dn_1: 1.1216 (1.1259)  loss_ddf_dn_1: 0.0062 (0.0059)  loss_mal_dn_2: 0.6704 (0.6740)  loss_bbox_dn_2: 0.2698 (0.2716)  loss_giou_dn_2: 0.5095 (0.5150)  loss_fgl_dn_2: 1.1196 (1.1245)  loss_mal_dn_pre: 0.7456 (0.7491)  loss_bbox_dn_pre: 0.3450 (0.3538)  loss_giou_dn_pre: 0.6368 (0.6369)  time: 0.4196  data: 0.0433  max mem: 8321
Epoch: [85] Total time: 0:01:30 (0.4583 s / it)
Averaged stats: lr: 0.000400  loss: 23.5756 (23.6828)  loss_mal: 1.0771 (1.1062)  loss_bbox: 0.2814 (0.2828)  loss_giou: 0.5832 (0.6056)  loss_fgl: 1.1197 (1.1214)  loss_mal_aux_0: 1.1328 (1.1637)  loss_bbox_aux_0: 0.3026 (0.2926)  loss_giou_aux_0: 0.6251 (0.6248)  loss_fgl_aux_0: 1.1396 (1.1363)  loss_ddf_aux_0: 0.0207 (0.0201)  loss_mal_aux_1: 1.0693 (1.1216)  loss_bbox_aux_1: 0.2826 (0.2836)  loss_giou_aux_1: 0.5859 (0.6076)  loss_fgl_aux_1: 1.1169 (1.1217)  loss_ddf_aux_1: 0.0014 (0.0015)  loss_mal_pre: 1.1455 (1.1626)  loss_bbox_pre: 0.3005 (0.2926)  loss_giou_pre: 0.6273 (0.6237)  loss_mal_enc_0: 1.1660 (1.1754)  loss_bbox_enc_0: 0.3302 (0.3279)  loss_giou_enc_0: 0.6786 (0.6787)  loss_mal_dn_0: 0.7476 (0.7493)  loss_bbox_dn_0: 0.3413 (0.3504)  loss_giou_dn_0: 0.6361 (0.6369)  loss_fgl_dn_0: 1.1621 (1.1579)  loss_ddf_dn_0: 0.1015 (0.0952)  loss_mal_dn_1: 0.6772 (0.6842)  loss_bbox_dn_1: 0.2734 (0.2780)  loss_giou_dn_1: 0.5191 (0.5239)  loss_fgl_dn_1: 1.1216 (1.1259)  loss_ddf_dn_1: 0.0062 (0.0059)  loss_mal_dn_2: 0.6704 (0.6740)  loss_bbox_dn_2: 0.2698 (0.2716)  loss_giou_dn_2: 0.5095 (0.5150)  loss_fgl_dn_2: 1.1196 (1.1245)  loss_mal_dn_pre: 0.7456 (0.7491)  loss_bbox_dn_pre: 0.3450 (0.3538)  loss_giou_dn_pre: 0.6368 (0.6369)
Test:  [ 0/13]  eta: 0:00:35    time: 2.7184  data: 2.3346  max mem: 8321
Test:  [10/13]  eta: 0:00:01    time: 0.5644  data: 0.2950  max mem: 8321
Test:  [12/13]  eta: 0:00:00    time: 0.5055  data: 0.2559  max mem: 8321
Test: Total time: 0:00:06 (0.5113 s / it)
Averaged stats: 
Accumulating evaluation results...
COCOeval_opt.accumulate() finished...
DONE (t=0.33s).
IoU metric: bbox
 Average Precision  (AP) @[ IoU=0.50:0.95 | area=   all | maxDets=100 ] = 0.257
 Average Precision  (AP) @[ IoU=0.50      | area=   all | maxDets=100 ] = 0.542
 Average Precision  (AP) @[ IoU=0.75      | area=   all | maxDets=100 ] = 0.199
 Average Precision  (AP) @[ IoU=0.50:0.95 | area= small | maxDets=100 ] = 0.110
 Average Precision  (AP) @[ IoU=0.50:0.95 | area=medium | maxDets=100 ] = 0.213
 Average Precision  (AP) @[ IoU=0.50:0.95 | area= large | maxDets=100 ] = 0.308
 Average Recall     (AR) @[ IoU=0.50:0.95 | area=   all | maxDets=  1 ] = 0.242
 Average Recall     (AR) @[ IoU=0.50:0.95 | area=   all | maxDets= 10 ] = 0.468
 Average Recall     (AR) @[ IoU=0.50:0.95 | area=   all | maxDets=100 ] = 0.537
 Average Recall     (AR) @[ IoU=0.50:0.95 | area= small | maxDets=100 ] = 0.280
 Average Recall     (AR) @[ IoU=0.50:0.95 | area=medium | maxDets=100 ] = 0.506
 Average Recall     (AR) @[ IoU=0.50:0.95 | area= large | maxDets=100 ] = 0.630
 Average Recall     (AR) @[ IoU=0.50      | area=   all | maxDets=100 ] = 0.947
 Average Recall     (AR) @[ IoU=0.75      | area=   all | maxDets=100 ] = 0.524
best_stat: {'epoch': 85, 'coco_eval_bbox': 0.25664607874025863}
Epoch: [86]  [  0/197]  eta: 0:09:55  lr: 0.000400  loss: 23.0759 (23.0759)  loss_mal: 1.0957 (1.0957)  loss_bbox: 0.2691 (0.2691)  loss_giou: 0.5195 (0.5195)  loss_fgl: 1.1940 (1.1940)  loss_mal_aux_0: 1.1377 (1.1377)  loss_bbox_aux_0: 0.2742 (0.2742)  loss_giou_aux_0: 0.5361 (0.5361)  loss_fgl_aux_0: 1.1991 (1.1991)  loss_ddf_aux_0: 0.0197 (0.0197)  loss_mal_aux_1: 1.1357 (1.1357)  loss_bbox_aux_1: 0.2701 (0.2701)  loss_giou_aux_1: 0.5183 (0.5183)  loss_fgl_aux_1: 1.1934 (1.1934)  loss_ddf_aux_1: 0.0016 (0.0016)  loss_mal_pre: 1.1387 (1.1387)  loss_bbox_pre: 0.2754 (0.2754)  loss_giou_pre: 0.5350 (0.5350)  loss_mal_enc_0: 1.2432 (1.2432)  loss_bbox_enc_0: 0.3129 (0.3129)  loss_giou_enc_0: 0.5764 (0.5764)  loss_mal_dn_0: 0.7354 (0.7354)  loss_bbox_dn_0: 0.3263 (0.3263)  loss_giou_dn_0: 0.5792 (0.5792)  loss_fgl_dn_0: 1.1797 (1.1797)  loss_ddf_dn_0: 0.1107 (0.1107)  loss_mal_dn_1: 0.6646 (0.6646)  loss_bbox_dn_1: 0.2669 (0.2669)  loss_giou_dn_1: 0.4677 (0.4677)  loss_fgl_dn_1: 1.1433 (1.1433)  loss_ddf_dn_1: 0.0067 (0.0067)  loss_mal_dn_2: 0.6553 (0.6553)  loss_bbox_dn_2: 0.2542 (0.2542)  loss_giou_dn_2: 0.4568 (0.4568)  loss_fgl_dn_2: 1.1409 (1.1409)  loss_mal_dn_pre: 0.7354 (0.7354)  loss_bbox_dn_pre: 0.3278 (0.3278)  loss_giou_dn_pre: 0.5793 (0.5793)  time: 3.0235  data: 2.4026  max mem: 8321
Epoch: [86]  [196/197]  eta: 0:00:00  lr: 0.000400  loss: 23.3194 (23.5198)  loss_mal: 1.0879 (1.0863)  loss_bbox: 0.2665 (0.2779)  loss_giou: 0.5754 (0.6116)  loss_fgl: 1.1208 (1.1185)  loss_mal_aux_0: 1.1260 (1.1402)  loss_bbox_aux_0: 0.2747 (0.2857)  loss_giou_aux_0: 0.5905 (0.6284)  loss_fgl_aux_0: 1.1400 (1.1332)  loss_ddf_aux_0: 0.0199 (0.0203)  loss_mal_aux_1: 1.0859 (1.1005)  loss_bbox_aux_1: 0.2697 (0.2786)  loss_giou_aux_1: 0.5758 (0.6134)  loss_fgl_aux_1: 1.1201 (1.1188)  loss_ddf_aux_1: 0.0015 (0.0014)  loss_mal_pre: 1.1240 (1.1403)  loss_bbox_pre: 0.2761 (0.2853)  loss_giou_pre: 0.5910 (0.6271)  loss_mal_enc_0: 1.1592 (1.1573)  loss_bbox_enc_0: 0.3029 (0.3171)  loss_giou_enc_0: 0.6403 (0.6820)  loss_mal_dn_0: 0.7446 (0.7481)  loss_bbox_dn_0: 0.3267 (0.3364)  loss_giou_dn_0: 0.6187 (0.6388)  loss_fgl_dn_0: 1.1621 (1.1597)  loss_ddf_dn_0: 0.0897 (0.0975)  loss_mal_dn_1: 0.6763 (0.6830)  loss_bbox_dn_1: 0.2826 (0.2679)  loss_giou_dn_1: 0.5224 (0.5278)  loss_fgl_dn_1: 1.1213 (1.1256)  loss_ddf_dn_1: 0.0061 (0.0062)  loss_mal_dn_2: 0.6655 (0.6733)  loss_bbox_dn_2: 0.2751 (0.2621)  loss_giou_dn_2: 0.5104 (0.5191)  loss_fgl_dn_2: 1.1222 (1.1243)  loss_mal_dn_pre: 0.7446 (0.7480)  loss_bbox_dn_pre: 0.3374 (0.3393)  loss_giou_dn_pre: 0.6194 (0.6387)  time: 0.4145  data: 0.0391  max mem: 8321
Epoch: [86] Total time: 0:01:30 (0.4579 s / it)
Averaged stats: lr: 0.000400  loss: 23.3194 (23.5198)  loss_mal: 1.0879 (1.0863)  loss_bbox: 0.2665 (0.2779)  loss_giou: 0.5754 (0.6116)  loss_fgl: 1.1208 (1.1185)  loss_mal_aux_0: 1.1260 (1.1402)  loss_bbox_aux_0: 0.2747 (0.2857)  loss_giou_aux_0: 0.5905 (0.6284)  loss_fgl_aux_0: 1.1400 (1.1332)  loss_ddf_aux_0: 0.0199 (0.0203)  loss_mal_aux_1: 1.0859 (1.1005)  loss_bbox_aux_1: 0.2697 (0.2786)  loss_giou_aux_1: 0.5758 (0.6134)  loss_fgl_aux_1: 1.1201 (1.1188)  loss_ddf_aux_1: 0.0015 (0.0014)  loss_mal_pre: 1.1240 (1.1403)  loss_bbox_pre: 0.2761 (0.2853)  loss_giou_pre: 0.5910 (0.6271)  loss_mal_enc_0: 1.1592 (1.1573)  loss_bbox_enc_0: 0.3029 (0.3171)  loss_giou_enc_0: 0.6403 (0.6820)  loss_mal_dn_0: 0.7446 (0.7481)  loss_bbox_dn_0: 0.3267 (0.3364)  loss_giou_dn_0: 0.6187 (0.6388)  loss_fgl_dn_0: 1.1621 (1.1597)  loss_ddf_dn_0: 0.0897 (0.0975)  loss_mal_dn_1: 0.6763 (0.6830)  loss_bbox_dn_1: 0.2826 (0.2679)  loss_giou_dn_1: 0.5224 (0.5278)  loss_fgl_dn_1: 1.1213 (1.1256)  loss_ddf_dn_1: 0.0061 (0.0062)  loss_mal_dn_2: 0.6655 (0.6733)  loss_bbox_dn_2: 0.2751 (0.2621)  loss_giou_dn_2: 0.5104 (0.5191)  loss_fgl_dn_2: 1.1222 (1.1243)  loss_mal_dn_pre: 0.7446 (0.7480)  loss_bbox_dn_pre: 0.3374 (0.3393)  loss_giou_dn_pre: 0.6194 (0.6387)
Test:  [ 0/13]  eta: 0:00:37    time: 2.9231  data: 2.7006  max mem: 8321
Test:  [10/13]  eta: 0:00:01    time: 0.5770  data: 0.3291  max mem: 8321
Test:  [12/13]  eta: 0:00:00    time: 0.5225  data: 0.2847  max mem: 8321
Test: Total time: 0:00:06 (0.5300 s / it)
Averaged stats: 
Accumulating evaluation results...
COCOeval_opt.accumulate() finished...
DONE (t=0.30s).
IoU metric: bbox
 Average Precision  (AP) @[ IoU=0.50:0.95 | area=   all | maxDets=100 ] = 0.258
 Average Precision  (AP) @[ IoU=0.50      | area=   all | maxDets=100 ] = 0.547
 Average Precision  (AP) @[ IoU=0.75      | area=   all | maxDets=100 ] = 0.198
 Average Precision  (AP) @[ IoU=0.50:0.95 | area= small | maxDets=100 ] = 0.111
 Average Precision  (AP) @[ IoU=0.50:0.95 | area=medium | maxDets=100 ] = 0.215
 Average Precision  (AP) @[ IoU=0.50:0.95 | area= large | maxDets=100 ] = 0.307
 Average Recall     (AR) @[ IoU=0.50:0.95 | area=   all | maxDets=  1 ] = 0.241
 Average Recall     (AR) @[ IoU=0.50:0.95 | area=   all | maxDets= 10 ] = 0.467
 Average Recall     (AR) @[ IoU=0.50:0.95 | area=   all | maxDets=100 ] = 0.538
 Average Recall     (AR) @[ IoU=0.50:0.95 | area= small | maxDets=100 ] = 0.281
 Average Recall     (AR) @[ IoU=0.50:0.95 | area=medium | maxDets=100 ] = 0.507
 Average Recall     (AR) @[ IoU=0.50:0.95 | area= large | maxDets=100 ] = 0.629
 Average Recall     (AR) @[ IoU=0.50      | area=   all | maxDets=100 ] = 0.947
 Average Recall     (AR) @[ IoU=0.75      | area=   all | maxDets=100 ] = 0.524
best_stat: {'epoch': 86, 'coco_eval_bbox': 0.2578107605323326}
Epoch: [87]  [  0/197]  eta: 0:11:04  lr: 0.000400  loss: 22.9971 (22.9971)  loss_mal: 1.0234 (1.0234)  loss_bbox: 0.2630 (0.2630)  loss_giou: 0.6398 (0.6398)  loss_fgl: 1.0861 (1.0861)  loss_mal_aux_0: 1.0645 (1.0645)  loss_bbox_aux_0: 0.2699 (0.2699)  loss_giou_aux_0: 0.6620 (0.6620)  loss_fgl_aux_0: 1.0984 (1.0984)  loss_ddf_aux_0: 0.0288 (0.0288)  loss_mal_aux_1: 1.0088 (1.0088)  loss_bbox_aux_1: 0.2647 (0.2647)  loss_giou_aux_1: 0.6434 (0.6434)  loss_fgl_aux_1: 1.0855 (1.0855)  loss_ddf_aux_1: 0.0015 (0.0015)  loss_mal_pre: 1.0820 (1.0820)  loss_bbox_pre: 0.2722 (0.2722)  loss_giou_pre: 0.6588 (0.6588)  loss_mal_enc_0: 1.0381 (1.0381)  loss_bbox_enc_0: 0.3050 (0.3050)  loss_giou_enc_0: 0.7202 (0.7202)  loss_mal_dn_0: 0.7344 (0.7344)  loss_bbox_dn_0: 0.3087 (0.3087)  loss_giou_dn_0: 0.6331 (0.6331)  loss_fgl_dn_0: 1.1555 (1.1555)  loss_ddf_dn_0: 0.0920 (0.0920)  loss_mal_dn_1: 0.6680 (0.6680)  loss_bbox_dn_1: 0.2570 (0.2570)  loss_giou_dn_1: 0.5383 (0.5383)  loss_fgl_dn_1: 1.1301 (1.1301)  loss_ddf_dn_1: 0.0067 (0.0067)  loss_mal_dn_2: 0.6606 (0.6606)  loss_bbox_dn_2: 0.2541 (0.2541)  loss_giou_dn_2: 0.5305 (0.5305)  loss_fgl_dn_2: 1.1311 (1.1311)  loss_mal_dn_pre: 0.7344 (0.7344)  loss_bbox_dn_pre: 0.3131 (0.3131)  loss_giou_dn_pre: 0.6334 (0.6334)  time: 3.3709  data: 2.8809  max mem: 8321
Epoch: [87]  [196/197]  eta: 0:00:00  lr: 0.000400  loss: 23.4651 (23.4465)  loss_mal: 1.0674 (1.0680)  loss_bbox: 0.2726 (0.2780)  loss_giou: 0.5806 (0.6121)  loss_fgl: 1.1131 (1.1181)  loss_mal_aux_0: 1.1182 (1.1309)  loss_bbox_aux_0: 0.2826 (0.2859)  loss_giou_aux_0: 0.5875 (0.6285)  loss_fgl_aux_0: 1.1262 (1.1319)  loss_ddf_aux_0: 0.0195 (0.0189)  loss_mal_aux_1: 1.0850 (1.0801)  loss_bbox_aux_1: 0.2678 (0.2787)  loss_giou_aux_1: 0.5796 (0.6136)  loss_fgl_aux_1: 1.1123 (1.1186)  loss_ddf_aux_1: 0.0014 (0.0013)  loss_mal_pre: 1.1201 (1.1319)  loss_bbox_pre: 0.2821 (0.2853)  loss_giou_pre: 0.5914 (0.6273)  loss_mal_enc_0: 1.1572 (1.1600)  loss_bbox_enc_0: 0.3168 (0.3185)  loss_giou_enc_0: 0.6529 (0.6816)  loss_mal_dn_0: 0.7461 (0.7477)  loss_bbox_dn_0: 0.3336 (0.3373)  loss_giou_dn_0: 0.6300 (0.6349)  loss_fgl_dn_0: 1.1518 (1.1588)  loss_ddf_dn_0: 0.0918 (0.0958)  loss_mal_dn_1: 0.6807 (0.6828)  loss_bbox_dn_1: 0.2599 (0.2675)  loss_giou_dn_1: 0.5107 (0.5239)  loss_fgl_dn_1: 1.1181 (1.1259)  loss_ddf_dn_1: 0.0063 (0.0065)  loss_mal_dn_2: 0.6709 (0.6724)  loss_bbox_dn_2: 0.2516 (0.2614)  loss_giou_dn_2: 0.5036 (0.5150)  loss_fgl_dn_2: 1.1177 (1.1247)  loss_mal_dn_pre: 0.7461 (0.7475)  loss_bbox_dn_pre: 0.3436 (0.3405)  loss_giou_dn_pre: 0.6296 (0.6347)  time: 0.4241  data: 0.0474  max mem: 8321
Epoch: [87] Total time: 0:01:34 (0.4795 s / it)
Averaged stats: lr: 0.000400  loss: 23.4651 (23.4465)  loss_mal: 1.0674 (1.0680)  loss_bbox: 0.2726 (0.2780)  loss_giou: 0.5806 (0.6121)  loss_fgl: 1.1131 (1.1181)  loss_mal_aux_0: 1.1182 (1.1309)  loss_bbox_aux_0: 0.2826 (0.2859)  loss_giou_aux_0: 0.5875 (0.6285)  loss_fgl_aux_0: 1.1262 (1.1319)  loss_ddf_aux_0: 0.0195 (0.0189)  loss_mal_aux_1: 1.0850 (1.0801)  loss_bbox_aux_1: 0.2678 (0.2787)  loss_giou_aux_1: 0.5796 (0.6136)  loss_fgl_aux_1: 1.1123 (1.1186)  loss_ddf_aux_1: 0.0014 (0.0013)  loss_mal_pre: 1.1201 (1.1319)  loss_bbox_pre: 0.2821 (0.2853)  loss_giou_pre: 0.5914 (0.6273)  loss_mal_enc_0: 1.1572 (1.1600)  loss_bbox_enc_0: 0.3168 (0.3185)  loss_giou_enc_0: 0.6529 (0.6816)  loss_mal_dn_0: 0.7461 (0.7477)  loss_bbox_dn_0: 0.3336 (0.3373)  loss_giou_dn_0: 0.6300 (0.6349)  loss_fgl_dn_0: 1.1518 (1.1588)  loss_ddf_dn_0: 0.0918 (0.0958)  loss_mal_dn_1: 0.6807 (0.6828)  loss_bbox_dn_1: 0.2599 (0.2675)  loss_giou_dn_1: 0.5107 (0.5239)  loss_fgl_dn_1: 1.1181 (1.1259)  loss_ddf_dn_1: 0.0063 (0.0065)  loss_mal_dn_2: 0.6709 (0.6724)  loss_bbox_dn_2: 0.2516 (0.2614)  loss_giou_dn_2: 0.5036 (0.5150)  loss_fgl_dn_2: 1.1177 (1.1247)  loss_mal_dn_pre: 0.7461 (0.7475)  loss_bbox_dn_pre: 0.3436 (0.3405)  loss_giou_dn_pre: 0.6296 (0.6347)
Test:  [ 0/13]  eta: 0:00:32    time: 2.5368  data: 2.1012  max mem: 8321
Test:  [10/13]  eta: 0:00:01    time: 0.5586  data: 0.2843  max mem: 8321
Test:  [12/13]  eta: 0:00:00    time: 0.5138  data: 0.2542  max mem: 8321
Test: Total time: 0:00:06 (0.5194 s / it)
Averaged stats: 
Accumulating evaluation results...
COCOeval_opt.accumulate() finished...
DONE (t=0.31s).
IoU metric: bbox
 Average Precision  (AP) @[ IoU=0.50:0.95 | area=   all | maxDets=100 ] = 0.258
 Average Precision  (AP) @[ IoU=0.50      | area=   all | maxDets=100 ] = 0.547
 Average Precision  (AP) @[ IoU=0.75      | area=   all | maxDets=100 ] = 0.199
 Average Precision  (AP) @[ IoU=0.50:0.95 | area= small | maxDets=100 ] = 0.110
 Average Precision  (AP) @[ IoU=0.50:0.95 | area=medium | maxDets=100 ] = 0.215
 Average Precision  (AP) @[ IoU=0.50:0.95 | area= large | maxDets=100 ] = 0.308
 Average Recall     (AR) @[ IoU=0.50:0.95 | area=   all | maxDets=  1 ] = 0.241
 Average Recall     (AR) @[ IoU=0.50:0.95 | area=   all | maxDets= 10 ] = 0.468
 Average Recall     (AR) @[ IoU=0.50:0.95 | area=   all | maxDets=100 ] = 0.540
 Average Recall     (AR) @[ IoU=0.50:0.95 | area= small | maxDets=100 ] = 0.283
 Average Recall     (AR) @[ IoU=0.50:0.95 | area=medium | maxDets=100 ] = 0.511
 Average Recall     (AR) @[ IoU=0.50:0.95 | area= large | maxDets=100 ] = 0.630
 Average Recall     (AR) @[ IoU=0.50      | area=   all | maxDets=100 ] = 0.948
 Average Recall     (AR) @[ IoU=0.75      | area=   all | maxDets=100 ] = 0.524
best_stat: {'epoch': 87, 'coco_eval_bbox': 0.2583810908964186}
Epoch: [88]  [  0/197]  eta: 0:09:17  lr: 0.000400  loss: 22.8413 (22.8413)  loss_mal: 0.9814 (0.9814)  loss_bbox: 0.2694 (0.2694)  loss_giou: 0.6109 (0.6109)  loss_fgl: 1.1339 (1.1339)  loss_mal_aux_0: 0.9854 (0.9854)  loss_bbox_aux_0: 0.2759 (0.2759)  loss_giou_aux_0: 0.6245 (0.6245)  loss_fgl_aux_0: 1.1500 (1.1500)  loss_ddf_aux_0: 0.0188 (0.0188)  loss_mal_aux_1: 1.0078 (1.0078)  loss_bbox_aux_1: 0.2666 (0.2666)  loss_giou_aux_1: 0.6077 (0.6077)  loss_fgl_aux_1: 1.1344 (1.1344)  loss_ddf_aux_1: 0.0013 (0.0013)  loss_mal_pre: 0.9873 (0.9873)  loss_bbox_pre: 0.2796 (0.2796)  loss_giou_pre: 0.6231 (0.6231)  loss_mal_enc_0: 0.9932 (0.9932)  loss_bbox_enc_0: 0.3115 (0.3115)  loss_giou_enc_0: 0.6908 (0.6908)  loss_mal_dn_0: 0.7417 (0.7417)  loss_bbox_dn_0: 0.3391 (0.3391)  loss_giou_dn_0: 0.6502 (0.6502)  loss_fgl_dn_0: 1.1616 (1.1616)  loss_ddf_dn_0: 0.0866 (0.0866)  loss_mal_dn_1: 0.6758 (0.6758)  loss_bbox_dn_1: 0.2610 (0.2610)  loss_giou_dn_1: 0.5292 (0.5292)  loss_fgl_dn_1: 1.1330 (1.1330)  loss_ddf_dn_1: 0.0055 (0.0055)  loss_mal_dn_2: 0.6631 (0.6631)  loss_bbox_dn_2: 0.2537 (0.2537)  loss_giou_dn_2: 0.5178 (0.5178)  loss_fgl_dn_2: 1.1343 (1.1343)  loss_mal_dn_pre: 0.7407 (0.7407)  loss_bbox_dn_pre: 0.3462 (0.3462)  loss_giou_dn_pre: 0.6485 (0.6485)  time: 2.8320  data: 2.3180  max mem: 8321
Epoch: [88]  [196/197]  eta: 0:00:00  lr: 0.000400  loss: 23.4909 (23.3995)  loss_mal: 1.0605 (1.0808)  loss_bbox: 0.2549 (0.2750)  loss_giou: 0.5835 (0.6078)  loss_fgl: 1.1104 (1.1206)  loss_mal_aux_0: 1.1465 (1.1386)  loss_bbox_aux_0: 0.2613 (0.2829)  loss_giou_aux_0: 0.6011 (0.6257)  loss_fgl_aux_0: 1.1298 (1.1335)  loss_ddf_aux_0: 0.0193 (0.0181)  loss_mal_aux_1: 1.0957 (1.0993)  loss_bbox_aux_1: 0.2568 (0.2759)  loss_giou_aux_1: 0.5882 (0.6096)  loss_fgl_aux_1: 1.1116 (1.1209)  loss_ddf_aux_1: 0.0013 (0.0013)  loss_mal_pre: 1.1543 (1.1392)  loss_bbox_pre: 0.2636 (0.2829)  loss_giou_pre: 0.6025 (0.6247)  loss_mal_enc_0: 1.1670 (1.1460)  loss_bbox_enc_0: 0.3068 (0.3136)  loss_giou_enc_0: 0.6549 (0.6769)  loss_mal_dn_0: 0.7446 (0.7456)  loss_bbox_dn_0: 0.3168 (0.3297)  loss_giou_dn_0: 0.6081 (0.6308)  loss_fgl_dn_0: 1.1699 (1.1592)  loss_ddf_dn_0: 0.0965 (0.0957)  loss_mal_dn_1: 0.6772 (0.6802)  loss_bbox_dn_1: 0.2509 (0.2620)  loss_giou_dn_1: 0.5114 (0.5196)  loss_fgl_dn_1: 1.1278 (1.1260)  loss_ddf_dn_1: 0.0058 (0.0064)  loss_mal_dn_2: 0.6689 (0.6700)  loss_bbox_dn_2: 0.2452 (0.2561)  loss_giou_dn_2: 0.5078 (0.5108)  loss_fgl_dn_2: 1.1274 (1.1246)  loss_mal_dn_pre: 0.7456 (0.7455)  loss_bbox_dn_pre: 0.3130 (0.3333)  loss_giou_dn_pre: 0.6110 (0.6308)  time: 0.4047  data: 0.0431  max mem: 8321
Epoch: [88] Total time: 0:01:30 (0.4598 s / it)
Averaged stats: lr: 0.000400  loss: 23.4909 (23.3995)  loss_mal: 1.0605 (1.0808)  loss_bbox: 0.2549 (0.2750)  loss_giou: 0.5835 (0.6078)  loss_fgl: 1.1104 (1.1206)  loss_mal_aux_0: 1.1465 (1.1386)  loss_bbox_aux_0: 0.2613 (0.2829)  loss_giou_aux_0: 0.6011 (0.6257)  loss_fgl_aux_0: 1.1298 (1.1335)  loss_ddf_aux_0: 0.0193 (0.0181)  loss_mal_aux_1: 1.0957 (1.0993)  loss_bbox_aux_1: 0.2568 (0.2759)  loss_giou_aux_1: 0.5882 (0.6096)  loss_fgl_aux_1: 1.1116 (1.1209)  loss_ddf_aux_1: 0.0013 (0.0013)  loss_mal_pre: 1.1543 (1.1392)  loss_bbox_pre: 0.2636 (0.2829)  loss_giou_pre: 0.6025 (0.6247)  loss_mal_enc_0: 1.1670 (1.1460)  loss_bbox_enc_0: 0.3068 (0.3136)  loss_giou_enc_0: 0.6549 (0.6769)  loss_mal_dn_0: 0.7446 (0.7456)  loss_bbox_dn_0: 0.3168 (0.3297)  loss_giou_dn_0: 0.6081 (0.6308)  loss_fgl_dn_0: 1.1699 (1.1592)  loss_ddf_dn_0: 0.0965 (0.0957)  loss_mal_dn_1: 0.6772 (0.6802)  loss_bbox_dn_1: 0.2509 (0.2620)  loss_giou_dn_1: 0.5114 (0.5196)  loss_fgl_dn_1: 1.1278 (1.1260)  loss_ddf_dn_1: 0.0058 (0.0064)  loss_mal_dn_2: 0.6689 (0.6700)  loss_bbox_dn_2: 0.2452 (0.2561)  loss_giou_dn_2: 0.5078 (0.5108)  loss_fgl_dn_2: 1.1274 (1.1246)  loss_mal_dn_pre: 0.7456 (0.7455)  loss_bbox_dn_pre: 0.3130 (0.3333)  loss_giou_dn_pre: 0.6110 (0.6308)
Test:  [ 0/13]  eta: 0:00:37    time: 2.8977  data: 2.5181  max mem: 8321
Test:  [10/13]  eta: 0:00:01    time: 0.5926  data: 0.3270  max mem: 8321
Test:  [12/13]  eta: 0:00:00    time: 0.5291  data: 0.2830  max mem: 8321
Test: Total time: 0:00:06 (0.5363 s / it)
Averaged stats: 
Accumulating evaluation results...
COCOeval_opt.accumulate() finished...
DONE (t=0.32s).
IoU metric: bbox
 Average Precision  (AP) @[ IoU=0.50:0.95 | area=   all | maxDets=100 ] = 0.260
 Average Precision  (AP) @[ IoU=0.50      | area=   all | maxDets=100 ] = 0.549
 Average Precision  (AP) @[ IoU=0.75      | area=   all | maxDets=100 ] = 0.201
 Average Precision  (AP) @[ IoU=0.50:0.95 | area= small | maxDets=100 ] = 0.110
 Average Precision  (AP) @[ IoU=0.50:0.95 | area=medium | maxDets=100 ] = 0.217
 Average Precision  (AP) @[ IoU=0.50:0.95 | area= large | maxDets=100 ] = 0.310
 Average Recall     (AR) @[ IoU=0.50:0.95 | area=   all | maxDets=  1 ] = 0.241
 Average Recall     (AR) @[ IoU=0.50:0.95 | area=   all | maxDets= 10 ] = 0.468
 Average Recall     (AR) @[ IoU=0.50:0.95 | area=   all | maxDets=100 ] = 0.540
 Average Recall     (AR) @[ IoU=0.50:0.95 | area= small | maxDets=100 ] = 0.284
 Average Recall     (AR) @[ IoU=0.50:0.95 | area=medium | maxDets=100 ] = 0.512
 Average Recall     (AR) @[ IoU=0.50:0.95 | area= large | maxDets=100 ] = 0.627
 Average Recall     (AR) @[ IoU=0.50      | area=   all | maxDets=100 ] = 0.948
 Average Recall     (AR) @[ IoU=0.75      | area=   all | maxDets=100 ] = 0.526
best_stat: {'epoch': 88, 'coco_eval_bbox': 0.26019589703745205}
Epoch: [89]  [  0/197]  eta: 0:10:30  lr: 0.000400  loss: 23.2500 (23.2500)  loss_mal: 1.0312 (1.0312)  loss_bbox: 0.3170 (0.3170)  loss_giou: 0.5274 (0.5274)  loss_fgl: 1.1350 (1.1350)  loss_mal_aux_0: 1.1426 (1.1426)  loss_bbox_aux_0: 0.3235 (0.3235)  loss_giou_aux_0: 0.5414 (0.5414)  loss_fgl_aux_0: 1.1475 (1.1475)  loss_ddf_aux_0: 0.0253 (0.0253)  loss_mal_aux_1: 1.0879 (1.0879)  loss_bbox_aux_1: 0.3179 (0.3179)  loss_giou_aux_1: 0.5293 (0.5293)  loss_fgl_aux_1: 1.1331 (1.1331)  loss_ddf_aux_1: 0.0015 (0.0015)  loss_mal_pre: 1.1230 (1.1230)  loss_bbox_pre: 0.3265 (0.3265)  loss_giou_pre: 0.5407 (0.5407)  loss_mal_enc_0: 1.1035 (1.1035)  loss_bbox_enc_0: 0.3561 (0.3561)  loss_giou_enc_0: 0.5804 (0.5804)  loss_mal_dn_0: 0.7334 (0.7334)  loss_bbox_dn_0: 0.3977 (0.3977)  loss_giou_dn_0: 0.6023 (0.6023)  loss_fgl_dn_0: 1.1697 (1.1697)  loss_ddf_dn_0: 0.1126 (0.1126)  loss_mal_dn_1: 0.6719 (0.6719)  loss_bbox_dn_1: 0.3041 (0.3041)  loss_giou_dn_1: 0.4953 (0.4953)  loss_fgl_dn_1: 1.1392 (1.1392)  loss_ddf_dn_1: 0.0074 (0.0074)  loss_mal_dn_2: 0.6655 (0.6655)  loss_bbox_dn_2: 0.3012 (0.3012)  loss_giou_dn_2: 0.4875 (0.4875)  loss_fgl_dn_2: 1.1381 (1.1381)  loss_mal_dn_pre: 0.7334 (0.7334)  loss_bbox_dn_pre: 0.3987 (0.3987)  loss_giou_dn_pre: 0.6014 (0.6014)  time: 3.1996  data: 2.6627  max mem: 8321
Epoch: [89]  [196/197]  eta: 0:00:00  lr: 0.000400  loss: 23.4000 (23.3375)  loss_mal: 1.0664 (1.0543)  loss_bbox: 0.2775 (0.2763)  loss_giou: 0.6249 (0.6080)  loss_fgl: 1.1080 (1.1177)  loss_mal_aux_0: 1.1436 (1.1324)  loss_bbox_aux_0: 0.2866 (0.2834)  loss_giou_aux_0: 0.6487 (0.6246)  loss_fgl_aux_0: 1.1257 (1.1318)  loss_ddf_aux_0: 0.0164 (0.0175)  loss_mal_aux_1: 1.0840 (1.0799)  loss_bbox_aux_1: 0.2791 (0.2770)  loss_giou_aux_1: 0.6302 (0.6101)  loss_fgl_aux_1: 1.1065 (1.1176)  loss_ddf_aux_1: 0.0014 (0.0013)  loss_mal_pre: 1.1494 (1.1334)  loss_bbox_pre: 0.2882 (0.2833)  loss_giou_pre: 0.6471 (0.6235)  loss_mal_enc_0: 1.1494 (1.1567)  loss_bbox_enc_0: 0.3315 (0.3156)  loss_giou_enc_0: 0.6845 (0.6757)  loss_mal_dn_0: 0.7446 (0.7455)  loss_bbox_dn_0: 0.3210 (0.3290)  loss_giou_dn_0: 0.6280 (0.6308)  loss_fgl_dn_0: 1.1543 (1.1589)  loss_ddf_dn_0: 0.0958 (0.0962)  loss_mal_dn_1: 0.6812 (0.6790)  loss_bbox_dn_1: 0.2501 (0.2604)  loss_giou_dn_1: 0.5197 (0.5199)  loss_fgl_dn_1: 1.1208 (1.1248)  loss_ddf_dn_1: 0.0067 (0.0062)  loss_mal_dn_2: 0.6724 (0.6688)  loss_bbox_dn_2: 0.2449 (0.2543)  loss_giou_dn_2: 0.5112 (0.5111)  loss_fgl_dn_2: 1.1188 (1.1233)  loss_mal_dn_pre: 0.7441 (0.7453)  loss_bbox_dn_pre: 0.3325 (0.3326)  loss_giou_dn_pre: 0.6281 (0.6309)  time: 0.4351  data: 0.0427  max mem: 8321
Epoch: [89] Total time: 0:01:33 (0.4738 s / it)
Averaged stats: lr: 0.000400  loss: 23.4000 (23.3375)  loss_mal: 1.0664 (1.0543)  loss_bbox: 0.2775 (0.2763)  loss_giou: 0.6249 (0.6080)  loss_fgl: 1.1080 (1.1177)  loss_mal_aux_0: 1.1436 (1.1324)  loss_bbox_aux_0: 0.2866 (0.2834)  loss_giou_aux_0: 0.6487 (0.6246)  loss_fgl_aux_0: 1.1257 (1.1318)  loss_ddf_aux_0: 0.0164 (0.0175)  loss_mal_aux_1: 1.0840 (1.0799)  loss_bbox_aux_1: 0.2791 (0.2770)  loss_giou_aux_1: 0.6302 (0.6101)  loss_fgl_aux_1: 1.1065 (1.1176)  loss_ddf_aux_1: 0.0014 (0.0013)  loss_mal_pre: 1.1494 (1.1334)  loss_bbox_pre: 0.2882 (0.2833)  loss_giou_pre: 0.6471 (0.6235)  loss_mal_enc_0: 1.1494 (1.1567)  loss_bbox_enc_0: 0.3315 (0.3156)  loss_giou_enc_0: 0.6845 (0.6757)  loss_mal_dn_0: 0.7446 (0.7455)  loss_bbox_dn_0: 0.3210 (0.3290)  loss_giou_dn_0: 0.6280 (0.6308)  loss_fgl_dn_0: 1.1543 (1.1589)  loss_ddf_dn_0: 0.0958 (0.0962)  loss_mal_dn_1: 0.6812 (0.6790)  loss_bbox_dn_1: 0.2501 (0.2604)  loss_giou_dn_1: 0.5197 (0.5199)  loss_fgl_dn_1: 1.1208 (1.1248)  loss_ddf_dn_1: 0.0067 (0.0062)  loss_mal_dn_2: 0.6724 (0.6688)  loss_bbox_dn_2: 0.2449 (0.2543)  loss_giou_dn_2: 0.5112 (0.5111)  loss_fgl_dn_2: 1.1188 (1.1233)  loss_mal_dn_pre: 0.7441 (0.7453)  loss_bbox_dn_pre: 0.3325 (0.3326)  loss_giou_dn_pre: 0.6281 (0.6309)
Test:  [ 0/13]  eta: 0:00:42    time: 3.2435  data: 3.0261  max mem: 8321
Test:  [10/13]  eta: 0:00:01    time: 0.6300  data: 0.3634  max mem: 8321
Test:  [12/13]  eta: 0:00:00    time: 0.5687  data: 0.3139  max mem: 8321
Test: Total time: 0:00:07 (0.5759 s / it)
Averaged stats: 
Accumulating evaluation results...
COCOeval_opt.accumulate() finished...
DONE (t=0.31s).
IoU metric: bbox
 Average Precision  (AP) @[ IoU=0.50:0.95 | area=   all | maxDets=100 ] = 0.260
 Average Precision  (AP) @[ IoU=0.50      | area=   all | maxDets=100 ] = 0.549
 Average Precision  (AP) @[ IoU=0.75      | area=   all | maxDets=100 ] = 0.201
 Average Precision  (AP) @[ IoU=0.50:0.95 | area= small | maxDets=100 ] = 0.111
 Average Precision  (AP) @[ IoU=0.50:0.95 | area=medium | maxDets=100 ] = 0.217
 Average Precision  (AP) @[ IoU=0.50:0.95 | area= large | maxDets=100 ] = 0.311
 Average Recall     (AR) @[ IoU=0.50:0.95 | area=   all | maxDets=  1 ] = 0.241
 Average Recall     (AR) @[ IoU=0.50:0.95 | area=   all | maxDets= 10 ] = 0.470
 Average Recall     (AR) @[ IoU=0.50:0.95 | area=   all | maxDets=100 ] = 0.541
 Average Recall     (AR) @[ IoU=0.50:0.95 | area= small | maxDets=100 ] = 0.285
 Average Recall     (AR) @[ IoU=0.50:0.95 | area=medium | maxDets=100 ] = 0.512
 Average Recall     (AR) @[ IoU=0.50:0.95 | area= large | maxDets=100 ] = 0.627
 Average Recall     (AR) @[ IoU=0.50      | area=   all | maxDets=100 ] = 0.948
 Average Recall     (AR) @[ IoU=0.75      | area=   all | maxDets=100 ] = 0.526
best_stat: {'epoch': 89, 'coco_eval_bbox': 0.26047785044362165}
Epoch: [90]  [  0/197]  eta: 0:10:14  lr: 0.000400  loss: 23.6177 (23.6177)  loss_mal: 1.0889 (1.0889)  loss_bbox: 0.2586 (0.2586)  loss_giou: 0.6654 (0.6654)  loss_fgl: 1.1082 (1.1082)  loss_mal_aux_0: 1.1426 (1.1426)  loss_bbox_aux_0: 0.2810 (0.2810)  loss_giou_aux_0: 0.6884 (0.6884)  loss_fgl_aux_0: 1.1172 (1.1172)  loss_ddf_aux_0: 0.0189 (0.0189)  loss_mal_aux_1: 1.1123 (1.1123)  loss_bbox_aux_1: 0.2603 (0.2603)  loss_giou_aux_1: 0.6662 (0.6662)  loss_fgl_aux_1: 1.1084 (1.1084)  loss_ddf_aux_1: 0.0017 (0.0017)  loss_mal_pre: 1.1406 (1.1406)  loss_bbox_pre: 0.2789 (0.2789)  loss_giou_pre: 0.6857 (0.6857)  loss_mal_enc_0: 1.1064 (1.1064)  loss_bbox_enc_0: 0.3141 (0.3141)  loss_giou_enc_0: 0.7241 (0.7241)  loss_mal_dn_0: 0.7358 (0.7358)  loss_bbox_dn_0: 0.3088 (0.3088)  loss_giou_dn_0: 0.6605 (0.6605)  loss_fgl_dn_0: 1.1426 (1.1426)  loss_ddf_dn_0: 0.1019 (0.1019)  loss_mal_dn_1: 0.6826 (0.6826)  loss_bbox_dn_1: 0.2494 (0.2494)  loss_giou_dn_1: 0.5550 (0.5550)  loss_fgl_dn_1: 1.1251 (1.1251)  loss_ddf_dn_1: 0.0074 (0.0074)  loss_mal_dn_2: 0.6665 (0.6665)  loss_bbox_dn_2: 0.2380 (0.2380)  loss_giou_dn_2: 0.5403 (0.5403)  loss_fgl_dn_2: 1.1250 (1.1250)  loss_mal_dn_pre: 0.7363 (0.7363)  loss_bbox_dn_pre: 0.3119 (0.3119)  loss_giou_dn_pre: 0.6625 (0.6625)  time: 3.1218  data: 2.5603  max mem: 8321
Epoch: [90]  [196/197]  eta: 0:00:00  lr: 0.000400  loss: 23.6240 (23.2785)  loss_mal: 1.0889 (1.0637)  loss_bbox: 0.2791 (0.2716)  loss_giou: 0.6175 (0.6012)  loss_fgl: 1.1273 (1.1246)  loss_mal_aux_0: 1.1719 (1.1240)  loss_bbox_aux_0: 0.2879 (0.2812)  loss_giou_aux_0: 0.6371 (0.6196)  loss_fgl_aux_0: 1.1334 (1.1377)  loss_ddf_aux_0: 0.0174 (0.0168)  loss_mal_aux_1: 1.1123 (1.0829)  loss_bbox_aux_1: 0.2790 (0.2728)  loss_giou_aux_1: 0.6193 (0.6038)  loss_fgl_aux_1: 1.1271 (1.1246)  loss_ddf_aux_1: 0.0014 (0.0014)  loss_mal_pre: 1.1631 (1.1233)  loss_bbox_pre: 0.2874 (0.2809)  loss_giou_pre: 0.6384 (0.6184)  loss_mal_enc_0: 1.1611 (1.1430)  loss_bbox_enc_0: 0.3271 (0.3140)  loss_giou_enc_0: 0.6810 (0.6716)  loss_mal_dn_0: 0.7485 (0.7446)  loss_bbox_dn_0: 0.3344 (0.3272)  loss_giou_dn_0: 0.6578 (0.6299)  loss_fgl_dn_0: 1.1497 (1.1612)  loss_ddf_dn_0: 0.1005 (0.0963)  loss_mal_dn_1: 0.6777 (0.6774)  loss_bbox_dn_1: 0.2574 (0.2573)  loss_giou_dn_1: 0.5325 (0.5169)  loss_fgl_dn_1: 1.1231 (1.1269)  loss_ddf_dn_1: 0.0066 (0.0062)  loss_mal_dn_2: 0.6685 (0.6671)  loss_bbox_dn_2: 0.2513 (0.2515)  loss_giou_dn_2: 0.5222 (0.5081)  loss_fgl_dn_2: 1.1221 (1.1255)  loss_mal_dn_pre: 0.7500 (0.7445)  loss_bbox_dn_pre: 0.3368 (0.3306)  loss_giou_dn_pre: 0.6572 (0.6300)  time: 0.4195  data: 0.0443  max mem: 8321
Epoch: [90] Total time: 0:01:31 (0.4638 s / it)
Averaged stats: lr: 0.000400  loss: 23.6240 (23.2785)  loss_mal: 1.0889 (1.0637)  loss_bbox: 0.2791 (0.2716)  loss_giou: 0.6175 (0.6012)  loss_fgl: 1.1273 (1.1246)  loss_mal_aux_0: 1.1719 (1.1240)  loss_bbox_aux_0: 0.2879 (0.2812)  loss_giou_aux_0: 0.6371 (0.6196)  loss_fgl_aux_0: 1.1334 (1.1377)  loss_ddf_aux_0: 0.0174 (0.0168)  loss_mal_aux_1: 1.1123 (1.0829)  loss_bbox_aux_1: 0.2790 (0.2728)  loss_giou_aux_1: 0.6193 (0.6038)  loss_fgl_aux_1: 1.1271 (1.1246)  loss_ddf_aux_1: 0.0014 (0.0014)  loss_mal_pre: 1.1631 (1.1233)  loss_bbox_pre: 0.2874 (0.2809)  loss_giou_pre: 0.6384 (0.6184)  loss_mal_enc_0: 1.1611 (1.1430)  loss_bbox_enc_0: 0.3271 (0.3140)  loss_giou_enc_0: 0.6810 (0.6716)  loss_mal_dn_0: 0.7485 (0.7446)  loss_bbox_dn_0: 0.3344 (0.3272)  loss_giou_dn_0: 0.6578 (0.6299)  loss_fgl_dn_0: 1.1497 (1.1612)  loss_ddf_dn_0: 0.1005 (0.0963)  loss_mal_dn_1: 0.6777 (0.6774)  loss_bbox_dn_1: 0.2574 (0.2573)  loss_giou_dn_1: 0.5325 (0.5169)  loss_fgl_dn_1: 1.1231 (1.1269)  loss_ddf_dn_1: 0.0066 (0.0062)  loss_mal_dn_2: 0.6685 (0.6671)  loss_bbox_dn_2: 0.2513 (0.2515)  loss_giou_dn_2: 0.5222 (0.5081)  loss_fgl_dn_2: 1.1221 (1.1255)  loss_mal_dn_pre: 0.7500 (0.7445)  loss_bbox_dn_pre: 0.3368 (0.3306)  loss_giou_dn_pre: 0.6572 (0.6300)
Test:  [ 0/13]  eta: 0:00:37    time: 2.8607  data: 2.4936  max mem: 8321
Test:  [10/13]  eta: 0:00:01    time: 0.5692  data: 0.3043  max mem: 8321
Test:  [12/13]  eta: 0:00:00    time: 0.5231  data: 0.2711  max mem: 8321
Test: Total time: 0:00:06 (0.5302 s / it)
Averaged stats: 
Accumulating evaluation results...
COCOeval_opt.accumulate() finished...
DONE (t=0.29s).
IoU metric: bbox
 Average Precision  (AP) @[ IoU=0.50:0.95 | area=   all | maxDets=100 ] = 0.261
 Average Precision  (AP) @[ IoU=0.50      | area=   all | maxDets=100 ] = 0.550
 Average Precision  (AP) @[ IoU=0.75      | area=   all | maxDets=100 ] = 0.204
 Average Precision  (AP) @[ IoU=0.50:0.95 | area= small | maxDets=100 ] = 0.110
 Average Precision  (AP) @[ IoU=0.50:0.95 | area=medium | maxDets=100 ] = 0.218
 Average Precision  (AP) @[ IoU=0.50:0.95 | area= large | maxDets=100 ] = 0.309
 Average Recall     (AR) @[ IoU=0.50:0.95 | area=   all | maxDets=  1 ] = 0.241
 Average Recall     (AR) @[ IoU=0.50:0.95 | area=   all | maxDets= 10 ] = 0.471
 Average Recall     (AR) @[ IoU=0.50:0.95 | area=   all | maxDets=100 ] = 0.542
 Average Recall     (AR) @[ IoU=0.50:0.95 | area= small | maxDets=100 ] = 0.286
 Average Recall     (AR) @[ IoU=0.50:0.95 | area=medium | maxDets=100 ] = 0.513
 Average Recall     (AR) @[ IoU=0.50:0.95 | area= large | maxDets=100 ] = 0.626
 Average Recall     (AR) @[ IoU=0.50      | area=   all | maxDets=100 ] = 0.948
 Average Recall     (AR) @[ IoU=0.75      | area=   all | maxDets=100 ] = 0.530
best_stat: {'epoch': 90, 'coco_eval_bbox': 0.2613906783823988}
Epoch: [91]  [  0/197]  eta: 0:09:36  lr: 0.000400  loss: 22.1874 (22.1874)  loss_mal: 1.0664 (1.0664)  loss_bbox: 0.2602 (0.2602)  loss_giou: 0.4856 (0.4856)  loss_fgl: 1.1594 (1.1594)  loss_mal_aux_0: 1.0605 (1.0605)  loss_bbox_aux_0: 0.2778 (0.2778)  loss_giou_aux_0: 0.5062 (0.5062)  loss_fgl_aux_0: 1.1749 (1.1749)  loss_ddf_aux_0: 0.0240 (0.0240)  loss_mal_aux_1: 1.0801 (1.0801)  loss_bbox_aux_1: 0.2598 (0.2598)  loss_giou_aux_1: 0.4852 (0.4852)  loss_fgl_aux_1: 1.1556 (1.1556)  loss_ddf_aux_1: 0.0016 (0.0016)  loss_mal_pre: 1.0645 (1.0645)  loss_bbox_pre: 0.2794 (0.2794)  loss_giou_pre: 0.5055 (0.5055)  loss_mal_enc_0: 1.1455 (1.1455)  loss_bbox_enc_0: 0.3080 (0.3080)  loss_giou_enc_0: 0.5497 (0.5497)  loss_mal_dn_0: 0.7295 (0.7295)  loss_bbox_dn_0: 0.3110 (0.3110)  loss_giou_dn_0: 0.5387 (0.5387)  loss_fgl_dn_0: 1.1796 (1.1796)  loss_ddf_dn_0: 0.0994 (0.0994)  loss_mal_dn_1: 0.6470 (0.6470)  loss_bbox_dn_1: 0.2465 (0.2465)  loss_giou_dn_1: 0.4346 (0.4346)  loss_fgl_dn_1: 1.1251 (1.1251)  loss_ddf_dn_1: 0.0064 (0.0064)  loss_mal_dn_2: 0.6338 (0.6338)  loss_bbox_dn_2: 0.2437 (0.2437)  loss_giou_dn_2: 0.4311 (0.4311)  loss_fgl_dn_2: 1.1273 (1.1273)  loss_mal_dn_pre: 0.7305 (0.7305)  loss_bbox_dn_pre: 0.3135 (0.3135)  loss_giou_dn_pre: 0.5400 (0.5400)  time: 2.9283  data: 2.3511  max mem: 8321
Epoch: [91]  [196/197]  eta: 0:00:00  lr: 0.000400  loss: 22.9920 (23.2851)  loss_mal: 1.0420 (1.0620)  loss_bbox: 0.2796 (0.2791)  loss_giou: 0.5864 (0.6010)  loss_fgl: 1.1083 (1.1232)  loss_mal_aux_0: 1.0996 (1.1116)  loss_bbox_aux_0: 0.2904 (0.2881)  loss_giou_aux_0: 0.6086 (0.6191)  loss_fgl_aux_0: 1.1305 (1.1374)  loss_ddf_aux_0: 0.0160 (0.0184)  loss_mal_aux_1: 1.0713 (1.0728)  loss_bbox_aux_1: 0.2816 (0.2800)  loss_giou_aux_1: 0.5879 (0.6027)  loss_fgl_aux_1: 1.1092 (1.1235)  loss_ddf_aux_1: 0.0013 (0.0014)  loss_mal_pre: 1.0957 (1.1137)  loss_bbox_pre: 0.2891 (0.2878)  loss_giou_pre: 0.6077 (0.6178)  loss_mal_enc_0: 1.1387 (1.1471)  loss_bbox_enc_0: 0.3169 (0.3209)  loss_giou_enc_0: 0.6577 (0.6698)  loss_mal_dn_0: 0.7402 (0.7448)  loss_bbox_dn_0: 0.3313 (0.3331)  loss_giou_dn_0: 0.6222 (0.6235)  loss_fgl_dn_0: 1.1530 (1.1614)  loss_ddf_dn_0: 0.0984 (0.0975)  loss_mal_dn_1: 0.6748 (0.6777)  loss_bbox_dn_1: 0.2524 (0.2638)  loss_giou_dn_1: 0.4982 (0.5125)  loss_fgl_dn_1: 1.1142 (1.1274)  loss_ddf_dn_1: 0.0065 (0.0066)  loss_mal_dn_2: 0.6650 (0.6674)  loss_bbox_dn_2: 0.2495 (0.2574)  loss_giou_dn_2: 0.4934 (0.5039)  loss_fgl_dn_2: 1.1109 (1.1258)  loss_mal_dn_pre: 0.7393 (0.7444)  loss_bbox_dn_pre: 0.3361 (0.3370)  loss_giou_dn_pre: 0.6236 (0.6236)  time: 0.4290  data: 0.0446  max mem: 8321
Epoch: [91] Total time: 0:01:35 (0.4848 s / it)
Averaged stats: lr: 0.000400  loss: 22.9920 (23.2851)  loss_mal: 1.0420 (1.0620)  loss_bbox: 0.2796 (0.2791)  loss_giou: 0.5864 (0.6010)  loss_fgl: 1.1083 (1.1232)  loss_mal_aux_0: 1.0996 (1.1116)  loss_bbox_aux_0: 0.2904 (0.2881)  loss_giou_aux_0: 0.6086 (0.6191)  loss_fgl_aux_0: 1.1305 (1.1374)  loss_ddf_aux_0: 0.0160 (0.0184)  loss_mal_aux_1: 1.0713 (1.0728)  loss_bbox_aux_1: 0.2816 (0.2800)  loss_giou_aux_1: 0.5879 (0.6027)  loss_fgl_aux_1: 1.1092 (1.1235)  loss_ddf_aux_1: 0.0013 (0.0014)  loss_mal_pre: 1.0957 (1.1137)  loss_bbox_pre: 0.2891 (0.2878)  loss_giou_pre: 0.6077 (0.6178)  loss_mal_enc_0: 1.1387 (1.1471)  loss_bbox_enc_0: 0.3169 (0.3209)  loss_giou_enc_0: 0.6577 (0.6698)  loss_mal_dn_0: 0.7402 (0.7448)  loss_bbox_dn_0: 0.3313 (0.3331)  loss_giou_dn_0: 0.6222 (0.6235)  loss_fgl_dn_0: 1.1530 (1.1614)  loss_ddf_dn_0: 0.0984 (0.0975)  loss_mal_dn_1: 0.6748 (0.6777)  loss_bbox_dn_1: 0.2524 (0.2638)  loss_giou_dn_1: 0.4982 (0.5125)  loss_fgl_dn_1: 1.1142 (1.1274)  loss_ddf_dn_1: 0.0065 (0.0066)  loss_mal_dn_2: 0.6650 (0.6674)  loss_bbox_dn_2: 0.2495 (0.2574)  loss_giou_dn_2: 0.4934 (0.5039)  loss_fgl_dn_2: 1.1109 (1.1258)  loss_mal_dn_pre: 0.7393 (0.7444)  loss_bbox_dn_pre: 0.3361 (0.3370)  loss_giou_dn_pre: 0.6236 (0.6236)
Test:  [ 0/13]  eta: 0:00:44    time: 3.4394  data: 3.2021  max mem: 8321
Test:  [10/13]  eta: 0:00:01    time: 0.6362  data: 0.3784  max mem: 8321
Test:  [12/13]  eta: 0:00:00    time: 0.5739  data: 0.3271  max mem: 8321
Test: Total time: 0:00:07 (0.5813 s / it)
Averaged stats: 
Accumulating evaluation results...
COCOeval_opt.accumulate() finished...
DONE (t=0.34s).
IoU metric: bbox
 Average Precision  (AP) @[ IoU=0.50:0.95 | area=   all | maxDets=100 ] = 0.262
 Average Precision  (AP) @[ IoU=0.50      | area=   all | maxDets=100 ] = 0.552
 Average Precision  (AP) @[ IoU=0.75      | area=   all | maxDets=100 ] = 0.204
 Average Precision  (AP) @[ IoU=0.50:0.95 | area= small | maxDets=100 ] = 0.111
 Average Precision  (AP) @[ IoU=0.50:0.95 | area=medium | maxDets=100 ] = 0.219
 Average Precision  (AP) @[ IoU=0.50:0.95 | area= large | maxDets=100 ] = 0.312
 Average Recall     (AR) @[ IoU=0.50:0.95 | area=   all | maxDets=  1 ] = 0.242
 Average Recall     (AR) @[ IoU=0.50:0.95 | area=   all | maxDets= 10 ] = 0.471
 Average Recall     (AR) @[ IoU=0.50:0.95 | area=   all | maxDets=100 ] = 0.542
 Average Recall     (AR) @[ IoU=0.50:0.95 | area= small | maxDets=100 ] = 0.287
 Average Recall     (AR) @[ IoU=0.50:0.95 | area=medium | maxDets=100 ] = 0.513
 Average Recall     (AR) @[ IoU=0.50:0.95 | area= large | maxDets=100 ] = 0.628
 Average Recall     (AR) @[ IoU=0.50      | area=   all | maxDets=100 ] = 0.949
 Average Recall     (AR) @[ IoU=0.75      | area=   all | maxDets=100 ] = 0.530
best_stat: {'epoch': 91, 'coco_eval_bbox': 0.2624264362920567}
Epoch: [92]  [  0/197]  eta: 0:09:30  lr: 0.000400  loss: 23.4445 (23.4445)  loss_mal: 1.0781 (1.0781)  loss_bbox: 0.2909 (0.2909)  loss_giou: 0.6828 (0.6828)  loss_fgl: 1.0936 (1.0936)  loss_mal_aux_0: 1.0781 (1.0781)  loss_bbox_aux_0: 0.2905 (0.2905)  loss_giou_aux_0: 0.6723 (0.6723)  loss_fgl_aux_0: 1.0973 (1.0973)  loss_ddf_aux_0: 0.0216 (0.0216)  loss_mal_aux_1: 1.0752 (1.0752)  loss_bbox_aux_1: 0.2915 (0.2915)  loss_giou_aux_1: 0.6755 (0.6755)  loss_fgl_aux_1: 1.0940 (1.0940)  loss_ddf_aux_1: 0.0019 (0.0019)  loss_mal_pre: 1.0869 (1.0869)  loss_bbox_pre: 0.2878 (0.2878)  loss_giou_pre: 0.6739 (0.6739)  loss_mal_enc_0: 1.1807 (1.1807)  loss_bbox_enc_0: 0.3128 (0.3128)  loss_giou_enc_0: 0.7203 (0.7203)  loss_mal_dn_0: 0.7422 (0.7422)  loss_bbox_dn_0: 0.3051 (0.3051)  loss_giou_dn_0: 0.6509 (0.6509)  loss_fgl_dn_0: 1.1214 (1.1214)  loss_ddf_dn_0: 0.0988 (0.0988)  loss_mal_dn_1: 0.6821 (0.6821)  loss_bbox_dn_1: 0.2417 (0.2417)  loss_giou_dn_1: 0.5444 (0.5444)  loss_fgl_dn_1: 1.0986 (1.0986)  loss_ddf_dn_1: 0.0059 (0.0059)  loss_mal_dn_2: 0.6704 (0.6704)  loss_bbox_dn_2: 0.2374 (0.2374)  loss_giou_dn_2: 0.5433 (0.5433)  loss_fgl_dn_2: 1.0959 (1.0959)  loss_mal_dn_pre: 0.7407 (0.7407)  loss_bbox_dn_pre: 0.3077 (0.3077)  loss_giou_dn_pre: 0.6525 (0.6525)  time: 2.8966  data: 2.3944  max mem: 8321
Epoch: [92]  [196/197]  eta: 0:00:00  lr: 0.000400  loss: 23.2122 (23.2300)  loss_mal: 1.0508 (1.0477)  loss_bbox: 0.2638 (0.2756)  loss_giou: 0.6270 (0.6047)  loss_fgl: 1.1225 (1.1203)  loss_mal_aux_0: 1.1094 (1.1098)  loss_bbox_aux_0: 0.2629 (0.2840)  loss_giou_aux_0: 0.6441 (0.6216)  loss_fgl_aux_0: 1.1312 (1.1350)  loss_ddf_aux_0: 0.0194 (0.0185)  loss_mal_aux_1: 1.0586 (1.0727)  loss_bbox_aux_1: 0.2648 (0.2768)  loss_giou_aux_1: 0.6327 (0.6065)  loss_fgl_aux_1: 1.1215 (1.1207)  loss_ddf_aux_1: 0.0014 (0.0015)  loss_mal_pre: 1.0947 (1.1101)  loss_bbox_pre: 0.2649 (0.2838)  loss_giou_pre: 0.6420 (0.6206)  loss_mal_enc_0: 1.1328 (1.1389)  loss_bbox_enc_0: 0.3031 (0.3183)  loss_giou_enc_0: 0.7067 (0.6738)  loss_mal_dn_0: 0.7417 (0.7437)  loss_bbox_dn_0: 0.3131 (0.3251)  loss_giou_dn_0: 0.6397 (0.6271)  loss_fgl_dn_0: 1.1607 (1.1609)  loss_ddf_dn_0: 0.0932 (0.0956)  loss_mal_dn_1: 0.6812 (0.6772)  loss_bbox_dn_1: 0.2464 (0.2590)  loss_giou_dn_1: 0.5247 (0.5172)  loss_fgl_dn_1: 1.1316 (1.1257)  loss_ddf_dn_1: 0.0060 (0.0061)  loss_mal_dn_2: 0.6699 (0.6666)  loss_bbox_dn_2: 0.2400 (0.2534)  loss_giou_dn_2: 0.5134 (0.5086)  loss_fgl_dn_2: 1.1299 (1.1241)  loss_mal_dn_pre: 0.7407 (0.7435)  loss_bbox_dn_pre: 0.3168 (0.3283)  loss_giou_dn_pre: 0.6398 (0.6269)  time: 0.4135  data: 0.0414  max mem: 8321
Epoch: [92] Total time: 0:01:29 (0.4548 s / it)
Averaged stats: lr: 0.000400  loss: 23.2122 (23.2300)  loss_mal: 1.0508 (1.0477)  loss_bbox: 0.2638 (0.2756)  loss_giou: 0.6270 (0.6047)  loss_fgl: 1.1225 (1.1203)  loss_mal_aux_0: 1.1094 (1.1098)  loss_bbox_aux_0: 0.2629 (0.2840)  loss_giou_aux_0: 0.6441 (0.6216)  loss_fgl_aux_0: 1.1312 (1.1350)  loss_ddf_aux_0: 0.0194 (0.0185)  loss_mal_aux_1: 1.0586 (1.0727)  loss_bbox_aux_1: 0.2648 (0.2768)  loss_giou_aux_1: 0.6327 (0.6065)  loss_fgl_aux_1: 1.1215 (1.1207)  loss_ddf_aux_1: 0.0014 (0.0015)  loss_mal_pre: 1.0947 (1.1101)  loss_bbox_pre: 0.2649 (0.2838)  loss_giou_pre: 0.6420 (0.6206)  loss_mal_enc_0: 1.1328 (1.1389)  loss_bbox_enc_0: 0.3031 (0.3183)  loss_giou_enc_0: 0.7067 (0.6738)  loss_mal_dn_0: 0.7417 (0.7437)  loss_bbox_dn_0: 0.3131 (0.3251)  loss_giou_dn_0: 0.6397 (0.6271)  loss_fgl_dn_0: 1.1607 (1.1609)  loss_ddf_dn_0: 0.0932 (0.0956)  loss_mal_dn_1: 0.6812 (0.6772)  loss_bbox_dn_1: 0.2464 (0.2590)  loss_giou_dn_1: 0.5247 (0.5172)  loss_fgl_dn_1: 1.1316 (1.1257)  loss_ddf_dn_1: 0.0060 (0.0061)  loss_mal_dn_2: 0.6699 (0.6666)  loss_bbox_dn_2: 0.2400 (0.2534)  loss_giou_dn_2: 0.5134 (0.5086)  loss_fgl_dn_2: 1.1299 (1.1241)  loss_mal_dn_pre: 0.7407 (0.7435)  loss_bbox_dn_pre: 0.3168 (0.3283)  loss_giou_dn_pre: 0.6398 (0.6269)
Test:  [ 0/13]  eta: 0:00:42    time: 3.2778  data: 2.9166  max mem: 8321
Test:  [10/13]  eta: 0:00:01    time: 0.6125  data: 0.3463  max mem: 8321
Test:  [12/13]  eta: 0:00:00    time: 0.5529  data: 0.2994  max mem: 8321
Test: Total time: 0:00:07 (0.5601 s / it)
Averaged stats: 
Accumulating evaluation results...
COCOeval_opt.accumulate() finished...
DONE (t=0.29s).
IoU metric: bbox
 Average Precision  (AP) @[ IoU=0.50:0.95 | area=   all | maxDets=100 ] = 0.262
 Average Precision  (AP) @[ IoU=0.50      | area=   all | maxDets=100 ] = 0.553
 Average Precision  (AP) @[ IoU=0.75      | area=   all | maxDets=100 ] = 0.204
 Average Precision  (AP) @[ IoU=0.50:0.95 | area= small | maxDets=100 ] = 0.111
 Average Precision  (AP) @[ IoU=0.50:0.95 | area=medium | maxDets=100 ] = 0.220
 Average Precision  (AP) @[ IoU=0.50:0.95 | area= large | maxDets=100 ] = 0.311
 Average Recall     (AR) @[ IoU=0.50:0.95 | area=   all | maxDets=  1 ] = 0.242
 Average Recall     (AR) @[ IoU=0.50:0.95 | area=   all | maxDets= 10 ] = 0.470
 Average Recall     (AR) @[ IoU=0.50:0.95 | area=   all | maxDets=100 ] = 0.542
 Average Recall     (AR) @[ IoU=0.50:0.95 | area= small | maxDets=100 ] = 0.287
 Average Recall     (AR) @[ IoU=0.50:0.95 | area=medium | maxDets=100 ] = 0.514
 Average Recall     (AR) @[ IoU=0.50:0.95 | area= large | maxDets=100 ] = 0.630
 Average Recall     (AR) @[ IoU=0.50      | area=   all | maxDets=100 ] = 0.949
 Average Recall     (AR) @[ IoU=0.75      | area=   all | maxDets=100 ] = 0.528
best_stat: {'epoch': 91, 'coco_eval_bbox': 0.2624264362920567}
Epoch: [93]  [  0/197]  eta: 0:10:52  lr: 0.000400  loss: 24.2484 (24.2484)  loss_mal: 1.0234 (1.0234)  loss_bbox: 0.3200 (0.3200)  loss_giou: 0.7557 (0.7557)  loss_fgl: 1.1031 (1.1031)  loss_mal_aux_0: 1.0391 (1.0391)  loss_bbox_aux_0: 0.3182 (0.3182)  loss_giou_aux_0: 0.7533 (0.7533)  loss_fgl_aux_0: 1.0973 (1.0973)  loss_ddf_aux_0: 0.0167 (0.0167)  loss_mal_aux_1: 1.0547 (1.0547)  loss_bbox_aux_1: 0.3200 (0.3200)  loss_giou_aux_1: 0.7548 (0.7548)  loss_fgl_aux_1: 1.0966 (1.0966)  loss_ddf_aux_1: 0.0012 (0.0012)  loss_mal_pre: 1.0508 (1.0508)  loss_bbox_pre: 0.3184 (0.3184)  loss_giou_pre: 0.7515 (0.7515)  loss_mal_enc_0: 1.0850 (1.0850)  loss_bbox_enc_0: 0.3299 (0.3299)  loss_giou_enc_0: 0.7890 (0.7890)  loss_mal_dn_0: 0.7437 (0.7437)  loss_bbox_dn_0: 0.3655 (0.3655)  loss_giou_dn_0: 0.7088 (0.7088)  loss_fgl_dn_0: 1.1379 (1.1379)  loss_ddf_dn_0: 0.0942 (0.0942)  loss_mal_dn_1: 0.6890 (0.6890)  loss_bbox_dn_1: 0.3038 (0.3038)  loss_giou_dn_1: 0.5873 (0.5873)  loss_fgl_dn_1: 1.1276 (1.1276)  loss_ddf_dn_1: 0.0063 (0.0063)  loss_mal_dn_2: 0.6826 (0.6826)  loss_bbox_dn_2: 0.2990 (0.2990)  loss_giou_dn_2: 0.5818 (0.5818)  loss_fgl_dn_2: 1.1261 (1.1261)  loss_mal_dn_pre: 0.7427 (0.7427)  loss_bbox_dn_pre: 0.3665 (0.3665)  loss_giou_dn_pre: 0.7072 (0.7072)  time: 3.3113  data: 2.7541  max mem: 8321
Epoch: [93]  [196/197]  eta: 0:00:00  lr: 0.000400  loss: 23.1017 (23.1726)  loss_mal: 1.0498 (1.0486)  loss_bbox: 0.2729 (0.2714)  loss_giou: 0.5924 (0.6085)  loss_fgl: 1.1193 (1.1157)  loss_mal_aux_0: 1.1113 (1.1017)  loss_bbox_aux_0: 0.2829 (0.2795)  loss_giou_aux_0: 0.6081 (0.6274)  loss_fgl_aux_0: 1.1369 (1.1308)  loss_ddf_aux_0: 0.0163 (0.0202)  loss_mal_aux_1: 1.0391 (1.0663)  loss_bbox_aux_1: 0.2718 (0.2724)  loss_giou_aux_1: 0.5948 (0.6109)  loss_fgl_aux_1: 1.1177 (1.1157)  loss_ddf_aux_1: 0.0013 (0.0015)  loss_mal_pre: 1.1162 (1.1019)  loss_bbox_pre: 0.2807 (0.2791)  loss_giou_pre: 0.6089 (0.6261)  loss_mal_enc_0: 1.1426 (1.1252)  loss_bbox_enc_0: 0.3074 (0.3134)  loss_giou_enc_0: 0.6688 (0.6808)  loss_mal_dn_0: 0.7412 (0.7425)  loss_bbox_dn_0: 0.3149 (0.3237)  loss_giou_dn_0: 0.6090 (0.6279)  loss_fgl_dn_0: 1.1605 (1.1589)  loss_ddf_dn_0: 0.0854 (0.0961)  loss_mal_dn_1: 0.6782 (0.6762)  loss_bbox_dn_1: 0.2499 (0.2568)  loss_giou_dn_1: 0.5045 (0.5174)  loss_fgl_dn_1: 1.1300 (1.1240)  loss_ddf_dn_1: 0.0058 (0.0063)  loss_mal_dn_2: 0.6665 (0.6662)  loss_bbox_dn_2: 0.2394 (0.2511)  loss_giou_dn_2: 0.4945 (0.5085)  loss_fgl_dn_2: 1.1274 (1.1225)  loss_mal_dn_pre: 0.7412 (0.7423)  loss_bbox_dn_pre: 0.3148 (0.3273)  loss_giou_dn_pre: 0.6098 (0.6280)  time: 0.4427  data: 0.0442  max mem: 8321
Epoch: [93] Total time: 0:01:33 (0.4729 s / it)
Averaged stats: lr: 0.000400  loss: 23.1017 (23.1726)  loss_mal: 1.0498 (1.0486)  loss_bbox: 0.2729 (0.2714)  loss_giou: 0.5924 (0.6085)  loss_fgl: 1.1193 (1.1157)  loss_mal_aux_0: 1.1113 (1.1017)  loss_bbox_aux_0: 0.2829 (0.2795)  loss_giou_aux_0: 0.6081 (0.6274)  loss_fgl_aux_0: 1.1369 (1.1308)  loss_ddf_aux_0: 0.0163 (0.0202)  loss_mal_aux_1: 1.0391 (1.0663)  loss_bbox_aux_1: 0.2718 (0.2724)  loss_giou_aux_1: 0.5948 (0.6109)  loss_fgl_aux_1: 1.1177 (1.1157)  loss_ddf_aux_1: 0.0013 (0.0015)  loss_mal_pre: 1.1162 (1.1019)  loss_bbox_pre: 0.2807 (0.2791)  loss_giou_pre: 0.6089 (0.6261)  loss_mal_enc_0: 1.1426 (1.1252)  loss_bbox_enc_0: 0.3074 (0.3134)  loss_giou_enc_0: 0.6688 (0.6808)  loss_mal_dn_0: 0.7412 (0.7425)  loss_bbox_dn_0: 0.3149 (0.3237)  loss_giou_dn_0: 0.6090 (0.6279)  loss_fgl_dn_0: 1.1605 (1.1589)  loss_ddf_dn_0: 0.0854 (0.0961)  loss_mal_dn_1: 0.6782 (0.6762)  loss_bbox_dn_1: 0.2499 (0.2568)  loss_giou_dn_1: 0.5045 (0.5174)  loss_fgl_dn_1: 1.1300 (1.1240)  loss_ddf_dn_1: 0.0058 (0.0063)  loss_mal_dn_2: 0.6665 (0.6662)  loss_bbox_dn_2: 0.2394 (0.2511)  loss_giou_dn_2: 0.4945 (0.5085)  loss_fgl_dn_2: 1.1274 (1.1225)  loss_mal_dn_pre: 0.7412 (0.7423)  loss_bbox_dn_pre: 0.3148 (0.3273)  loss_giou_dn_pre: 0.6098 (0.6280)
Test:  [ 0/13]  eta: 0:00:41    time: 3.2217  data: 2.8381  max mem: 8321
Test:  [10/13]  eta: 0:00:01    time: 0.5969  data: 0.3264  max mem: 8321
Test:  [12/13]  eta: 0:00:00    time: 0.5472  data: 0.2885  max mem: 8321
Test: Total time: 0:00:07 (0.5534 s / it)
Averaged stats: 
Accumulating evaluation results...
COCOeval_opt.accumulate() finished...
DONE (t=0.30s).
IoU metric: bbox
 Average Precision  (AP) @[ IoU=0.50:0.95 | area=   all | maxDets=100 ] = 0.263
 Average Precision  (AP) @[ IoU=0.50      | area=   all | maxDets=100 ] = 0.555
 Average Precision  (AP) @[ IoU=0.75      | area=   all | maxDets=100 ] = 0.207
 Average Precision  (AP) @[ IoU=0.50:0.95 | area= small | maxDets=100 ] = 0.112
 Average Precision  (AP) @[ IoU=0.50:0.95 | area=medium | maxDets=100 ] = 0.221
 Average Precision  (AP) @[ IoU=0.50:0.95 | area= large | maxDets=100 ] = 0.310
 Average Recall     (AR) @[ IoU=0.50:0.95 | area=   all | maxDets=  1 ] = 0.243
 Average Recall     (AR) @[ IoU=0.50:0.95 | area=   all | maxDets= 10 ] = 0.470
 Average Recall     (AR) @[ IoU=0.50:0.95 | area=   all | maxDets=100 ] = 0.542
 Average Recall     (AR) @[ IoU=0.50:0.95 | area= small | maxDets=100 ] = 0.289
 Average Recall     (AR) @[ IoU=0.50:0.95 | area=medium | maxDets=100 ] = 0.514
 Average Recall     (AR) @[ IoU=0.50:0.95 | area= large | maxDets=100 ] = 0.631
 Average Recall     (AR) @[ IoU=0.50      | area=   all | maxDets=100 ] = 0.950
 Average Recall     (AR) @[ IoU=0.75      | area=   all | maxDets=100 ] = 0.527
best_stat: {'epoch': 93, 'coco_eval_bbox': 0.2633147692174749}
Epoch: [94]  [  0/197]  eta: 0:09:06  lr: 0.000400  loss: 23.3385 (23.3385)  loss_mal: 0.9990 (0.9990)  loss_bbox: 0.2692 (0.2692)  loss_giou: 0.7117 (0.7117)  loss_fgl: 1.1051 (1.1051)  loss_mal_aux_0: 1.0293 (1.0293)  loss_bbox_aux_0: 0.2772 (0.2772)  loss_giou_aux_0: 0.7175 (0.7175)  loss_fgl_aux_0: 1.1093 (1.1093)  loss_ddf_aux_0: 0.0152 (0.0152)  loss_mal_aux_1: 0.9536 (0.9536)  loss_bbox_aux_1: 0.2687 (0.2687)  loss_giou_aux_1: 0.7094 (0.7094)  loss_fgl_aux_1: 1.1052 (1.1052)  loss_ddf_aux_1: 0.0013 (0.0013)  loss_mal_pre: 1.0566 (1.0566)  loss_bbox_pre: 0.2754 (0.2754)  loss_giou_pre: 0.7157 (0.7157)  loss_mal_enc_0: 1.0869 (1.0869)  loss_bbox_enc_0: 0.3038 (0.3038)  loss_giou_enc_0: 0.7567 (0.7567)  loss_mal_dn_0: 0.7490 (0.7490)  loss_bbox_dn_0: 0.2950 (0.2950)  loss_giou_dn_0: 0.6549 (0.6549)  loss_fgl_dn_0: 1.1535 (1.1535)  loss_ddf_dn_0: 0.0981 (0.0981)  loss_mal_dn_1: 0.6968 (0.6968)  loss_bbox_dn_1: 0.2385 (0.2385)  loss_giou_dn_1: 0.5458 (0.5458)  loss_fgl_dn_1: 1.1327 (1.1327)  loss_ddf_dn_1: 0.0065 (0.0065)  loss_mal_dn_2: 0.6831 (0.6831)  loss_bbox_dn_2: 0.2368 (0.2368)  loss_giou_dn_2: 0.5404 (0.5404)  loss_fgl_dn_2: 1.1340 (1.1340)  loss_mal_dn_pre: 0.7490 (0.7490)  loss_bbox_dn_pre: 0.2997 (0.2997)  loss_giou_dn_pre: 0.6578 (0.6578)  time: 2.7740  data: 2.2879  max mem: 8321
Epoch: [94]  [196/197]  eta: 0:00:00  lr: 0.000400  loss: 22.9397 (23.1211)  loss_mal: 1.0205 (1.0377)  loss_bbox: 0.2758 (0.2777)  loss_giou: 0.6172 (0.6107)  loss_fgl: 1.1157 (1.1158)  loss_mal_aux_0: 1.0752 (1.0944)  loss_bbox_aux_0: 0.2854 (0.2854)  loss_giou_aux_0: 0.6214 (0.6282)  loss_fgl_aux_0: 1.1290 (1.1300)  loss_ddf_aux_0: 0.0184 (0.0177)  loss_mal_aux_1: 1.0381 (1.0537)  loss_bbox_aux_1: 0.2762 (0.2786)  loss_giou_aux_1: 0.6165 (0.6125)  loss_fgl_aux_1: 1.1164 (1.1161)  loss_ddf_aux_1: 0.0015 (0.0013)  loss_mal_pre: 1.0781 (1.0931)  loss_bbox_pre: 0.2896 (0.2852)  loss_giou_pre: 0.6189 (0.6270)  loss_mal_enc_0: 1.1035 (1.1102)  loss_bbox_enc_0: 0.3205 (0.3182)  loss_giou_enc_0: 0.6764 (0.6805)  loss_mal_dn_0: 0.7339 (0.7412)  loss_bbox_dn_0: 0.3194 (0.3241)  loss_giou_dn_0: 0.6260 (0.6230)  loss_fgl_dn_0: 1.1545 (1.1582)  loss_ddf_dn_0: 0.0967 (0.0958)  loss_mal_dn_1: 0.6641 (0.6735)  loss_bbox_dn_1: 0.2512 (0.2574)  loss_giou_dn_1: 0.5121 (0.5127)  loss_fgl_dn_1: 1.1201 (1.1232)  loss_ddf_dn_1: 0.0065 (0.0062)  loss_mal_dn_2: 0.6504 (0.6631)  loss_bbox_dn_2: 0.2364 (0.2518)  loss_giou_dn_2: 0.5014 (0.5042)  loss_fgl_dn_2: 1.1162 (1.1215)  loss_mal_dn_pre: 0.7324 (0.7408)  loss_bbox_dn_pre: 0.3270 (0.3275)  loss_giou_dn_pre: 0.6266 (0.6230)  time: 0.4143  data: 0.0440  max mem: 8321
Epoch: [94] Total time: 0:01:36 (0.4917 s / it)
Averaged stats: lr: 0.000400  loss: 22.9397 (23.1211)  loss_mal: 1.0205 (1.0377)  loss_bbox: 0.2758 (0.2777)  loss_giou: 0.6172 (0.6107)  loss_fgl: 1.1157 (1.1158)  loss_mal_aux_0: 1.0752 (1.0944)  loss_bbox_aux_0: 0.2854 (0.2854)  loss_giou_aux_0: 0.6214 (0.6282)  loss_fgl_aux_0: 1.1290 (1.1300)  loss_ddf_aux_0: 0.0184 (0.0177)  loss_mal_aux_1: 1.0381 (1.0537)  loss_bbox_aux_1: 0.2762 (0.2786)  loss_giou_aux_1: 0.6165 (0.6125)  loss_fgl_aux_1: 1.1164 (1.1161)  loss_ddf_aux_1: 0.0015 (0.0013)  loss_mal_pre: 1.0781 (1.0931)  loss_bbox_pre: 0.2896 (0.2852)  loss_giou_pre: 0.6189 (0.6270)  loss_mal_enc_0: 1.1035 (1.1102)  loss_bbox_enc_0: 0.3205 (0.3182)  loss_giou_enc_0: 0.6764 (0.6805)  loss_mal_dn_0: 0.7339 (0.7412)  loss_bbox_dn_0: 0.3194 (0.3241)  loss_giou_dn_0: 0.6260 (0.6230)  loss_fgl_dn_0: 1.1545 (1.1582)  loss_ddf_dn_0: 0.0967 (0.0958)  loss_mal_dn_1: 0.6641 (0.6735)  loss_bbox_dn_1: 0.2512 (0.2574)  loss_giou_dn_1: 0.5121 (0.5127)  loss_fgl_dn_1: 1.1201 (1.1232)  loss_ddf_dn_1: 0.0065 (0.0062)  loss_mal_dn_2: 0.6504 (0.6631)  loss_bbox_dn_2: 0.2364 (0.2518)  loss_giou_dn_2: 0.5014 (0.5042)  loss_fgl_dn_2: 1.1162 (1.1215)  loss_mal_dn_pre: 0.7324 (0.7408)  loss_bbox_dn_pre: 0.3270 (0.3275)  loss_giou_dn_pre: 0.6266 (0.6230)
Test:  [ 0/13]  eta: 0:00:40    time: 3.1345  data: 2.9050  max mem: 8321
Test:  [10/13]  eta: 0:00:01    time: 0.6231  data: 0.3524  max mem: 8321
Test:  [12/13]  eta: 0:00:00    time: 0.5621  data: 0.3046  max mem: 8321
Test: Total time: 0:00:07 (0.5693 s / it)
Averaged stats: 
Accumulating evaluation results...
COCOeval_opt.accumulate() finished...
DONE (t=0.31s).
IoU metric: bbox
 Average Precision  (AP) @[ IoU=0.50:0.95 | area=   all | maxDets=100 ] = 0.263
 Average Precision  (AP) @[ IoU=0.50      | area=   all | maxDets=100 ] = 0.556
 Average Precision  (AP) @[ IoU=0.75      | area=   all | maxDets=100 ] = 0.210
 Average Precision  (AP) @[ IoU=0.50:0.95 | area= small | maxDets=100 ] = 0.113
 Average Precision  (AP) @[ IoU=0.50:0.95 | area=medium | maxDets=100 ] = 0.220
 Average Precision  (AP) @[ IoU=0.50:0.95 | area= large | maxDets=100 ] = 0.312
 Average Recall     (AR) @[ IoU=0.50:0.95 | area=   all | maxDets=  1 ] = 0.244
 Average Recall     (AR) @[ IoU=0.50:0.95 | area=   all | maxDets= 10 ] = 0.470
 Average Recall     (AR) @[ IoU=0.50:0.95 | area=   all | maxDets=100 ] = 0.543
 Average Recall     (AR) @[ IoU=0.50:0.95 | area= small | maxDets=100 ] = 0.293
 Average Recall     (AR) @[ IoU=0.50:0.95 | area=medium | maxDets=100 ] = 0.514
 Average Recall     (AR) @[ IoU=0.50:0.95 | area= large | maxDets=100 ] = 0.630
 Average Recall     (AR) @[ IoU=0.50      | area=   all | maxDets=100 ] = 0.951
 Average Recall     (AR) @[ IoU=0.75      | area=   all | maxDets=100 ] = 0.529
best_stat: {'epoch': 94, 'coco_eval_bbox': 0.2633579455522588}
Epoch: [95]  [  0/197]  eta: 0:10:21  lr: 0.000400  loss: 23.9527 (23.9527)  loss_mal: 1.0635 (1.0635)  loss_bbox: 0.2677 (0.2677)  loss_giou: 0.6544 (0.6544)  loss_fgl: 1.1796 (1.1796)  loss_mal_aux_0: 1.0938 (1.0938)  loss_bbox_aux_0: 0.2747 (0.2747)  loss_giou_aux_0: 0.6606 (0.6606)  loss_fgl_aux_0: 1.1911 (1.1911)  loss_ddf_aux_0: 0.0148 (0.0148)  loss_mal_aux_1: 1.1045 (1.1045)  loss_bbox_aux_1: 0.2709 (0.2709)  loss_giou_aux_1: 0.6601 (0.6601)  loss_fgl_aux_1: 1.1810 (1.1810)  loss_ddf_aux_1: 0.0011 (0.0011)  loss_mal_pre: 1.0947 (1.0947)  loss_bbox_pre: 0.2778 (0.2778)  loss_giou_pre: 0.6650 (0.6650)  loss_mal_enc_0: 1.1309 (1.1309)  loss_bbox_enc_0: 0.2829 (0.2829)  loss_giou_enc_0: 0.7291 (0.7291)  loss_mal_dn_0: 0.7461 (0.7461)  loss_bbox_dn_0: 0.3282 (0.3282)  loss_giou_dn_0: 0.6655 (0.6655)  loss_fgl_dn_0: 1.1890 (1.1890)  loss_ddf_dn_0: 0.0918 (0.0918)  loss_mal_dn_1: 0.7007 (0.7007)  loss_bbox_dn_1: 0.2675 (0.2675)  loss_giou_dn_1: 0.5571 (0.5571)  loss_fgl_dn_1: 1.1730 (1.1730)  loss_ddf_dn_1: 0.0061 (0.0061)  loss_mal_dn_2: 0.6934 (0.6934)  loss_bbox_dn_2: 0.2674 (0.2674)  loss_giou_dn_2: 0.5506 (0.5506)  loss_fgl_dn_2: 1.1732 (1.1732)  loss_mal_dn_pre: 0.7451 (0.7451)  loss_bbox_dn_pre: 0.3309 (0.3309)  loss_giou_dn_pre: 0.6690 (0.6690)  time: 3.1526  data: 2.5809  max mem: 8321
Epoch: [95]  [196/197]  eta: 0:00:00  lr: 0.000400  loss: 23.1342 (23.0668)  loss_mal: 1.0488 (1.0431)  loss_bbox: 0.2705 (0.2716)  loss_giou: 0.6117 (0.6074)  loss_fgl: 1.1049 (1.1150)  loss_mal_aux_0: 1.0967 (1.0912)  loss_bbox_aux_0: 0.2762 (0.2792)  loss_giou_aux_0: 0.6294 (0.6243)  loss_fgl_aux_0: 1.1196 (1.1302)  loss_ddf_aux_0: 0.0227 (0.0191)  loss_mal_aux_1: 1.0566 (1.0531)  loss_bbox_aux_1: 0.2725 (0.2725)  loss_giou_aux_1: 0.6155 (0.6094)  loss_fgl_aux_1: 1.1065 (1.1152)  loss_ddf_aux_1: 0.0015 (0.0014)  loss_mal_pre: 1.0889 (1.0921)  loss_bbox_pre: 0.2766 (0.2793)  loss_giou_pre: 0.6280 (0.6232)  loss_mal_enc_0: 1.1357 (1.1175)  loss_bbox_enc_0: 0.3136 (0.3113)  loss_giou_enc_0: 0.6740 (0.6759)  loss_mal_dn_0: 0.7446 (0.7413)  loss_bbox_dn_0: 0.3109 (0.3178)  loss_giou_dn_0: 0.6244 (0.6248)  loss_fgl_dn_0: 1.1593 (1.1596)  loss_ddf_dn_0: 0.1004 (0.0982)  loss_mal_dn_1: 0.6782 (0.6736)  loss_bbox_dn_1: 0.2479 (0.2514)  loss_giou_dn_1: 0.5084 (0.5143)  loss_fgl_dn_1: 1.1195 (1.1231)  loss_ddf_dn_1: 0.0059 (0.0063)  loss_mal_dn_2: 0.6694 (0.6633)  loss_bbox_dn_2: 0.2402 (0.2462)  loss_giou_dn_2: 0.4998 (0.5058)  loss_fgl_dn_2: 1.1202 (1.1215)  loss_mal_dn_pre: 0.7446 (0.7411)  loss_bbox_dn_pre: 0.3130 (0.3216)  loss_giou_dn_pre: 0.6250 (0.6248)  time: 0.4286  data: 0.0447  max mem: 8321
Epoch: [95] Total time: 0:01:35 (0.4863 s / it)
Averaged stats: lr: 0.000400  loss: 23.1342 (23.0668)  loss_mal: 1.0488 (1.0431)  loss_bbox: 0.2705 (0.2716)  loss_giou: 0.6117 (0.6074)  loss_fgl: 1.1049 (1.1150)  loss_mal_aux_0: 1.0967 (1.0912)  loss_bbox_aux_0: 0.2762 (0.2792)  loss_giou_aux_0: 0.6294 (0.6243)  loss_fgl_aux_0: 1.1196 (1.1302)  loss_ddf_aux_0: 0.0227 (0.0191)  loss_mal_aux_1: 1.0566 (1.0531)  loss_bbox_aux_1: 0.2725 (0.2725)  loss_giou_aux_1: 0.6155 (0.6094)  loss_fgl_aux_1: 1.1065 (1.1152)  loss_ddf_aux_1: 0.0015 (0.0014)  loss_mal_pre: 1.0889 (1.0921)  loss_bbox_pre: 0.2766 (0.2793)  loss_giou_pre: 0.6280 (0.6232)  loss_mal_enc_0: 1.1357 (1.1175)  loss_bbox_enc_0: 0.3136 (0.3113)  loss_giou_enc_0: 0.6740 (0.6759)  loss_mal_dn_0: 0.7446 (0.7413)  loss_bbox_dn_0: 0.3109 (0.3178)  loss_giou_dn_0: 0.6244 (0.6248)  loss_fgl_dn_0: 1.1593 (1.1596)  loss_ddf_dn_0: 0.1004 (0.0982)  loss_mal_dn_1: 0.6782 (0.6736)  loss_bbox_dn_1: 0.2479 (0.2514)  loss_giou_dn_1: 0.5084 (0.5143)  loss_fgl_dn_1: 1.1195 (1.1231)  loss_ddf_dn_1: 0.0059 (0.0063)  loss_mal_dn_2: 0.6694 (0.6633)  loss_bbox_dn_2: 0.2402 (0.2462)  loss_giou_dn_2: 0.4998 (0.5058)  loss_fgl_dn_2: 1.1202 (1.1215)  loss_mal_dn_pre: 0.7446 (0.7411)  loss_bbox_dn_pre: 0.3130 (0.3216)  loss_giou_dn_pre: 0.6250 (0.6248)
Test:  [ 0/13]  eta: 0:00:41    time: 3.2108  data: 2.8376  max mem: 8321
Test:  [10/13]  eta: 0:00:01    time: 0.6133  data: 0.3299  max mem: 8321
Test:  [12/13]  eta: 0:00:00    time: 0.5639  data: 0.2937  max mem: 8321
Test: Total time: 0:00:07 (0.5709 s / it)
Averaged stats: 
Accumulating evaluation results...
COCOeval_opt.accumulate() finished...
DONE (t=0.31s).
IoU metric: bbox
 Average Precision  (AP) @[ IoU=0.50:0.95 | area=   all | maxDets=100 ] = 0.265
 Average Precision  (AP) @[ IoU=0.50      | area=   all | maxDets=100 ] = 0.558
 Average Precision  (AP) @[ IoU=0.75      | area=   all | maxDets=100 ] = 0.215
 Average Precision  (AP) @[ IoU=0.50:0.95 | area= small | maxDets=100 ] = 0.114
 Average Precision  (AP) @[ IoU=0.50:0.95 | area=medium | maxDets=100 ] = 0.222
 Average Precision  (AP) @[ IoU=0.50:0.95 | area= large | maxDets=100 ] = 0.313
 Average Recall     (AR) @[ IoU=0.50:0.95 | area=   all | maxDets=  1 ] = 0.245
 Average Recall     (AR) @[ IoU=0.50:0.95 | area=   all | maxDets= 10 ] = 0.469
 Average Recall     (AR) @[ IoU=0.50:0.95 | area=   all | maxDets=100 ] = 0.544
 Average Recall     (AR) @[ IoU=0.50:0.95 | area= small | maxDets=100 ] = 0.294
 Average Recall     (AR) @[ IoU=0.50:0.95 | area=medium | maxDets=100 ] = 0.514
 Average Recall     (AR) @[ IoU=0.50:0.95 | area= large | maxDets=100 ] = 0.631
 Average Recall     (AR) @[ IoU=0.50      | area=   all | maxDets=100 ] = 0.951
 Average Recall     (AR) @[ IoU=0.75      | area=   all | maxDets=100 ] = 0.535
best_stat: {'epoch': 95, 'coco_eval_bbox': 0.2648964363320377}
Epoch: [96]  [  0/197]  eta: 0:10:54  lr: 0.000400  loss: 22.2709 (22.2709)  loss_mal: 0.9136 (0.9136)  loss_bbox: 0.2007 (0.2007)  loss_giou: 0.7557 (0.7557)  loss_fgl: 1.0389 (1.0389)  loss_mal_aux_0: 0.9609 (0.9609)  loss_bbox_aux_0: 0.1968 (0.1968)  loss_giou_aux_0: 0.7643 (0.7643)  loss_fgl_aux_0: 1.0514 (1.0514)  loss_ddf_aux_0: 0.0173 (0.0173)  loss_mal_aux_1: 0.9170 (0.9170)  loss_bbox_aux_1: 0.1956 (0.1956)  loss_giou_aux_1: 0.7545 (0.7545)  loss_fgl_aux_1: 1.0431 (1.0431)  loss_ddf_aux_1: 0.0013 (0.0013)  loss_mal_pre: 0.9692 (0.9692)  loss_bbox_pre: 0.1969 (0.1969)  loss_giou_pre: 0.7594 (0.7594)  loss_mal_enc_0: 1.0166 (1.0166)  loss_bbox_enc_0: 0.2364 (0.2364)  loss_giou_enc_0: 0.8359 (0.8359)  loss_mal_dn_0: 0.7231 (0.7231)  loss_bbox_dn_0: 0.2124 (0.2124)  loss_giou_dn_0: 0.7007 (0.7007)  loss_fgl_dn_0: 1.1230 (1.1230)  loss_ddf_dn_0: 0.0917 (0.0917)  loss_mal_dn_1: 0.6631 (0.6631)  loss_bbox_dn_1: 0.1627 (0.1627)  loss_giou_dn_1: 0.5784 (0.5784)  loss_fgl_dn_1: 1.0854 (1.0854)  loss_ddf_dn_1: 0.0058 (0.0058)  loss_mal_dn_2: 0.6504 (0.6504)  loss_bbox_dn_2: 0.1612 (0.1612)  loss_giou_dn_2: 0.5720 (0.5720)  loss_fgl_dn_2: 1.0827 (1.0827)  loss_mal_dn_pre: 0.7236 (0.7236)  loss_bbox_dn_pre: 0.2131 (0.2131)  loss_giou_dn_pre: 0.6960 (0.6960)  time: 3.3246  data: 2.7857  max mem: 8321
Epoch: [96]  [196/197]  eta: 0:00:00  lr: 0.000400  loss: 22.9309 (22.9991)  loss_mal: 1.0391 (1.0504)  loss_bbox: 0.2585 (0.2665)  loss_giou: 0.5717 (0.5941)  loss_fgl: 1.1348 (1.1210)  loss_mal_aux_0: 1.1064 (1.0993)  loss_bbox_aux_0: 0.2680 (0.2756)  loss_giou_aux_0: 0.5864 (0.6124)  loss_fgl_aux_0: 1.1425 (1.1348)  loss_ddf_aux_0: 0.0168 (0.0180)  loss_mal_aux_1: 1.0654 (1.0582)  loss_bbox_aux_1: 0.2600 (0.2674)  loss_giou_aux_1: 0.5732 (0.5960)  loss_fgl_aux_1: 1.1383 (1.1213)  loss_ddf_aux_1: 0.0013 (0.0014)  loss_mal_pre: 1.1074 (1.0987)  loss_bbox_pre: 0.2669 (0.2754)  loss_giou_pre: 0.5866 (0.6115)  loss_mal_enc_0: 1.1367 (1.1212)  loss_bbox_enc_0: 0.3035 (0.3074)  loss_giou_enc_0: 0.6431 (0.6645)  loss_mal_dn_0: 0.7432 (0.7405)  loss_bbox_dn_0: 0.3262 (0.3207)  loss_giou_dn_0: 0.5975 (0.6152)  loss_fgl_dn_0: 1.1612 (1.1603)  loss_ddf_dn_0: 0.0902 (0.0952)  loss_mal_dn_1: 0.6709 (0.6720)  loss_bbox_dn_1: 0.2576 (0.2535)  loss_giou_dn_1: 0.4920 (0.5059)  loss_fgl_dn_1: 1.1256 (1.1243)  loss_ddf_dn_1: 0.0060 (0.0060)  loss_mal_dn_2: 0.6548 (0.6615)  loss_bbox_dn_2: 0.2506 (0.2484)  loss_giou_dn_2: 0.4834 (0.4979)  loss_fgl_dn_2: 1.1257 (1.1227)  loss_mal_dn_pre: 0.7441 (0.7402)  loss_bbox_dn_pre: 0.3289 (0.3244)  loss_giou_dn_pre: 0.5967 (0.6152)  time: 0.4287  data: 0.0461  max mem: 8321
Epoch: [96] Total time: 0:01:34 (0.4784 s / it)
Averaged stats: lr: 0.000400  loss: 22.9309 (22.9991)  loss_mal: 1.0391 (1.0504)  loss_bbox: 0.2585 (0.2665)  loss_giou: 0.5717 (0.5941)  loss_fgl: 1.1348 (1.1210)  loss_mal_aux_0: 1.1064 (1.0993)  loss_bbox_aux_0: 0.2680 (0.2756)  loss_giou_aux_0: 0.5864 (0.6124)  loss_fgl_aux_0: 1.1425 (1.1348)  loss_ddf_aux_0: 0.0168 (0.0180)  loss_mal_aux_1: 1.0654 (1.0582)  loss_bbox_aux_1: 0.2600 (0.2674)  loss_giou_aux_1: 0.5732 (0.5960)  loss_fgl_aux_1: 1.1383 (1.1213)  loss_ddf_aux_1: 0.0013 (0.0014)  loss_mal_pre: 1.1074 (1.0987)  loss_bbox_pre: 0.2669 (0.2754)  loss_giou_pre: 0.5866 (0.6115)  loss_mal_enc_0: 1.1367 (1.1212)  loss_bbox_enc_0: 0.3035 (0.3074)  loss_giou_enc_0: 0.6431 (0.6645)  loss_mal_dn_0: 0.7432 (0.7405)  loss_bbox_dn_0: 0.3262 (0.3207)  loss_giou_dn_0: 0.5975 (0.6152)  loss_fgl_dn_0: 1.1612 (1.1603)  loss_ddf_dn_0: 0.0902 (0.0952)  loss_mal_dn_1: 0.6709 (0.6720)  loss_bbox_dn_1: 0.2576 (0.2535)  loss_giou_dn_1: 0.4920 (0.5059)  loss_fgl_dn_1: 1.1256 (1.1243)  loss_ddf_dn_1: 0.0060 (0.0060)  loss_mal_dn_2: 0.6548 (0.6615)  loss_bbox_dn_2: 0.2506 (0.2484)  loss_giou_dn_2: 0.4834 (0.4979)  loss_fgl_dn_2: 1.1257 (1.1227)  loss_mal_dn_pre: 0.7441 (0.7402)  loss_bbox_dn_pre: 0.3289 (0.3244)  loss_giou_dn_pre: 0.5967 (0.6152)
Test:  [ 0/13]  eta: 0:00:37    time: 2.9082  data: 2.6774  max mem: 8321
Test:  [10/13]  eta: 0:00:01    time: 0.6196  data: 0.3551  max mem: 8321
Test:  [12/13]  eta: 0:00:00    time: 0.5601  data: 0.3069  max mem: 8321
Test: Total time: 0:00:07 (0.5675 s / it)
Averaged stats: 
Accumulating evaluation results...
COCOeval_opt.accumulate() finished...
DONE (t=0.30s).
IoU metric: bbox
 Average Precision  (AP) @[ IoU=0.50:0.95 | area=   all | maxDets=100 ] = 0.266
 Average Precision  (AP) @[ IoU=0.50      | area=   all | maxDets=100 ] = 0.560
 Average Precision  (AP) @[ IoU=0.75      | area=   all | maxDets=100 ] = 0.214
 Average Precision  (AP) @[ IoU=0.50:0.95 | area= small | maxDets=100 ] = 0.115
 Average Precision  (AP) @[ IoU=0.50:0.95 | area=medium | maxDets=100 ] = 0.223
 Average Precision  (AP) @[ IoU=0.50:0.95 | area= large | maxDets=100 ] = 0.314
 Average Recall     (AR) @[ IoU=0.50:0.95 | area=   all | maxDets=  1 ] = 0.247
 Average Recall     (AR) @[ IoU=0.50:0.95 | area=   all | maxDets= 10 ] = 0.472
 Average Recall     (AR) @[ IoU=0.50:0.95 | area=   all | maxDets=100 ] = 0.545
 Average Recall     (AR) @[ IoU=0.50:0.95 | area= small | maxDets=100 ] = 0.292
 Average Recall     (AR) @[ IoU=0.50:0.95 | area=medium | maxDets=100 ] = 0.516
 Average Recall     (AR) @[ IoU=0.50:0.95 | area= large | maxDets=100 ] = 0.631
 Average Recall     (AR) @[ IoU=0.50      | area=   all | maxDets=100 ] = 0.950
 Average Recall     (AR) @[ IoU=0.75      | area=   all | maxDets=100 ] = 0.537
best_stat: {'epoch': 96, 'coco_eval_bbox': 0.2659629312269958}
Epoch: [97]  [  0/197]  eta: 0:09:45  lr: 0.000400  loss: 23.1884 (23.1884)  loss_mal: 1.0400 (1.0400)  loss_bbox: 0.3039 (0.3039)  loss_giou: 0.5806 (0.5806)  loss_fgl: 1.1511 (1.1511)  loss_mal_aux_0: 1.0664 (1.0664)  loss_bbox_aux_0: 0.3032 (0.3032)  loss_giou_aux_0: 0.6004 (0.6004)  loss_fgl_aux_0: 1.1639 (1.1639)  loss_ddf_aux_0: 0.0147 (0.0147)  loss_mal_aux_1: 1.0400 (1.0400)  loss_bbox_aux_1: 0.3067 (0.3067)  loss_giou_aux_1: 0.5845 (0.5845)  loss_fgl_aux_1: 1.1487 (1.1487)  loss_ddf_aux_1: 0.0012 (0.0012)  loss_mal_pre: 1.0713 (1.0713)  loss_bbox_pre: 0.3039 (0.3039)  loss_giou_pre: 0.5943 (0.5943)  loss_mal_enc_0: 1.1191 (1.1191)  loss_bbox_enc_0: 0.3154 (0.3154)  loss_giou_enc_0: 0.6235 (0.6235)  loss_mal_dn_0: 0.7524 (0.7524)  loss_bbox_dn_0: 0.3273 (0.3273)  loss_giou_dn_0: 0.6046 (0.6046)  loss_fgl_dn_0: 1.1735 (1.1735)  loss_ddf_dn_0: 0.0845 (0.0845)  loss_mal_dn_1: 0.6846 (0.6846)  loss_bbox_dn_1: 0.2887 (0.2887)  loss_giou_dn_1: 0.5141 (0.5141)  loss_fgl_dn_1: 1.1371 (1.1371)  loss_ddf_dn_1: 0.0060 (0.0060)  loss_mal_dn_2: 0.6729 (0.6729)  loss_bbox_dn_2: 0.2817 (0.2817)  loss_giou_dn_2: 0.5056 (0.5056)  loss_fgl_dn_2: 1.1372 (1.1372)  loss_mal_dn_pre: 0.7515 (0.7515)  loss_bbox_dn_pre: 0.3316 (0.3316)  loss_giou_dn_pre: 0.6024 (0.6024)  time: 2.9705  data: 2.4779  max mem: 8321
Epoch: [97]  [196/197]  eta: 0:00:00  lr: 0.000400  loss: 22.8780 (23.0003)  loss_mal: 1.0850 (1.0424)  loss_bbox: 0.2645 (0.2628)  loss_giou: 0.5563 (0.5980)  loss_fgl: 1.1443 (1.1177)  loss_mal_aux_0: 1.1035 (1.1039)  loss_bbox_aux_0: 0.2674 (0.2710)  loss_giou_aux_0: 0.5750 (0.6166)  loss_fgl_aux_0: 1.1498 (1.1322)  loss_ddf_aux_0: 0.0193 (0.0199)  loss_mal_aux_1: 1.0879 (1.0555)  loss_bbox_aux_1: 0.2658 (0.2636)  loss_giou_aux_1: 0.5643 (0.6002)  loss_fgl_aux_1: 1.1445 (1.1178)  loss_ddf_aux_1: 0.0013 (0.0014)  loss_mal_pre: 1.1104 (1.1044)  loss_bbox_pre: 0.2667 (0.2711)  loss_giou_pre: 0.5766 (0.6156)  loss_mal_enc_0: 1.1152 (1.1201)  loss_bbox_enc_0: 0.3109 (0.3041)  loss_giou_enc_0: 0.6277 (0.6703)  loss_mal_dn_0: 0.7407 (0.7388)  loss_bbox_dn_0: 0.3209 (0.3191)  loss_giou_dn_0: 0.5869 (0.6196)  loss_fgl_dn_0: 1.1702 (1.1599)  loss_ddf_dn_0: 0.0957 (0.0943)  loss_mal_dn_1: 0.6704 (0.6713)  loss_bbox_dn_1: 0.2542 (0.2531)  loss_giou_dn_1: 0.4823 (0.5104)  loss_fgl_dn_1: 1.1255 (1.1243)  loss_ddf_dn_1: 0.0059 (0.0063)  loss_mal_dn_2: 0.6602 (0.6613)  loss_bbox_dn_2: 0.2485 (0.2477)  loss_giou_dn_2: 0.4749 (0.5021)  loss_fgl_dn_2: 1.1259 (1.1228)  loss_mal_dn_pre: 0.7402 (0.7387)  loss_bbox_dn_pre: 0.3194 (0.3226)  loss_giou_dn_pre: 0.5863 (0.6194)  time: 0.4281  data: 0.0459  max mem: 8321
Epoch: [97] Total time: 0:01:37 (0.4935 s / it)
Averaged stats: lr: 0.000400  loss: 22.8780 (23.0003)  loss_mal: 1.0850 (1.0424)  loss_bbox: 0.2645 (0.2628)  loss_giou: 0.5563 (0.5980)  loss_fgl: 1.1443 (1.1177)  loss_mal_aux_0: 1.1035 (1.1039)  loss_bbox_aux_0: 0.2674 (0.2710)  loss_giou_aux_0: 0.5750 (0.6166)  loss_fgl_aux_0: 1.1498 (1.1322)  loss_ddf_aux_0: 0.0193 (0.0199)  loss_mal_aux_1: 1.0879 (1.0555)  loss_bbox_aux_1: 0.2658 (0.2636)  loss_giou_aux_1: 0.5643 (0.6002)  loss_fgl_aux_1: 1.1445 (1.1178)  loss_ddf_aux_1: 0.0013 (0.0014)  loss_mal_pre: 1.1104 (1.1044)  loss_bbox_pre: 0.2667 (0.2711)  loss_giou_pre: 0.5766 (0.6156)  loss_mal_enc_0: 1.1152 (1.1201)  loss_bbox_enc_0: 0.3109 (0.3041)  loss_giou_enc_0: 0.6277 (0.6703)  loss_mal_dn_0: 0.7407 (0.7388)  loss_bbox_dn_0: 0.3209 (0.3191)  loss_giou_dn_0: 0.5869 (0.6196)  loss_fgl_dn_0: 1.1702 (1.1599)  loss_ddf_dn_0: 0.0957 (0.0943)  loss_mal_dn_1: 0.6704 (0.6713)  loss_bbox_dn_1: 0.2542 (0.2531)  loss_giou_dn_1: 0.4823 (0.5104)  loss_fgl_dn_1: 1.1255 (1.1243)  loss_ddf_dn_1: 0.0059 (0.0063)  loss_mal_dn_2: 0.6602 (0.6613)  loss_bbox_dn_2: 0.2485 (0.2477)  loss_giou_dn_2: 0.4749 (0.5021)  loss_fgl_dn_2: 1.1259 (1.1228)  loss_mal_dn_pre: 0.7402 (0.7387)  loss_bbox_dn_pre: 0.3194 (0.3226)  loss_giou_dn_pre: 0.5863 (0.6194)
Test:  [ 0/13]  eta: 0:00:39    time: 3.0509  data: 2.6750  max mem: 8321
Test:  [10/13]  eta: 0:00:01    time: 0.6052  data: 0.3342  max mem: 8321
Test:  [12/13]  eta: 0:00:00    time: 0.5468  data: 0.2891  max mem: 8321
Test: Total time: 0:00:07 (0.5524 s / it)
Averaged stats: 
Accumulating evaluation results...
COCOeval_opt.accumulate() finished...
DONE (t=0.31s).
IoU metric: bbox
 Average Precision  (AP) @[ IoU=0.50:0.95 | area=   all | maxDets=100 ] = 0.266
 Average Precision  (AP) @[ IoU=0.50      | area=   all | maxDets=100 ] = 0.560
 Average Precision  (AP) @[ IoU=0.75      | area=   all | maxDets=100 ] = 0.215
 Average Precision  (AP) @[ IoU=0.50:0.95 | area= small | maxDets=100 ] = 0.114
 Average Precision  (AP) @[ IoU=0.50:0.95 | area=medium | maxDets=100 ] = 0.223
 Average Precision  (AP) @[ IoU=0.50:0.95 | area= large | maxDets=100 ] = 0.316
 Average Recall     (AR) @[ IoU=0.50:0.95 | area=   all | maxDets=  1 ] = 0.247
 Average Recall     (AR) @[ IoU=0.50:0.95 | area=   all | maxDets= 10 ] = 0.473
 Average Recall     (AR) @[ IoU=0.50:0.95 | area=   all | maxDets=100 ] = 0.545
 Average Recall     (AR) @[ IoU=0.50:0.95 | area= small | maxDets=100 ] = 0.291
 Average Recall     (AR) @[ IoU=0.50:0.95 | area=medium | maxDets=100 ] = 0.517
 Average Recall     (AR) @[ IoU=0.50:0.95 | area= large | maxDets=100 ] = 0.624
 Average Recall     (AR) @[ IoU=0.50      | area=   all | maxDets=100 ] = 0.950
 Average Recall     (AR) @[ IoU=0.75      | area=   all | maxDets=100 ] = 0.538
best_stat: {'epoch': 97, 'coco_eval_bbox': 0.2664674869250736}
Epoch: [98]  [  0/197]  eta: 0:11:27  lr: 0.000400  loss: 22.7054 (22.7054)  loss_mal: 0.9595 (0.9595)  loss_bbox: 0.2513 (0.2513)  loss_giou: 0.7162 (0.7162)  loss_fgl: 1.0398 (1.0398)  loss_mal_aux_0: 0.9912 (0.9912)  loss_bbox_aux_0: 0.2627 (0.2627)  loss_giou_aux_0: 0.7420 (0.7420)  loss_fgl_aux_0: 1.0525 (1.0525)  loss_ddf_aux_0: 0.0186 (0.0186)  loss_mal_aux_1: 0.9639 (0.9639)  loss_bbox_aux_1: 0.2550 (0.2550)  loss_giou_aux_1: 0.7210 (0.7210)  loss_fgl_aux_1: 1.0408 (1.0408)  loss_ddf_aux_1: 0.0011 (0.0011)  loss_mal_pre: 0.9839 (0.9839)  loss_bbox_pre: 0.2622 (0.2622)  loss_giou_pre: 0.7428 (0.7428)  loss_mal_enc_0: 1.0098 (1.0098)  loss_bbox_enc_0: 0.2915 (0.2915)  loss_giou_enc_0: 0.7844 (0.7844)  loss_mal_dn_0: 0.7158 (0.7158)  loss_bbox_dn_0: 0.2749 (0.2749)  loss_giou_dn_0: 0.6750 (0.6750)  loss_fgl_dn_0: 1.1271 (1.1271)  loss_ddf_dn_0: 0.0872 (0.0872)  loss_mal_dn_1: 0.6636 (0.6636)  loss_bbox_dn_1: 0.2158 (0.2158)  loss_giou_dn_1: 0.5672 (0.5672)  loss_fgl_dn_1: 1.0959 (1.0959)  loss_ddf_dn_1: 0.0060 (0.0060)  loss_mal_dn_2: 0.6562 (0.6562)  loss_bbox_dn_2: 0.2092 (0.2092)  loss_giou_dn_2: 0.5598 (0.5598)  loss_fgl_dn_2: 1.0912 (1.0912)  loss_mal_dn_pre: 0.7158 (0.7158)  loss_bbox_dn_pre: 0.2809 (0.2809)  loss_giou_dn_pre: 0.6738 (0.6738)  time: 3.4894  data: 2.8245  max mem: 8321
Epoch: [98]  [196/197]  eta: 0:00:00  lr: 0.000400  loss: 23.0129 (22.9692)  loss_mal: 1.0225 (1.0354)  loss_bbox: 0.2792 (0.2673)  loss_giou: 0.6089 (0.6001)  loss_fgl: 1.1219 (1.1175)  loss_mal_aux_0: 1.0723 (1.0881)  loss_bbox_aux_0: 0.2823 (0.2750)  loss_giou_aux_0: 0.6271 (0.6182)  loss_fgl_aux_0: 1.1454 (1.1322)  loss_ddf_aux_0: 0.0175 (0.0200)  loss_mal_aux_1: 1.0400 (1.0547)  loss_bbox_aux_1: 0.2791 (0.2682)  loss_giou_aux_1: 0.6143 (0.6019)  loss_fgl_aux_1: 1.1209 (1.1178)  loss_ddf_aux_1: 0.0012 (0.0014)  loss_mal_pre: 1.0645 (1.0884)  loss_bbox_pre: 0.2817 (0.2747)  loss_giou_pre: 0.6261 (0.6170)  loss_mal_enc_0: 1.0898 (1.1072)  loss_bbox_enc_0: 0.2863 (0.3064)  loss_giou_enc_0: 0.6755 (0.6701)  loss_mal_dn_0: 0.7383 (0.7393)  loss_bbox_dn_0: 0.3049 (0.3189)  loss_giou_dn_0: 0.6249 (0.6198)  loss_fgl_dn_0: 1.1569 (1.1606)  loss_ddf_dn_0: 0.0944 (0.0965)  loss_mal_dn_1: 0.6714 (0.6715)  loss_bbox_dn_1: 0.2486 (0.2527)  loss_giou_dn_1: 0.5144 (0.5085)  loss_fgl_dn_1: 1.1234 (1.1237)  loss_ddf_dn_1: 0.0054 (0.0061)  loss_mal_dn_2: 0.6577 (0.6603)  loss_bbox_dn_2: 0.2438 (0.2471)  loss_giou_dn_2: 0.5024 (0.5000)  loss_fgl_dn_2: 1.1220 (1.1219)  loss_mal_dn_pre: 0.7373 (0.7390)  loss_bbox_dn_pre: 0.3070 (0.3222)  loss_giou_dn_pre: 0.6280 (0.6197)  time: 0.4600  data: 0.0488  max mem: 8321
Epoch: [98] Total time: 0:01:38 (0.5025 s / it)
Averaged stats: lr: 0.000400  loss: 23.0129 (22.9692)  loss_mal: 1.0225 (1.0354)  loss_bbox: 0.2792 (0.2673)  loss_giou: 0.6089 (0.6001)  loss_fgl: 1.1219 (1.1175)  loss_mal_aux_0: 1.0723 (1.0881)  loss_bbox_aux_0: 0.2823 (0.2750)  loss_giou_aux_0: 0.6271 (0.6182)  loss_fgl_aux_0: 1.1454 (1.1322)  loss_ddf_aux_0: 0.0175 (0.0200)  loss_mal_aux_1: 1.0400 (1.0547)  loss_bbox_aux_1: 0.2791 (0.2682)  loss_giou_aux_1: 0.6143 (0.6019)  loss_fgl_aux_1: 1.1209 (1.1178)  loss_ddf_aux_1: 0.0012 (0.0014)  loss_mal_pre: 1.0645 (1.0884)  loss_bbox_pre: 0.2817 (0.2747)  loss_giou_pre: 0.6261 (0.6170)  loss_mal_enc_0: 1.0898 (1.1072)  loss_bbox_enc_0: 0.2863 (0.3064)  loss_giou_enc_0: 0.6755 (0.6701)  loss_mal_dn_0: 0.7383 (0.7393)  loss_bbox_dn_0: 0.3049 (0.3189)  loss_giou_dn_0: 0.6249 (0.6198)  loss_fgl_dn_0: 1.1569 (1.1606)  loss_ddf_dn_0: 0.0944 (0.0965)  loss_mal_dn_1: 0.6714 (0.6715)  loss_bbox_dn_1: 0.2486 (0.2527)  loss_giou_dn_1: 0.5144 (0.5085)  loss_fgl_dn_1: 1.1234 (1.1237)  loss_ddf_dn_1: 0.0054 (0.0061)  loss_mal_dn_2: 0.6577 (0.6603)  loss_bbox_dn_2: 0.2438 (0.2471)  loss_giou_dn_2: 0.5024 (0.5000)  loss_fgl_dn_2: 1.1220 (1.1219)  loss_mal_dn_pre: 0.7373 (0.7390)  loss_bbox_dn_pre: 0.3070 (0.3222)  loss_giou_dn_pre: 0.6280 (0.6197)
Test:  [ 0/13]  eta: 0:00:38    time: 2.9487  data: 2.5567  max mem: 8321
Test:  [10/13]  eta: 0:00:01    time: 0.6068  data: 0.3332  max mem: 8321
Test:  [12/13]  eta: 0:00:00    time: 0.5421  data: 0.2887  max mem: 8321
Test: Total time: 0:00:07 (0.5493 s / it)
Averaged stats: 
Accumulating evaluation results...
COCOeval_opt.accumulate() finished...
DONE (t=0.31s).
IoU metric: bbox
 Average Precision  (AP) @[ IoU=0.50:0.95 | area=   all | maxDets=100 ] = 0.268
 Average Precision  (AP) @[ IoU=0.50      | area=   all | maxDets=100 ] = 0.562
 Average Precision  (AP) @[ IoU=0.75      | area=   all | maxDets=100 ] = 0.217
 Average Precision  (AP) @[ IoU=0.50:0.95 | area= small | maxDets=100 ] = 0.114
 Average Precision  (AP) @[ IoU=0.50:0.95 | area=medium | maxDets=100 ] = 0.224
 Average Precision  (AP) @[ IoU=0.50:0.95 | area= large | maxDets=100 ] = 0.318
 Average Recall     (AR) @[ IoU=0.50:0.95 | area=   all | maxDets=  1 ] = 0.247
 Average Recall     (AR) @[ IoU=0.50:0.95 | area=   all | maxDets= 10 ] = 0.474
 Average Recall     (AR) @[ IoU=0.50:0.95 | area=   all | maxDets=100 ] = 0.545
 Average Recall     (AR) @[ IoU=0.50:0.95 | area= small | maxDets=100 ] = 0.290
 Average Recall     (AR) @[ IoU=0.50:0.95 | area=medium | maxDets=100 ] = 0.516
 Average Recall     (AR) @[ IoU=0.50:0.95 | area= large | maxDets=100 ] = 0.629
 Average Recall     (AR) @[ IoU=0.50      | area=   all | maxDets=100 ] = 0.950
 Average Recall     (AR) @[ IoU=0.75      | area=   all | maxDets=100 ] = 0.541
best_stat: {'epoch': 98, 'coco_eval_bbox': 0.2676077712885897}
Epoch: [99]  [  0/197]  eta: 0:11:43  lr: 0.000400  loss: 23.8578 (23.8578)  loss_mal: 1.0029 (1.0029)  loss_bbox: 0.3199 (0.3199)  loss_giou: 0.6733 (0.6733)  loss_fgl: 1.0992 (1.0992)  loss_mal_aux_0: 1.0625 (1.0625)  loss_bbox_aux_0: 0.3332 (0.3332)  loss_giou_aux_0: 0.6895 (0.6895)  loss_fgl_aux_0: 1.1099 (1.1099)  loss_ddf_aux_0: 0.0169 (0.0169)  loss_mal_aux_1: 1.0322 (1.0322)  loss_bbox_aux_1: 0.3231 (0.3231)  loss_giou_aux_1: 0.6744 (0.6744)  loss_fgl_aux_1: 1.1009 (1.1009)  loss_ddf_aux_1: 0.0013 (0.0013)  loss_mal_pre: 1.0732 (1.0732)  loss_bbox_pre: 0.3337 (0.3337)  loss_giou_pre: 0.6906 (0.6906)  loss_mal_enc_0: 1.0332 (1.0332)  loss_bbox_enc_0: 0.3627 (0.3627)  loss_giou_enc_0: 0.7517 (0.7517)  loss_mal_dn_0: 0.7573 (0.7573)  loss_bbox_dn_0: 0.3652 (0.3652)  loss_giou_dn_0: 0.6688 (0.6688)  loss_fgl_dn_0: 1.1530 (1.1530)  loss_ddf_dn_0: 0.0887 (0.0887)  loss_mal_dn_1: 0.7036 (0.7036)  loss_bbox_dn_1: 0.2945 (0.2945)  loss_giou_dn_1: 0.5586 (0.5586)  loss_fgl_dn_1: 1.1280 (1.1280)  loss_ddf_dn_1: 0.0059 (0.0059)  loss_mal_dn_2: 0.6919 (0.6919)  loss_bbox_dn_2: 0.2896 (0.2896)  loss_giou_dn_2: 0.5517 (0.5517)  loss_fgl_dn_2: 1.1265 (1.1265)  loss_mal_dn_pre: 0.7573 (0.7573)  loss_bbox_dn_pre: 0.3659 (0.3659)  loss_giou_dn_pre: 0.6668 (0.6668)  time: 3.5736  data: 2.8769  max mem: 8321
Epoch: [99]  [196/197]  eta: 0:00:00  lr: 0.000400  loss: 23.1974 (22.9135)  loss_mal: 1.0117 (1.0269)  loss_bbox: 0.2671 (0.2653)  loss_giou: 0.6034 (0.6028)  loss_fgl: 1.1071 (1.1148)  loss_mal_aux_0: 1.0674 (1.0880)  loss_bbox_aux_0: 0.2735 (0.2722)  loss_giou_aux_0: 0.6207 (0.6194)  loss_fgl_aux_0: 1.1297 (1.1288)  loss_ddf_aux_0: 0.0178 (0.0173)  loss_mal_aux_1: 1.0273 (1.0488)  loss_bbox_aux_1: 0.2652 (0.2659)  loss_giou_aux_1: 0.5991 (0.6044)  loss_fgl_aux_1: 1.1106 (1.1149)  loss_ddf_aux_1: 0.0012 (0.0013)  loss_mal_pre: 1.0605 (1.0889)  loss_bbox_pre: 0.2742 (0.2719)  loss_giou_pre: 0.6183 (0.6180)  loss_mal_enc_0: 1.1338 (1.1149)  loss_bbox_enc_0: 0.3071 (0.3036)  loss_giou_enc_0: 0.6739 (0.6729)  loss_mal_dn_0: 0.7446 (0.7394)  loss_bbox_dn_0: 0.3267 (0.3156)  loss_giou_dn_0: 0.6305 (0.6141)  loss_fgl_dn_0: 1.1547 (1.1592)  loss_ddf_dn_0: 0.0985 (0.0965)  loss_mal_dn_1: 0.6763 (0.6696)  loss_bbox_dn_1: 0.2584 (0.2500)  loss_giou_dn_1: 0.5156 (0.5051)  loss_fgl_dn_1: 1.1136 (1.1222)  loss_ddf_dn_1: 0.0068 (0.0059)  loss_mal_dn_2: 0.6675 (0.6594)  loss_bbox_dn_2: 0.2567 (0.2446)  loss_giou_dn_2: 0.5084 (0.4971)  loss_fgl_dn_2: 1.1152 (1.1204)  loss_mal_dn_pre: 0.7441 (0.7392)  loss_bbox_dn_pre: 0.3269 (0.3197)  loss_giou_dn_pre: 0.6320 (0.6144)  time: 0.4252  data: 0.0458  max mem: 8321
Epoch: [99] Total time: 0:01:32 (0.4680 s / it)
Averaged stats: lr: 0.000400  loss: 23.1974 (22.9135)  loss_mal: 1.0117 (1.0269)  loss_bbox: 0.2671 (0.2653)  loss_giou: 0.6034 (0.6028)  loss_fgl: 1.1071 (1.1148)  loss_mal_aux_0: 1.0674 (1.0880)  loss_bbox_aux_0: 0.2735 (0.2722)  loss_giou_aux_0: 0.6207 (0.6194)  loss_fgl_aux_0: 1.1297 (1.1288)  loss_ddf_aux_0: 0.0178 (0.0173)  loss_mal_aux_1: 1.0273 (1.0488)  loss_bbox_aux_1: 0.2652 (0.2659)  loss_giou_aux_1: 0.5991 (0.6044)  loss_fgl_aux_1: 1.1106 (1.1149)  loss_ddf_aux_1: 0.0012 (0.0013)  loss_mal_pre: 1.0605 (1.0889)  loss_bbox_pre: 0.2742 (0.2719)  loss_giou_pre: 0.6183 (0.6180)  loss_mal_enc_0: 1.1338 (1.1149)  loss_bbox_enc_0: 0.3071 (0.3036)  loss_giou_enc_0: 0.6739 (0.6729)  loss_mal_dn_0: 0.7446 (0.7394)  loss_bbox_dn_0: 0.3267 (0.3156)  loss_giou_dn_0: 0.6305 (0.6141)  loss_fgl_dn_0: 1.1547 (1.1592)  loss_ddf_dn_0: 0.0985 (0.0965)  loss_mal_dn_1: 0.6763 (0.6696)  loss_bbox_dn_1: 0.2584 (0.2500)  loss_giou_dn_1: 0.5156 (0.5051)  loss_fgl_dn_1: 1.1136 (1.1222)  loss_ddf_dn_1: 0.0068 (0.0059)  loss_mal_dn_2: 0.6675 (0.6594)  loss_bbox_dn_2: 0.2567 (0.2446)  loss_giou_dn_2: 0.5084 (0.4971)  loss_fgl_dn_2: 1.1152 (1.1204)  loss_mal_dn_pre: 0.7441 (0.7392)  loss_bbox_dn_pre: 0.3269 (0.3197)  loss_giou_dn_pre: 0.6320 (0.6144)
Test:  [ 0/13]  eta: 0:00:34    time: 2.6333  data: 2.4168  max mem: 8321
Test:  [10/13]  eta: 0:00:01    time: 0.6568  data: 0.3933  max mem: 8321
Test:  [12/13]  eta: 0:00:00    time: 0.5913  data: 0.3391  max mem: 8321
Test: Total time: 0:00:07 (0.5988 s / it)
Averaged stats: 
Accumulating evaluation results...
COCOeval_opt.accumulate() finished...
DONE (t=0.32s).
IoU metric: bbox
 Average Precision  (AP) @[ IoU=0.50:0.95 | area=   all | maxDets=100 ] = 0.267
 Average Precision  (AP) @[ IoU=0.50      | area=   all | maxDets=100 ] = 0.562
 Average Precision  (AP) @[ IoU=0.75      | area=   all | maxDets=100 ] = 0.213
 Average Precision  (AP) @[ IoU=0.50:0.95 | area= small | maxDets=100 ] = 0.115
 Average Precision  (AP) @[ IoU=0.50:0.95 | area=medium | maxDets=100 ] = 0.223
 Average Precision  (AP) @[ IoU=0.50:0.95 | area= large | maxDets=100 ] = 0.316
 Average Recall     (AR) @[ IoU=0.50:0.95 | area=   all | maxDets=  1 ] = 0.247
 Average Recall     (AR) @[ IoU=0.50:0.95 | area=   all | maxDets= 10 ] = 0.472
 Average Recall     (AR) @[ IoU=0.50:0.95 | area=   all | maxDets=100 ] = 0.544
 Average Recall     (AR) @[ IoU=0.50:0.95 | area= small | maxDets=100 ] = 0.291
 Average Recall     (AR) @[ IoU=0.50:0.95 | area=medium | maxDets=100 ] = 0.515
 Average Recall     (AR) @[ IoU=0.50:0.95 | area= large | maxDets=100 ] = 0.627
 Average Recall     (AR) @[ IoU=0.50      | area=   all | maxDets=100 ] = 0.951
 Average Recall     (AR) @[ IoU=0.75      | area=   all | maxDets=100 ] = 0.536
best_stat: {'epoch': 98, 'coco_eval_bbox': 0.2676077712885897}
Epoch: [100]  [  0/197]  eta: 0:10:56  lr: 0.000400  loss: 21.5578 (21.5578)  loss_mal: 0.9375 (0.9375)  loss_bbox: 0.2004 (0.2004)  loss_giou: 0.5892 (0.5892)  loss_fgl: 1.1528 (1.1528)  loss_mal_aux_0: 0.9541 (0.9541)  loss_bbox_aux_0: 0.2029 (0.2029)  loss_giou_aux_0: 0.6149 (0.6149)  loss_fgl_aux_0: 1.1557 (1.1557)  loss_ddf_aux_0: 0.0147 (0.0147)  loss_mal_aux_1: 0.9312 (0.9312)  loss_bbox_aux_1: 0.2019 (0.2019)  loss_giou_aux_1: 0.5911 (0.5911)  loss_fgl_aux_1: 1.1525 (1.1525)  loss_ddf_aux_1: 0.0011 (0.0011)  loss_mal_pre: 0.9614 (0.9614)  loss_bbox_pre: 0.2043 (0.2043)  loss_giou_pre: 0.6121 (0.6121)  loss_mal_enc_0: 0.9990 (0.9990)  loss_bbox_enc_0: 0.2261 (0.2261)  loss_giou_enc_0: 0.6617 (0.6617)  loss_mal_dn_0: 0.7256 (0.7256)  loss_bbox_dn_0: 0.2290 (0.2290)  loss_giou_dn_0: 0.5937 (0.5937)  loss_fgl_dn_0: 1.1855 (1.1855)  loss_ddf_dn_0: 0.0816 (0.0816)  loss_mal_dn_1: 0.6519 (0.6519)  loss_bbox_dn_1: 0.1661 (0.1661)  loss_giou_dn_1: 0.4732 (0.4732)  loss_fgl_dn_1: 1.1353 (1.1353)  loss_ddf_dn_1: 0.0046 (0.0046)  loss_mal_dn_2: 0.6387 (0.6387)  loss_bbox_dn_2: 0.1589 (0.1589)  loss_giou_dn_2: 0.4641 (0.4641)  loss_fgl_dn_2: 1.1349 (1.1349)  loss_mal_dn_pre: 0.7256 (0.7256)  loss_bbox_dn_pre: 0.2318 (0.2318)  loss_giou_dn_pre: 0.5929 (0.5929)  time: 3.3309  data: 2.7593  max mem: 8321
Epoch: [100]  [196/197]  eta: 0:00:00  lr: 0.000400  loss: 22.9719 (22.8068)  loss_mal: 1.0234 (1.0221)  loss_bbox: 0.2703 (0.2620)  loss_giou: 0.6001 (0.6010)  loss_fgl: 1.0933 (1.1127)  loss_mal_aux_0: 1.0615 (1.0785)  loss_bbox_aux_0: 0.2772 (0.2695)  loss_giou_aux_0: 0.6082 (0.6184)  loss_fgl_aux_0: 1.1123 (1.1264)  loss_ddf_aux_0: 0.0167 (0.0181)  loss_mal_aux_1: 1.0088 (1.0349)  loss_bbox_aux_1: 0.2677 (0.2629)  loss_giou_aux_1: 0.6014 (0.6026)  loss_fgl_aux_1: 1.0923 (1.1131)  loss_ddf_aux_1: 0.0014 (0.0014)  loss_mal_pre: 1.0576 (1.0786)  loss_bbox_pre: 0.2766 (0.2692)  loss_giou_pre: 0.6076 (0.6170)  loss_mal_enc_0: 1.0771 (1.1020)  loss_bbox_enc_0: 0.3155 (0.3019)  loss_giou_enc_0: 0.6643 (0.6721)  loss_mal_dn_0: 0.7368 (0.7380)  loss_bbox_dn_0: 0.3121 (0.3102)  loss_giou_dn_0: 0.6103 (0.6111)  loss_fgl_dn_0: 1.1575 (1.1606)  loss_ddf_dn_0: 0.0950 (0.0973)  loss_mal_dn_1: 0.6621 (0.6686)  loss_bbox_dn_1: 0.2457 (0.2466)  loss_giou_dn_1: 0.4978 (0.5030)  loss_fgl_dn_1: 1.1222 (1.1227)  loss_ddf_dn_1: 0.0058 (0.0061)  loss_mal_dn_2: 0.6553 (0.6587)  loss_bbox_dn_2: 0.2372 (0.2412)  loss_giou_dn_2: 0.4895 (0.4946)  loss_fgl_dn_2: 1.1199 (1.1211)  loss_mal_dn_pre: 0.7354 (0.7378)  loss_bbox_dn_pre: 0.3175 (0.3136)  loss_giou_dn_pre: 0.6079 (0.6110)  time: 0.4179  data: 0.0436  max mem: 8321
Epoch: [100] Total time: 0:01:29 (0.4562 s / it)
Averaged stats: lr: 0.000400  loss: 22.9719 (22.8068)  loss_mal: 1.0234 (1.0221)  loss_bbox: 0.2703 (0.2620)  loss_giou: 0.6001 (0.6010)  loss_fgl: 1.0933 (1.1127)  loss_mal_aux_0: 1.0615 (1.0785)  loss_bbox_aux_0: 0.2772 (0.2695)  loss_giou_aux_0: 0.6082 (0.6184)  loss_fgl_aux_0: 1.1123 (1.1264)  loss_ddf_aux_0: 0.0167 (0.0181)  loss_mal_aux_1: 1.0088 (1.0349)  loss_bbox_aux_1: 0.2677 (0.2629)  loss_giou_aux_1: 0.6014 (0.6026)  loss_fgl_aux_1: 1.0923 (1.1131)  loss_ddf_aux_1: 0.0014 (0.0014)  loss_mal_pre: 1.0576 (1.0786)  loss_bbox_pre: 0.2766 (0.2692)  loss_giou_pre: 0.6076 (0.6170)  loss_mal_enc_0: 1.0771 (1.1020)  loss_bbox_enc_0: 0.3155 (0.3019)  loss_giou_enc_0: 0.6643 (0.6721)  loss_mal_dn_0: 0.7368 (0.7380)  loss_bbox_dn_0: 0.3121 (0.3102)  loss_giou_dn_0: 0.6103 (0.6111)  loss_fgl_dn_0: 1.1575 (1.1606)  loss_ddf_dn_0: 0.0950 (0.0973)  loss_mal_dn_1: 0.6621 (0.6686)  loss_bbox_dn_1: 0.2457 (0.2466)  loss_giou_dn_1: 0.4978 (0.5030)  loss_fgl_dn_1: 1.1222 (1.1227)  loss_ddf_dn_1: 0.0058 (0.0061)  loss_mal_dn_2: 0.6553 (0.6587)  loss_bbox_dn_2: 0.2372 (0.2412)  loss_giou_dn_2: 0.4895 (0.4946)  loss_fgl_dn_2: 1.1199 (1.1211)  loss_mal_dn_pre: 0.7354 (0.7378)  loss_bbox_dn_pre: 0.3175 (0.3136)  loss_giou_dn_pre: 0.6079 (0.6110)
Test:  [ 0/13]  eta: 0:00:35    time: 2.7092  data: 2.3243  max mem: 8321
Test:  [10/13]  eta: 0:00:01    time: 0.5600  data: 0.2860  max mem: 8321
Test:  [12/13]  eta: 0:00:00    time: 0.5152  data: 0.2558  max mem: 8321
Test: Total time: 0:00:06 (0.5211 s / it)
Averaged stats: 
Accumulating evaluation results...
COCOeval_opt.accumulate() finished...
DONE (t=0.30s).
IoU metric: bbox
 Average Precision  (AP) @[ IoU=0.50:0.95 | area=   all | maxDets=100 ] = 0.267
 Average Precision  (AP) @[ IoU=0.50      | area=   all | maxDets=100 ] = 0.562
 Average Precision  (AP) @[ IoU=0.75      | area=   all | maxDets=100 ] = 0.213
 Average Precision  (AP) @[ IoU=0.50:0.95 | area= small | maxDets=100 ] = 0.116
 Average Precision  (AP) @[ IoU=0.50:0.95 | area=medium | maxDets=100 ] = 0.222
 Average Precision  (AP) @[ IoU=0.50:0.95 | area= large | maxDets=100 ] = 0.316
 Average Recall     (AR) @[ IoU=0.50:0.95 | area=   all | maxDets=  1 ] = 0.247
 Average Recall     (AR) @[ IoU=0.50:0.95 | area=   all | maxDets= 10 ] = 0.473
 Average Recall     (AR) @[ IoU=0.50:0.95 | area=   all | maxDets=100 ] = 0.545
 Average Recall     (AR) @[ IoU=0.50:0.95 | area= small | maxDets=100 ] = 0.291
 Average Recall     (AR) @[ IoU=0.50:0.95 | area=medium | maxDets=100 ] = 0.517
 Average Recall     (AR) @[ IoU=0.50:0.95 | area= large | maxDets=100 ] = 0.626
 Average Recall     (AR) @[ IoU=0.50      | area=   all | maxDets=100 ] = 0.951
 Average Recall     (AR) @[ IoU=0.75      | area=   all | maxDets=100 ] = 0.538
best_stat: {'epoch': 98, 'coco_eval_bbox': 0.2676077712885897}
Epoch: [101]  [  0/197]  eta: 0:10:27  lr: 0.000400  loss: 22.8056 (22.8056)  loss_mal: 1.1025 (1.1025)  loss_bbox: 0.2699 (0.2699)  loss_giou: 0.5249 (0.5249)  loss_fgl: 1.1561 (1.1561)  loss_mal_aux_0: 1.1250 (1.1250)  loss_bbox_aux_0: 0.2828 (0.2828)  loss_giou_aux_0: 0.5216 (0.5216)  loss_fgl_aux_0: 1.1755 (1.1755)  loss_ddf_aux_0: 0.0165 (0.0165)  loss_mal_aux_1: 1.0908 (1.0908)  loss_bbox_aux_1: 0.2751 (0.2751)  loss_giou_aux_1: 0.5299 (0.5299)  loss_fgl_aux_1: 1.1533 (1.1533)  loss_ddf_aux_1: 0.0013 (0.0013)  loss_mal_pre: 1.1279 (1.1279)  loss_bbox_pre: 0.2862 (0.2862)  loss_giou_pre: 0.5175 (0.5175)  loss_mal_enc_0: 1.1748 (1.1748)  loss_bbox_enc_0: 0.3224 (0.3224)  loss_giou_enc_0: 0.5878 (0.5878)  loss_mal_dn_0: 0.7192 (0.7192)  loss_bbox_dn_0: 0.3384 (0.3384)  loss_giou_dn_0: 0.5557 (0.5557)  loss_fgl_dn_0: 1.1725 (1.1725)  loss_ddf_dn_0: 0.0850 (0.0850)  loss_mal_dn_1: 0.6509 (0.6509)  loss_bbox_dn_1: 0.2900 (0.2900)  loss_giou_dn_1: 0.4780 (0.4780)  loss_fgl_dn_1: 1.1291 (1.1291)  loss_ddf_dn_1: 0.0050 (0.0050)  loss_mal_dn_2: 0.6382 (0.6382)  loss_bbox_dn_2: 0.2852 (0.2852)  loss_giou_dn_2: 0.4735 (0.4735)  loss_fgl_dn_2: 1.1258 (1.1258)  loss_mal_dn_pre: 0.7178 (0.7178)  loss_bbox_dn_pre: 0.3430 (0.3430)  loss_giou_dn_pre: 0.5565 (0.5565)  time: 3.1849  data: 2.6261  max mem: 8321
Epoch: [101]  [196/197]  eta: 0:00:00  lr: 0.000400  loss: 22.6342 (22.7788)  loss_mal: 1.0098 (1.0082)  loss_bbox: 0.2661 (0.2674)  loss_giou: 0.5890 (0.5962)  loss_fgl: 1.1009 (1.1191)  loss_mal_aux_0: 1.0508 (1.0678)  loss_bbox_aux_0: 0.2698 (0.2752)  loss_giou_aux_0: 0.6107 (0.6128)  loss_fgl_aux_0: 1.1261 (1.1323)  loss_ddf_aux_0: 0.0147 (0.0168)  loss_mal_aux_1: 1.0234 (1.0264)  loss_bbox_aux_1: 0.2646 (0.2685)  loss_giou_aux_1: 0.5909 (0.5983)  loss_fgl_aux_1: 1.1036 (1.1191)  loss_ddf_aux_1: 0.0012 (0.0013)  loss_mal_pre: 1.0518 (1.0691)  loss_bbox_pre: 0.2715 (0.2752)  loss_giou_pre: 0.6113 (0.6118)  loss_mal_enc_0: 1.0732 (1.0955)  loss_bbox_enc_0: 0.3005 (0.3063)  loss_giou_enc_0: 0.6642 (0.6667)  loss_mal_dn_0: 0.7314 (0.7376)  loss_bbox_dn_0: 0.2921 (0.3148)  loss_giou_dn_0: 0.6180 (0.6067)  loss_fgl_dn_0: 1.1626 (1.1642)  loss_ddf_dn_0: 0.0966 (0.0956)  loss_mal_dn_1: 0.6621 (0.6674)  loss_bbox_dn_1: 0.2388 (0.2496)  loss_giou_dn_1: 0.5056 (0.4997)  loss_fgl_dn_1: 1.1202 (1.1251)  loss_ddf_dn_1: 0.0062 (0.0061)  loss_mal_dn_2: 0.6533 (0.6570)  loss_bbox_dn_2: 0.2344 (0.2440)  loss_giou_dn_2: 0.4957 (0.4914)  loss_fgl_dn_2: 1.1187 (1.1236)  loss_mal_dn_pre: 0.7310 (0.7375)  loss_bbox_dn_pre: 0.2996 (0.3180)  loss_giou_dn_pre: 0.6161 (0.6066)  time: 0.4043  data: 0.0400  max mem: 8321
Epoch: [101] Total time: 0:01:31 (0.4648 s / it)
Averaged stats: lr: 0.000400  loss: 22.6342 (22.7788)  loss_mal: 1.0098 (1.0082)  loss_bbox: 0.2661 (0.2674)  loss_giou: 0.5890 (0.5962)  loss_fgl: 1.1009 (1.1191)  loss_mal_aux_0: 1.0508 (1.0678)  loss_bbox_aux_0: 0.2698 (0.2752)  loss_giou_aux_0: 0.6107 (0.6128)  loss_fgl_aux_0: 1.1261 (1.1323)  loss_ddf_aux_0: 0.0147 (0.0168)  loss_mal_aux_1: 1.0234 (1.0264)  loss_bbox_aux_1: 0.2646 (0.2685)  loss_giou_aux_1: 0.5909 (0.5983)  loss_fgl_aux_1: 1.1036 (1.1191)  loss_ddf_aux_1: 0.0012 (0.0013)  loss_mal_pre: 1.0518 (1.0691)  loss_bbox_pre: 0.2715 (0.2752)  loss_giou_pre: 0.6113 (0.6118)  loss_mal_enc_0: 1.0732 (1.0955)  loss_bbox_enc_0: 0.3005 (0.3063)  loss_giou_enc_0: 0.6642 (0.6667)  loss_mal_dn_0: 0.7314 (0.7376)  loss_bbox_dn_0: 0.2921 (0.3148)  loss_giou_dn_0: 0.6180 (0.6067)  loss_fgl_dn_0: 1.1626 (1.1642)  loss_ddf_dn_0: 0.0966 (0.0956)  loss_mal_dn_1: 0.6621 (0.6674)  loss_bbox_dn_1: 0.2388 (0.2496)  loss_giou_dn_1: 0.5056 (0.4997)  loss_fgl_dn_1: 1.1202 (1.1251)  loss_ddf_dn_1: 0.0062 (0.0061)  loss_mal_dn_2: 0.6533 (0.6570)  loss_bbox_dn_2: 0.2344 (0.2440)  loss_giou_dn_2: 0.4957 (0.4914)  loss_fgl_dn_2: 1.1187 (1.1236)  loss_mal_dn_pre: 0.7310 (0.7375)  loss_bbox_dn_pre: 0.2996 (0.3180)  loss_giou_dn_pre: 0.6161 (0.6066)
Test:  [ 0/13]  eta: 0:00:45    time: 3.4708  data: 3.2326  max mem: 8321
Test:  [10/13]  eta: 0:00:01    time: 0.6420  data: 0.3800  max mem: 8321
Test:  [12/13]  eta: 0:00:00    time: 0.5787  data: 0.3278  max mem: 8321
Test: Total time: 0:00:07 (0.5857 s / it)
Averaged stats: 
Accumulating evaluation results...
COCOeval_opt.accumulate() finished...
DONE (t=0.31s).
IoU metric: bbox
 Average Precision  (AP) @[ IoU=0.50:0.95 | area=   all | maxDets=100 ] = 0.270
 Average Precision  (AP) @[ IoU=0.50      | area=   all | maxDets=100 ] = 0.567
 Average Precision  (AP) @[ IoU=0.75      | area=   all | maxDets=100 ] = 0.216
 Average Precision  (AP) @[ IoU=0.50:0.95 | area= small | maxDets=100 ] = 0.116
 Average Precision  (AP) @[ IoU=0.50:0.95 | area=medium | maxDets=100 ] = 0.226
 Average Precision  (AP) @[ IoU=0.50:0.95 | area= large | maxDets=100 ] = 0.318
 Average Recall     (AR) @[ IoU=0.50:0.95 | area=   all | maxDets=  1 ] = 0.248
 Average Recall     (AR) @[ IoU=0.50:0.95 | area=   all | maxDets= 10 ] = 0.476
 Average Recall     (AR) @[ IoU=0.50:0.95 | area=   all | maxDets=100 ] = 0.546
 Average Recall     (AR) @[ IoU=0.50:0.95 | area= small | maxDets=100 ] = 0.292
 Average Recall     (AR) @[ IoU=0.50:0.95 | area=medium | maxDets=100 ] = 0.517
 Average Recall     (AR) @[ IoU=0.50:0.95 | area= large | maxDets=100 ] = 0.626
 Average Recall     (AR) @[ IoU=0.50      | area=   all | maxDets=100 ] = 0.954
 Average Recall     (AR) @[ IoU=0.75      | area=   all | maxDets=100 ] = 0.535
best_stat: {'epoch': 101, 'coco_eval_bbox': 0.26951467076647306}
Epoch: [102]  [  0/197]  eta: 0:09:58  lr: 0.000400  loss: 22.0454 (22.0454)  loss_mal: 0.9067 (0.9067)  loss_bbox: 0.2475 (0.2475)  loss_giou: 0.7049 (0.7049)  loss_fgl: 1.0325 (1.0325)  loss_mal_aux_0: 0.9780 (0.9780)  loss_bbox_aux_0: 0.2598 (0.2598)  loss_giou_aux_0: 0.7344 (0.7344)  loss_fgl_aux_0: 1.0444 (1.0444)  loss_ddf_aux_0: 0.0150 (0.0150)  loss_mal_aux_1: 0.8921 (0.8921)  loss_bbox_aux_1: 0.2487 (0.2487)  loss_giou_aux_1: 0.7107 (0.7107)  loss_fgl_aux_1: 1.0316 (1.0316)  loss_ddf_aux_1: 0.0010 (0.0010)  loss_mal_pre: 0.9600 (0.9600)  loss_bbox_pre: 0.2570 (0.2570)  loss_giou_pre: 0.7299 (0.7299)  loss_mal_enc_0: 1.0029 (1.0029)  loss_bbox_enc_0: 0.2748 (0.2748)  loss_giou_enc_0: 0.7737 (0.7737)  loss_mal_dn_0: 0.7090 (0.7090)  loss_bbox_dn_0: 0.2524 (0.2524)  loss_giou_dn_0: 0.5938 (0.5938)  loss_fgl_dn_0: 1.1506 (1.1506)  loss_ddf_dn_0: 0.0832 (0.0832)  loss_mal_dn_1: 0.6362 (0.6362)  loss_bbox_dn_1: 0.2085 (0.2085)  loss_giou_dn_1: 0.5048 (0.5048)  loss_fgl_dn_1: 1.1088 (1.1088)  loss_ddf_dn_1: 0.0045 (0.0045)  loss_mal_dn_2: 0.6284 (0.6284)  loss_bbox_dn_2: 0.2047 (0.2047)  loss_giou_dn_2: 0.4960 (0.4960)  loss_fgl_dn_2: 1.1079 (1.1079)  loss_mal_dn_pre: 0.7090 (0.7090)  loss_bbox_dn_pre: 0.2511 (0.2511)  loss_giou_dn_pre: 0.5908 (0.5908)  time: 3.0401  data: 2.4612  max mem: 8321
Epoch: [102]  [196/197]  eta: 0:00:00  lr: 0.000400  loss: 22.6958 (22.7232)  loss_mal: 0.9746 (1.0032)  loss_bbox: 0.2550 (0.2617)  loss_giou: 0.6043 (0.6000)  loss_fgl: 1.1019 (1.1156)  loss_mal_aux_0: 1.0381 (1.0689)  loss_bbox_aux_0: 0.2684 (0.2694)  loss_giou_aux_0: 0.6259 (0.6165)  loss_fgl_aux_0: 1.1180 (1.1289)  loss_ddf_aux_0: 0.0153 (0.0169)  loss_mal_aux_1: 0.9951 (1.0231)  loss_bbox_aux_1: 0.2607 (0.2626)  loss_giou_aux_1: 0.6077 (0.6019)  loss_fgl_aux_1: 1.1020 (1.1160)  loss_ddf_aux_1: 0.0012 (0.0013)  loss_mal_pre: 1.0293 (1.0706)  loss_bbox_pre: 0.2684 (0.2695)  loss_giou_pre: 0.6238 (0.6155)  loss_mal_enc_0: 1.0664 (1.1016)  loss_bbox_enc_0: 0.2955 (0.3034)  loss_giou_enc_0: 0.6700 (0.6737)  loss_mal_dn_0: 0.7305 (0.7353)  loss_bbox_dn_0: 0.2844 (0.3047)  loss_giou_dn_0: 0.6108 (0.6086)  loss_fgl_dn_0: 1.1511 (1.1608)  loss_ddf_dn_0: 0.0969 (0.0954)  loss_mal_dn_1: 0.6577 (0.6651)  loss_bbox_dn_1: 0.2274 (0.2427)  loss_giou_dn_1: 0.4970 (0.5013)  loss_fgl_dn_1: 1.1169 (1.1233)  loss_ddf_dn_1: 0.0062 (0.0059)  loss_mal_dn_2: 0.6460 (0.6546)  loss_bbox_dn_2: 0.2258 (0.2376)  loss_giou_dn_2: 0.4860 (0.4931)  loss_fgl_dn_2: 1.1156 (1.1218)  loss_mal_dn_pre: 0.7305 (0.7352)  loss_bbox_dn_pre: 0.2866 (0.3085)  loss_giou_dn_pre: 0.6079 (0.6090)  time: 0.4707  data: 0.0463  max mem: 8321
Epoch: [102] Total time: 0:01:39 (0.5051 s / it)
Averaged stats: lr: 0.000400  loss: 22.6958 (22.7232)  loss_mal: 0.9746 (1.0032)  loss_bbox: 0.2550 (0.2617)  loss_giou: 0.6043 (0.6000)  loss_fgl: 1.1019 (1.1156)  loss_mal_aux_0: 1.0381 (1.0689)  loss_bbox_aux_0: 0.2684 (0.2694)  loss_giou_aux_0: 0.6259 (0.6165)  loss_fgl_aux_0: 1.1180 (1.1289)  loss_ddf_aux_0: 0.0153 (0.0169)  loss_mal_aux_1: 0.9951 (1.0231)  loss_bbox_aux_1: 0.2607 (0.2626)  loss_giou_aux_1: 0.6077 (0.6019)  loss_fgl_aux_1: 1.1020 (1.1160)  loss_ddf_aux_1: 0.0012 (0.0013)  loss_mal_pre: 1.0293 (1.0706)  loss_bbox_pre: 0.2684 (0.2695)  loss_giou_pre: 0.6238 (0.6155)  loss_mal_enc_0: 1.0664 (1.1016)  loss_bbox_enc_0: 0.2955 (0.3034)  loss_giou_enc_0: 0.6700 (0.6737)  loss_mal_dn_0: 0.7305 (0.7353)  loss_bbox_dn_0: 0.2844 (0.3047)  loss_giou_dn_0: 0.6108 (0.6086)  loss_fgl_dn_0: 1.1511 (1.1608)  loss_ddf_dn_0: 0.0969 (0.0954)  loss_mal_dn_1: 0.6577 (0.6651)  loss_bbox_dn_1: 0.2274 (0.2427)  loss_giou_dn_1: 0.4970 (0.5013)  loss_fgl_dn_1: 1.1169 (1.1233)  loss_ddf_dn_1: 0.0062 (0.0059)  loss_mal_dn_2: 0.6460 (0.6546)  loss_bbox_dn_2: 0.2258 (0.2376)  loss_giou_dn_2: 0.4860 (0.4931)  loss_fgl_dn_2: 1.1156 (1.1218)  loss_mal_dn_pre: 0.7305 (0.7352)  loss_bbox_dn_pre: 0.2866 (0.3085)  loss_giou_dn_pre: 0.6079 (0.6090)
Test:  [ 0/13]  eta: 0:00:37    time: 2.8761  data: 2.4700  max mem: 8321
Test:  [10/13]  eta: 0:00:01    time: 0.6577  data: 0.3254  max mem: 8321
Test:  [12/13]  eta: 0:00:00    time: 0.5869  data: 0.2825  max mem: 8321
Test: Total time: 0:00:07 (0.5931 s / it)
Averaged stats: 
Accumulating evaluation results...
COCOeval_opt.accumulate() finished...
DONE (t=0.35s).
IoU metric: bbox
 Average Precision  (AP) @[ IoU=0.50:0.95 | area=   all | maxDets=100 ] = 0.270
 Average Precision  (AP) @[ IoU=0.50      | area=   all | maxDets=100 ] = 0.568
 Average Precision  (AP) @[ IoU=0.75      | area=   all | maxDets=100 ] = 0.216
 Average Precision  (AP) @[ IoU=0.50:0.95 | area= small | maxDets=100 ] = 0.114
 Average Precision  (AP) @[ IoU=0.50:0.95 | area=medium | maxDets=100 ] = 0.227
 Average Precision  (AP) @[ IoU=0.50:0.95 | area= large | maxDets=100 ] = 0.317
 Average Recall     (AR) @[ IoU=0.50:0.95 | area=   all | maxDets=  1 ] = 0.248
 Average Recall     (AR) @[ IoU=0.50:0.95 | area=   all | maxDets= 10 ] = 0.475
 Average Recall     (AR) @[ IoU=0.50:0.95 | area=   all | maxDets=100 ] = 0.546
 Average Recall     (AR) @[ IoU=0.50:0.95 | area= small | maxDets=100 ] = 0.295
 Average Recall     (AR) @[ IoU=0.50:0.95 | area=medium | maxDets=100 ] = 0.518
 Average Recall     (AR) @[ IoU=0.50:0.95 | area= large | maxDets=100 ] = 0.625
 Average Recall     (AR) @[ IoU=0.50      | area=   all | maxDets=100 ] = 0.955
 Average Recall     (AR) @[ IoU=0.75      | area=   all | maxDets=100 ] = 0.534
best_stat: {'epoch': 102, 'coco_eval_bbox': 0.26969556818808205}
Epoch: [103]  [  0/197]  eta: 0:09:40  lr: 0.000400  loss: 22.0828 (22.0828)  loss_mal: 1.0264 (1.0264)  loss_bbox: 0.2453 (0.2453)  loss_giou: 0.5445 (0.5445)  loss_fgl: 1.1268 (1.1268)  loss_mal_aux_0: 1.0605 (1.0605)  loss_bbox_aux_0: 0.2508 (0.2508)  loss_giou_aux_0: 0.5431 (0.5431)  loss_fgl_aux_0: 1.1549 (1.1549)  loss_ddf_aux_0: 0.0221 (0.0221)  loss_mal_aux_1: 1.0293 (1.0293)  loss_bbox_aux_1: 0.2447 (0.2447)  loss_giou_aux_1: 0.5432 (0.5432)  loss_fgl_aux_1: 1.1287 (1.1287)  loss_ddf_aux_1: 0.0018 (0.0018)  loss_mal_pre: 1.0527 (1.0527)  loss_bbox_pre: 0.2533 (0.2533)  loss_giou_pre: 0.5431 (0.5431)  loss_mal_enc_0: 1.0762 (1.0762)  loss_bbox_enc_0: 0.2842 (0.2842)  loss_giou_enc_0: 0.6161 (0.6161)  loss_mal_dn_0: 0.7192 (0.7192)  loss_bbox_dn_0: 0.3133 (0.3133)  loss_giou_dn_0: 0.5645 (0.5645)  loss_fgl_dn_0: 1.1637 (1.1637)  loss_ddf_dn_0: 0.1106 (0.1106)  loss_mal_dn_1: 0.6372 (0.6372)  loss_bbox_dn_1: 0.2392 (0.2392)  loss_giou_dn_1: 0.4568 (0.4568)  loss_fgl_dn_1: 1.1060 (1.1060)  loss_ddf_dn_1: 0.0062 (0.0062)  loss_mal_dn_2: 0.6289 (0.6289)  loss_bbox_dn_2: 0.2323 (0.2323)  loss_giou_dn_2: 0.4458 (0.4458)  loss_fgl_dn_2: 1.1020 (1.1020)  loss_mal_dn_pre: 0.7202 (0.7202)  loss_bbox_dn_pre: 0.3231 (0.3231)  loss_giou_dn_pre: 0.5658 (0.5658)  time: 2.9485  data: 2.3883  max mem: 8321
Epoch: [103]  [196/197]  eta: 0:00:00  lr: 0.000400  loss: 22.5537 (22.6588)  loss_mal: 1.0176 (1.0122)  loss_bbox: 0.2640 (0.2630)  loss_giou: 0.5705 (0.5916)  loss_fgl: 1.1238 (1.1225)  loss_mal_aux_0: 1.0537 (1.0540)  loss_bbox_aux_0: 0.2778 (0.2711)  loss_giou_aux_0: 0.5827 (0.6085)  loss_fgl_aux_0: 1.1473 (1.1369)  loss_ddf_aux_0: 0.0190 (0.0173)  loss_mal_aux_1: 1.0381 (1.0258)  loss_bbox_aux_1: 0.2683 (0.2637)  loss_giou_aux_1: 0.5701 (0.5933)  loss_fgl_aux_1: 1.1216 (1.1227)  loss_ddf_aux_1: 0.0013 (0.0013)  loss_mal_pre: 1.0508 (1.0539)  loss_bbox_pre: 0.2742 (0.2713)  loss_giou_pre: 0.5819 (0.6074)  loss_mal_enc_0: 1.0859 (1.0851)  loss_bbox_enc_0: 0.3055 (0.3031)  loss_giou_enc_0: 0.6337 (0.6616)  loss_mal_dn_0: 0.7324 (0.7351)  loss_bbox_dn_0: 0.3075 (0.3064)  loss_giou_dn_0: 0.6116 (0.6040)  loss_fgl_dn_0: 1.1615 (1.1658)  loss_ddf_dn_0: 0.1037 (0.0993)  loss_mal_dn_1: 0.6621 (0.6640)  loss_bbox_dn_1: 0.2397 (0.2417)  loss_giou_dn_1: 0.4858 (0.4955)  loss_fgl_dn_1: 1.1160 (1.1256)  loss_ddf_dn_1: 0.0065 (0.0063)  loss_mal_dn_2: 0.6509 (0.6536)  loss_bbox_dn_2: 0.2376 (0.2362)  loss_giou_dn_2: 0.4831 (0.4871)  loss_fgl_dn_2: 1.1122 (1.1236)  loss_mal_dn_pre: 0.7310 (0.7348)  loss_bbox_dn_pre: 0.3122 (0.3096)  loss_giou_dn_pre: 0.6101 (0.6040)  time: 0.4497  data: 0.0447  max mem: 8321
Epoch: [103] Total time: 0:01:37 (0.4968 s / it)
Averaged stats: lr: 0.000400  loss: 22.5537 (22.6588)  loss_mal: 1.0176 (1.0122)  loss_bbox: 0.2640 (0.2630)  loss_giou: 0.5705 (0.5916)  loss_fgl: 1.1238 (1.1225)  loss_mal_aux_0: 1.0537 (1.0540)  loss_bbox_aux_0: 0.2778 (0.2711)  loss_giou_aux_0: 0.5827 (0.6085)  loss_fgl_aux_0: 1.1473 (1.1369)  loss_ddf_aux_0: 0.0190 (0.0173)  loss_mal_aux_1: 1.0381 (1.0258)  loss_bbox_aux_1: 0.2683 (0.2637)  loss_giou_aux_1: 0.5701 (0.5933)  loss_fgl_aux_1: 1.1216 (1.1227)  loss_ddf_aux_1: 0.0013 (0.0013)  loss_mal_pre: 1.0508 (1.0539)  loss_bbox_pre: 0.2742 (0.2713)  loss_giou_pre: 0.5819 (0.6074)  loss_mal_enc_0: 1.0859 (1.0851)  loss_bbox_enc_0: 0.3055 (0.3031)  loss_giou_enc_0: 0.6337 (0.6616)  loss_mal_dn_0: 0.7324 (0.7351)  loss_bbox_dn_0: 0.3075 (0.3064)  loss_giou_dn_0: 0.6116 (0.6040)  loss_fgl_dn_0: 1.1615 (1.1658)  loss_ddf_dn_0: 0.1037 (0.0993)  loss_mal_dn_1: 0.6621 (0.6640)  loss_bbox_dn_1: 0.2397 (0.2417)  loss_giou_dn_1: 0.4858 (0.4955)  loss_fgl_dn_1: 1.1160 (1.1256)  loss_ddf_dn_1: 0.0065 (0.0063)  loss_mal_dn_2: 0.6509 (0.6536)  loss_bbox_dn_2: 0.2376 (0.2362)  loss_giou_dn_2: 0.4831 (0.4871)  loss_fgl_dn_2: 1.1122 (1.1236)  loss_mal_dn_pre: 0.7310 (0.7348)  loss_bbox_dn_pre: 0.3122 (0.3096)  loss_giou_dn_pre: 0.6101 (0.6040)
Test:  [ 0/13]  eta: 0:00:40    time: 3.1408  data: 2.9215  max mem: 8321
Test:  [10/13]  eta: 0:00:01    time: 0.5942  data: 0.3486  max mem: 8321
Test:  [12/13]  eta: 0:00:00    time: 0.5381  data: 0.3014  max mem: 8321
Test: Total time: 0:00:07 (0.5454 s / it)
Averaged stats: 
Accumulating evaluation results...
COCOeval_opt.accumulate() finished...
DONE (t=0.31s).
IoU metric: bbox
 Average Precision  (AP) @[ IoU=0.50:0.95 | area=   all | maxDets=100 ] = 0.270
 Average Precision  (AP) @[ IoU=0.50      | area=   all | maxDets=100 ] = 0.572
 Average Precision  (AP) @[ IoU=0.75      | area=   all | maxDets=100 ] = 0.216
 Average Precision  (AP) @[ IoU=0.50:0.95 | area= small | maxDets=100 ] = 0.115
 Average Precision  (AP) @[ IoU=0.50:0.95 | area=medium | maxDets=100 ] = 0.227
 Average Precision  (AP) @[ IoU=0.50:0.95 | area= large | maxDets=100 ] = 0.316
 Average Recall     (AR) @[ IoU=0.50:0.95 | area=   all | maxDets=  1 ] = 0.247
 Average Recall     (AR) @[ IoU=0.50:0.95 | area=   all | maxDets= 10 ] = 0.476
 Average Recall     (AR) @[ IoU=0.50:0.95 | area=   all | maxDets=100 ] = 0.546
 Average Recall     (AR) @[ IoU=0.50:0.95 | area= small | maxDets=100 ] = 0.294
 Average Recall     (AR) @[ IoU=0.50:0.95 | area=medium | maxDets=100 ] = 0.517
 Average Recall     (AR) @[ IoU=0.50:0.95 | area= large | maxDets=100 ] = 0.626
 Average Recall     (AR) @[ IoU=0.50      | area=   all | maxDets=100 ] = 0.955
 Average Recall     (AR) @[ IoU=0.75      | area=   all | maxDets=100 ] = 0.534
best_stat: {'epoch': 103, 'coco_eval_bbox': 0.2701592980697334}
Epoch: [104]  [  0/197]  eta: 0:10:27  lr: 0.000400  loss: 23.2677 (23.2677)  loss_mal: 1.0098 (1.0098)  loss_bbox: 0.3529 (0.3529)  loss_giou: 0.5567 (0.5567)  loss_fgl: 1.1696 (1.1696)  loss_mal_aux_0: 1.0684 (1.0684)  loss_bbox_aux_0: 0.3509 (0.3509)  loss_giou_aux_0: 0.5555 (0.5555)  loss_fgl_aux_0: 1.1757 (1.1757)  loss_ddf_aux_0: 0.0183 (0.0183)  loss_mal_aux_1: 1.0664 (1.0664)  loss_bbox_aux_1: 0.3535 (0.3535)  loss_giou_aux_1: 0.5587 (0.5587)  loss_fgl_aux_1: 1.1705 (1.1705)  loss_ddf_aux_1: 0.0017 (0.0017)  loss_mal_pre: 1.0664 (1.0664)  loss_bbox_pre: 0.3469 (0.3469)  loss_giou_pre: 0.5535 (0.5535)  loss_mal_enc_0: 1.1191 (1.1191)  loss_bbox_enc_0: 0.3773 (0.3773)  loss_giou_enc_0: 0.6073 (0.6073)  loss_mal_dn_0: 0.7290 (0.7290)  loss_bbox_dn_0: 0.3732 (0.3732)  loss_giou_dn_0: 0.5739 (0.5739)  loss_fgl_dn_0: 1.1625 (1.1625)  loss_ddf_dn_0: 0.1120 (0.1120)  loss_mal_dn_1: 0.6611 (0.6611)  loss_bbox_dn_1: 0.3158 (0.3158)  loss_giou_dn_1: 0.4853 (0.4853)  loss_fgl_dn_1: 1.1285 (1.1285)  loss_ddf_dn_1: 0.0074 (0.0074)  loss_mal_dn_2: 0.6455 (0.6455)  loss_bbox_dn_2: 0.3137 (0.3137)  loss_giou_dn_2: 0.4776 (0.4776)  loss_fgl_dn_2: 1.1255 (1.1255)  loss_mal_dn_pre: 0.7275 (0.7275)  loss_bbox_dn_pre: 0.3766 (0.3766)  loss_giou_dn_pre: 0.5734 (0.5734)  time: 3.1865  data: 2.5731  max mem: 8321
Epoch: [104]  [196/197]  eta: 0:00:00  lr: 0.000400  loss: 22.5084 (22.6616)  loss_mal: 0.9917 (0.9991)  loss_bbox: 0.2553 (0.2697)  loss_giou: 0.5826 (0.5933)  loss_fgl: 1.1141 (1.1185)  loss_mal_aux_0: 1.0303 (1.0645)  loss_bbox_aux_0: 0.2698 (0.2772)  loss_giou_aux_0: 0.6028 (0.6099)  loss_fgl_aux_0: 1.1245 (1.1319)  loss_ddf_aux_0: 0.0169 (0.0165)  loss_mal_aux_1: 1.0098 (1.0136)  loss_bbox_aux_1: 0.2536 (0.2705)  loss_giou_aux_1: 0.5827 (0.5952)  loss_fgl_aux_1: 1.1144 (1.1188)  loss_ddf_aux_1: 0.0014 (0.0012)  loss_mal_pre: 1.0381 (1.0643)  loss_bbox_pre: 0.2674 (0.2776)  loss_giou_pre: 0.6052 (0.6090)  loss_mal_enc_0: 1.0586 (1.0759)  loss_bbox_enc_0: 0.2980 (0.3096)  loss_giou_enc_0: 0.6546 (0.6619)  loss_mal_dn_0: 0.7349 (0.7343)  loss_bbox_dn_0: 0.2929 (0.3093)  loss_giou_dn_0: 0.6034 (0.6006)  loss_fgl_dn_0: 1.1609 (1.1630)  loss_ddf_dn_0: 0.0948 (0.0983)  loss_mal_dn_1: 0.6587 (0.6634)  loss_bbox_dn_1: 0.2284 (0.2445)  loss_giou_dn_1: 0.4887 (0.4929)  loss_fgl_dn_1: 1.1228 (1.1239)  loss_ddf_dn_1: 0.0064 (0.0062)  loss_mal_dn_2: 0.6479 (0.6534)  loss_bbox_dn_2: 0.2235 (0.2391)  loss_giou_dn_2: 0.4760 (0.4847)  loss_fgl_dn_2: 1.1203 (1.1221)  loss_mal_dn_pre: 0.7349 (0.7342)  loss_bbox_dn_pre: 0.2965 (0.3127)  loss_giou_dn_pre: 0.6045 (0.6007)  time: 0.4280  data: 0.0427  max mem: 8321
Epoch: [104] Total time: 0:01:32 (0.4702 s / it)
Averaged stats: lr: 0.000400  loss: 22.5084 (22.6616)  loss_mal: 0.9917 (0.9991)  loss_bbox: 0.2553 (0.2697)  loss_giou: 0.5826 (0.5933)  loss_fgl: 1.1141 (1.1185)  loss_mal_aux_0: 1.0303 (1.0645)  loss_bbox_aux_0: 0.2698 (0.2772)  loss_giou_aux_0: 0.6028 (0.6099)  loss_fgl_aux_0: 1.1245 (1.1319)  loss_ddf_aux_0: 0.0169 (0.0165)  loss_mal_aux_1: 1.0098 (1.0136)  loss_bbox_aux_1: 0.2536 (0.2705)  loss_giou_aux_1: 0.5827 (0.5952)  loss_fgl_aux_1: 1.1144 (1.1188)  loss_ddf_aux_1: 0.0014 (0.0012)  loss_mal_pre: 1.0381 (1.0643)  loss_bbox_pre: 0.2674 (0.2776)  loss_giou_pre: 0.6052 (0.6090)  loss_mal_enc_0: 1.0586 (1.0759)  loss_bbox_enc_0: 0.2980 (0.3096)  loss_giou_enc_0: 0.6546 (0.6619)  loss_mal_dn_0: 0.7349 (0.7343)  loss_bbox_dn_0: 0.2929 (0.3093)  loss_giou_dn_0: 0.6034 (0.6006)  loss_fgl_dn_0: 1.1609 (1.1630)  loss_ddf_dn_0: 0.0948 (0.0983)  loss_mal_dn_1: 0.6587 (0.6634)  loss_bbox_dn_1: 0.2284 (0.2445)  loss_giou_dn_1: 0.4887 (0.4929)  loss_fgl_dn_1: 1.1228 (1.1239)  loss_ddf_dn_1: 0.0064 (0.0062)  loss_mal_dn_2: 0.6479 (0.6534)  loss_bbox_dn_2: 0.2235 (0.2391)  loss_giou_dn_2: 0.4760 (0.4847)  loss_fgl_dn_2: 1.1203 (1.1221)  loss_mal_dn_pre: 0.7349 (0.7342)  loss_bbox_dn_pre: 0.2965 (0.3127)  loss_giou_dn_pre: 0.6045 (0.6007)
Test:  [ 0/13]  eta: 0:00:34    time: 2.6600  data: 2.2678  max mem: 8321
Test:  [10/13]  eta: 0:00:01    time: 0.5887  data: 0.3157  max mem: 8321
Test:  [12/13]  eta: 0:00:00    time: 0.5331  data: 0.2735  max mem: 8321
Test: Total time: 0:00:07 (0.5387 s / it)
Averaged stats: 
Accumulating evaluation results...
COCOeval_opt.accumulate() finished...
DONE (t=0.29s).
IoU metric: bbox
 Average Precision  (AP) @[ IoU=0.50:0.95 | area=   all | maxDets=100 ] = 0.270
 Average Precision  (AP) @[ IoU=0.50      | area=   all | maxDets=100 ] = 0.573
 Average Precision  (AP) @[ IoU=0.75      | area=   all | maxDets=100 ] = 0.216
 Average Precision  (AP) @[ IoU=0.50:0.95 | area= small | maxDets=100 ] = 0.114
 Average Precision  (AP) @[ IoU=0.50:0.95 | area=medium | maxDets=100 ] = 0.228
 Average Precision  (AP) @[ IoU=0.50:0.95 | area= large | maxDets=100 ] = 0.317
 Average Recall     (AR) @[ IoU=0.50:0.95 | area=   all | maxDets=  1 ] = 0.249
 Average Recall     (AR) @[ IoU=0.50:0.95 | area=   all | maxDets= 10 ] = 0.477
 Average Recall     (AR) @[ IoU=0.50:0.95 | area=   all | maxDets=100 ] = 0.548
 Average Recall     (AR) @[ IoU=0.50:0.95 | area= small | maxDets=100 ] = 0.293
 Average Recall     (AR) @[ IoU=0.50:0.95 | area=medium | maxDets=100 ] = 0.519
 Average Recall     (AR) @[ IoU=0.50:0.95 | area= large | maxDets=100 ] = 0.636
 Average Recall     (AR) @[ IoU=0.50      | area=   all | maxDets=100 ] = 0.955
 Average Recall     (AR) @[ IoU=0.75      | area=   all | maxDets=100 ] = 0.540
best_stat: {'epoch': 104, 'coco_eval_bbox': 0.2701827713240163}
Epoch: [105]  [  0/197]  eta: 0:10:15  lr: 0.000400  loss: 22.2644 (22.2644)  loss_mal: 0.9624 (0.9624)  loss_bbox: 0.2294 (0.2294)  loss_giou: 0.6283 (0.6283)  loss_fgl: 1.1070 (1.1070)  loss_mal_aux_0: 1.0146 (1.0146)  loss_bbox_aux_0: 0.2295 (0.2295)  loss_giou_aux_0: 0.6384 (0.6384)  loss_fgl_aux_0: 1.1137 (1.1137)  loss_ddf_aux_0: 0.0146 (0.0146)  loss_mal_aux_1: 0.9951 (0.9951)  loss_bbox_aux_1: 0.2300 (0.2300)  loss_giou_aux_1: 0.6289 (0.6289)  loss_fgl_aux_1: 1.1058 (1.1058)  loss_ddf_aux_1: 0.0015 (0.0015)  loss_mal_pre: 1.0225 (1.0225)  loss_bbox_pre: 0.2345 (0.2345)  loss_giou_pre: 0.6438 (0.6438)  loss_mal_enc_0: 1.0654 (1.0654)  loss_bbox_enc_0: 0.2571 (0.2571)  loss_giou_enc_0: 0.6740 (0.6740)  loss_mal_dn_0: 0.7275 (0.7275)  loss_bbox_dn_0: 0.2593 (0.2593)  loss_giou_dn_0: 0.6044 (0.6044)  loss_fgl_dn_0: 1.1585 (1.1585)  loss_ddf_dn_0: 0.0913 (0.0913)  loss_mal_dn_1: 0.6611 (0.6611)  loss_bbox_dn_1: 0.2177 (0.2177)  loss_giou_dn_1: 0.5274 (0.5274)  loss_fgl_dn_1: 1.1163 (1.1163)  loss_ddf_dn_1: 0.0055 (0.0055)  loss_mal_dn_2: 0.6489 (0.6489)  loss_bbox_dn_2: 0.2123 (0.2123)  loss_giou_dn_2: 0.5168 (0.5168)  loss_fgl_dn_2: 1.1152 (1.1152)  loss_mal_dn_pre: 0.7275 (0.7275)  loss_bbox_dn_pre: 0.2697 (0.2697)  loss_giou_dn_pre: 0.6084 (0.6084)  time: 3.1229  data: 2.5400  max mem: 8321
Epoch: [105]  [196/197]  eta: 0:00:00  lr: 0.000400  loss: 22.6205 (22.6139)  loss_mal: 0.9897 (1.0005)  loss_bbox: 0.2446 (0.2616)  loss_giou: 0.5927 (0.5955)  loss_fgl: 1.1170 (1.1178)  loss_mal_aux_0: 1.0645 (1.0502)  loss_bbox_aux_0: 0.2493 (0.2694)  loss_giou_aux_0: 0.6067 (0.6139)  loss_fgl_aux_0: 1.1269 (1.1316)  loss_ddf_aux_0: 0.0175 (0.0186)  loss_mal_aux_1: 1.0176 (1.0140)  loss_bbox_aux_1: 0.2458 (0.2623)  loss_giou_aux_1: 0.5925 (0.5975)  loss_fgl_aux_1: 1.1160 (1.1180)  loss_ddf_aux_1: 0.0013 (0.0014)  loss_mal_pre: 1.0732 (1.0503)  loss_bbox_pre: 0.2530 (0.2697)  loss_giou_pre: 0.6065 (0.6129)  loss_mal_enc_0: 1.1201 (1.0758)  loss_bbox_enc_0: 0.2780 (0.2998)  loss_giou_enc_0: 0.6516 (0.6643)  loss_mal_dn_0: 0.7314 (0.7347)  loss_bbox_dn_0: 0.3069 (0.3040)  loss_giou_dn_0: 0.5867 (0.6060)  loss_fgl_dn_0: 1.1596 (1.1625)  loss_ddf_dn_0: 0.0990 (0.0977)  loss_mal_dn_1: 0.6577 (0.6643)  loss_bbox_dn_1: 0.2463 (0.2417)  loss_giou_dn_1: 0.4851 (0.4983)  loss_fgl_dn_1: 1.1291 (1.1232)  loss_ddf_dn_1: 0.0061 (0.0062)  loss_mal_dn_2: 0.6479 (0.6545)  loss_bbox_dn_2: 0.2399 (0.2365)  loss_giou_dn_2: 0.4784 (0.4903)  loss_fgl_dn_2: 1.1266 (1.1212)  loss_mal_dn_pre: 0.7310 (0.7345)  loss_bbox_dn_pre: 0.3094 (0.3073)  loss_giou_dn_pre: 0.5892 (0.6060)  time: 0.4301  data: 0.0445  max mem: 8321
Epoch: [105] Total time: 0:01:32 (0.4718 s / it)
Averaged stats: lr: 0.000400  loss: 22.6205 (22.6139)  loss_mal: 0.9897 (1.0005)  loss_bbox: 0.2446 (0.2616)  loss_giou: 0.5927 (0.5955)  loss_fgl: 1.1170 (1.1178)  loss_mal_aux_0: 1.0645 (1.0502)  loss_bbox_aux_0: 0.2493 (0.2694)  loss_giou_aux_0: 0.6067 (0.6139)  loss_fgl_aux_0: 1.1269 (1.1316)  loss_ddf_aux_0: 0.0175 (0.0186)  loss_mal_aux_1: 1.0176 (1.0140)  loss_bbox_aux_1: 0.2458 (0.2623)  loss_giou_aux_1: 0.5925 (0.5975)  loss_fgl_aux_1: 1.1160 (1.1180)  loss_ddf_aux_1: 0.0013 (0.0014)  loss_mal_pre: 1.0732 (1.0503)  loss_bbox_pre: 0.2530 (0.2697)  loss_giou_pre: 0.6065 (0.6129)  loss_mal_enc_0: 1.1201 (1.0758)  loss_bbox_enc_0: 0.2780 (0.2998)  loss_giou_enc_0: 0.6516 (0.6643)  loss_mal_dn_0: 0.7314 (0.7347)  loss_bbox_dn_0: 0.3069 (0.3040)  loss_giou_dn_0: 0.5867 (0.6060)  loss_fgl_dn_0: 1.1596 (1.1625)  loss_ddf_dn_0: 0.0990 (0.0977)  loss_mal_dn_1: 0.6577 (0.6643)  loss_bbox_dn_1: 0.2463 (0.2417)  loss_giou_dn_1: 0.4851 (0.4983)  loss_fgl_dn_1: 1.1291 (1.1232)  loss_ddf_dn_1: 0.0061 (0.0062)  loss_mal_dn_2: 0.6479 (0.6545)  loss_bbox_dn_2: 0.2399 (0.2365)  loss_giou_dn_2: 0.4784 (0.4903)  loss_fgl_dn_2: 1.1266 (1.1212)  loss_mal_dn_pre: 0.7310 (0.7345)  loss_bbox_dn_pre: 0.3094 (0.3073)  loss_giou_dn_pre: 0.5892 (0.6060)
Test:  [ 0/13]  eta: 0:00:33    time: 2.6002  data: 2.2128  max mem: 8321
Test:  [10/13]  eta: 0:00:01    time: 0.5749  data: 0.3044  max mem: 8321
Test:  [12/13]  eta: 0:00:00    time: 0.5144  data: 0.2638  max mem: 8321
Test: Total time: 0:00:06 (0.5214 s / it)
Averaged stats: 
Accumulating evaluation results...
COCOeval_opt.accumulate() finished...
DONE (t=0.31s).
IoU metric: bbox
 Average Precision  (AP) @[ IoU=0.50:0.95 | area=   all | maxDets=100 ] = 0.270
 Average Precision  (AP) @[ IoU=0.50      | area=   all | maxDets=100 ] = 0.574
 Average Precision  (AP) @[ IoU=0.75      | area=   all | maxDets=100 ] = 0.216
 Average Precision  (AP) @[ IoU=0.50:0.95 | area= small | maxDets=100 ] = 0.112
 Average Precision  (AP) @[ IoU=0.50:0.95 | area=medium | maxDets=100 ] = 0.227
 Average Precision  (AP) @[ IoU=0.50:0.95 | area= large | maxDets=100 ] = 0.317
 Average Recall     (AR) @[ IoU=0.50:0.95 | area=   all | maxDets=  1 ] = 0.248
 Average Recall     (AR) @[ IoU=0.50:0.95 | area=   all | maxDets= 10 ] = 0.478
 Average Recall     (AR) @[ IoU=0.50:0.95 | area=   all | maxDets=100 ] = 0.547
 Average Recall     (AR) @[ IoU=0.50:0.95 | area= small | maxDets=100 ] = 0.293
 Average Recall     (AR) @[ IoU=0.50:0.95 | area=medium | maxDets=100 ] = 0.519
 Average Recall     (AR) @[ IoU=0.50:0.95 | area= large | maxDets=100 ] = 0.627
 Average Recall     (AR) @[ IoU=0.50      | area=   all | maxDets=100 ] = 0.954
 Average Recall     (AR) @[ IoU=0.75      | area=   all | maxDets=100 ] = 0.541
best_stat: {'epoch': 104, 'coco_eval_bbox': 0.2701827713240163}
Epoch: [106]  [  0/197]  eta: 0:10:24  lr: 0.000400  loss: 22.8658 (22.8658)  loss_mal: 1.0312 (1.0312)  loss_bbox: 0.2117 (0.2117)  loss_giou: 0.6308 (0.6308)  loss_fgl: 1.1207 (1.1207)  loss_mal_aux_0: 1.1230 (1.1230)  loss_bbox_aux_0: 0.2309 (0.2309)  loss_giou_aux_0: 0.6572 (0.6572)  loss_fgl_aux_0: 1.1340 (1.1340)  loss_ddf_aux_0: 0.0189 (0.0189)  loss_mal_aux_1: 1.0693 (1.0693)  loss_bbox_aux_1: 0.2111 (0.2111)  loss_giou_aux_1: 0.6322 (0.6322)  loss_fgl_aux_1: 1.1233 (1.1233)  loss_ddf_aux_1: 0.0015 (0.0015)  loss_mal_pre: 1.1064 (1.1064)  loss_bbox_pre: 0.2335 (0.2335)  loss_giou_pre: 0.6546 (0.6546)  loss_mal_enc_0: 1.0762 (1.0762)  loss_bbox_enc_0: 0.2495 (0.2495)  loss_giou_enc_0: 0.6917 (0.6917)  loss_mal_dn_0: 0.7510 (0.7510)  loss_bbox_dn_0: 0.2661 (0.2661)  loss_giou_dn_0: 0.6494 (0.6494)  loss_fgl_dn_0: 1.1417 (1.1417)  loss_ddf_dn_0: 0.0965 (0.0965)  loss_mal_dn_1: 0.6831 (0.6831)  loss_bbox_dn_1: 0.2148 (0.2148)  loss_giou_dn_1: 0.5401 (0.5401)  loss_fgl_dn_1: 1.1169 (1.1169)  loss_ddf_dn_1: 0.0055 (0.0055)  loss_mal_dn_2: 0.6704 (0.6704)  loss_bbox_dn_2: 0.2102 (0.2102)  loss_giou_dn_2: 0.5254 (0.5254)  loss_fgl_dn_2: 1.1173 (1.1173)  loss_mal_dn_pre: 0.7524 (0.7524)  loss_bbox_dn_pre: 0.2667 (0.2667)  loss_giou_dn_pre: 0.6505 (0.6505)  time: 3.1724  data: 2.6230  max mem: 8321
Epoch: [106]  [196/197]  eta: 0:00:00  lr: 0.000400  loss: 22.6700 (22.6469)  loss_mal: 1.0088 (0.9989)  loss_bbox: 0.2660 (0.2631)  loss_giou: 0.5333 (0.5842)  loss_fgl: 1.1301 (1.1197)  loss_mal_aux_0: 1.0938 (1.0711)  loss_bbox_aux_0: 0.2706 (0.2711)  loss_giou_aux_0: 0.5574 (0.6018)  loss_fgl_aux_0: 1.1497 (1.1345)  loss_ddf_aux_0: 0.0183 (0.0184)  loss_mal_aux_1: 1.0381 (1.0250)  loss_bbox_aux_1: 0.2654 (0.2640)  loss_giou_aux_1: 0.5347 (0.5862)  loss_fgl_aux_1: 1.1321 (1.1197)  loss_ddf_aux_1: 0.0012 (0.0013)  loss_mal_pre: 1.0869 (1.0719)  loss_bbox_pre: 0.2707 (0.2709)  loss_giou_pre: 0.5520 (0.6006)  loss_mal_enc_0: 1.1143 (1.0903)  loss_bbox_enc_0: 0.2968 (0.3019)  loss_giou_enc_0: 0.5970 (0.6528)  loss_mal_dn_0: 0.7290 (0.7350)  loss_bbox_dn_0: 0.3282 (0.3110)  loss_giou_dn_0: 0.5911 (0.6022)  loss_fgl_dn_0: 1.1624 (1.1652)  loss_ddf_dn_0: 0.0987 (0.0987)  loss_mal_dn_1: 0.6577 (0.6632)  loss_bbox_dn_1: 0.2650 (0.2466)  loss_giou_dn_1: 0.4763 (0.4936)  loss_fgl_dn_1: 1.1213 (1.1243)  loss_ddf_dn_1: 0.0057 (0.0060)  loss_mal_dn_2: 0.6499 (0.6529)  loss_bbox_dn_2: 0.2597 (0.2415)  loss_giou_dn_2: 0.4728 (0.4856)  loss_fgl_dn_2: 1.1182 (1.1224)  loss_mal_dn_pre: 0.7290 (0.7348)  loss_bbox_dn_pre: 0.3281 (0.3144)  loss_giou_dn_pre: 0.5892 (0.6022)  time: 0.4097  data: 0.0413  max mem: 8321
Epoch: [106] Total time: 0:01:34 (0.4799 s / it)
Averaged stats: lr: 0.000400  loss: 22.6700 (22.6469)  loss_mal: 1.0088 (0.9989)  loss_bbox: 0.2660 (0.2631)  loss_giou: 0.5333 (0.5842)  loss_fgl: 1.1301 (1.1197)  loss_mal_aux_0: 1.0938 (1.0711)  loss_bbox_aux_0: 0.2706 (0.2711)  loss_giou_aux_0: 0.5574 (0.6018)  loss_fgl_aux_0: 1.1497 (1.1345)  loss_ddf_aux_0: 0.0183 (0.0184)  loss_mal_aux_1: 1.0381 (1.0250)  loss_bbox_aux_1: 0.2654 (0.2640)  loss_giou_aux_1: 0.5347 (0.5862)  loss_fgl_aux_1: 1.1321 (1.1197)  loss_ddf_aux_1: 0.0012 (0.0013)  loss_mal_pre: 1.0869 (1.0719)  loss_bbox_pre: 0.2707 (0.2709)  loss_giou_pre: 0.5520 (0.6006)  loss_mal_enc_0: 1.1143 (1.0903)  loss_bbox_enc_0: 0.2968 (0.3019)  loss_giou_enc_0: 0.5970 (0.6528)  loss_mal_dn_0: 0.7290 (0.7350)  loss_bbox_dn_0: 0.3282 (0.3110)  loss_giou_dn_0: 0.5911 (0.6022)  loss_fgl_dn_0: 1.1624 (1.1652)  loss_ddf_dn_0: 0.0987 (0.0987)  loss_mal_dn_1: 0.6577 (0.6632)  loss_bbox_dn_1: 0.2650 (0.2466)  loss_giou_dn_1: 0.4763 (0.4936)  loss_fgl_dn_1: 1.1213 (1.1243)  loss_ddf_dn_1: 0.0057 (0.0060)  loss_mal_dn_2: 0.6499 (0.6529)  loss_bbox_dn_2: 0.2597 (0.2415)  loss_giou_dn_2: 0.4728 (0.4856)  loss_fgl_dn_2: 1.1182 (1.1224)  loss_mal_dn_pre: 0.7290 (0.7348)  loss_bbox_dn_pre: 0.3281 (0.3144)  loss_giou_dn_pre: 0.5892 (0.6022)
Test:  [ 0/13]  eta: 0:00:41    time: 3.2097  data: 2.8487  max mem: 8321
Test:  [10/13]  eta: 0:00:01    time: 0.6103  data: 0.3395  max mem: 8321
Test:  [12/13]  eta: 0:00:00    time: 0.5505  data: 0.2936  max mem: 8321
Test: Total time: 0:00:07 (0.5580 s / it)
Averaged stats: 
Accumulating evaluation results...
COCOeval_opt.accumulate() finished...
DONE (t=0.31s).
IoU metric: bbox
 Average Precision  (AP) @[ IoU=0.50:0.95 | area=   all | maxDets=100 ] = 0.271
 Average Precision  (AP) @[ IoU=0.50      | area=   all | maxDets=100 ] = 0.576
 Average Precision  (AP) @[ IoU=0.75      | area=   all | maxDets=100 ] = 0.219
 Average Precision  (AP) @[ IoU=0.50:0.95 | area= small | maxDets=100 ] = 0.113
 Average Precision  (AP) @[ IoU=0.50:0.95 | area=medium | maxDets=100 ] = 0.229
 Average Precision  (AP) @[ IoU=0.50:0.95 | area= large | maxDets=100 ] = 0.315
 Average Recall     (AR) @[ IoU=0.50:0.95 | area=   all | maxDets=  1 ] = 0.248
 Average Recall     (AR) @[ IoU=0.50:0.95 | area=   all | maxDets= 10 ] = 0.477
 Average Recall     (AR) @[ IoU=0.50:0.95 | area=   all | maxDets=100 ] = 0.548
 Average Recall     (AR) @[ IoU=0.50:0.95 | area= small | maxDets=100 ] = 0.294
 Average Recall     (AR) @[ IoU=0.50:0.95 | area=medium | maxDets=100 ] = 0.521
 Average Recall     (AR) @[ IoU=0.50:0.95 | area= large | maxDets=100 ] = 0.627
 Average Recall     (AR) @[ IoU=0.50      | area=   all | maxDets=100 ] = 0.952
 Average Recall     (AR) @[ IoU=0.75      | area=   all | maxDets=100 ] = 0.540
best_stat: {'epoch': 106, 'coco_eval_bbox': 0.27099324968782146}
Epoch: [107]  [  0/197]  eta: 0:11:13  lr: 0.000400  loss: 21.9635 (21.9635)  loss_mal: 0.9624 (0.9624)  loss_bbox: 0.2380 (0.2380)  loss_giou: 0.5681 (0.5681)  loss_fgl: 1.1292 (1.1292)  loss_mal_aux_0: 1.0264 (1.0264)  loss_bbox_aux_0: 0.2469 (0.2469)  loss_giou_aux_0: 0.5808 (0.5808)  loss_fgl_aux_0: 1.1453 (1.1453)  loss_ddf_aux_0: 0.0126 (0.0126)  loss_mal_aux_1: 0.9756 (0.9756)  loss_bbox_aux_1: 0.2397 (0.2397)  loss_giou_aux_1: 0.5697 (0.5697)  loss_fgl_aux_1: 1.1284 (1.1284)  loss_ddf_aux_1: 0.0010 (0.0010)  loss_mal_pre: 1.0264 (1.0264)  loss_bbox_pre: 0.2453 (0.2453)  loss_giou_pre: 0.5782 (0.5782)  loss_mal_enc_0: 0.9932 (0.9932)  loss_bbox_enc_0: 0.2720 (0.2720)  loss_giou_enc_0: 0.6145 (0.6145)  loss_mal_dn_0: 0.7363 (0.7363)  loss_bbox_dn_0: 0.2603 (0.2603)  loss_giou_dn_0: 0.5782 (0.5782)  loss_fgl_dn_0: 1.2002 (1.2002)  loss_ddf_dn_0: 0.0809 (0.0809)  loss_mal_dn_1: 0.6602 (0.6602)  loss_bbox_dn_1: 0.2084 (0.2084)  loss_giou_dn_1: 0.4772 (0.4772)  loss_fgl_dn_1: 1.1554 (1.1554)  loss_ddf_dn_1: 0.0041 (0.0041)  loss_mal_dn_2: 0.6489 (0.6489)  loss_bbox_dn_2: 0.2049 (0.2049)  loss_giou_dn_2: 0.4687 (0.4687)  loss_fgl_dn_2: 1.1520 (1.1520)  loss_mal_dn_pre: 0.7363 (0.7363)  loss_bbox_dn_pre: 0.2610 (0.2610)  loss_giou_dn_pre: 0.5767 (0.5767)  time: 3.4189  data: 2.8627  max mem: 8321
Epoch: [107]  [196/197]  eta: 0:00:00  lr: 0.000400  loss: 22.5458 (22.5299)  loss_mal: 0.9580 (0.9907)  loss_bbox: 0.2609 (0.2627)  loss_giou: 0.6194 (0.5911)  loss_fgl: 1.0970 (1.1125)  loss_mal_aux_0: 1.0088 (1.0522)  loss_bbox_aux_0: 0.2731 (0.2704)  loss_giou_aux_0: 0.6289 (0.6081)  loss_fgl_aux_0: 1.1121 (1.1267)  loss_ddf_aux_0: 0.0158 (0.0171)  loss_mal_aux_1: 0.9819 (1.0147)  loss_bbox_aux_1: 0.2650 (0.2634)  loss_giou_aux_1: 0.6186 (0.5927)  loss_fgl_aux_1: 1.0988 (1.1128)  loss_ddf_aux_1: 0.0012 (0.0012)  loss_mal_pre: 1.0068 (1.0525)  loss_bbox_pre: 0.2716 (0.2704)  loss_giou_pre: 0.6258 (0.6067)  loss_mal_enc_0: 1.0439 (1.0811)  loss_bbox_enc_0: 0.3228 (0.3030)  loss_giou_enc_0: 0.6828 (0.6586)  loss_mal_dn_0: 0.7358 (0.7325)  loss_bbox_dn_0: 0.2944 (0.3031)  loss_giou_dn_0: 0.5977 (0.5985)  loss_fgl_dn_0: 1.1572 (1.1617)  loss_ddf_dn_0: 0.0941 (0.0969)  loss_mal_dn_1: 0.6587 (0.6597)  loss_bbox_dn_1: 0.2348 (0.2406)  loss_giou_dn_1: 0.4941 (0.4933)  loss_fgl_dn_1: 1.1200 (1.1213)  loss_ddf_dn_1: 0.0057 (0.0063)  loss_mal_dn_2: 0.6538 (0.6500)  loss_bbox_dn_2: 0.2291 (0.2352)  loss_giou_dn_2: 0.4881 (0.4850)  loss_fgl_dn_2: 1.1177 (1.1197)  loss_mal_dn_pre: 0.7354 (0.7324)  loss_bbox_dn_pre: 0.2980 (0.3065)  loss_giou_dn_pre: 0.5979 (0.5987)  time: 0.4388  data: 0.0509  max mem: 8321
Epoch: [107] Total time: 0:01:36 (0.4883 s / it)
Averaged stats: lr: 0.000400  loss: 22.5458 (22.5299)  loss_mal: 0.9580 (0.9907)  loss_bbox: 0.2609 (0.2627)  loss_giou: 0.6194 (0.5911)  loss_fgl: 1.0970 (1.1125)  loss_mal_aux_0: 1.0088 (1.0522)  loss_bbox_aux_0: 0.2731 (0.2704)  loss_giou_aux_0: 0.6289 (0.6081)  loss_fgl_aux_0: 1.1121 (1.1267)  loss_ddf_aux_0: 0.0158 (0.0171)  loss_mal_aux_1: 0.9819 (1.0147)  loss_bbox_aux_1: 0.2650 (0.2634)  loss_giou_aux_1: 0.6186 (0.5927)  loss_fgl_aux_1: 1.0988 (1.1128)  loss_ddf_aux_1: 0.0012 (0.0012)  loss_mal_pre: 1.0068 (1.0525)  loss_bbox_pre: 0.2716 (0.2704)  loss_giou_pre: 0.6258 (0.6067)  loss_mal_enc_0: 1.0439 (1.0811)  loss_bbox_enc_0: 0.3228 (0.3030)  loss_giou_enc_0: 0.6828 (0.6586)  loss_mal_dn_0: 0.7358 (0.7325)  loss_bbox_dn_0: 0.2944 (0.3031)  loss_giou_dn_0: 0.5977 (0.5985)  loss_fgl_dn_0: 1.1572 (1.1617)  loss_ddf_dn_0: 0.0941 (0.0969)  loss_mal_dn_1: 0.6587 (0.6597)  loss_bbox_dn_1: 0.2348 (0.2406)  loss_giou_dn_1: 0.4941 (0.4933)  loss_fgl_dn_1: 1.1200 (1.1213)  loss_ddf_dn_1: 0.0057 (0.0063)  loss_mal_dn_2: 0.6538 (0.6500)  loss_bbox_dn_2: 0.2291 (0.2352)  loss_giou_dn_2: 0.4881 (0.4850)  loss_fgl_dn_2: 1.1177 (1.1197)  loss_mal_dn_pre: 0.7354 (0.7324)  loss_bbox_dn_pre: 0.2980 (0.3065)  loss_giou_dn_pre: 0.5979 (0.5987)
Test:  [ 0/13]  eta: 0:00:37    time: 2.9086  data: 2.5351  max mem: 8321
Test:  [10/13]  eta: 0:00:01    time: 0.5844  data: 0.3058  max mem: 8321
Test:  [12/13]  eta: 0:00:00    time: 0.5226  data: 0.2651  max mem: 8321
Test: Total time: 0:00:06 (0.5298 s / it)
Averaged stats: 
Accumulating evaluation results...
COCOeval_opt.accumulate() finished...
DONE (t=0.31s).
IoU metric: bbox
 Average Precision  (AP) @[ IoU=0.50:0.95 | area=   all | maxDets=100 ] = 0.271
 Average Precision  (AP) @[ IoU=0.50      | area=   all | maxDets=100 ] = 0.577
 Average Precision  (AP) @[ IoU=0.75      | area=   all | maxDets=100 ] = 0.218
 Average Precision  (AP) @[ IoU=0.50:0.95 | area= small | maxDets=100 ] = 0.113
 Average Precision  (AP) @[ IoU=0.50:0.95 | area=medium | maxDets=100 ] = 0.230
 Average Precision  (AP) @[ IoU=0.50:0.95 | area= large | maxDets=100 ] = 0.316
 Average Recall     (AR) @[ IoU=0.50:0.95 | area=   all | maxDets=  1 ] = 0.249
 Average Recall     (AR) @[ IoU=0.50:0.95 | area=   all | maxDets= 10 ] = 0.477
 Average Recall     (AR) @[ IoU=0.50:0.95 | area=   all | maxDets=100 ] = 0.549
 Average Recall     (AR) @[ IoU=0.50:0.95 | area= small | maxDets=100 ] = 0.295
 Average Recall     (AR) @[ IoU=0.50:0.95 | area=medium | maxDets=100 ] = 0.522
 Average Recall     (AR) @[ IoU=0.50:0.95 | area= large | maxDets=100 ] = 0.625
 Average Recall     (AR) @[ IoU=0.50      | area=   all | maxDets=100 ] = 0.952
 Average Recall     (AR) @[ IoU=0.75      | area=   all | maxDets=100 ] = 0.538
best_stat: {'epoch': 107, 'coco_eval_bbox': 0.2714465149177417}
Epoch: [108]  [  0/197]  eta: 0:10:13  lr: 0.000400  loss: 21.8962 (21.8962)  loss_mal: 1.0420 (1.0420)  loss_bbox: 0.2611 (0.2611)  loss_giou: 0.5004 (0.5004)  loss_fgl: 1.1584 (1.1584)  loss_mal_aux_0: 1.0791 (1.0791)  loss_bbox_aux_0: 0.2609 (0.2609)  loss_giou_aux_0: 0.5131 (0.5131)  loss_fgl_aux_0: 1.1648 (1.1648)  loss_ddf_aux_0: 0.0172 (0.0172)  loss_mal_aux_1: 1.0488 (1.0488)  loss_bbox_aux_1: 0.2616 (0.2616)  loss_giou_aux_1: 0.5045 (0.5045)  loss_fgl_aux_1: 1.1557 (1.1557)  loss_ddf_aux_1: 0.0012 (0.0012)  loss_mal_pre: 1.0791 (1.0791)  loss_bbox_pre: 0.2567 (0.2567)  loss_giou_pre: 0.5112 (0.5112)  loss_mal_enc_0: 1.0391 (1.0391)  loss_bbox_enc_0: 0.2647 (0.2647)  loss_giou_enc_0: 0.5516 (0.5516)  loss_mal_dn_0: 0.7290 (0.7290)  loss_bbox_dn_0: 0.3084 (0.3084)  loss_giou_dn_0: 0.5263 (0.5263)  loss_fgl_dn_0: 1.1518 (1.1518)  loss_ddf_dn_0: 0.1045 (0.1045)  loss_mal_dn_1: 0.6426 (0.6426)  loss_bbox_dn_1: 0.2565 (0.2565)  loss_giou_dn_1: 0.4357 (0.4357)  loss_fgl_dn_1: 1.1029 (1.1029)  loss_ddf_dn_1: 0.0065 (0.0065)  loss_mal_dn_2: 0.6260 (0.6260)  loss_bbox_dn_2: 0.2479 (0.2479)  loss_giou_dn_2: 0.4232 (0.4232)  loss_fgl_dn_2: 1.1019 (1.1019)  loss_mal_dn_pre: 0.7275 (0.7275)  loss_bbox_dn_pre: 0.3080 (0.3080)  loss_giou_dn_pre: 0.5264 (0.5264)  time: 3.1120  data: 2.4835  max mem: 8321
Epoch: [108]  [196/197]  eta: 0:00:00  lr: 0.000400  loss: 22.5679 (22.5324)  loss_mal: 0.9839 (1.0022)  loss_bbox: 0.2537 (0.2577)  loss_giou: 0.5848 (0.5823)  loss_fgl: 1.1302 (1.1210)  loss_mal_aux_0: 1.0088 (1.0593)  loss_bbox_aux_0: 0.2652 (0.2647)  loss_giou_aux_0: 0.6047 (0.5987)  loss_fgl_aux_0: 1.1457 (1.1346)  loss_ddf_aux_0: 0.0157 (0.0167)  loss_mal_aux_1: 0.9849 (1.0177)  loss_bbox_aux_1: 0.2569 (0.2586)  loss_giou_aux_1: 0.5875 (0.5842)  loss_fgl_aux_1: 1.1269 (1.1213)  loss_ddf_aux_1: 0.0013 (0.0013)  loss_mal_pre: 1.0127 (1.0598)  loss_bbox_pre: 0.2661 (0.2646)  loss_giou_pre: 0.6050 (0.5975)  loss_mal_enc_0: 1.0635 (1.0825)  loss_bbox_enc_0: 0.2910 (0.2966)  loss_giou_enc_0: 0.6648 (0.6526)  loss_mal_dn_0: 0.7393 (0.7330)  loss_bbox_dn_0: 0.2890 (0.3036)  loss_giou_dn_0: 0.6081 (0.5990)  loss_fgl_dn_0: 1.1644 (1.1645)  loss_ddf_dn_0: 0.0938 (0.0947)  loss_mal_dn_1: 0.6621 (0.6620)  loss_bbox_dn_1: 0.2337 (0.2421)  loss_giou_dn_1: 0.5129 (0.4937)  loss_fgl_dn_1: 1.1262 (1.1239)  loss_ddf_dn_1: 0.0061 (0.0059)  loss_mal_dn_2: 0.6504 (0.6511)  loss_bbox_dn_2: 0.2292 (0.2372)  loss_giou_dn_2: 0.5013 (0.4858)  loss_fgl_dn_2: 1.1251 (1.1223)  loss_mal_dn_pre: 0.7388 (0.7327)  loss_bbox_dn_pre: 0.2910 (0.3076)  loss_giou_dn_pre: 0.6085 (0.5992)  time: 0.4199  data: 0.0418  max mem: 8321
Epoch: [108] Total time: 0:01:35 (0.4825 s / it)
Averaged stats: lr: 0.000400  loss: 22.5679 (22.5324)  loss_mal: 0.9839 (1.0022)  loss_bbox: 0.2537 (0.2577)  loss_giou: 0.5848 (0.5823)  loss_fgl: 1.1302 (1.1210)  loss_mal_aux_0: 1.0088 (1.0593)  loss_bbox_aux_0: 0.2652 (0.2647)  loss_giou_aux_0: 0.6047 (0.5987)  loss_fgl_aux_0: 1.1457 (1.1346)  loss_ddf_aux_0: 0.0157 (0.0167)  loss_mal_aux_1: 0.9849 (1.0177)  loss_bbox_aux_1: 0.2569 (0.2586)  loss_giou_aux_1: 0.5875 (0.5842)  loss_fgl_aux_1: 1.1269 (1.1213)  loss_ddf_aux_1: 0.0013 (0.0013)  loss_mal_pre: 1.0127 (1.0598)  loss_bbox_pre: 0.2661 (0.2646)  loss_giou_pre: 0.6050 (0.5975)  loss_mal_enc_0: 1.0635 (1.0825)  loss_bbox_enc_0: 0.2910 (0.2966)  loss_giou_enc_0: 0.6648 (0.6526)  loss_mal_dn_0: 0.7393 (0.7330)  loss_bbox_dn_0: 0.2890 (0.3036)  loss_giou_dn_0: 0.6081 (0.5990)  loss_fgl_dn_0: 1.1644 (1.1645)  loss_ddf_dn_0: 0.0938 (0.0947)  loss_mal_dn_1: 0.6621 (0.6620)  loss_bbox_dn_1: 0.2337 (0.2421)  loss_giou_dn_1: 0.5129 (0.4937)  loss_fgl_dn_1: 1.1262 (1.1239)  loss_ddf_dn_1: 0.0061 (0.0059)  loss_mal_dn_2: 0.6504 (0.6511)  loss_bbox_dn_2: 0.2292 (0.2372)  loss_giou_dn_2: 0.5013 (0.4858)  loss_fgl_dn_2: 1.1251 (1.1223)  loss_mal_dn_pre: 0.7388 (0.7327)  loss_bbox_dn_pre: 0.2910 (0.3076)  loss_giou_dn_pre: 0.6085 (0.5992)
Test:  [ 0/13]  eta: 0:00:36    time: 2.8250  data: 2.4365  max mem: 8321
Test:  [10/13]  eta: 0:00:01    time: 0.5854  data: 0.3069  max mem: 8321
Test:  [12/13]  eta: 0:00:00    time: 0.5391  data: 0.2737  max mem: 8321
Test: Total time: 0:00:07 (0.5457 s / it)
Averaged stats: 
Accumulating evaluation results...
COCOeval_opt.accumulate() finished...
DONE (t=0.31s).
IoU metric: bbox
 Average Precision  (AP) @[ IoU=0.50:0.95 | area=   all | maxDets=100 ] = 0.272
 Average Precision  (AP) @[ IoU=0.50      | area=   all | maxDets=100 ] = 0.577
 Average Precision  (AP) @[ IoU=0.75      | area=   all | maxDets=100 ] = 0.214
 Average Precision  (AP) @[ IoU=0.50:0.95 | area= small | maxDets=100 ] = 0.117
 Average Precision  (AP) @[ IoU=0.50:0.95 | area=medium | maxDets=100 ] = 0.230
 Average Precision  (AP) @[ IoU=0.50:0.95 | area= large | maxDets=100 ] = 0.318
 Average Recall     (AR) @[ IoU=0.50:0.95 | area=   all | maxDets=  1 ] = 0.248
 Average Recall     (AR) @[ IoU=0.50:0.95 | area=   all | maxDets= 10 ] = 0.477
 Average Recall     (AR) @[ IoU=0.50:0.95 | area=   all | maxDets=100 ] = 0.549
 Average Recall     (AR) @[ IoU=0.50:0.95 | area= small | maxDets=100 ] = 0.295
 Average Recall     (AR) @[ IoU=0.50:0.95 | area=medium | maxDets=100 ] = 0.522
 Average Recall     (AR) @[ IoU=0.50:0.95 | area= large | maxDets=100 ] = 0.626
 Average Recall     (AR) @[ IoU=0.50      | area=   all | maxDets=100 ] = 0.952
 Average Recall     (AR) @[ IoU=0.75      | area=   all | maxDets=100 ] = 0.536
best_stat: {'epoch': 108, 'coco_eval_bbox': 0.27172007522141245}
Epoch: [109]  [  0/197]  eta: 0:10:03  lr: 0.000400  loss: 22.1678 (22.1678)  loss_mal: 1.0273 (1.0273)  loss_bbox: 0.2252 (0.2252)  loss_giou: 0.5210 (0.5210)  loss_fgl: 1.1492 (1.1492)  loss_mal_aux_0: 1.1074 (1.1074)  loss_bbox_aux_0: 0.2408 (0.2408)  loss_giou_aux_0: 0.5468 (0.5468)  loss_fgl_aux_0: 1.1640 (1.1640)  loss_ddf_aux_0: 0.0159 (0.0159)  loss_mal_aux_1: 1.0039 (1.0039)  loss_bbox_aux_1: 0.2287 (0.2287)  loss_giou_aux_1: 0.5229 (0.5229)  loss_fgl_aux_1: 1.1500 (1.1500)  loss_ddf_aux_1: 0.0014 (0.0014)  loss_mal_pre: 1.1104 (1.1104)  loss_bbox_pre: 0.2419 (0.2419)  loss_giou_pre: 0.5442 (0.5442)  loss_mal_enc_0: 1.1318 (1.1318)  loss_bbox_enc_0: 0.2808 (0.2808)  loss_giou_enc_0: 0.6168 (0.6168)  loss_mal_dn_0: 0.7256 (0.7256)  loss_bbox_dn_0: 0.2696 (0.2696)  loss_giou_dn_0: 0.5678 (0.5678)  loss_fgl_dn_0: 1.1850 (1.1850)  loss_ddf_dn_0: 0.0838 (0.0838)  loss_mal_dn_1: 0.6504 (0.6504)  loss_bbox_dn_1: 0.2082 (0.2082)  loss_giou_dn_1: 0.4714 (0.4714)  loss_fgl_dn_1: 1.1420 (1.1420)  loss_ddf_dn_1: 0.0060 (0.0060)  loss_mal_dn_2: 0.6450 (0.6450)  loss_bbox_dn_2: 0.2058 (0.2058)  loss_giou_dn_2: 0.4647 (0.4647)  loss_fgl_dn_2: 1.1453 (1.1453)  loss_mal_dn_pre: 0.7231 (0.7231)  loss_bbox_dn_pre: 0.2755 (0.2755)  loss_giou_dn_pre: 0.5681 (0.5681)  time: 3.0631  data: 2.5048  max mem: 8321
Epoch: [109]  [196/197]  eta: 0:00:00  lr: 0.000400  loss: 22.6694 (22.4894)  loss_mal: 1.0352 (0.9944)  loss_bbox: 0.2668 (0.2578)  loss_giou: 0.5941 (0.5884)  loss_fgl: 1.1088 (1.1170)  loss_mal_aux_0: 1.0801 (1.0486)  loss_bbox_aux_0: 0.2826 (0.2655)  loss_giou_aux_0: 0.6069 (0.6051)  loss_fgl_aux_0: 1.1325 (1.1321)  loss_ddf_aux_0: 0.0178 (0.0181)  loss_mal_aux_1: 1.0459 (1.0130)  loss_bbox_aux_1: 0.2673 (0.2587)  loss_giou_aux_1: 0.5936 (0.5900)  loss_fgl_aux_1: 1.1114 (1.1175)  loss_ddf_aux_1: 0.0013 (0.0013)  loss_mal_pre: 1.0820 (1.0488)  loss_bbox_pre: 0.2781 (0.2653)  loss_giou_pre: 0.6022 (0.6037)  loss_mal_enc_0: 1.0986 (1.0756)  loss_bbox_enc_0: 0.2964 (0.2967)  loss_giou_enc_0: 0.6458 (0.6583)  loss_mal_dn_0: 0.7363 (0.7318)  loss_bbox_dn_0: 0.3019 (0.2997)  loss_giou_dn_0: 0.6023 (0.5979)  loss_fgl_dn_0: 1.1621 (1.1641)  loss_ddf_dn_0: 0.0971 (0.0984)  loss_mal_dn_1: 0.6626 (0.6603)  loss_bbox_dn_1: 0.2397 (0.2384)  loss_giou_dn_1: 0.4917 (0.4922)  loss_fgl_dn_1: 1.1222 (1.1230)  loss_ddf_dn_1: 0.0055 (0.0062)  loss_mal_dn_2: 0.6514 (0.6495)  loss_bbox_dn_2: 0.2329 (0.2337)  loss_giou_dn_2: 0.4847 (0.4842)  loss_fgl_dn_2: 1.1193 (1.1211)  loss_mal_dn_pre: 0.7363 (0.7318)  loss_bbox_dn_pre: 0.3081 (0.3031)  loss_giou_dn_pre: 0.6011 (0.5980)  time: 0.4551  data: 0.0454  max mem: 8321
Epoch: [109] Total time: 0:01:38 (0.4981 s / it)
Averaged stats: lr: 0.000400  loss: 22.6694 (22.4894)  loss_mal: 1.0352 (0.9944)  loss_bbox: 0.2668 (0.2578)  loss_giou: 0.5941 (0.5884)  loss_fgl: 1.1088 (1.1170)  loss_mal_aux_0: 1.0801 (1.0486)  loss_bbox_aux_0: 0.2826 (0.2655)  loss_giou_aux_0: 0.6069 (0.6051)  loss_fgl_aux_0: 1.1325 (1.1321)  loss_ddf_aux_0: 0.0178 (0.0181)  loss_mal_aux_1: 1.0459 (1.0130)  loss_bbox_aux_1: 0.2673 (0.2587)  loss_giou_aux_1: 0.5936 (0.5900)  loss_fgl_aux_1: 1.1114 (1.1175)  loss_ddf_aux_1: 0.0013 (0.0013)  loss_mal_pre: 1.0820 (1.0488)  loss_bbox_pre: 0.2781 (0.2653)  loss_giou_pre: 0.6022 (0.6037)  loss_mal_enc_0: 1.0986 (1.0756)  loss_bbox_enc_0: 0.2964 (0.2967)  loss_giou_enc_0: 0.6458 (0.6583)  loss_mal_dn_0: 0.7363 (0.7318)  loss_bbox_dn_0: 0.3019 (0.2997)  loss_giou_dn_0: 0.6023 (0.5979)  loss_fgl_dn_0: 1.1621 (1.1641)  loss_ddf_dn_0: 0.0971 (0.0984)  loss_mal_dn_1: 0.6626 (0.6603)  loss_bbox_dn_1: 0.2397 (0.2384)  loss_giou_dn_1: 0.4917 (0.4922)  loss_fgl_dn_1: 1.1222 (1.1230)  loss_ddf_dn_1: 0.0055 (0.0062)  loss_mal_dn_2: 0.6514 (0.6495)  loss_bbox_dn_2: 0.2329 (0.2337)  loss_giou_dn_2: 0.4847 (0.4842)  loss_fgl_dn_2: 1.1193 (1.1211)  loss_mal_dn_pre: 0.7363 (0.7318)  loss_bbox_dn_pre: 0.3081 (0.3031)  loss_giou_dn_pre: 0.6011 (0.5980)
Test:  [ 0/13]  eta: 0:00:38    time: 2.9805  data: 2.5839  max mem: 8321
Test:  [10/13]  eta: 0:00:01    time: 0.6203  data: 0.3232  max mem: 8321
Test:  [12/13]  eta: 0:00:00    time: 0.5652  data: 0.2895  max mem: 8321
Test: Total time: 0:00:07 (0.5740 s / it)
Averaged stats: 
Accumulating evaluation results...
COCOeval_opt.accumulate() finished...
DONE (t=0.32s).
IoU metric: bbox
 Average Precision  (AP) @[ IoU=0.50:0.95 | area=   all | maxDets=100 ] = 0.272
 Average Precision  (AP) @[ IoU=0.50      | area=   all | maxDets=100 ] = 0.578
 Average Precision  (AP) @[ IoU=0.75      | area=   all | maxDets=100 ] = 0.214
 Average Precision  (AP) @[ IoU=0.50:0.95 | area= small | maxDets=100 ] = 0.118
 Average Precision  (AP) @[ IoU=0.50:0.95 | area=medium | maxDets=100 ] = 0.230
 Average Precision  (AP) @[ IoU=0.50:0.95 | area= large | maxDets=100 ] = 0.319
 Average Recall     (AR) @[ IoU=0.50:0.95 | area=   all | maxDets=  1 ] = 0.249
 Average Recall     (AR) @[ IoU=0.50:0.95 | area=   all | maxDets= 10 ] = 0.477
 Average Recall     (AR) @[ IoU=0.50:0.95 | area=   all | maxDets=100 ] = 0.550
 Average Recall     (AR) @[ IoU=0.50:0.95 | area= small | maxDets=100 ] = 0.295
 Average Recall     (AR) @[ IoU=0.50:0.95 | area=medium | maxDets=100 ] = 0.523
 Average Recall     (AR) @[ IoU=0.50:0.95 | area= large | maxDets=100 ] = 0.626
 Average Recall     (AR) @[ IoU=0.50      | area=   all | maxDets=100 ] = 0.955
 Average Recall     (AR) @[ IoU=0.75      | area=   all | maxDets=100 ] = 0.535
best_stat: {'epoch': 109, 'coco_eval_bbox': 0.27190068814928536}
Epoch: [110]  [  0/197]  eta: 0:10:48  lr: 0.000400  loss: 23.0938 (23.0938)  loss_mal: 1.0898 (1.0898)  loss_bbox: 0.2826 (0.2826)  loss_giou: 0.5420 (0.5420)  loss_fgl: 1.1322 (1.1322)  loss_mal_aux_0: 1.2139 (1.2139)  loss_bbox_aux_0: 0.2868 (0.2868)  loss_giou_aux_0: 0.5467 (0.5467)  loss_fgl_aux_0: 1.1502 (1.1502)  loss_ddf_aux_0: 0.0178 (0.0178)  loss_mal_aux_1: 1.1836 (1.1836)  loss_bbox_aux_1: 0.2812 (0.2812)  loss_giou_aux_1: 0.5429 (0.5429)  loss_fgl_aux_1: 1.1318 (1.1318)  loss_ddf_aux_1: 0.0012 (0.0012)  loss_mal_pre: 1.2227 (1.2227)  loss_bbox_pre: 0.2885 (0.2885)  loss_giou_pre: 0.5474 (0.5474)  loss_mal_enc_0: 1.1504 (1.1504)  loss_bbox_enc_0: 0.3130 (0.3130)  loss_giou_enc_0: 0.6255 (0.6255)  loss_mal_dn_0: 0.7192 (0.7192)  loss_bbox_dn_0: 0.3069 (0.3069)  loss_giou_dn_0: 0.6016 (0.6016)  loss_fgl_dn_0: 1.1558 (1.1558)  loss_ddf_dn_0: 0.0914 (0.0914)  loss_mal_dn_1: 0.6558 (0.6558)  loss_bbox_dn_1: 0.2485 (0.2485)  loss_giou_dn_1: 0.4978 (0.4978)  loss_fgl_dn_1: 1.1265 (1.1265)  loss_ddf_dn_1: 0.0051 (0.0051)  loss_mal_dn_2: 0.6450 (0.6450)  loss_bbox_dn_2: 0.2423 (0.2423)  loss_giou_dn_2: 0.4907 (0.4907)  loss_fgl_dn_2: 1.1254 (1.1254)  loss_mal_dn_pre: 0.7188 (0.7188)  loss_bbox_dn_pre: 0.3131 (0.3131)  loss_giou_dn_pre: 0.5999 (0.5999)  time: 3.2898  data: 2.7615  max mem: 8321
Epoch: [110]  [196/197]  eta: 0:00:00  lr: 0.000400  loss: 22.4707 (22.4122)  loss_mal: 0.9961 (0.9942)  loss_bbox: 0.2404 (0.2513)  loss_giou: 0.5837 (0.5858)  loss_fgl: 1.1298 (1.1186)  loss_mal_aux_0: 1.0293 (1.0417)  loss_bbox_aux_0: 0.2447 (0.2592)  loss_giou_aux_0: 0.6100 (0.6031)  loss_fgl_aux_0: 1.1390 (1.1347)  loss_ddf_aux_0: 0.0148 (0.0189)  loss_mal_aux_1: 1.0127 (1.0056)  loss_bbox_aux_1: 0.2426 (0.2522)  loss_giou_aux_1: 0.5877 (0.5873)  loss_fgl_aux_1: 1.1269 (1.1193)  loss_ddf_aux_1: 0.0010 (0.0013)  loss_mal_pre: 1.0254 (1.0430)  loss_bbox_pre: 0.2457 (0.2592)  loss_giou_pre: 0.6077 (0.6019)  loss_mal_enc_0: 1.0771 (1.0742)  loss_bbox_enc_0: 0.2695 (0.2898)  loss_giou_enc_0: 0.6625 (0.6573)  loss_mal_dn_0: 0.7329 (0.7331)  loss_bbox_dn_0: 0.2581 (0.2938)  loss_giou_dn_0: 0.6023 (0.5988)  loss_fgl_dn_0: 1.1654 (1.1634)  loss_ddf_dn_0: 0.0892 (0.0971)  loss_mal_dn_1: 0.6528 (0.6605)  loss_bbox_dn_1: 0.2009 (0.2333)  loss_giou_dn_1: 0.4901 (0.4923)  loss_fgl_dn_1: 1.1254 (1.1230)  loss_ddf_dn_1: 0.0056 (0.0062)  loss_mal_dn_2: 0.6470 (0.6500)  loss_bbox_dn_2: 0.1969 (0.2282)  loss_giou_dn_2: 0.4830 (0.4842)  loss_fgl_dn_2: 1.1247 (1.1212)  loss_mal_dn_pre: 0.7324 (0.7329)  loss_bbox_dn_pre: 0.2582 (0.2966)  loss_giou_dn_pre: 0.5987 (0.5987)  time: 0.4455  data: 0.0451  max mem: 8321
Epoch: [110] Total time: 0:01:38 (0.5001 s / it)
Averaged stats: lr: 0.000400  loss: 22.4707 (22.4122)  loss_mal: 0.9961 (0.9942)  loss_bbox: 0.2404 (0.2513)  loss_giou: 0.5837 (0.5858)  loss_fgl: 1.1298 (1.1186)  loss_mal_aux_0: 1.0293 (1.0417)  loss_bbox_aux_0: 0.2447 (0.2592)  loss_giou_aux_0: 0.6100 (0.6031)  loss_fgl_aux_0: 1.1390 (1.1347)  loss_ddf_aux_0: 0.0148 (0.0189)  loss_mal_aux_1: 1.0127 (1.0056)  loss_bbox_aux_1: 0.2426 (0.2522)  loss_giou_aux_1: 0.5877 (0.5873)  loss_fgl_aux_1: 1.1269 (1.1193)  loss_ddf_aux_1: 0.0010 (0.0013)  loss_mal_pre: 1.0254 (1.0430)  loss_bbox_pre: 0.2457 (0.2592)  loss_giou_pre: 0.6077 (0.6019)  loss_mal_enc_0: 1.0771 (1.0742)  loss_bbox_enc_0: 0.2695 (0.2898)  loss_giou_enc_0: 0.6625 (0.6573)  loss_mal_dn_0: 0.7329 (0.7331)  loss_bbox_dn_0: 0.2581 (0.2938)  loss_giou_dn_0: 0.6023 (0.5988)  loss_fgl_dn_0: 1.1654 (1.1634)  loss_ddf_dn_0: 0.0892 (0.0971)  loss_mal_dn_1: 0.6528 (0.6605)  loss_bbox_dn_1: 0.2009 (0.2333)  loss_giou_dn_1: 0.4901 (0.4923)  loss_fgl_dn_1: 1.1254 (1.1230)  loss_ddf_dn_1: 0.0056 (0.0062)  loss_mal_dn_2: 0.6470 (0.6500)  loss_bbox_dn_2: 0.1969 (0.2282)  loss_giou_dn_2: 0.4830 (0.4842)  loss_fgl_dn_2: 1.1247 (1.1212)  loss_mal_dn_pre: 0.7324 (0.7329)  loss_bbox_dn_pre: 0.2582 (0.2966)  loss_giou_dn_pre: 0.5987 (0.5987)
Test:  [ 0/13]  eta: 0:00:37    time: 2.9210  data: 2.6842  max mem: 8321
Test:  [10/13]  eta: 0:00:01    time: 0.6034  data: 0.3336  max mem: 8321
Test:  [12/13]  eta: 0:00:00    time: 0.5518  data: 0.2895  max mem: 8321
Test: Total time: 0:00:07 (0.5588 s / it)
Averaged stats: 
Accumulating evaluation results...
COCOeval_opt.accumulate() finished...
DONE (t=0.31s).
IoU metric: bbox
 Average Precision  (AP) @[ IoU=0.50:0.95 | area=   all | maxDets=100 ] = 0.272
 Average Precision  (AP) @[ IoU=0.50      | area=   all | maxDets=100 ] = 0.578
 Average Precision  (AP) @[ IoU=0.75      | area=   all | maxDets=100 ] = 0.215
 Average Precision  (AP) @[ IoU=0.50:0.95 | area= small | maxDets=100 ] = 0.119
 Average Precision  (AP) @[ IoU=0.50:0.95 | area=medium | maxDets=100 ] = 0.229
 Average Precision  (AP) @[ IoU=0.50:0.95 | area= large | maxDets=100 ] = 0.319
 Average Recall     (AR) @[ IoU=0.50:0.95 | area=   all | maxDets=  1 ] = 0.249
 Average Recall     (AR) @[ IoU=0.50:0.95 | area=   all | maxDets= 10 ] = 0.476
 Average Recall     (AR) @[ IoU=0.50:0.95 | area=   all | maxDets=100 ] = 0.550
 Average Recall     (AR) @[ IoU=0.50:0.95 | area= small | maxDets=100 ] = 0.296
 Average Recall     (AR) @[ IoU=0.50:0.95 | area=medium | maxDets=100 ] = 0.522
 Average Recall     (AR) @[ IoU=0.50:0.95 | area= large | maxDets=100 ] = 0.629
 Average Recall     (AR) @[ IoU=0.50      | area=   all | maxDets=100 ] = 0.955
 Average Recall     (AR) @[ IoU=0.75      | area=   all | maxDets=100 ] = 0.536
best_stat: {'epoch': 110, 'coco_eval_bbox': 0.2719485162401012}
Epoch: [111]  [  0/197]  eta: 0:10:35  lr: 0.000400  loss: 21.4694 (21.4694)  loss_mal: 0.9966 (0.9966)  loss_bbox: 0.2171 (0.2171)  loss_giou: 0.4788 (0.4788)  loss_fgl: 1.1494 (1.1494)  loss_mal_aux_0: 1.0410 (1.0410)  loss_bbox_aux_0: 0.2264 (0.2264)  loss_giou_aux_0: 0.4903 (0.4903)  loss_fgl_aux_0: 1.1691 (1.1691)  loss_ddf_aux_0: 0.0158 (0.0158)  loss_mal_aux_1: 0.9971 (0.9971)  loss_bbox_aux_1: 0.2185 (0.2185)  loss_giou_aux_1: 0.4789 (0.4789)  loss_fgl_aux_1: 1.1494 (1.1494)  loss_ddf_aux_1: 0.0015 (0.0015)  loss_mal_pre: 1.0498 (1.0498)  loss_bbox_pre: 0.2306 (0.2306)  loss_giou_pre: 0.4913 (0.4913)  loss_mal_enc_0: 1.0762 (1.0762)  loss_bbox_enc_0: 0.2548 (0.2548)  loss_giou_enc_0: 0.5169 (0.5169)  loss_mal_dn_0: 0.7305 (0.7305)  loss_bbox_dn_0: 0.2957 (0.2957)  loss_giou_dn_0: 0.5201 (0.5201)  loss_fgl_dn_0: 1.1843 (1.1843)  loss_ddf_dn_0: 0.0919 (0.0919)  loss_mal_dn_1: 0.6372 (0.6372)  loss_bbox_dn_1: 0.2363 (0.2363)  loss_giou_dn_1: 0.4331 (0.4331)  loss_fgl_dn_1: 1.1277 (1.1277)  loss_ddf_dn_1: 0.0056 (0.0056)  loss_mal_dn_2: 0.6250 (0.6250)  loss_bbox_dn_2: 0.2293 (0.2293)  loss_giou_dn_2: 0.4264 (0.4264)  loss_fgl_dn_2: 1.1268 (1.1268)  loss_mal_dn_pre: 0.7305 (0.7305)  loss_bbox_dn_pre: 0.2999 (0.2999)  loss_giou_dn_pre: 0.5200 (0.5200)  time: 3.2242  data: 2.6376  max mem: 8321
Epoch: [111]  [196/197]  eta: 0:00:00  lr: 0.000400  loss: 22.4784 (22.4595)  loss_mal: 0.9780 (0.9847)  loss_bbox: 0.2460 (0.2608)  loss_giou: 0.5929 (0.5922)  loss_fgl: 1.0889 (1.1143)  loss_mal_aux_0: 1.0195 (1.0373)  loss_bbox_aux_0: 0.2508 (0.2687)  loss_giou_aux_0: 0.6164 (0.6087)  loss_fgl_aux_0: 1.1158 (1.1293)  loss_ddf_aux_0: 0.0177 (0.0183)  loss_mal_aux_1: 0.9810 (1.0049)  loss_bbox_aux_1: 0.2496 (0.2615)  loss_giou_aux_1: 0.5949 (0.5936)  loss_fgl_aux_1: 1.0911 (1.1145)  loss_ddf_aux_1: 0.0012 (0.0012)  loss_mal_pre: 1.0166 (1.0380)  loss_bbox_pre: 0.2500 (0.2685)  loss_giou_pre: 0.6191 (0.6075)  loss_mal_enc_0: 1.0586 (1.0743)  loss_bbox_enc_0: 0.2831 (0.3008)  loss_giou_enc_0: 0.6762 (0.6618)  loss_mal_dn_0: 0.7329 (0.7313)  loss_bbox_dn_0: 0.2669 (0.2986)  loss_giou_dn_0: 0.5961 (0.5971)  loss_fgl_dn_0: 1.1546 (1.1626)  loss_ddf_dn_0: 0.0961 (0.0986)  loss_mal_dn_1: 0.6533 (0.6590)  loss_bbox_dn_1: 0.2190 (0.2376)  loss_giou_dn_1: 0.4868 (0.4909)  loss_fgl_dn_1: 1.1187 (1.1213)  loss_ddf_dn_1: 0.0055 (0.0059)  loss_mal_dn_2: 0.6450 (0.6487)  loss_bbox_dn_2: 0.2173 (0.2328)  loss_giou_dn_2: 0.4799 (0.4832)  loss_fgl_dn_2: 1.1173 (1.1195)  loss_mal_dn_pre: 0.7329 (0.7312)  loss_bbox_dn_pre: 0.2712 (0.3025)  loss_giou_dn_pre: 0.5971 (0.5976)  time: 0.4216  data: 0.0470  max mem: 8321
Epoch: [111] Total time: 0:01:38 (0.4981 s / it)
Averaged stats: lr: 0.000400  loss: 22.4784 (22.4595)  loss_mal: 0.9780 (0.9847)  loss_bbox: 0.2460 (0.2608)  loss_giou: 0.5929 (0.5922)  loss_fgl: 1.0889 (1.1143)  loss_mal_aux_0: 1.0195 (1.0373)  loss_bbox_aux_0: 0.2508 (0.2687)  loss_giou_aux_0: 0.6164 (0.6087)  loss_fgl_aux_0: 1.1158 (1.1293)  loss_ddf_aux_0: 0.0177 (0.0183)  loss_mal_aux_1: 0.9810 (1.0049)  loss_bbox_aux_1: 0.2496 (0.2615)  loss_giou_aux_1: 0.5949 (0.5936)  loss_fgl_aux_1: 1.0911 (1.1145)  loss_ddf_aux_1: 0.0012 (0.0012)  loss_mal_pre: 1.0166 (1.0380)  loss_bbox_pre: 0.2500 (0.2685)  loss_giou_pre: 0.6191 (0.6075)  loss_mal_enc_0: 1.0586 (1.0743)  loss_bbox_enc_0: 0.2831 (0.3008)  loss_giou_enc_0: 0.6762 (0.6618)  loss_mal_dn_0: 0.7329 (0.7313)  loss_bbox_dn_0: 0.2669 (0.2986)  loss_giou_dn_0: 0.5961 (0.5971)  loss_fgl_dn_0: 1.1546 (1.1626)  loss_ddf_dn_0: 0.0961 (0.0986)  loss_mal_dn_1: 0.6533 (0.6590)  loss_bbox_dn_1: 0.2190 (0.2376)  loss_giou_dn_1: 0.4868 (0.4909)  loss_fgl_dn_1: 1.1187 (1.1213)  loss_ddf_dn_1: 0.0055 (0.0059)  loss_mal_dn_2: 0.6450 (0.6487)  loss_bbox_dn_2: 0.2173 (0.2328)  loss_giou_dn_2: 0.4799 (0.4832)  loss_fgl_dn_2: 1.1173 (1.1195)  loss_mal_dn_pre: 0.7329 (0.7312)  loss_bbox_dn_pre: 0.2712 (0.3025)  loss_giou_dn_pre: 0.5971 (0.5976)
Test:  [ 0/13]  eta: 0:00:34    time: 2.6875  data: 2.2874  max mem: 8321
Test:  [10/13]  eta: 0:00:01    time: 0.6006  data: 0.3126  max mem: 8321
Test:  [12/13]  eta: 0:00:00    time: 0.5439  data: 0.2711  max mem: 8321
Test: Total time: 0:00:07 (0.5508 s / it)
Averaged stats: 
Accumulating evaluation results...
COCOeval_opt.accumulate() finished...
DONE (t=0.34s).
IoU metric: bbox
 Average Precision  (AP) @[ IoU=0.50:0.95 | area=   all | maxDets=100 ] = 0.272
 Average Precision  (AP) @[ IoU=0.50      | area=   all | maxDets=100 ] = 0.578
 Average Precision  (AP) @[ IoU=0.75      | area=   all | maxDets=100 ] = 0.215
 Average Precision  (AP) @[ IoU=0.50:0.95 | area= small | maxDets=100 ] = 0.119
 Average Precision  (AP) @[ IoU=0.50:0.95 | area=medium | maxDets=100 ] = 0.230
 Average Precision  (AP) @[ IoU=0.50:0.95 | area= large | maxDets=100 ] = 0.319
 Average Recall     (AR) @[ IoU=0.50:0.95 | area=   all | maxDets=  1 ] = 0.250
 Average Recall     (AR) @[ IoU=0.50:0.95 | area=   all | maxDets= 10 ] = 0.475
 Average Recall     (AR) @[ IoU=0.50:0.95 | area=   all | maxDets=100 ] = 0.550
 Average Recall     (AR) @[ IoU=0.50:0.95 | area= small | maxDets=100 ] = 0.296
 Average Recall     (AR) @[ IoU=0.50:0.95 | area=medium | maxDets=100 ] = 0.522
 Average Recall     (AR) @[ IoU=0.50:0.95 | area= large | maxDets=100 ] = 0.632
 Average Recall     (AR) @[ IoU=0.50      | area=   all | maxDets=100 ] = 0.954
 Average Recall     (AR) @[ IoU=0.75      | area=   all | maxDets=100 ] = 0.537
best_stat: {'epoch': 111, 'coco_eval_bbox': 0.2719724490705969}
Epoch: [112]  [  0/197]  eta: 0:10:52  lr: 0.000400  loss: 22.1948 (22.1948)  loss_mal: 0.9810 (0.9810)  loss_bbox: 0.2404 (0.2404)  loss_giou: 0.6387 (0.6387)  loss_fgl: 1.0617 (1.0617)  loss_mal_aux_0: 1.0117 (1.0117)  loss_bbox_aux_0: 0.2494 (0.2494)  loss_giou_aux_0: 0.6751 (0.6751)  loss_fgl_aux_0: 1.0702 (1.0702)  loss_ddf_aux_0: 0.0224 (0.0224)  loss_mal_aux_1: 0.9902 (0.9902)  loss_bbox_aux_1: 0.2428 (0.2428)  loss_giou_aux_1: 0.6410 (0.6410)  loss_fgl_aux_1: 1.0581 (1.0581)  loss_ddf_aux_1: 0.0012 (0.0012)  loss_mal_pre: 1.0107 (1.0107)  loss_bbox_pre: 0.2506 (0.2506)  loss_giou_pre: 0.6745 (0.6745)  loss_mal_enc_0: 1.0332 (1.0332)  loss_bbox_enc_0: 0.2612 (0.2612)  loss_giou_enc_0: 0.7453 (0.7453)  loss_mal_dn_0: 0.7339 (0.7339)  loss_bbox_dn_0: 0.2252 (0.2252)  loss_giou_dn_0: 0.6133 (0.6133)  loss_fgl_dn_0: 1.1388 (1.1388)  loss_ddf_dn_0: 0.1020 (0.1020)  loss_mal_dn_1: 0.6724 (0.6724)  loss_bbox_dn_1: 0.1903 (0.1903)  loss_giou_dn_1: 0.5196 (0.5196)  loss_fgl_dn_1: 1.1027 (1.1027)  loss_ddf_dn_1: 0.0067 (0.0067)  loss_mal_dn_2: 0.6626 (0.6626)  loss_bbox_dn_2: 0.1827 (0.1827)  loss_giou_dn_2: 0.5067 (0.5067)  loss_fgl_dn_2: 1.1025 (1.1025)  loss_mal_dn_pre: 0.7339 (0.7339)  loss_bbox_dn_pre: 0.2273 (0.2273)  loss_giou_dn_pre: 0.6149 (0.6149)  time: 3.3132  data: 2.7323  max mem: 8321
Epoch: [112]  [196/197]  eta: 0:00:00  lr: 0.000400  loss: 22.6733 (22.3432)  loss_mal: 0.9888 (0.9826)  loss_bbox: 0.2465 (0.2558)  loss_giou: 0.5947 (0.5876)  loss_fgl: 1.1264 (1.1188)  loss_mal_aux_0: 1.0195 (1.0295)  loss_bbox_aux_0: 0.2589 (0.2635)  loss_giou_aux_0: 0.6107 (0.6044)  loss_fgl_aux_0: 1.1353 (1.1330)  loss_ddf_aux_0: 0.0174 (0.0189)  loss_mal_aux_1: 0.9980 (0.9939)  loss_bbox_aux_1: 0.2466 (0.2568)  loss_giou_aux_1: 0.5992 (0.5895)  loss_fgl_aux_1: 1.1248 (1.1190)  loss_ddf_aux_1: 0.0012 (0.0013)  loss_mal_pre: 1.0166 (1.0295)  loss_bbox_pre: 0.2569 (0.2633)  loss_giou_pre: 0.6077 (0.6035)  loss_mal_enc_0: 1.0557 (1.0541)  loss_bbox_enc_0: 0.2960 (0.2940)  loss_giou_enc_0: 0.6710 (0.6617)  loss_mal_dn_0: 0.7363 (0.7299)  loss_bbox_dn_0: 0.3034 (0.2946)  loss_giou_dn_0: 0.6180 (0.5924)  loss_fgl_dn_0: 1.1625 (1.1655)  loss_ddf_dn_0: 0.0932 (0.0982)  loss_mal_dn_1: 0.6650 (0.6572)  loss_bbox_dn_1: 0.2384 (0.2328)  loss_giou_dn_1: 0.4947 (0.4859)  loss_fgl_dn_1: 1.1226 (1.1242)  loss_ddf_dn_1: 0.0057 (0.0062)  loss_mal_dn_2: 0.6582 (0.6469)  loss_bbox_dn_2: 0.2331 (0.2279)  loss_giou_dn_2: 0.4901 (0.4779)  loss_fgl_dn_2: 1.1205 (1.1225)  loss_mal_dn_pre: 0.7363 (0.7298)  loss_bbox_dn_pre: 0.3027 (0.2983)  loss_giou_dn_pre: 0.6187 (0.5925)  time: 0.4094  data: 0.0417  max mem: 8321
Epoch: [112] Total time: 0:01:30 (0.4569 s / it)
Averaged stats: lr: 0.000400  loss: 22.6733 (22.3432)  loss_mal: 0.9888 (0.9826)  loss_bbox: 0.2465 (0.2558)  loss_giou: 0.5947 (0.5876)  loss_fgl: 1.1264 (1.1188)  loss_mal_aux_0: 1.0195 (1.0295)  loss_bbox_aux_0: 0.2589 (0.2635)  loss_giou_aux_0: 0.6107 (0.6044)  loss_fgl_aux_0: 1.1353 (1.1330)  loss_ddf_aux_0: 0.0174 (0.0189)  loss_mal_aux_1: 0.9980 (0.9939)  loss_bbox_aux_1: 0.2466 (0.2568)  loss_giou_aux_1: 0.5992 (0.5895)  loss_fgl_aux_1: 1.1248 (1.1190)  loss_ddf_aux_1: 0.0012 (0.0013)  loss_mal_pre: 1.0166 (1.0295)  loss_bbox_pre: 0.2569 (0.2633)  loss_giou_pre: 0.6077 (0.6035)  loss_mal_enc_0: 1.0557 (1.0541)  loss_bbox_enc_0: 0.2960 (0.2940)  loss_giou_enc_0: 0.6710 (0.6617)  loss_mal_dn_0: 0.7363 (0.7299)  loss_bbox_dn_0: 0.3034 (0.2946)  loss_giou_dn_0: 0.6180 (0.5924)  loss_fgl_dn_0: 1.1625 (1.1655)  loss_ddf_dn_0: 0.0932 (0.0982)  loss_mal_dn_1: 0.6650 (0.6572)  loss_bbox_dn_1: 0.2384 (0.2328)  loss_giou_dn_1: 0.4947 (0.4859)  loss_fgl_dn_1: 1.1226 (1.1242)  loss_ddf_dn_1: 0.0057 (0.0062)  loss_mal_dn_2: 0.6582 (0.6469)  loss_bbox_dn_2: 0.2331 (0.2279)  loss_giou_dn_2: 0.4901 (0.4779)  loss_fgl_dn_2: 1.1205 (1.1225)  loss_mal_dn_pre: 0.7363 (0.7298)  loss_bbox_dn_pre: 0.3027 (0.2983)  loss_giou_dn_pre: 0.6187 (0.5925)
Test:  [ 0/13]  eta: 0:00:40    time: 3.1181  data: 2.9062  max mem: 8321
Test:  [10/13]  eta: 0:00:01    time: 0.5854  data: 0.3303  max mem: 8321
Test:  [12/13]  eta: 0:00:00    time: 0.5375  data: 0.2928  max mem: 8321
Test: Total time: 0:00:07 (0.5448 s / it)
Averaged stats: 
Accumulating evaluation results...
COCOeval_opt.accumulate() finished...
DONE (t=0.31s).
IoU metric: bbox
 Average Precision  (AP) @[ IoU=0.50:0.95 | area=   all | maxDets=100 ] = 0.272
 Average Precision  (AP) @[ IoU=0.50      | area=   all | maxDets=100 ] = 0.578
 Average Precision  (AP) @[ IoU=0.75      | area=   all | maxDets=100 ] = 0.215
 Average Precision  (AP) @[ IoU=0.50:0.95 | area= small | maxDets=100 ] = 0.120
 Average Precision  (AP) @[ IoU=0.50:0.95 | area=medium | maxDets=100 ] = 0.230
 Average Precision  (AP) @[ IoU=0.50:0.95 | area= large | maxDets=100 ] = 0.318
 Average Recall     (AR) @[ IoU=0.50:0.95 | area=   all | maxDets=  1 ] = 0.249
 Average Recall     (AR) @[ IoU=0.50:0.95 | area=   all | maxDets= 10 ] = 0.476
 Average Recall     (AR) @[ IoU=0.50:0.95 | area=   all | maxDets=100 ] = 0.549
 Average Recall     (AR) @[ IoU=0.50:0.95 | area= small | maxDets=100 ] = 0.297
 Average Recall     (AR) @[ IoU=0.50:0.95 | area=medium | maxDets=100 ] = 0.520
 Average Recall     (AR) @[ IoU=0.50:0.95 | area= large | maxDets=100 ] = 0.631
 Average Recall     (AR) @[ IoU=0.50      | area=   all | maxDets=100 ] = 0.956
 Average Recall     (AR) @[ IoU=0.75      | area=   all | maxDets=100 ] = 0.537
best_stat: {'epoch': 112, 'coco_eval_bbox': 0.2720413702619927}
Epoch: [113]  [  0/197]  eta: 0:10:36  lr: 0.000400  loss: 21.7500 (21.7500)  loss_mal: 0.9106 (0.9106)  loss_bbox: 0.2182 (0.2182)  loss_giou: 0.5587 (0.5587)  loss_fgl: 1.1305 (1.1305)  loss_mal_aux_0: 1.0039 (1.0039)  loss_bbox_aux_0: 0.2300 (0.2300)  loss_giou_aux_0: 0.5775 (0.5775)  loss_fgl_aux_0: 1.1541 (1.1541)  loss_ddf_aux_0: 0.0207 (0.0207)  loss_mal_aux_1: 0.9521 (0.9521)  loss_bbox_aux_1: 0.2165 (0.2165)  loss_giou_aux_1: 0.5574 (0.5574)  loss_fgl_aux_1: 1.1300 (1.1300)  loss_ddf_aux_1: 0.0015 (0.0015)  loss_mal_pre: 1.0059 (1.0059)  loss_bbox_pre: 0.2285 (0.2285)  loss_giou_pre: 0.5780 (0.5780)  loss_mal_enc_0: 1.0234 (1.0234)  loss_bbox_enc_0: 0.2762 (0.2762)  loss_giou_enc_0: 0.6398 (0.6398)  loss_mal_dn_0: 0.7397 (0.7397)  loss_bbox_dn_0: 0.2540 (0.2540)  loss_giou_dn_0: 0.5743 (0.5743)  loss_fgl_dn_0: 1.1801 (1.1801)  loss_ddf_dn_0: 0.0962 (0.0962)  loss_mal_dn_1: 0.6548 (0.6548)  loss_bbox_dn_1: 0.1976 (0.1976)  loss_giou_dn_1: 0.4791 (0.4791)  loss_fgl_dn_1: 1.1353 (1.1353)  loss_ddf_dn_1: 0.0049 (0.0049)  loss_mal_dn_2: 0.6416 (0.6416)  loss_bbox_dn_2: 0.1941 (0.1941)  loss_giou_dn_2: 0.4752 (0.4752)  loss_fgl_dn_2: 1.1339 (1.1339)  loss_mal_dn_pre: 0.7397 (0.7397)  loss_bbox_dn_pre: 0.2612 (0.2612)  loss_giou_dn_pre: 0.5746 (0.5746)  time: 3.2313  data: 2.5333  max mem: 8321
Epoch: [113]  [196/197]  eta: 0:00:00  lr: 0.000400  loss: 22.5160 (22.3759)  loss_mal: 0.9702 (0.9859)  loss_bbox: 0.2429 (0.2547)  loss_giou: 0.6033 (0.5877)  loss_fgl: 1.1078 (1.1145)  loss_mal_aux_0: 1.0439 (1.0386)  loss_bbox_aux_0: 0.2504 (0.2628)  loss_giou_aux_0: 0.6223 (0.6059)  loss_fgl_aux_0: 1.1194 (1.1296)  loss_ddf_aux_0: 0.0178 (0.0187)  loss_mal_aux_1: 0.9819 (0.9987)  loss_bbox_aux_1: 0.2454 (0.2553)  loss_giou_aux_1: 0.6053 (0.5894)  loss_fgl_aux_1: 1.1053 (1.1149)  loss_ddf_aux_1: 0.0012 (0.0013)  loss_mal_pre: 1.0352 (1.0382)  loss_bbox_pre: 0.2470 (0.2625)  loss_giou_pre: 0.6210 (0.6049)  loss_mal_enc_0: 1.0244 (1.0603)  loss_bbox_enc_0: 0.2866 (0.2950)  loss_giou_enc_0: 0.6747 (0.6609)  loss_mal_dn_0: 0.7266 (0.7303)  loss_bbox_dn_0: 0.3057 (0.2962)  loss_giou_dn_0: 0.5977 (0.5935)  loss_fgl_dn_0: 1.1602 (1.1654)  loss_ddf_dn_0: 0.1009 (0.0989)  loss_mal_dn_1: 0.6641 (0.6575)  loss_bbox_dn_1: 0.2345 (0.2350)  loss_giou_dn_1: 0.4983 (0.4882)  loss_fgl_dn_1: 1.1229 (1.1227)  loss_ddf_dn_1: 0.0056 (0.0062)  loss_mal_dn_2: 0.6562 (0.6474)  loss_bbox_dn_2: 0.2306 (0.2299)  loss_giou_dn_2: 0.4904 (0.4803)  loss_fgl_dn_2: 1.1191 (1.1206)  loss_mal_dn_pre: 0.7275 (0.7302)  loss_bbox_dn_pre: 0.3081 (0.2999)  loss_giou_dn_pre: 0.5973 (0.5937)  time: 0.4406  data: 0.0453  max mem: 8321
Epoch: [113] Total time: 0:01:35 (0.4825 s / it)
Averaged stats: lr: 0.000400  loss: 22.5160 (22.3759)  loss_mal: 0.9702 (0.9859)  loss_bbox: 0.2429 (0.2547)  loss_giou: 0.6033 (0.5877)  loss_fgl: 1.1078 (1.1145)  loss_mal_aux_0: 1.0439 (1.0386)  loss_bbox_aux_0: 0.2504 (0.2628)  loss_giou_aux_0: 0.6223 (0.6059)  loss_fgl_aux_0: 1.1194 (1.1296)  loss_ddf_aux_0: 0.0178 (0.0187)  loss_mal_aux_1: 0.9819 (0.9987)  loss_bbox_aux_1: 0.2454 (0.2553)  loss_giou_aux_1: 0.6053 (0.5894)  loss_fgl_aux_1: 1.1053 (1.1149)  loss_ddf_aux_1: 0.0012 (0.0013)  loss_mal_pre: 1.0352 (1.0382)  loss_bbox_pre: 0.2470 (0.2625)  loss_giou_pre: 0.6210 (0.6049)  loss_mal_enc_0: 1.0244 (1.0603)  loss_bbox_enc_0: 0.2866 (0.2950)  loss_giou_enc_0: 0.6747 (0.6609)  loss_mal_dn_0: 0.7266 (0.7303)  loss_bbox_dn_0: 0.3057 (0.2962)  loss_giou_dn_0: 0.5977 (0.5935)  loss_fgl_dn_0: 1.1602 (1.1654)  loss_ddf_dn_0: 0.1009 (0.0989)  loss_mal_dn_1: 0.6641 (0.6575)  loss_bbox_dn_1: 0.2345 (0.2350)  loss_giou_dn_1: 0.4983 (0.4882)  loss_fgl_dn_1: 1.1229 (1.1227)  loss_ddf_dn_1: 0.0056 (0.0062)  loss_mal_dn_2: 0.6562 (0.6474)  loss_bbox_dn_2: 0.2306 (0.2299)  loss_giou_dn_2: 0.4904 (0.4803)  loss_fgl_dn_2: 1.1191 (1.1206)  loss_mal_dn_pre: 0.7275 (0.7302)  loss_bbox_dn_pre: 0.3081 (0.2999)  loss_giou_dn_pre: 0.5973 (0.5937)
Test:  [ 0/13]  eta: 0:00:40    time: 3.1120  data: 2.8944  max mem: 8321
Test:  [10/13]  eta: 0:00:01    time: 0.6000  data: 0.3391  max mem: 8321
Test:  [12/13]  eta: 0:00:00    time: 0.5514  data: 0.3011  max mem: 8321
Test: Total time: 0:00:07 (0.5573 s / it)
Averaged stats: 
Accumulating evaluation results...
COCOeval_opt.accumulate() finished...
DONE (t=0.30s).
IoU metric: bbox
 Average Precision  (AP) @[ IoU=0.50:0.95 | area=   all | maxDets=100 ] = 0.272
 Average Precision  (AP) @[ IoU=0.50      | area=   all | maxDets=100 ] = 0.580
 Average Precision  (AP) @[ IoU=0.75      | area=   all | maxDets=100 ] = 0.212
 Average Precision  (AP) @[ IoU=0.50:0.95 | area= small | maxDets=100 ] = 0.119
 Average Precision  (AP) @[ IoU=0.50:0.95 | area=medium | maxDets=100 ] = 0.231
 Average Precision  (AP) @[ IoU=0.50:0.95 | area= large | maxDets=100 ] = 0.318
 Average Recall     (AR) @[ IoU=0.50:0.95 | area=   all | maxDets=  1 ] = 0.249
 Average Recall     (AR) @[ IoU=0.50:0.95 | area=   all | maxDets= 10 ] = 0.477
 Average Recall     (AR) @[ IoU=0.50:0.95 | area=   all | maxDets=100 ] = 0.549
 Average Recall     (AR) @[ IoU=0.50:0.95 | area= small | maxDets=100 ] = 0.298
 Average Recall     (AR) @[ IoU=0.50:0.95 | area=medium | maxDets=100 ] = 0.520
 Average Recall     (AR) @[ IoU=0.50:0.95 | area= large | maxDets=100 ] = 0.629
 Average Recall     (AR) @[ IoU=0.50      | area=   all | maxDets=100 ] = 0.956
 Average Recall     (AR) @[ IoU=0.75      | area=   all | maxDets=100 ] = 0.539
best_stat: {'epoch': 113, 'coco_eval_bbox': 0.27205377595478275}
Epoch: [114]  [  0/197]  eta: 0:09:59  lr: 0.000400  loss: 22.3142 (22.3142)  loss_mal: 0.9873 (0.9873)  loss_bbox: 0.2688 (0.2688)  loss_giou: 0.5893 (0.5893)  loss_fgl: 1.0721 (1.0721)  loss_mal_aux_0: 1.0430 (1.0430)  loss_bbox_aux_0: 0.2868 (0.2868)  loss_giou_aux_0: 0.6104 (0.6104)  loss_fgl_aux_0: 1.0954 (1.0954)  loss_ddf_aux_0: 0.0210 (0.0210)  loss_mal_aux_1: 1.0234 (1.0234)  loss_bbox_aux_1: 0.2718 (0.2718)  loss_giou_aux_1: 0.5916 (0.5916)  loss_fgl_aux_1: 1.0760 (1.0760)  loss_ddf_aux_1: 0.0012 (0.0012)  loss_mal_pre: 1.0527 (1.0527)  loss_bbox_pre: 0.2834 (0.2834)  loss_giou_pre: 0.6057 (0.6057)  loss_mal_enc_0: 1.0889 (1.0889)  loss_bbox_enc_0: 0.3097 (0.3097)  loss_giou_enc_0: 0.6714 (0.6714)  loss_mal_dn_0: 0.7339 (0.7339)  loss_bbox_dn_0: 0.2905 (0.2905)  loss_giou_dn_0: 0.5819 (0.5819)  loss_fgl_dn_0: 1.1527 (1.1527)  loss_ddf_dn_0: 0.1033 (0.1033)  loss_mal_dn_1: 0.6582 (0.6582)  loss_bbox_dn_1: 0.2236 (0.2236)  loss_giou_dn_1: 0.4705 (0.4705)  loss_fgl_dn_1: 1.1004 (1.1004)  loss_ddf_dn_1: 0.0057 (0.0057)  loss_mal_dn_2: 0.6475 (0.6475)  loss_bbox_dn_2: 0.2145 (0.2145)  loss_giou_dn_2: 0.4639 (0.4639)  loss_fgl_dn_2: 1.0960 (1.0960)  loss_mal_dn_pre: 0.7344 (0.7344)  loss_bbox_dn_pre: 0.3016 (0.3016)  loss_giou_dn_pre: 0.5858 (0.5858)  time: 3.0409  data: 2.4505  max mem: 8321
Epoch: [114]  [196/197]  eta: 0:00:00  lr: 0.000400  loss: 22.3003 (22.2872)  loss_mal: 0.9980 (0.9758)  loss_bbox: 0.2493 (0.2520)  loss_giou: 0.5551 (0.5801)  loss_fgl: 1.1379 (1.1254)  loss_mal_aux_0: 1.0273 (1.0317)  loss_bbox_aux_0: 0.2536 (0.2592)  loss_giou_aux_0: 0.5722 (0.5972)  loss_fgl_aux_0: 1.1477 (1.1376)  loss_ddf_aux_0: 0.0179 (0.0170)  loss_mal_aux_1: 1.0186 (0.9943)  loss_bbox_aux_1: 0.2492 (0.2527)  loss_giou_aux_1: 0.5590 (0.5818)  loss_fgl_aux_1: 1.1366 (1.1255)  loss_ddf_aux_1: 0.0013 (0.0012)  loss_mal_pre: 1.0283 (1.0329)  loss_bbox_pre: 0.2528 (0.2592)  loss_giou_pre: 0.5738 (0.5963)  loss_mal_enc_0: 1.0654 (1.0615)  loss_bbox_enc_0: 0.2868 (0.2897)  loss_giou_enc_0: 0.6258 (0.6519)  loss_mal_dn_0: 0.7246 (0.7283)  loss_bbox_dn_0: 0.2887 (0.2920)  loss_giou_dn_0: 0.5697 (0.5904)  loss_fgl_dn_0: 1.1694 (1.1648)  loss_ddf_dn_0: 0.0977 (0.0965)  loss_mal_dn_1: 0.6562 (0.6565)  loss_bbox_dn_1: 0.2294 (0.2322)  loss_giou_dn_1: 0.4713 (0.4858)  loss_fgl_dn_1: 1.1265 (1.1240)  loss_ddf_dn_1: 0.0066 (0.0057)  loss_mal_dn_2: 0.6489 (0.6464)  loss_bbox_dn_2: 0.2238 (0.2273)  loss_giou_dn_2: 0.4634 (0.4780)  loss_fgl_dn_2: 1.1254 (1.1222)  loss_mal_dn_pre: 0.7246 (0.7281)  loss_bbox_dn_pre: 0.2888 (0.2954)  loss_giou_dn_pre: 0.5690 (0.5906)  time: 0.4252  data: 0.0465  max mem: 8321
Epoch: [114] Total time: 0:01:36 (0.4878 s / it)
Averaged stats: lr: 0.000400  loss: 22.3003 (22.2872)  loss_mal: 0.9980 (0.9758)  loss_bbox: 0.2493 (0.2520)  loss_giou: 0.5551 (0.5801)  loss_fgl: 1.1379 (1.1254)  loss_mal_aux_0: 1.0273 (1.0317)  loss_bbox_aux_0: 0.2536 (0.2592)  loss_giou_aux_0: 0.5722 (0.5972)  loss_fgl_aux_0: 1.1477 (1.1376)  loss_ddf_aux_0: 0.0179 (0.0170)  loss_mal_aux_1: 1.0186 (0.9943)  loss_bbox_aux_1: 0.2492 (0.2527)  loss_giou_aux_1: 0.5590 (0.5818)  loss_fgl_aux_1: 1.1366 (1.1255)  loss_ddf_aux_1: 0.0013 (0.0012)  loss_mal_pre: 1.0283 (1.0329)  loss_bbox_pre: 0.2528 (0.2592)  loss_giou_pre: 0.5738 (0.5963)  loss_mal_enc_0: 1.0654 (1.0615)  loss_bbox_enc_0: 0.2868 (0.2897)  loss_giou_enc_0: 0.6258 (0.6519)  loss_mal_dn_0: 0.7246 (0.7283)  loss_bbox_dn_0: 0.2887 (0.2920)  loss_giou_dn_0: 0.5697 (0.5904)  loss_fgl_dn_0: 1.1694 (1.1648)  loss_ddf_dn_0: 0.0977 (0.0965)  loss_mal_dn_1: 0.6562 (0.6565)  loss_bbox_dn_1: 0.2294 (0.2322)  loss_giou_dn_1: 0.4713 (0.4858)  loss_fgl_dn_1: 1.1265 (1.1240)  loss_ddf_dn_1: 0.0066 (0.0057)  loss_mal_dn_2: 0.6489 (0.6464)  loss_bbox_dn_2: 0.2238 (0.2273)  loss_giou_dn_2: 0.4634 (0.4780)  loss_fgl_dn_2: 1.1254 (1.1222)  loss_mal_dn_pre: 0.7246 (0.7281)  loss_bbox_dn_pre: 0.2888 (0.2954)  loss_giou_dn_pre: 0.5690 (0.5906)
Test:  [ 0/13]  eta: 0:00:44    time: 3.3881  data: 3.0082  max mem: 8321
Test:  [10/13]  eta: 0:00:01    time: 0.6270  data: 0.3528  max mem: 8321
Test:  [12/13]  eta: 0:00:00    time: 0.5651  data: 0.3049  max mem: 8321
Test: Total time: 0:00:07 (0.5728 s / it)
Averaged stats: 
Accumulating evaluation results...
COCOeval_opt.accumulate() finished...
DONE (t=0.31s).
IoU metric: bbox
 Average Precision  (AP) @[ IoU=0.50:0.95 | area=   all | maxDets=100 ] = 0.273
 Average Precision  (AP) @[ IoU=0.50      | area=   all | maxDets=100 ] = 0.581
 Average Precision  (AP) @[ IoU=0.75      | area=   all | maxDets=100 ] = 0.211
 Average Precision  (AP) @[ IoU=0.50:0.95 | area= small | maxDets=100 ] = 0.120
 Average Precision  (AP) @[ IoU=0.50:0.95 | area=medium | maxDets=100 ] = 0.232
 Average Precision  (AP) @[ IoU=0.50:0.95 | area= large | maxDets=100 ] = 0.319
 Average Recall     (AR) @[ IoU=0.50:0.95 | area=   all | maxDets=  1 ] = 0.250
 Average Recall     (AR) @[ IoU=0.50:0.95 | area=   all | maxDets= 10 ] = 0.477
 Average Recall     (AR) @[ IoU=0.50:0.95 | area=   all | maxDets=100 ] = 0.550
 Average Recall     (AR) @[ IoU=0.50:0.95 | area= small | maxDets=100 ] = 0.298
 Average Recall     (AR) @[ IoU=0.50:0.95 | area=medium | maxDets=100 ] = 0.522
 Average Recall     (AR) @[ IoU=0.50:0.95 | area= large | maxDets=100 ] = 0.630
 Average Recall     (AR) @[ IoU=0.50      | area=   all | maxDets=100 ] = 0.956
 Average Recall     (AR) @[ IoU=0.75      | area=   all | maxDets=100 ] = 0.540
best_stat: {'epoch': 114, 'coco_eval_bbox': 0.27254393010916433}
Epoch: [115]  [  0/197]  eta: 0:10:54  lr: 0.000400  loss: 22.6131 (22.6131)  loss_mal: 0.9790 (0.9790)  loss_bbox: 0.2578 (0.2578)  loss_giou: 0.6024 (0.6024)  loss_fgl: 1.0951 (1.0951)  loss_mal_aux_0: 1.0596 (1.0596)  loss_bbox_aux_0: 0.2627 (0.2627)  loss_giou_aux_0: 0.6176 (0.6176)  loss_fgl_aux_0: 1.1054 (1.1054)  loss_ddf_aux_0: 0.0163 (0.0163)  loss_mal_aux_1: 1.0176 (1.0176)  loss_bbox_aux_1: 0.2596 (0.2596)  loss_giou_aux_1: 0.6047 (0.6047)  loss_fgl_aux_1: 1.0940 (1.0940)  loss_ddf_aux_1: 0.0013 (0.0013)  loss_mal_pre: 1.0596 (1.0596)  loss_bbox_pre: 0.2654 (0.2654)  loss_giou_pre: 0.6175 (0.6175)  loss_mal_enc_0: 1.0342 (1.0342)  loss_bbox_enc_0: 0.2839 (0.2839)  loss_giou_enc_0: 0.6771 (0.6771)  loss_mal_dn_0: 0.7515 (0.7515)  loss_bbox_dn_0: 0.3197 (0.3197)  loss_giou_dn_0: 0.6255 (0.6255)  loss_fgl_dn_0: 1.1312 (1.1312)  loss_ddf_dn_0: 0.1050 (0.1050)  loss_mal_dn_1: 0.6816 (0.6816)  loss_bbox_dn_1: 0.2498 (0.2498)  loss_giou_dn_1: 0.5220 (0.5220)  loss_fgl_dn_1: 1.0948 (1.0948)  loss_ddf_dn_1: 0.0077 (0.0077)  loss_mal_dn_2: 0.6685 (0.6685)  loss_bbox_dn_2: 0.2406 (0.2406)  loss_giou_dn_2: 0.5082 (0.5082)  loss_fgl_dn_2: 1.0953 (1.0953)  loss_mal_dn_pre: 0.7495 (0.7495)  loss_bbox_dn_pre: 0.3243 (0.3243)  loss_giou_dn_pre: 0.6271 (0.6271)  time: 3.3203  data: 2.8327  max mem: 8321
Epoch: [115]  [196/197]  eta: 0:00:00  lr: 0.000400  loss: 22.3707 (22.3806)  loss_mal: 0.9746 (0.9792)  loss_bbox: 0.2581 (0.2570)  loss_giou: 0.5856 (0.5829)  loss_fgl: 1.1192 (1.1200)  loss_mal_aux_0: 1.0547 (1.0407)  loss_bbox_aux_0: 0.2686 (0.2645)  loss_giou_aux_0: 0.6041 (0.5996)  loss_fgl_aux_0: 1.1325 (1.1352)  loss_ddf_aux_0: 0.0155 (0.0176)  loss_mal_aux_1: 0.9922 (0.9921)  loss_bbox_aux_1: 0.2611 (0.2579)  loss_giou_aux_1: 0.5915 (0.5848)  loss_fgl_aux_1: 1.1224 (1.1201)  loss_ddf_aux_1: 0.0011 (0.0013)  loss_mal_pre: 1.0576 (1.0411)  loss_bbox_pre: 0.2669 (0.2642)  loss_giou_pre: 0.6010 (0.5984)  loss_mal_enc_0: 1.0576 (1.0623)  loss_bbox_enc_0: 0.3078 (0.2973)  loss_giou_enc_0: 0.6386 (0.6530)  loss_mal_dn_0: 0.7300 (0.7289)  loss_bbox_dn_0: 0.2937 (0.3020)  loss_giou_dn_0: 0.5888 (0.5947)  loss_fgl_dn_0: 1.1711 (1.1641)  loss_ddf_dn_0: 0.0975 (0.0982)  loss_mal_dn_1: 0.6592 (0.6572)  loss_bbox_dn_1: 0.2437 (0.2396)  loss_giou_dn_1: 0.4795 (0.4883)  loss_fgl_dn_1: 1.1287 (1.1214)  loss_ddf_dn_1: 0.0051 (0.0058)  loss_mal_dn_2: 0.6470 (0.6471)  loss_bbox_dn_2: 0.2388 (0.2346)  loss_giou_dn_2: 0.4702 (0.4808)  loss_fgl_dn_2: 1.1252 (1.1195)  loss_mal_dn_pre: 0.7300 (0.7287)  loss_bbox_dn_pre: 0.2996 (0.3057)  loss_giou_dn_pre: 0.5909 (0.5947)  time: 0.4158  data: 0.0453  max mem: 8321
Epoch: [115] Total time: 0:01:30 (0.4613 s / it)
Averaged stats: lr: 0.000400  loss: 22.3707 (22.3806)  loss_mal: 0.9746 (0.9792)  loss_bbox: 0.2581 (0.2570)  loss_giou: 0.5856 (0.5829)  loss_fgl: 1.1192 (1.1200)  loss_mal_aux_0: 1.0547 (1.0407)  loss_bbox_aux_0: 0.2686 (0.2645)  loss_giou_aux_0: 0.6041 (0.5996)  loss_fgl_aux_0: 1.1325 (1.1352)  loss_ddf_aux_0: 0.0155 (0.0176)  loss_mal_aux_1: 0.9922 (0.9921)  loss_bbox_aux_1: 0.2611 (0.2579)  loss_giou_aux_1: 0.5915 (0.5848)  loss_fgl_aux_1: 1.1224 (1.1201)  loss_ddf_aux_1: 0.0011 (0.0013)  loss_mal_pre: 1.0576 (1.0411)  loss_bbox_pre: 0.2669 (0.2642)  loss_giou_pre: 0.6010 (0.5984)  loss_mal_enc_0: 1.0576 (1.0623)  loss_bbox_enc_0: 0.3078 (0.2973)  loss_giou_enc_0: 0.6386 (0.6530)  loss_mal_dn_0: 0.7300 (0.7289)  loss_bbox_dn_0: 0.2937 (0.3020)  loss_giou_dn_0: 0.5888 (0.5947)  loss_fgl_dn_0: 1.1711 (1.1641)  loss_ddf_dn_0: 0.0975 (0.0982)  loss_mal_dn_1: 0.6592 (0.6572)  loss_bbox_dn_1: 0.2437 (0.2396)  loss_giou_dn_1: 0.4795 (0.4883)  loss_fgl_dn_1: 1.1287 (1.1214)  loss_ddf_dn_1: 0.0051 (0.0058)  loss_mal_dn_2: 0.6470 (0.6471)  loss_bbox_dn_2: 0.2388 (0.2346)  loss_giou_dn_2: 0.4702 (0.4808)  loss_fgl_dn_2: 1.1252 (1.1195)  loss_mal_dn_pre: 0.7300 (0.7287)  loss_bbox_dn_pre: 0.2996 (0.3057)  loss_giou_dn_pre: 0.5909 (0.5947)
Test:  [ 0/13]  eta: 0:00:44    time: 3.4111  data: 3.0374  max mem: 8321
Test:  [10/13]  eta: 0:00:01    time: 0.6150  data: 0.3544  max mem: 8321
Test:  [12/13]  eta: 0:00:00    time: 0.5554  data: 0.3062  max mem: 8321
Test: Total time: 0:00:07 (0.5627 s / it)
Averaged stats: 
Accumulating evaluation results...
COCOeval_opt.accumulate() finished...
DONE (t=0.32s).
IoU metric: bbox
 Average Precision  (AP) @[ IoU=0.50:0.95 | area=   all | maxDets=100 ] = 0.273
 Average Precision  (AP) @[ IoU=0.50      | area=   all | maxDets=100 ] = 0.582
 Average Precision  (AP) @[ IoU=0.75      | area=   all | maxDets=100 ] = 0.213
 Average Precision  (AP) @[ IoU=0.50:0.95 | area= small | maxDets=100 ] = 0.123
 Average Precision  (AP) @[ IoU=0.50:0.95 | area=medium | maxDets=100 ] = 0.231
 Average Precision  (AP) @[ IoU=0.50:0.95 | area= large | maxDets=100 ] = 0.320
 Average Recall     (AR) @[ IoU=0.50:0.95 | area=   all | maxDets=  1 ] = 0.250
 Average Recall     (AR) @[ IoU=0.50:0.95 | area=   all | maxDets= 10 ] = 0.477
 Average Recall     (AR) @[ IoU=0.50:0.95 | area=   all | maxDets=100 ] = 0.552
 Average Recall     (AR) @[ IoU=0.50:0.95 | area= small | maxDets=100 ] = 0.298
 Average Recall     (AR) @[ IoU=0.50:0.95 | area=medium | maxDets=100 ] = 0.523
 Average Recall     (AR) @[ IoU=0.50:0.95 | area= large | maxDets=100 ] = 0.634
 Average Recall     (AR) @[ IoU=0.50      | area=   all | maxDets=100 ] = 0.957
 Average Recall     (AR) @[ IoU=0.75      | area=   all | maxDets=100 ] = 0.540
best_stat: {'epoch': 115, 'coco_eval_bbox': 0.2729423319769819}
Epoch: [116]  [  0/197]  eta: 0:09:44  lr: 0.000400  loss: 20.5049 (20.5049)  loss_mal: 0.8623 (0.8623)  loss_bbox: 0.2099 (0.2099)  loss_giou: 0.5853 (0.5853)  loss_fgl: 1.0544 (1.0544)  loss_mal_aux_0: 0.8672 (0.8672)  loss_bbox_aux_0: 0.2104 (0.2104)  loss_giou_aux_0: 0.5912 (0.5912)  loss_fgl_aux_0: 1.0790 (1.0790)  loss_ddf_aux_0: 0.0181 (0.0181)  loss_mal_aux_1: 0.7983 (0.7983)  loss_bbox_aux_1: 0.2093 (0.2093)  loss_giou_aux_1: 0.5840 (0.5840)  loss_fgl_aux_1: 1.0572 (1.0572)  loss_ddf_aux_1: 0.0010 (0.0010)  loss_mal_pre: 0.8682 (0.8682)  loss_bbox_pre: 0.2094 (0.2094)  loss_giou_pre: 0.5920 (0.5920)  loss_mal_enc_0: 0.9224 (0.9224)  loss_bbox_enc_0: 0.2330 (0.2330)  loss_giou_enc_0: 0.6514 (0.6514)  loss_mal_dn_0: 0.6982 (0.6982)  loss_bbox_dn_0: 0.2147 (0.2147)  loss_giou_dn_0: 0.5620 (0.5620)  loss_fgl_dn_0: 1.1413 (1.1413)  loss_ddf_dn_0: 0.1149 (0.1149)  loss_mal_dn_1: 0.6265 (0.6265)  loss_bbox_dn_1: 0.1771 (0.1771)  loss_giou_dn_1: 0.4695 (0.4695)  loss_fgl_dn_1: 1.0868 (1.0868)  loss_ddf_dn_1: 0.0056 (0.0056)  loss_mal_dn_2: 0.6143 (0.6143)  loss_bbox_dn_2: 0.1708 (0.1708)  loss_giou_dn_2: 0.4632 (0.4632)  loss_fgl_dn_2: 1.0819 (1.0819)  loss_mal_dn_pre: 0.6992 (0.6992)  loss_bbox_dn_pre: 0.2145 (0.2145)  loss_giou_dn_pre: 0.5605 (0.5605)  time: 2.9668  data: 2.3851  max mem: 8321
Epoch: [116]  [196/197]  eta: 0:00:00  lr: 0.000400  loss: 21.9997 (22.2697)  loss_mal: 0.9604 (0.9792)  loss_bbox: 0.2500 (0.2553)  loss_giou: 0.5764 (0.5806)  loss_fgl: 1.1078 (1.1168)  loss_mal_aux_0: 1.0088 (1.0279)  loss_bbox_aux_0: 0.2552 (0.2627)  loss_giou_aux_0: 0.5926 (0.5983)  loss_fgl_aux_0: 1.1273 (1.1326)  loss_ddf_aux_0: 0.0196 (0.0192)  loss_mal_aux_1: 0.9619 (0.9872)  loss_bbox_aux_1: 0.2535 (0.2558)  loss_giou_aux_1: 0.5805 (0.5824)  loss_fgl_aux_1: 1.1103 (1.1173)  loss_ddf_aux_1: 0.0014 (0.0014)  loss_mal_pre: 1.0059 (1.0287)  loss_bbox_pre: 0.2538 (0.2626)  loss_giou_pre: 0.5929 (0.5971)  loss_mal_enc_0: 1.0137 (1.0468)  loss_bbox_enc_0: 0.2845 (0.2948)  loss_giou_enc_0: 0.6601 (0.6523)  loss_mal_dn_0: 0.7295 (0.7273)  loss_bbox_dn_0: 0.2667 (0.2972)  loss_giou_dn_0: 0.5988 (0.5910)  loss_fgl_dn_0: 1.1624 (1.1644)  loss_ddf_dn_0: 0.0990 (0.0990)  loss_mal_dn_1: 0.6479 (0.6542)  loss_bbox_dn_1: 0.2136 (0.2359)  loss_giou_dn_1: 0.4903 (0.4850)  loss_fgl_dn_1: 1.1210 (1.1209)  loss_ddf_dn_1: 0.0059 (0.0060)  loss_mal_dn_2: 0.6372 (0.6439)  loss_bbox_dn_2: 0.2099 (0.2311)  loss_giou_dn_2: 0.4819 (0.4771)  loss_fgl_dn_2: 1.1184 (1.1189)  loss_mal_dn_pre: 0.7290 (0.7271)  loss_bbox_dn_pre: 0.2714 (0.3008)  loss_giou_dn_pre: 0.5977 (0.5910)  time: 0.4146  data: 0.0436  max mem: 8321
Epoch: [116] Total time: 0:01:30 (0.4598 s / it)
Averaged stats: lr: 0.000400  loss: 21.9997 (22.2697)  loss_mal: 0.9604 (0.9792)  loss_bbox: 0.2500 (0.2553)  loss_giou: 0.5764 (0.5806)  loss_fgl: 1.1078 (1.1168)  loss_mal_aux_0: 1.0088 (1.0279)  loss_bbox_aux_0: 0.2552 (0.2627)  loss_giou_aux_0: 0.5926 (0.5983)  loss_fgl_aux_0: 1.1273 (1.1326)  loss_ddf_aux_0: 0.0196 (0.0192)  loss_mal_aux_1: 0.9619 (0.9872)  loss_bbox_aux_1: 0.2535 (0.2558)  loss_giou_aux_1: 0.5805 (0.5824)  loss_fgl_aux_1: 1.1103 (1.1173)  loss_ddf_aux_1: 0.0014 (0.0014)  loss_mal_pre: 1.0059 (1.0287)  loss_bbox_pre: 0.2538 (0.2626)  loss_giou_pre: 0.5929 (0.5971)  loss_mal_enc_0: 1.0137 (1.0468)  loss_bbox_enc_0: 0.2845 (0.2948)  loss_giou_enc_0: 0.6601 (0.6523)  loss_mal_dn_0: 0.7295 (0.7273)  loss_bbox_dn_0: 0.2667 (0.2972)  loss_giou_dn_0: 0.5988 (0.5910)  loss_fgl_dn_0: 1.1624 (1.1644)  loss_ddf_dn_0: 0.0990 (0.0990)  loss_mal_dn_1: 0.6479 (0.6542)  loss_bbox_dn_1: 0.2136 (0.2359)  loss_giou_dn_1: 0.4903 (0.4850)  loss_fgl_dn_1: 1.1210 (1.1209)  loss_ddf_dn_1: 0.0059 (0.0060)  loss_mal_dn_2: 0.6372 (0.6439)  loss_bbox_dn_2: 0.2099 (0.2311)  loss_giou_dn_2: 0.4819 (0.4771)  loss_fgl_dn_2: 1.1184 (1.1189)  loss_mal_dn_pre: 0.7290 (0.7271)  loss_bbox_dn_pre: 0.2714 (0.3008)  loss_giou_dn_pre: 0.5977 (0.5910)
Test:  [ 0/13]  eta: 0:00:39    time: 3.0155  data: 2.7798  max mem: 8321
Test:  [10/13]  eta: 0:00:01    time: 0.6034  data: 0.3372  max mem: 8321
Test:  [12/13]  eta: 0:00:00    time: 0.5461  data: 0.2918  max mem: 8321
Test: Total time: 0:00:07 (0.5527 s / it)
Averaged stats: 
Accumulating evaluation results...
COCOeval_opt.accumulate() finished...
DONE (t=0.33s).
IoU metric: bbox
 Average Precision  (AP) @[ IoU=0.50:0.95 | area=   all | maxDets=100 ] = 0.274
 Average Precision  (AP) @[ IoU=0.50      | area=   all | maxDets=100 ] = 0.584
 Average Precision  (AP) @[ IoU=0.75      | area=   all | maxDets=100 ] = 0.213
 Average Precision  (AP) @[ IoU=0.50:0.95 | area= small | maxDets=100 ] = 0.123
 Average Precision  (AP) @[ IoU=0.50:0.95 | area=medium | maxDets=100 ] = 0.230
 Average Precision  (AP) @[ IoU=0.50:0.95 | area= large | maxDets=100 ] = 0.326
 Average Recall     (AR) @[ IoU=0.50:0.95 | area=   all | maxDets=  1 ] = 0.251
 Average Recall     (AR) @[ IoU=0.50:0.95 | area=   all | maxDets= 10 ] = 0.479
 Average Recall     (AR) @[ IoU=0.50:0.95 | area=   all | maxDets=100 ] = 0.552
 Average Recall     (AR) @[ IoU=0.50:0.95 | area= small | maxDets=100 ] = 0.297
 Average Recall     (AR) @[ IoU=0.50:0.95 | area=medium | maxDets=100 ] = 0.526
 Average Recall     (AR) @[ IoU=0.50:0.95 | area= large | maxDets=100 ] = 0.634
 Average Recall     (AR) @[ IoU=0.50      | area=   all | maxDets=100 ] = 0.957
 Average Recall     (AR) @[ IoU=0.75      | area=   all | maxDets=100 ] = 0.542
best_stat: {'epoch': 116, 'coco_eval_bbox': 0.2737292193140727}
Epoch: [117]  [  0/197]  eta: 0:09:52  lr: 0.000400  loss: 21.6678 (21.6678)  loss_mal: 0.9731 (0.9731)  loss_bbox: 0.2122 (0.2122)  loss_giou: 0.5423 (0.5423)  loss_fgl: 1.1520 (1.1520)  loss_mal_aux_0: 0.9946 (0.9946)  loss_bbox_aux_0: 0.2245 (0.2245)  loss_giou_aux_0: 0.5863 (0.5863)  loss_fgl_aux_0: 1.1581 (1.1581)  loss_ddf_aux_0: 0.0185 (0.0185)  loss_mal_aux_1: 0.9888 (0.9888)  loss_bbox_aux_1: 0.2121 (0.2121)  loss_giou_aux_1: 0.5408 (0.5408)  loss_fgl_aux_1: 1.1554 (1.1554)  loss_ddf_aux_1: 0.0012 (0.0012)  loss_mal_pre: 0.9917 (0.9917)  loss_bbox_pre: 0.2232 (0.2232)  loss_giou_pre: 0.5817 (0.5817)  loss_mal_enc_0: 1.0771 (1.0771)  loss_bbox_enc_0: 0.2383 (0.2383)  loss_giou_enc_0: 0.6228 (0.6228)  loss_mal_dn_0: 0.7266 (0.7266)  loss_bbox_dn_0: 0.2458 (0.2458)  loss_giou_dn_0: 0.5814 (0.5814)  loss_fgl_dn_0: 1.1626 (1.1626)  loss_ddf_dn_0: 0.1017 (0.1017)  loss_mal_dn_1: 0.6514 (0.6514)  loss_bbox_dn_1: 0.1784 (0.1784)  loss_giou_dn_1: 0.4609 (0.4609)  loss_fgl_dn_1: 1.1212 (1.1212)  loss_ddf_dn_1: 0.0056 (0.0056)  loss_mal_dn_2: 0.6357 (0.6357)  loss_bbox_dn_2: 0.1729 (0.1729)  loss_giou_dn_2: 0.4507 (0.4507)  loss_fgl_dn_2: 1.1184 (1.1184)  loss_mal_dn_pre: 0.7256 (0.7256)  loss_bbox_dn_pre: 0.2530 (0.2530)  loss_giou_dn_pre: 0.5812 (0.5812)  time: 3.0073  data: 2.4330  max mem: 8321
Epoch: [117]  [196/197]  eta: 0:00:00  lr: 0.000400  loss: 22.0890 (22.1581)  loss_mal: 0.9771 (0.9628)  loss_bbox: 0.2477 (0.2528)  loss_giou: 0.5770 (0.5828)  loss_fgl: 1.1389 (1.1166)  loss_mal_aux_0: 1.0244 (1.0153)  loss_bbox_aux_0: 0.2506 (0.2605)  loss_giou_aux_0: 0.5923 (0.5994)  loss_fgl_aux_0: 1.1500 (1.1312)  loss_ddf_aux_0: 0.0137 (0.0175)  loss_mal_aux_1: 0.9839 (0.9769)  loss_bbox_aux_1: 0.2436 (0.2536)  loss_giou_aux_1: 0.5789 (0.5845)  loss_fgl_aux_1: 1.1364 (1.1166)  loss_ddf_aux_1: 0.0010 (0.0012)  loss_mal_pre: 1.0332 (1.0140)  loss_bbox_pre: 0.2490 (0.2604)  loss_giou_pre: 0.5913 (0.5983)  loss_mal_enc_0: 1.0410 (1.0367)  loss_bbox_enc_0: 0.2716 (0.2934)  loss_giou_enc_0: 0.6481 (0.6544)  loss_mal_dn_0: 0.7349 (0.7273)  loss_bbox_dn_0: 0.2796 (0.2915)  loss_giou_dn_0: 0.5893 (0.5861)  loss_fgl_dn_0: 1.1630 (1.1646)  loss_ddf_dn_0: 0.0890 (0.0968)  loss_mal_dn_1: 0.6616 (0.6530)  loss_bbox_dn_1: 0.2160 (0.2308)  loss_giou_dn_1: 0.4809 (0.4814)  loss_fgl_dn_1: 1.1265 (1.1211)  loss_ddf_dn_1: 0.0044 (0.0058)  loss_mal_dn_2: 0.6538 (0.6431)  loss_bbox_dn_2: 0.2115 (0.2261)  loss_giou_dn_2: 0.4719 (0.4740)  loss_fgl_dn_2: 1.1252 (1.1193)  loss_mal_dn_pre: 0.7349 (0.7270)  loss_bbox_dn_pre: 0.2762 (0.2952)  loss_giou_dn_pre: 0.5901 (0.5862)  time: 0.4457  data: 0.0447  max mem: 8321
Epoch: [117] Total time: 0:01:35 (0.4851 s / it)
Averaged stats: lr: 0.000400  loss: 22.0890 (22.1581)  loss_mal: 0.9771 (0.9628)  loss_bbox: 0.2477 (0.2528)  loss_giou: 0.5770 (0.5828)  loss_fgl: 1.1389 (1.1166)  loss_mal_aux_0: 1.0244 (1.0153)  loss_bbox_aux_0: 0.2506 (0.2605)  loss_giou_aux_0: 0.5923 (0.5994)  loss_fgl_aux_0: 1.1500 (1.1312)  loss_ddf_aux_0: 0.0137 (0.0175)  loss_mal_aux_1: 0.9839 (0.9769)  loss_bbox_aux_1: 0.2436 (0.2536)  loss_giou_aux_1: 0.5789 (0.5845)  loss_fgl_aux_1: 1.1364 (1.1166)  loss_ddf_aux_1: 0.0010 (0.0012)  loss_mal_pre: 1.0332 (1.0140)  loss_bbox_pre: 0.2490 (0.2604)  loss_giou_pre: 0.5913 (0.5983)  loss_mal_enc_0: 1.0410 (1.0367)  loss_bbox_enc_0: 0.2716 (0.2934)  loss_giou_enc_0: 0.6481 (0.6544)  loss_mal_dn_0: 0.7349 (0.7273)  loss_bbox_dn_0: 0.2796 (0.2915)  loss_giou_dn_0: 0.5893 (0.5861)  loss_fgl_dn_0: 1.1630 (1.1646)  loss_ddf_dn_0: 0.0890 (0.0968)  loss_mal_dn_1: 0.6616 (0.6530)  loss_bbox_dn_1: 0.2160 (0.2308)  loss_giou_dn_1: 0.4809 (0.4814)  loss_fgl_dn_1: 1.1265 (1.1211)  loss_ddf_dn_1: 0.0044 (0.0058)  loss_mal_dn_2: 0.6538 (0.6431)  loss_bbox_dn_2: 0.2115 (0.2261)  loss_giou_dn_2: 0.4719 (0.4740)  loss_fgl_dn_2: 1.1252 (1.1193)  loss_mal_dn_pre: 0.7349 (0.7270)  loss_bbox_dn_pre: 0.2762 (0.2952)  loss_giou_dn_pre: 0.5901 (0.5862)
Test:  [ 0/13]  eta: 0:00:38    time: 2.9373  data: 2.5532  max mem: 8321
Test:  [10/13]  eta: 0:00:01    time: 0.5916  data: 0.3257  max mem: 8321
Test:  [12/13]  eta: 0:00:00    time: 0.5463  data: 0.2899  max mem: 8321
Test: Total time: 0:00:07 (0.5536 s / it)
Averaged stats: 
Accumulating evaluation results...
COCOeval_opt.accumulate() finished...
DONE (t=0.32s).
IoU metric: bbox
 Average Precision  (AP) @[ IoU=0.50:0.95 | area=   all | maxDets=100 ] = 0.274
 Average Precision  (AP) @[ IoU=0.50      | area=   all | maxDets=100 ] = 0.585
 Average Precision  (AP) @[ IoU=0.75      | area=   all | maxDets=100 ] = 0.212
 Average Precision  (AP) @[ IoU=0.50:0.95 | area= small | maxDets=100 ] = 0.123
 Average Precision  (AP) @[ IoU=0.50:0.95 | area=medium | maxDets=100 ] = 0.231
 Average Precision  (AP) @[ IoU=0.50:0.95 | area= large | maxDets=100 ] = 0.325
 Average Recall     (AR) @[ IoU=0.50:0.95 | area=   all | maxDets=  1 ] = 0.251
 Average Recall     (AR) @[ IoU=0.50:0.95 | area=   all | maxDets= 10 ] = 0.478
 Average Recall     (AR) @[ IoU=0.50:0.95 | area=   all | maxDets=100 ] = 0.552
 Average Recall     (AR) @[ IoU=0.50:0.95 | area= small | maxDets=100 ] = 0.296
 Average Recall     (AR) @[ IoU=0.50:0.95 | area=medium | maxDets=100 ] = 0.525
 Average Recall     (AR) @[ IoU=0.50:0.95 | area= large | maxDets=100 ] = 0.630
 Average Recall     (AR) @[ IoU=0.50      | area=   all | maxDets=100 ] = 0.956
 Average Recall     (AR) @[ IoU=0.75      | area=   all | maxDets=100 ] = 0.542
best_stat: {'epoch': 117, 'coco_eval_bbox': 0.2743058151233895}
Epoch: [118]  [  0/197]  eta: 0:10:40  lr: 0.000400  loss: 22.5564 (22.5564)  loss_mal: 0.9995 (0.9995)  loss_bbox: 0.2696 (0.2696)  loss_giou: 0.5478 (0.5478)  loss_fgl: 1.1342 (1.1342)  loss_mal_aux_0: 1.0127 (1.0127)  loss_bbox_aux_0: 0.2888 (0.2888)  loss_giou_aux_0: 0.5659 (0.5659)  loss_fgl_aux_0: 1.1559 (1.1559)  loss_ddf_aux_0: 0.0228 (0.0228)  loss_mal_aux_1: 1.0264 (1.0264)  loss_bbox_aux_1: 0.2756 (0.2756)  loss_giou_aux_1: 0.5473 (0.5473)  loss_fgl_aux_1: 1.1377 (1.1377)  loss_ddf_aux_1: 0.0013 (0.0013)  loss_mal_pre: 1.0264 (1.0264)  loss_bbox_pre: 0.2902 (0.2902)  loss_giou_pre: 0.5630 (0.5630)  loss_mal_enc_0: 1.1113 (1.1113)  loss_bbox_enc_0: 0.3322 (0.3322)  loss_giou_enc_0: 0.6363 (0.6363)  loss_mal_dn_0: 0.7422 (0.7422)  loss_bbox_dn_0: 0.3114 (0.3114)  loss_giou_dn_0: 0.6040 (0.6040)  loss_fgl_dn_0: 1.1669 (1.1669)  loss_ddf_dn_0: 0.1016 (0.1016)  loss_mal_dn_1: 0.6699 (0.6699)  loss_bbox_dn_1: 0.2371 (0.2371)  loss_giou_dn_1: 0.4883 (0.4883)  loss_fgl_dn_1: 1.1248 (1.1248)  loss_ddf_dn_1: 0.0056 (0.0056)  loss_mal_dn_2: 0.6543 (0.6543)  loss_bbox_dn_2: 0.2306 (0.2306)  loss_giou_dn_2: 0.4830 (0.4830)  loss_fgl_dn_2: 1.1242 (1.1242)  loss_mal_dn_pre: 0.7417 (0.7417)  loss_bbox_dn_pre: 0.3198 (0.3198)  loss_giou_dn_pre: 0.6061 (0.6061)  time: 3.2525  data: 2.6775  max mem: 8321
Epoch: [118]  [196/197]  eta: 0:00:00  lr: 0.000400  loss: 22.1236 (22.1031)  loss_mal: 0.9512 (0.9631)  loss_bbox: 0.2420 (0.2521)  loss_giou: 0.5933 (0.5788)  loss_fgl: 1.1151 (1.1182)  loss_mal_aux_0: 1.0117 (1.0070)  loss_bbox_aux_0: 0.2491 (0.2591)  loss_giou_aux_0: 0.6022 (0.5961)  loss_fgl_aux_0: 1.1179 (1.1333)  loss_ddf_aux_0: 0.0169 (0.0175)  loss_mal_aux_1: 0.9658 (0.9770)  loss_bbox_aux_1: 0.2397 (0.2529)  loss_giou_aux_1: 0.5924 (0.5805)  loss_fgl_aux_1: 1.1139 (1.1186)  loss_ddf_aux_1: 0.0012 (0.0012)  loss_mal_pre: 1.0117 (1.0067)  loss_bbox_pre: 0.2484 (0.2590)  loss_giou_pre: 0.5987 (0.5948)  loss_mal_enc_0: 1.0283 (1.0392)  loss_bbox_enc_0: 0.2778 (0.2902)  loss_giou_enc_0: 0.6480 (0.6490)  loss_mal_dn_0: 0.7300 (0.7268)  loss_bbox_dn_0: 0.2625 (0.2884)  loss_giou_dn_0: 0.5920 (0.5828)  loss_fgl_dn_0: 1.1642 (1.1652)  loss_ddf_dn_0: 0.1004 (0.0982)  loss_mal_dn_1: 0.6646 (0.6531)  loss_bbox_dn_1: 0.2072 (0.2290)  loss_giou_dn_1: 0.4765 (0.4789)  loss_fgl_dn_1: 1.1143 (1.1212)  loss_ddf_dn_1: 0.0059 (0.0059)  loss_mal_dn_2: 0.6533 (0.6432)  loss_bbox_dn_2: 0.2039 (0.2242)  loss_giou_dn_2: 0.4695 (0.4715)  loss_fgl_dn_2: 1.1152 (1.1191)  loss_mal_dn_pre: 0.7295 (0.7267)  loss_bbox_dn_pre: 0.2664 (0.2920)  loss_giou_dn_pre: 0.5923 (0.5830)  time: 0.4243  data: 0.0453  max mem: 8321
Epoch: [118] Total time: 0:01:33 (0.4742 s / it)
Averaged stats: lr: 0.000400  loss: 22.1236 (22.1031)  loss_mal: 0.9512 (0.9631)  loss_bbox: 0.2420 (0.2521)  loss_giou: 0.5933 (0.5788)  loss_fgl: 1.1151 (1.1182)  loss_mal_aux_0: 1.0117 (1.0070)  loss_bbox_aux_0: 0.2491 (0.2591)  loss_giou_aux_0: 0.6022 (0.5961)  loss_fgl_aux_0: 1.1179 (1.1333)  loss_ddf_aux_0: 0.0169 (0.0175)  loss_mal_aux_1: 0.9658 (0.9770)  loss_bbox_aux_1: 0.2397 (0.2529)  loss_giou_aux_1: 0.5924 (0.5805)  loss_fgl_aux_1: 1.1139 (1.1186)  loss_ddf_aux_1: 0.0012 (0.0012)  loss_mal_pre: 1.0117 (1.0067)  loss_bbox_pre: 0.2484 (0.2590)  loss_giou_pre: 0.5987 (0.5948)  loss_mal_enc_0: 1.0283 (1.0392)  loss_bbox_enc_0: 0.2778 (0.2902)  loss_giou_enc_0: 0.6480 (0.6490)  loss_mal_dn_0: 0.7300 (0.7268)  loss_bbox_dn_0: 0.2625 (0.2884)  loss_giou_dn_0: 0.5920 (0.5828)  loss_fgl_dn_0: 1.1642 (1.1652)  loss_ddf_dn_0: 0.1004 (0.0982)  loss_mal_dn_1: 0.6646 (0.6531)  loss_bbox_dn_1: 0.2072 (0.2290)  loss_giou_dn_1: 0.4765 (0.4789)  loss_fgl_dn_1: 1.1143 (1.1212)  loss_ddf_dn_1: 0.0059 (0.0059)  loss_mal_dn_2: 0.6533 (0.6432)  loss_bbox_dn_2: 0.2039 (0.2242)  loss_giou_dn_2: 0.4695 (0.4715)  loss_fgl_dn_2: 1.1152 (1.1191)  loss_mal_dn_pre: 0.7295 (0.7267)  loss_bbox_dn_pre: 0.2664 (0.2920)  loss_giou_dn_pre: 0.5923 (0.5830)
Test:  [ 0/13]  eta: 0:00:36    time: 2.8426  data: 2.5950  max mem: 8321
Test:  [10/13]  eta: 0:00:01    time: 0.6094  data: 0.3420  max mem: 8321
Test:  [12/13]  eta: 0:00:00    time: 0.5515  data: 0.2957  max mem: 8321
Test: Total time: 0:00:07 (0.5584 s / it)
Averaged stats: 
Accumulating evaluation results...
COCOeval_opt.accumulate() finished...
DONE (t=0.31s).
IoU metric: bbox
 Average Precision  (AP) @[ IoU=0.50:0.95 | area=   all | maxDets=100 ] = 0.274
 Average Precision  (AP) @[ IoU=0.50      | area=   all | maxDets=100 ] = 0.586
 Average Precision  (AP) @[ IoU=0.75      | area=   all | maxDets=100 ] = 0.212
 Average Precision  (AP) @[ IoU=0.50:0.95 | area= small | maxDets=100 ] = 0.124
 Average Precision  (AP) @[ IoU=0.50:0.95 | area=medium | maxDets=100 ] = 0.231
 Average Precision  (AP) @[ IoU=0.50:0.95 | area= large | maxDets=100 ] = 0.323
 Average Recall     (AR) @[ IoU=0.50:0.95 | area=   all | maxDets=  1 ] = 0.252
 Average Recall     (AR) @[ IoU=0.50:0.95 | area=   all | maxDets= 10 ] = 0.479
 Average Recall     (AR) @[ IoU=0.50:0.95 | area=   all | maxDets=100 ] = 0.552
 Average Recall     (AR) @[ IoU=0.50:0.95 | area= small | maxDets=100 ] = 0.296
 Average Recall     (AR) @[ IoU=0.50:0.95 | area=medium | maxDets=100 ] = 0.528
 Average Recall     (AR) @[ IoU=0.50:0.95 | area= large | maxDets=100 ] = 0.628
 Average Recall     (AR) @[ IoU=0.50      | area=   all | maxDets=100 ] = 0.957
 Average Recall     (AR) @[ IoU=0.75      | area=   all | maxDets=100 ] = 0.541
best_stat: {'epoch': 117, 'coco_eval_bbox': 0.2743058151233895}
Epoch: [119]  [  0/197]  eta: 0:09:17  lr: 0.000400  loss: 21.8863 (21.8863)  loss_mal: 0.9409 (0.9409)  loss_bbox: 0.2230 (0.2230)  loss_giou: 0.5702 (0.5702)  loss_fgl: 1.1598 (1.1598)  loss_mal_aux_0: 0.9521 (0.9521)  loss_bbox_aux_0: 0.2322 (0.2322)  loss_giou_aux_0: 0.5843 (0.5843)  loss_fgl_aux_0: 1.1794 (1.1794)  loss_ddf_aux_0: 0.0135 (0.0135)  loss_mal_aux_1: 0.9355 (0.9355)  loss_bbox_aux_1: 0.2264 (0.2264)  loss_giou_aux_1: 0.5760 (0.5760)  loss_fgl_aux_1: 1.1606 (1.1606)  loss_ddf_aux_1: 0.0013 (0.0013)  loss_mal_pre: 0.9531 (0.9531)  loss_bbox_pre: 0.2297 (0.2297)  loss_giou_pre: 0.5828 (0.5828)  loss_mal_enc_0: 1.0020 (1.0020)  loss_bbox_enc_0: 0.2589 (0.2589)  loss_giou_enc_0: 0.6556 (0.6556)  loss_mal_dn_0: 0.7349 (0.7349)  loss_bbox_dn_0: 0.2623 (0.2623)  loss_giou_dn_0: 0.5730 (0.5730)  loss_fgl_dn_0: 1.2023 (1.2023)  loss_ddf_dn_0: 0.0947 (0.0947)  loss_mal_dn_1: 0.6597 (0.6597)  loss_bbox_dn_1: 0.2137 (0.2137)  loss_giou_dn_1: 0.4799 (0.4799)  loss_fgl_dn_1: 1.1582 (1.1582)  loss_ddf_dn_1: 0.0051 (0.0051)  loss_mal_dn_2: 0.6489 (0.6489)  loss_bbox_dn_2: 0.2085 (0.2085)  loss_giou_dn_2: 0.4757 (0.4757)  loss_fgl_dn_2: 1.1573 (1.1573)  loss_mal_dn_pre: 0.7339 (0.7339)  loss_bbox_dn_pre: 0.2668 (0.2668)  loss_giou_dn_pre: 0.5738 (0.5738)  time: 2.8309  data: 2.3500  max mem: 8321
Epoch: [119]  [196/197]  eta: 0:00:00  lr: 0.000400  loss: 22.1810 (22.0980)  loss_mal: 0.9561 (0.9623)  loss_bbox: 0.2306 (0.2536)  loss_giou: 0.5789 (0.5741)  loss_fgl: 1.1247 (1.1193)  loss_mal_aux_0: 1.0234 (1.0132)  loss_bbox_aux_0: 0.2399 (0.2611)  loss_giou_aux_0: 0.5919 (0.5908)  loss_fgl_aux_0: 1.1378 (1.1331)  loss_ddf_aux_0: 0.0151 (0.0170)  loss_mal_aux_1: 0.9854 (0.9768)  loss_bbox_aux_1: 0.2302 (0.2543)  loss_giou_aux_1: 0.5774 (0.5758)  loss_fgl_aux_1: 1.1243 (1.1195)  loss_ddf_aux_1: 0.0012 (0.0013)  loss_mal_pre: 1.0215 (1.0144)  loss_bbox_pre: 0.2373 (0.2606)  loss_giou_pre: 0.5929 (0.5897)  loss_mal_enc_0: 1.0127 (1.0398)  loss_bbox_enc_0: 0.2648 (0.2928)  loss_giou_enc_0: 0.6487 (0.6439)  loss_mal_dn_0: 0.7319 (0.7260)  loss_bbox_dn_0: 0.2687 (0.2927)  loss_giou_dn_0: 0.5840 (0.5794)  loss_fgl_dn_0: 1.1633 (1.1650)  loss_ddf_dn_0: 0.0925 (0.0970)  loss_mal_dn_1: 0.6533 (0.6511)  loss_bbox_dn_1: 0.2068 (0.2325)  loss_giou_dn_1: 0.4829 (0.4764)  loss_fgl_dn_1: 1.1234 (1.1208)  loss_ddf_dn_1: 0.0055 (0.0061)  loss_mal_dn_2: 0.6450 (0.6410)  loss_bbox_dn_2: 0.2008 (0.2271)  loss_giou_dn_2: 0.4772 (0.4689)  loss_fgl_dn_2: 1.1215 (1.1189)  loss_mal_dn_pre: 0.7310 (0.7258)  loss_bbox_dn_pre: 0.2689 (0.2960)  loss_giou_dn_pre: 0.5829 (0.5796)  time: 0.4124  data: 0.0474  max mem: 8321
Epoch: [119] Total time: 0:01:31 (0.4634 s / it)
Averaged stats: lr: 0.000400  loss: 22.1810 (22.0980)  loss_mal: 0.9561 (0.9623)  loss_bbox: 0.2306 (0.2536)  loss_giou: 0.5789 (0.5741)  loss_fgl: 1.1247 (1.1193)  loss_mal_aux_0: 1.0234 (1.0132)  loss_bbox_aux_0: 0.2399 (0.2611)  loss_giou_aux_0: 0.5919 (0.5908)  loss_fgl_aux_0: 1.1378 (1.1331)  loss_ddf_aux_0: 0.0151 (0.0170)  loss_mal_aux_1: 0.9854 (0.9768)  loss_bbox_aux_1: 0.2302 (0.2543)  loss_giou_aux_1: 0.5774 (0.5758)  loss_fgl_aux_1: 1.1243 (1.1195)  loss_ddf_aux_1: 0.0012 (0.0013)  loss_mal_pre: 1.0215 (1.0144)  loss_bbox_pre: 0.2373 (0.2606)  loss_giou_pre: 0.5929 (0.5897)  loss_mal_enc_0: 1.0127 (1.0398)  loss_bbox_enc_0: 0.2648 (0.2928)  loss_giou_enc_0: 0.6487 (0.6439)  loss_mal_dn_0: 0.7319 (0.7260)  loss_bbox_dn_0: 0.2687 (0.2927)  loss_giou_dn_0: 0.5840 (0.5794)  loss_fgl_dn_0: 1.1633 (1.1650)  loss_ddf_dn_0: 0.0925 (0.0970)  loss_mal_dn_1: 0.6533 (0.6511)  loss_bbox_dn_1: 0.2068 (0.2325)  loss_giou_dn_1: 0.4829 (0.4764)  loss_fgl_dn_1: 1.1234 (1.1208)  loss_ddf_dn_1: 0.0055 (0.0061)  loss_mal_dn_2: 0.6450 (0.6410)  loss_bbox_dn_2: 0.2008 (0.2271)  loss_giou_dn_2: 0.4772 (0.4689)  loss_fgl_dn_2: 1.1215 (1.1189)  loss_mal_dn_pre: 0.7310 (0.7258)  loss_bbox_dn_pre: 0.2689 (0.2960)  loss_giou_dn_pre: 0.5829 (0.5796)
Test:  [ 0/13]  eta: 0:00:37    time: 2.8668  data: 2.6532  max mem: 8321
Test:  [10/13]  eta: 0:00:01    time: 0.5858  data: 0.3239  max mem: 8321
Test:  [12/13]  eta: 0:00:00    time: 0.5338  data: 0.2806  max mem: 8321
Test: Total time: 0:00:07 (0.5398 s / it)
Averaged stats: 
Accumulating evaluation results...
COCOeval_opt.accumulate() finished...
DONE (t=0.30s).
IoU metric: bbox
 Average Precision  (AP) @[ IoU=0.50:0.95 | area=   all | maxDets=100 ] = 0.274
 Average Precision  (AP) @[ IoU=0.50      | area=   all | maxDets=100 ] = 0.586
 Average Precision  (AP) @[ IoU=0.75      | area=   all | maxDets=100 ] = 0.213
 Average Precision  (AP) @[ IoU=0.50:0.95 | area= small | maxDets=100 ] = 0.125
 Average Precision  (AP) @[ IoU=0.50:0.95 | area=medium | maxDets=100 ] = 0.230
 Average Precision  (AP) @[ IoU=0.50:0.95 | area= large | maxDets=100 ] = 0.326
 Average Recall     (AR) @[ IoU=0.50:0.95 | area=   all | maxDets=  1 ] = 0.252
 Average Recall     (AR) @[ IoU=0.50:0.95 | area=   all | maxDets= 10 ] = 0.478
 Average Recall     (AR) @[ IoU=0.50:0.95 | area=   all | maxDets=100 ] = 0.554
 Average Recall     (AR) @[ IoU=0.50:0.95 | area= small | maxDets=100 ] = 0.298
 Average Recall     (AR) @[ IoU=0.50:0.95 | area=medium | maxDets=100 ] = 0.528
 Average Recall     (AR) @[ IoU=0.50:0.95 | area= large | maxDets=100 ] = 0.630
 Average Recall     (AR) @[ IoU=0.50      | area=   all | maxDets=100 ] = 0.955
 Average Recall     (AR) @[ IoU=0.75      | area=   all | maxDets=100 ] = 0.544
best_stat: {'epoch': 117, 'coco_eval_bbox': 0.2743058151233895}
Epoch: [120]  [  0/197]  eta: 0:09:07  lr: 0.000400  loss: 20.8958 (20.8958)  loss_mal: 0.8887 (0.8887)  loss_bbox: 0.2369 (0.2369)  loss_giou: 0.4946 (0.4946)  loss_fgl: 1.1178 (1.1178)  loss_mal_aux_0: 0.9067 (0.9067)  loss_bbox_aux_0: 0.2497 (0.2497)  loss_giou_aux_0: 0.5156 (0.5156)  loss_fgl_aux_0: 1.1314 (1.1314)  loss_ddf_aux_0: 0.0211 (0.0211)  loss_mal_aux_1: 0.8833 (0.8833)  loss_bbox_aux_1: 0.2389 (0.2389)  loss_giou_aux_1: 0.4999 (0.4999)  loss_fgl_aux_1: 1.1172 (1.1172)  loss_ddf_aux_1: 0.0010 (0.0010)  loss_mal_pre: 0.9087 (0.9087)  loss_bbox_pre: 0.2465 (0.2465)  loss_giou_pre: 0.5174 (0.5174)  loss_mal_enc_0: 0.9800 (0.9800)  loss_bbox_enc_0: 0.2656 (0.2656)  loss_giou_enc_0: 0.5637 (0.5637)  loss_mal_dn_0: 0.7041 (0.7041)  loss_bbox_dn_0: 0.3255 (0.3255)  loss_giou_dn_0: 0.5089 (0.5089)  loss_fgl_dn_0: 1.1734 (1.1734)  loss_ddf_dn_0: 0.1065 (0.1065)  loss_mal_dn_1: 0.6123 (0.6123)  loss_bbox_dn_1: 0.2487 (0.2487)  loss_giou_dn_1: 0.4083 (0.4083)  loss_fgl_dn_1: 1.1156 (1.1156)  loss_ddf_dn_1: 0.0051 (0.0051)  loss_mal_dn_2: 0.6021 (0.6021)  loss_bbox_dn_2: 0.2423 (0.2423)  loss_giou_dn_2: 0.4019 (0.4019)  loss_fgl_dn_2: 1.1135 (1.1135)  loss_mal_dn_pre: 0.7051 (0.7051)  loss_bbox_dn_pre: 0.3275 (0.3275)  loss_giou_dn_pre: 0.5104 (0.5104)  time: 2.7812  data: 2.3130  max mem: 8321
Epoch: [120]  [196/197]  eta: 0:00:00  lr: 0.000400  loss: 21.6472 (22.0658)  loss_mal: 0.9282 (0.9650)  loss_bbox: 0.2325 (0.2494)  loss_giou: 0.5306 (0.5677)  loss_fgl: 1.1302 (1.1194)  loss_mal_aux_0: 0.9595 (1.0179)  loss_bbox_aux_0: 0.2438 (0.2564)  loss_giou_aux_0: 0.5493 (0.5848)  loss_fgl_aux_0: 1.1484 (1.1344)  loss_ddf_aux_0: 0.0171 (0.0178)  loss_mal_aux_1: 0.9448 (0.9825)  loss_bbox_aux_1: 0.2325 (0.2501)  loss_giou_aux_1: 0.5347 (0.5695)  loss_fgl_aux_1: 1.1303 (1.1196)  loss_ddf_aux_1: 0.0011 (0.0012)  loss_mal_pre: 0.9834 (1.0187)  loss_bbox_pre: 0.2434 (0.2564)  loss_giou_pre: 0.5482 (0.5837)  loss_mal_enc_0: 1.0273 (1.0513)  loss_bbox_enc_0: 0.2707 (0.2891)  loss_giou_enc_0: 0.6099 (0.6404)  loss_mal_dn_0: 0.7192 (0.7257)  loss_bbox_dn_0: 0.2730 (0.2895)  loss_giou_dn_0: 0.5675 (0.5794)  loss_fgl_dn_0: 1.1626 (1.1655)  loss_ddf_dn_0: 0.1006 (0.0980)  loss_mal_dn_1: 0.6411 (0.6511)  loss_bbox_dn_1: 0.2174 (0.2289)  loss_giou_dn_1: 0.4642 (0.4755)  loss_fgl_dn_1: 1.1166 (1.1209)  loss_ddf_dn_1: 0.0058 (0.0058)  loss_mal_dn_2: 0.6304 (0.6406)  loss_bbox_dn_2: 0.2144 (0.2241)  loss_giou_dn_2: 0.4575 (0.4682)  loss_fgl_dn_2: 1.1143 (1.1189)  loss_mal_dn_pre: 0.7188 (0.7253)  loss_bbox_dn_pre: 0.2750 (0.2932)  loss_giou_dn_pre: 0.5656 (0.5797)  time: 0.4206  data: 0.0467  max mem: 8321
Epoch: [120] Total time: 0:01:32 (0.4697 s / it)
Averaged stats: lr: 0.000400  loss: 21.6472 (22.0658)  loss_mal: 0.9282 (0.9650)  loss_bbox: 0.2325 (0.2494)  loss_giou: 0.5306 (0.5677)  loss_fgl: 1.1302 (1.1194)  loss_mal_aux_0: 0.9595 (1.0179)  loss_bbox_aux_0: 0.2438 (0.2564)  loss_giou_aux_0: 0.5493 (0.5848)  loss_fgl_aux_0: 1.1484 (1.1344)  loss_ddf_aux_0: 0.0171 (0.0178)  loss_mal_aux_1: 0.9448 (0.9825)  loss_bbox_aux_1: 0.2325 (0.2501)  loss_giou_aux_1: 0.5347 (0.5695)  loss_fgl_aux_1: 1.1303 (1.1196)  loss_ddf_aux_1: 0.0011 (0.0012)  loss_mal_pre: 0.9834 (1.0187)  loss_bbox_pre: 0.2434 (0.2564)  loss_giou_pre: 0.5482 (0.5837)  loss_mal_enc_0: 1.0273 (1.0513)  loss_bbox_enc_0: 0.2707 (0.2891)  loss_giou_enc_0: 0.6099 (0.6404)  loss_mal_dn_0: 0.7192 (0.7257)  loss_bbox_dn_0: 0.2730 (0.2895)  loss_giou_dn_0: 0.5675 (0.5794)  loss_fgl_dn_0: 1.1626 (1.1655)  loss_ddf_dn_0: 0.1006 (0.0980)  loss_mal_dn_1: 0.6411 (0.6511)  loss_bbox_dn_1: 0.2174 (0.2289)  loss_giou_dn_1: 0.4642 (0.4755)  loss_fgl_dn_1: 1.1166 (1.1209)  loss_ddf_dn_1: 0.0058 (0.0058)  loss_mal_dn_2: 0.6304 (0.6406)  loss_bbox_dn_2: 0.2144 (0.2241)  loss_giou_dn_2: 0.4575 (0.4682)  loss_fgl_dn_2: 1.1143 (1.1189)  loss_mal_dn_pre: 0.7188 (0.7253)  loss_bbox_dn_pre: 0.2750 (0.2932)  loss_giou_dn_pre: 0.5656 (0.5797)
Test:  [ 0/13]  eta: 0:00:35    time: 2.7259  data: 2.3068  max mem: 8321
Test:  [10/13]  eta: 0:00:01    time: 0.6050  data: 0.3088  max mem: 8321
Test:  [12/13]  eta: 0:00:00    time: 0.5493  data: 0.2683  max mem: 8321
Test: Total time: 0:00:07 (0.5563 s / it)
Averaged stats: 
Accumulating evaluation results...
COCOeval_opt.accumulate() finished...
DONE (t=0.33s).
IoU metric: bbox
 Average Precision  (AP) @[ IoU=0.50:0.95 | area=   all | maxDets=100 ] = 0.274
 Average Precision  (AP) @[ IoU=0.50      | area=   all | maxDets=100 ] = 0.587
 Average Precision  (AP) @[ IoU=0.75      | area=   all | maxDets=100 ] = 0.214
 Average Precision  (AP) @[ IoU=0.50:0.95 | area= small | maxDets=100 ] = 0.125
 Average Precision  (AP) @[ IoU=0.50:0.95 | area=medium | maxDets=100 ] = 0.230
 Average Precision  (AP) @[ IoU=0.50:0.95 | area= large | maxDets=100 ] = 0.322
 Average Recall     (AR) @[ IoU=0.50:0.95 | area=   all | maxDets=  1 ] = 0.252
 Average Recall     (AR) @[ IoU=0.50:0.95 | area=   all | maxDets= 10 ] = 0.479
 Average Recall     (AR) @[ IoU=0.50:0.95 | area=   all | maxDets=100 ] = 0.554
 Average Recall     (AR) @[ IoU=0.50:0.95 | area= small | maxDets=100 ] = 0.298
 Average Recall     (AR) @[ IoU=0.50:0.95 | area=medium | maxDets=100 ] = 0.528
 Average Recall     (AR) @[ IoU=0.50:0.95 | area= large | maxDets=100 ] = 0.631
 Average Recall     (AR) @[ IoU=0.50      | area=   all | maxDets=100 ] = 0.955
 Average Recall     (AR) @[ IoU=0.75      | area=   all | maxDets=100 ] = 0.543
best_stat: {'epoch': 117, 'coco_eval_bbox': 0.2743058151233895}
Epoch: [121]  [  0/197]  eta: 0:10:01  lr: 0.000400  loss: 22.2439 (22.2439)  loss_mal: 1.0166 (1.0166)  loss_bbox: 0.1693 (0.1693)  loss_giou: 0.6003 (0.6003)  loss_fgl: 1.1359 (1.1359)  loss_mal_aux_0: 1.1064 (1.1064)  loss_bbox_aux_0: 0.1720 (0.1720)  loss_giou_aux_0: 0.6215 (0.6215)  loss_fgl_aux_0: 1.1382 (1.1382)  loss_ddf_aux_0: 0.0151 (0.0151)  loss_mal_aux_1: 1.0752 (1.0752)  loss_bbox_aux_1: 0.1673 (0.1673)  loss_giou_aux_1: 0.5985 (0.5985)  loss_fgl_aux_1: 1.1334 (1.1334)  loss_ddf_aux_1: 0.0010 (0.0010)  loss_mal_pre: 1.1240 (1.1240)  loss_bbox_pre: 0.1743 (0.1743)  loss_giou_pre: 0.6256 (0.6256)  loss_mal_enc_0: 1.0762 (1.0762)  loss_bbox_enc_0: 0.2103 (0.2103)  loss_giou_enc_0: 0.6847 (0.6847)  loss_mal_dn_0: 0.7280 (0.7280)  loss_bbox_dn_0: 0.2362 (0.2362)  loss_giou_dn_0: 0.6287 (0.6287)  loss_fgl_dn_0: 1.1753 (1.1753)  loss_ddf_dn_0: 0.0924 (0.0924)  loss_mal_dn_1: 0.6602 (0.6602)  loss_bbox_dn_1: 0.1721 (0.1721)  loss_giou_dn_1: 0.5041 (0.5041)  loss_fgl_dn_1: 1.1469 (1.1469)  loss_ddf_dn_1: 0.0050 (0.0050)  loss_mal_dn_2: 0.6523 (0.6523)  loss_bbox_dn_2: 0.1653 (0.1653)  loss_giou_dn_2: 0.4939 (0.4939)  loss_fgl_dn_2: 1.1495 (1.1495)  loss_mal_dn_pre: 0.7280 (0.7280)  loss_bbox_dn_pre: 0.2322 (0.2322)  loss_giou_dn_pre: 0.6277 (0.6277)  time: 3.0532  data: 2.5249  max mem: 8321
Epoch: [121]  [196/197]  eta: 0:00:00  lr: 0.000400  loss: 22.0438 (22.0967)  loss_mal: 0.9985 (0.9709)  loss_bbox: 0.2478 (0.2501)  loss_giou: 0.5684 (0.5698)  loss_fgl: 1.1237 (1.1181)  loss_mal_aux_0: 1.0117 (1.0230)  loss_bbox_aux_0: 0.2461 (0.2572)  loss_giou_aux_0: 0.5811 (0.5848)  loss_fgl_aux_0: 1.1397 (1.1340)  loss_ddf_aux_0: 0.0168 (0.0183)  loss_mal_aux_1: 0.9990 (0.9815)  loss_bbox_aux_1: 0.2470 (0.2508)  loss_giou_aux_1: 0.5668 (0.5709)  loss_fgl_aux_1: 1.1252 (1.1185)  loss_ddf_aux_1: 0.0012 (0.0013)  loss_mal_pre: 1.0127 (1.0246)  loss_bbox_pre: 0.2444 (0.2572)  loss_giou_pre: 0.5820 (0.5837)  loss_mal_enc_0: 1.0586 (1.0516)  loss_bbox_enc_0: 0.2770 (0.2904)  loss_giou_enc_0: 0.6379 (0.6420)  loss_mal_dn_0: 0.7227 (0.7236)  loss_bbox_dn_0: 0.2847 (0.2932)  loss_giou_dn_0: 0.5854 (0.5803)  loss_fgl_dn_0: 1.1625 (1.1632)  loss_ddf_dn_0: 0.0960 (0.0972)  loss_mal_dn_1: 0.6528 (0.6502)  loss_bbox_dn_1: 0.2347 (0.2329)  loss_giou_dn_1: 0.4837 (0.4767)  loss_fgl_dn_1: 1.1235 (1.1190)  loss_ddf_dn_1: 0.0060 (0.0057)  loss_mal_dn_2: 0.6396 (0.6400)  loss_bbox_dn_2: 0.2273 (0.2283)  loss_giou_dn_2: 0.4754 (0.4694)  loss_fgl_dn_2: 1.1223 (1.1170)  loss_mal_dn_pre: 0.7222 (0.7234)  loss_bbox_dn_pre: 0.2864 (0.2972)  loss_giou_dn_pre: 0.5843 (0.5808)  time: 0.4577  data: 0.0505  max mem: 8321
Epoch: [121] Total time: 0:01:35 (0.4869 s / it)
Averaged stats: lr: 0.000400  loss: 22.0438 (22.0967)  loss_mal: 0.9985 (0.9709)  loss_bbox: 0.2478 (0.2501)  loss_giou: 0.5684 (0.5698)  loss_fgl: 1.1237 (1.1181)  loss_mal_aux_0: 1.0117 (1.0230)  loss_bbox_aux_0: 0.2461 (0.2572)  loss_giou_aux_0: 0.5811 (0.5848)  loss_fgl_aux_0: 1.1397 (1.1340)  loss_ddf_aux_0: 0.0168 (0.0183)  loss_mal_aux_1: 0.9990 (0.9815)  loss_bbox_aux_1: 0.2470 (0.2508)  loss_giou_aux_1: 0.5668 (0.5709)  loss_fgl_aux_1: 1.1252 (1.1185)  loss_ddf_aux_1: 0.0012 (0.0013)  loss_mal_pre: 1.0127 (1.0246)  loss_bbox_pre: 0.2444 (0.2572)  loss_giou_pre: 0.5820 (0.5837)  loss_mal_enc_0: 1.0586 (1.0516)  loss_bbox_enc_0: 0.2770 (0.2904)  loss_giou_enc_0: 0.6379 (0.6420)  loss_mal_dn_0: 0.7227 (0.7236)  loss_bbox_dn_0: 0.2847 (0.2932)  loss_giou_dn_0: 0.5854 (0.5803)  loss_fgl_dn_0: 1.1625 (1.1632)  loss_ddf_dn_0: 0.0960 (0.0972)  loss_mal_dn_1: 0.6528 (0.6502)  loss_bbox_dn_1: 0.2347 (0.2329)  loss_giou_dn_1: 0.4837 (0.4767)  loss_fgl_dn_1: 1.1235 (1.1190)  loss_ddf_dn_1: 0.0060 (0.0057)  loss_mal_dn_2: 0.6396 (0.6400)  loss_bbox_dn_2: 0.2273 (0.2283)  loss_giou_dn_2: 0.4754 (0.4694)  loss_fgl_dn_2: 1.1223 (1.1170)  loss_mal_dn_pre: 0.7222 (0.7234)  loss_bbox_dn_pre: 0.2864 (0.2972)  loss_giou_dn_pre: 0.5843 (0.5808)
Test:  [ 0/13]  eta: 0:00:34    time: 2.6866  data: 2.2559  max mem: 8321
Test:  [10/13]  eta: 0:00:01    time: 0.6295  data: 0.3403  max mem: 8321
Test:  [12/13]  eta: 0:00:00    time: 0.5611  data: 0.2945  max mem: 8321
Test: Total time: 0:00:07 (0.5685 s / it)
Averaged stats: 
Accumulating evaluation results...
COCOeval_opt.accumulate() finished...
DONE (t=0.30s).
IoU metric: bbox
 Average Precision  (AP) @[ IoU=0.50:0.95 | area=   all | maxDets=100 ] = 0.274
 Average Precision  (AP) @[ IoU=0.50      | area=   all | maxDets=100 ] = 0.588
 Average Precision  (AP) @[ IoU=0.75      | area=   all | maxDets=100 ] = 0.214
 Average Precision  (AP) @[ IoU=0.50:0.95 | area= small | maxDets=100 ] = 0.125
 Average Precision  (AP) @[ IoU=0.50:0.95 | area=medium | maxDets=100 ] = 0.231
 Average Precision  (AP) @[ IoU=0.50:0.95 | area= large | maxDets=100 ] = 0.321
 Average Recall     (AR) @[ IoU=0.50:0.95 | area=   all | maxDets=  1 ] = 0.252
 Average Recall     (AR) @[ IoU=0.50:0.95 | area=   all | maxDets= 10 ] = 0.479
 Average Recall     (AR) @[ IoU=0.50:0.95 | area=   all | maxDets=100 ] = 0.555
 Average Recall     (AR) @[ IoU=0.50:0.95 | area= small | maxDets=100 ] = 0.298
 Average Recall     (AR) @[ IoU=0.50:0.95 | area=medium | maxDets=100 ] = 0.529
 Average Recall     (AR) @[ IoU=0.50:0.95 | area= large | maxDets=100 ] = 0.630
 Average Recall     (AR) @[ IoU=0.50      | area=   all | maxDets=100 ] = 0.955
 Average Recall     (AR) @[ IoU=0.75      | area=   all | maxDets=100 ] = 0.549
best_stat: {'epoch': 117, 'coco_eval_bbox': 0.2743058151233895}
Epoch: [122]  [  0/197]  eta: 0:12:07  lr: 0.000400  loss: 23.1260 (23.1260)  loss_mal: 1.0410 (1.0410)  loss_bbox: 0.2047 (0.2047)  loss_giou: 0.6408 (0.6408)  loss_fgl: 1.1273 (1.1273)  loss_mal_aux_0: 1.1641 (1.1641)  loss_bbox_aux_0: 0.2146 (0.2146)  loss_giou_aux_0: 0.6802 (0.6802)  loss_fgl_aux_0: 1.1315 (1.1315)  loss_ddf_aux_0: 0.0147 (0.0147)  loss_mal_aux_1: 1.1084 (1.1084)  loss_bbox_aux_1: 0.2085 (0.2085)  loss_giou_aux_1: 0.6464 (0.6464)  loss_fgl_aux_1: 1.1281 (1.1281)  loss_ddf_aux_1: 0.0011 (0.0011)  loss_mal_pre: 1.1592 (1.1592)  loss_bbox_pre: 0.2151 (0.2151)  loss_giou_pre: 0.6804 (0.6804)  loss_mal_enc_0: 1.1592 (1.1592)  loss_bbox_enc_0: 0.2586 (0.2586)  loss_giou_enc_0: 0.7569 (0.7569)  loss_mal_dn_0: 0.7456 (0.7456)  loss_bbox_dn_0: 0.2240 (0.2240)  loss_giou_dn_0: 0.6450 (0.6450)  loss_fgl_dn_0: 1.1910 (1.1910)  loss_ddf_dn_0: 0.0916 (0.0916)  loss_mal_dn_1: 0.6924 (0.6924)  loss_bbox_dn_1: 0.1765 (0.1765)  loss_giou_dn_1: 0.5255 (0.5255)  loss_fgl_dn_1: 1.1551 (1.1551)  loss_ddf_dn_1: 0.0062 (0.0062)  loss_mal_dn_2: 0.6772 (0.6772)  loss_bbox_dn_2: 0.1719 (0.1719)  loss_giou_dn_2: 0.5182 (0.5182)  loss_fgl_dn_2: 1.1507 (1.1507)  loss_mal_dn_pre: 0.7456 (0.7456)  loss_bbox_dn_pre: 0.2258 (0.2258)  loss_giou_dn_pre: 0.6431 (0.6431)  time: 3.6933  data: 3.2164  max mem: 8321
Epoch: [122]  [196/197]  eta: 0:00:00  lr: 0.000400  loss: 21.9773 (22.0445)  loss_mal: 0.9336 (0.9578)  loss_bbox: 0.2484 (0.2481)  loss_giou: 0.5748 (0.5715)  loss_fgl: 1.1072 (1.1170)  loss_mal_aux_0: 0.9976 (1.0164)  loss_bbox_aux_0: 0.2625 (0.2560)  loss_giou_aux_0: 0.5860 (0.5894)  loss_fgl_aux_0: 1.1263 (1.1327)  loss_ddf_aux_0: 0.0168 (0.0182)  loss_mal_aux_1: 0.9492 (0.9774)  loss_bbox_aux_1: 0.2514 (0.2491)  loss_giou_aux_1: 0.5756 (0.5733)  loss_fgl_aux_1: 1.1088 (1.1176)  loss_ddf_aux_1: 0.0013 (0.0014)  loss_mal_pre: 1.0107 (1.0163)  loss_bbox_pre: 0.2576 (0.2558)  loss_giou_pre: 0.5852 (0.5884)  loss_mal_enc_0: 1.0488 (1.0487)  loss_bbox_enc_0: 0.3015 (0.2879)  loss_giou_enc_0: 0.6465 (0.6428)  loss_mal_dn_0: 0.7241 (0.7252)  loss_bbox_dn_0: 0.2944 (0.2870)  loss_giou_dn_0: 0.5807 (0.5797)  loss_fgl_dn_0: 1.1625 (1.1650)  loss_ddf_dn_0: 0.0967 (0.0998)  loss_mal_dn_1: 0.6450 (0.6507)  loss_bbox_dn_1: 0.2235 (0.2273)  loss_giou_dn_1: 0.4593 (0.4745)  loss_fgl_dn_1: 1.1163 (1.1202)  loss_ddf_dn_1: 0.0058 (0.0061)  loss_mal_dn_2: 0.6333 (0.6405)  loss_bbox_dn_2: 0.2153 (0.2223)  loss_giou_dn_2: 0.4505 (0.4670)  loss_fgl_dn_2: 1.1135 (1.1178)  loss_mal_dn_pre: 0.7231 (0.7250)  loss_bbox_dn_pre: 0.2981 (0.2906)  loss_giou_dn_pre: 0.5821 (0.5798)  time: 0.4284  data: 0.0450  max mem: 8321
Epoch: [122] Total time: 0:01:34 (0.4786 s / it)
Averaged stats: lr: 0.000400  loss: 21.9773 (22.0445)  loss_mal: 0.9336 (0.9578)  loss_bbox: 0.2484 (0.2481)  loss_giou: 0.5748 (0.5715)  loss_fgl: 1.1072 (1.1170)  loss_mal_aux_0: 0.9976 (1.0164)  loss_bbox_aux_0: 0.2625 (0.2560)  loss_giou_aux_0: 0.5860 (0.5894)  loss_fgl_aux_0: 1.1263 (1.1327)  loss_ddf_aux_0: 0.0168 (0.0182)  loss_mal_aux_1: 0.9492 (0.9774)  loss_bbox_aux_1: 0.2514 (0.2491)  loss_giou_aux_1: 0.5756 (0.5733)  loss_fgl_aux_1: 1.1088 (1.1176)  loss_ddf_aux_1: 0.0013 (0.0014)  loss_mal_pre: 1.0107 (1.0163)  loss_bbox_pre: 0.2576 (0.2558)  loss_giou_pre: 0.5852 (0.5884)  loss_mal_enc_0: 1.0488 (1.0487)  loss_bbox_enc_0: 0.3015 (0.2879)  loss_giou_enc_0: 0.6465 (0.6428)  loss_mal_dn_0: 0.7241 (0.7252)  loss_bbox_dn_0: 0.2944 (0.2870)  loss_giou_dn_0: 0.5807 (0.5797)  loss_fgl_dn_0: 1.1625 (1.1650)  loss_ddf_dn_0: 0.0967 (0.0998)  loss_mal_dn_1: 0.6450 (0.6507)  loss_bbox_dn_1: 0.2235 (0.2273)  loss_giou_dn_1: 0.4593 (0.4745)  loss_fgl_dn_1: 1.1163 (1.1202)  loss_ddf_dn_1: 0.0058 (0.0061)  loss_mal_dn_2: 0.6333 (0.6405)  loss_bbox_dn_2: 0.2153 (0.2223)  loss_giou_dn_2: 0.4505 (0.4670)  loss_fgl_dn_2: 1.1135 (1.1178)  loss_mal_dn_pre: 0.7231 (0.7250)  loss_bbox_dn_pre: 0.2981 (0.2906)  loss_giou_dn_pre: 0.5821 (0.5798)
Test:  [ 0/13]  eta: 0:00:32    time: 2.5336  data: 2.1362  max mem: 8321
Test:  [10/13]  eta: 0:00:01    time: 0.5777  data: 0.2948  max mem: 8321
Test:  [12/13]  eta: 0:00:00    time: 0.5247  data: 0.2559  max mem: 8321
Test: Total time: 0:00:06 (0.5304 s / it)
Averaged stats: 
Accumulating evaluation results...
COCOeval_opt.accumulate() finished...
DONE (t=0.30s).
IoU metric: bbox
 Average Precision  (AP) @[ IoU=0.50:0.95 | area=   all | maxDets=100 ] = 0.275
 Average Precision  (AP) @[ IoU=0.50      | area=   all | maxDets=100 ] = 0.589
 Average Precision  (AP) @[ IoU=0.75      | area=   all | maxDets=100 ] = 0.214
 Average Precision  (AP) @[ IoU=0.50:0.95 | area= small | maxDets=100 ] = 0.125
 Average Precision  (AP) @[ IoU=0.50:0.95 | area=medium | maxDets=100 ] = 0.231
 Average Precision  (AP) @[ IoU=0.50:0.95 | area= large | maxDets=100 ] = 0.326
 Average Recall     (AR) @[ IoU=0.50:0.95 | area=   all | maxDets=  1 ] = 0.253
 Average Recall     (AR) @[ IoU=0.50:0.95 | area=   all | maxDets= 10 ] = 0.479
 Average Recall     (AR) @[ IoU=0.50:0.95 | area=   all | maxDets=100 ] = 0.555
 Average Recall     (AR) @[ IoU=0.50:0.95 | area= small | maxDets=100 ] = 0.297
 Average Recall     (AR) @[ IoU=0.50:0.95 | area=medium | maxDets=100 ] = 0.529
 Average Recall     (AR) @[ IoU=0.50:0.95 | area= large | maxDets=100 ] = 0.632
 Average Recall     (AR) @[ IoU=0.50      | area=   all | maxDets=100 ] = 0.957
 Average Recall     (AR) @[ IoU=0.75      | area=   all | maxDets=100 ] = 0.552
best_stat: {'epoch': 122, 'coco_eval_bbox': 0.2750600977750323}
Epoch: [123]  [  0/197]  eta: 0:10:35  lr: 0.000400  loss: 21.4925 (21.4925)  loss_mal: 0.9873 (0.9873)  loss_bbox: 0.1949 (0.1949)  loss_giou: 0.5624 (0.5624)  loss_fgl: 1.1199 (1.1199)  loss_mal_aux_0: 1.0410 (1.0410)  loss_bbox_aux_0: 0.1996 (0.1996)  loss_giou_aux_0: 0.5683 (0.5683)  loss_fgl_aux_0: 1.1350 (1.1350)  loss_ddf_aux_0: 0.0115 (0.0115)  loss_mal_aux_1: 0.9971 (0.9971)  loss_bbox_aux_1: 0.1923 (0.1923)  loss_giou_aux_1: 0.5659 (0.5659)  loss_fgl_aux_1: 1.1192 (1.1192)  loss_ddf_aux_1: 0.0011 (0.0011)  loss_mal_pre: 1.0547 (1.0547)  loss_bbox_pre: 0.1987 (0.1987)  loss_giou_pre: 0.5661 (0.5661)  loss_mal_enc_0: 1.0527 (1.0527)  loss_bbox_enc_0: 0.2089 (0.2089)  loss_giou_enc_0: 0.5937 (0.5937)  loss_mal_dn_0: 0.7212 (0.7212)  loss_bbox_dn_0: 0.2252 (0.2252)  loss_giou_dn_0: 0.5937 (0.5937)  loss_fgl_dn_0: 1.1342 (1.1342)  loss_ddf_dn_0: 0.1006 (0.1006)  loss_mal_dn_1: 0.6509 (0.6509)  loss_bbox_dn_1: 0.1797 (0.1797)  loss_giou_dn_1: 0.4833 (0.4833)  loss_fgl_dn_1: 1.0980 (1.0980)  loss_ddf_dn_1: 0.0058 (0.0058)  loss_mal_dn_2: 0.6406 (0.6406)  loss_bbox_dn_2: 0.1732 (0.1732)  loss_giou_dn_2: 0.4728 (0.4728)  loss_fgl_dn_2: 1.0955 (1.0955)  loss_mal_dn_pre: 0.7217 (0.7217)  loss_bbox_dn_pre: 0.2302 (0.2302)  loss_giou_dn_pre: 0.5954 (0.5954)  time: 3.2243  data: 2.6806  max mem: 8321
Epoch: [123]  [196/197]  eta: 0:00:00  lr: 0.000400  loss: 22.1819 (21.9907)  loss_mal: 0.9336 (0.9631)  loss_bbox: 0.2492 (0.2458)  loss_giou: 0.6027 (0.5671)  loss_fgl: 1.1086 (1.1209)  loss_mal_aux_0: 0.9829 (1.0090)  loss_bbox_aux_0: 0.2471 (0.2532)  loss_giou_aux_0: 0.6231 (0.5841)  loss_fgl_aux_0: 1.1257 (1.1363)  loss_ddf_aux_0: 0.0180 (0.0181)  loss_mal_aux_1: 0.9375 (0.9731)  loss_bbox_aux_1: 0.2505 (0.2466)  loss_giou_aux_1: 0.6051 (0.5686)  loss_fgl_aux_1: 1.1091 (1.1216)  loss_ddf_aux_1: 0.0013 (0.0014)  loss_mal_pre: 0.9800 (1.0101)  loss_bbox_pre: 0.2469 (0.2532)  loss_giou_pre: 0.6255 (0.5831)  loss_mal_enc_0: 1.0127 (1.0476)  loss_bbox_enc_0: 0.2884 (0.2864)  loss_giou_enc_0: 0.6953 (0.6407)  loss_mal_dn_0: 0.7202 (0.7237)  loss_bbox_dn_0: 0.2869 (0.2864)  loss_giou_dn_0: 0.5920 (0.5756)  loss_fgl_dn_0: 1.1641 (1.1663)  loss_ddf_dn_0: 0.1007 (0.0980)  loss_mal_dn_1: 0.6460 (0.6486)  loss_bbox_dn_1: 0.2234 (0.2270)  loss_giou_dn_1: 0.4855 (0.4732)  loss_fgl_dn_1: 1.1164 (1.1213)  loss_ddf_dn_1: 0.0057 (0.0060)  loss_mal_dn_2: 0.6328 (0.6379)  loss_bbox_dn_2: 0.2191 (0.2222)  loss_giou_dn_2: 0.4816 (0.4657)  loss_fgl_dn_2: 1.1132 (1.1192)  loss_mal_dn_pre: 0.7207 (0.7235)  loss_bbox_dn_pre: 0.2892 (0.2903)  loss_giou_dn_pre: 0.5926 (0.5761)  time: 0.4400  data: 0.0460  max mem: 8321
Epoch: [123] Total time: 0:01:36 (0.4892 s / it)
Averaged stats: lr: 0.000400  loss: 22.1819 (21.9907)  loss_mal: 0.9336 (0.9631)  loss_bbox: 0.2492 (0.2458)  loss_giou: 0.6027 (0.5671)  loss_fgl: 1.1086 (1.1209)  loss_mal_aux_0: 0.9829 (1.0090)  loss_bbox_aux_0: 0.2471 (0.2532)  loss_giou_aux_0: 0.6231 (0.5841)  loss_fgl_aux_0: 1.1257 (1.1363)  loss_ddf_aux_0: 0.0180 (0.0181)  loss_mal_aux_1: 0.9375 (0.9731)  loss_bbox_aux_1: 0.2505 (0.2466)  loss_giou_aux_1: 0.6051 (0.5686)  loss_fgl_aux_1: 1.1091 (1.1216)  loss_ddf_aux_1: 0.0013 (0.0014)  loss_mal_pre: 0.9800 (1.0101)  loss_bbox_pre: 0.2469 (0.2532)  loss_giou_pre: 0.6255 (0.5831)  loss_mal_enc_0: 1.0127 (1.0476)  loss_bbox_enc_0: 0.2884 (0.2864)  loss_giou_enc_0: 0.6953 (0.6407)  loss_mal_dn_0: 0.7202 (0.7237)  loss_bbox_dn_0: 0.2869 (0.2864)  loss_giou_dn_0: 0.5920 (0.5756)  loss_fgl_dn_0: 1.1641 (1.1663)  loss_ddf_dn_0: 0.1007 (0.0980)  loss_mal_dn_1: 0.6460 (0.6486)  loss_bbox_dn_1: 0.2234 (0.2270)  loss_giou_dn_1: 0.4855 (0.4732)  loss_fgl_dn_1: 1.1164 (1.1213)  loss_ddf_dn_1: 0.0057 (0.0060)  loss_mal_dn_2: 0.6328 (0.6379)  loss_bbox_dn_2: 0.2191 (0.2222)  loss_giou_dn_2: 0.4816 (0.4657)  loss_fgl_dn_2: 1.1132 (1.1192)  loss_mal_dn_pre: 0.7207 (0.7235)  loss_bbox_dn_pre: 0.2892 (0.2903)  loss_giou_dn_pre: 0.5926 (0.5761)
Test:  [ 0/13]  eta: 0:00:30    time: 2.3483  data: 1.9681  max mem: 8321
Test:  [10/13]  eta: 0:00:01    time: 0.6178  data: 0.3366  max mem: 8321
Test:  [12/13]  eta: 0:00:00    time: 0.5595  data: 0.2999  max mem: 8321
Test: Total time: 0:00:07 (0.5667 s / it)
Averaged stats: 
Accumulating evaluation results...
COCOeval_opt.accumulate() finished...
DONE (t=0.30s).
IoU metric: bbox
 Average Precision  (AP) @[ IoU=0.50:0.95 | area=   all | maxDets=100 ] = 0.276
 Average Precision  (AP) @[ IoU=0.50      | area=   all | maxDets=100 ] = 0.589
 Average Precision  (AP) @[ IoU=0.75      | area=   all | maxDets=100 ] = 0.216
 Average Precision  (AP) @[ IoU=0.50:0.95 | area= small | maxDets=100 ] = 0.126
 Average Precision  (AP) @[ IoU=0.50:0.95 | area=medium | maxDets=100 ] = 0.233
 Average Precision  (AP) @[ IoU=0.50:0.95 | area= large | maxDets=100 ] = 0.326
 Average Recall     (AR) @[ IoU=0.50:0.95 | area=   all | maxDets=  1 ] = 0.253
 Average Recall     (AR) @[ IoU=0.50:0.95 | area=   all | maxDets= 10 ] = 0.480
 Average Recall     (AR) @[ IoU=0.50:0.95 | area=   all | maxDets=100 ] = 0.557
 Average Recall     (AR) @[ IoU=0.50:0.95 | area= small | maxDets=100 ] = 0.298
 Average Recall     (AR) @[ IoU=0.50:0.95 | area=medium | maxDets=100 ] = 0.530
 Average Recall     (AR) @[ IoU=0.50:0.95 | area= large | maxDets=100 ] = 0.632
 Average Recall     (AR) @[ IoU=0.50      | area=   all | maxDets=100 ] = 0.957
 Average Recall     (AR) @[ IoU=0.75      | area=   all | maxDets=100 ] = 0.554
best_stat: {'epoch': 123, 'coco_eval_bbox': 0.2756708282295533}
Epoch: [124]  [  0/197]  eta: 0:10:41  lr: 0.000400  loss: 23.1047 (23.1047)  loss_mal: 1.0879 (1.0879)  loss_bbox: 0.2764 (0.2764)  loss_giou: 0.5428 (0.5428)  loss_fgl: 1.1198 (1.1198)  loss_mal_aux_0: 1.1895 (1.1895)  loss_bbox_aux_0: 0.2813 (0.2813)  loss_giou_aux_0: 0.5762 (0.5762)  loss_fgl_aux_0: 1.1307 (1.1307)  loss_ddf_aux_0: 0.0180 (0.0180)  loss_mal_aux_1: 1.1338 (1.1338)  loss_bbox_aux_1: 0.2777 (0.2777)  loss_giou_aux_1: 0.5494 (0.5494)  loss_fgl_aux_1: 1.1192 (1.1192)  loss_ddf_aux_1: 0.0017 (0.0017)  loss_mal_pre: 1.1924 (1.1924)  loss_bbox_pre: 0.2858 (0.2858)  loss_giou_pre: 0.5779 (0.5779)  loss_mal_enc_0: 1.1621 (1.1621)  loss_bbox_enc_0: 0.3298 (0.3298)  loss_giou_enc_0: 0.6401 (0.6401)  loss_mal_dn_0: 0.7354 (0.7354)  loss_bbox_dn_0: 0.3484 (0.3484)  loss_giou_dn_0: 0.5692 (0.5692)  loss_fgl_dn_0: 1.1664 (1.1664)  loss_ddf_dn_0: 0.1012 (0.1012)  loss_mal_dn_1: 0.6494 (0.6494)  loss_bbox_dn_1: 0.2850 (0.2850)  loss_giou_dn_1: 0.4670 (0.4670)  loss_fgl_dn_1: 1.1214 (1.1214)  loss_ddf_dn_1: 0.0062 (0.0062)  loss_mal_dn_2: 0.6396 (0.6396)  loss_bbox_dn_2: 0.2806 (0.2806)  loss_giou_dn_2: 0.4594 (0.4594)  loss_fgl_dn_2: 1.1196 (1.1196)  loss_mal_dn_pre: 0.7354 (0.7354)  loss_bbox_dn_pre: 0.3573 (0.3573)  loss_giou_dn_pre: 0.5710 (0.5710)  time: 3.2561  data: 2.6800  max mem: 8321
Epoch: [124]  [196/197]  eta: 0:00:00  lr: 0.000400  loss: 21.8986 (21.9698)  loss_mal: 0.9678 (0.9780)  loss_bbox: 0.2302 (0.2460)  loss_giou: 0.5474 (0.5580)  loss_fgl: 1.1082 (1.1198)  loss_mal_aux_0: 1.0078 (1.0219)  loss_bbox_aux_0: 0.2355 (0.2533)  loss_giou_aux_0: 0.5749 (0.5756)  loss_fgl_aux_0: 1.1337 (1.1350)  loss_ddf_aux_0: 0.0162 (0.0183)  loss_mal_aux_1: 0.9502 (0.9838)  loss_bbox_aux_1: 0.2308 (0.2466)  loss_giou_aux_1: 0.5470 (0.5598)  loss_fgl_aux_1: 1.1087 (1.1201)  loss_ddf_aux_1: 0.0011 (0.0013)  loss_mal_pre: 1.0088 (1.0217)  loss_bbox_pre: 0.2414 (0.2532)  loss_giou_pre: 0.5724 (0.5745)  loss_mal_enc_0: 1.0488 (1.0567)  loss_bbox_enc_0: 0.2693 (0.2842)  loss_giou_enc_0: 0.6302 (0.6290)  loss_mal_dn_0: 0.7207 (0.7202)  loss_bbox_dn_0: 0.2764 (0.2881)  loss_giou_dn_0: 0.5715 (0.5717)  loss_fgl_dn_0: 1.1645 (1.1648)  loss_ddf_dn_0: 0.0965 (0.0970)  loss_mal_dn_1: 0.6396 (0.6443)  loss_bbox_dn_1: 0.2172 (0.2302)  loss_giou_dn_1: 0.4611 (0.4689)  loss_fgl_dn_1: 1.1186 (1.1192)  loss_ddf_dn_1: 0.0052 (0.0056)  loss_mal_dn_2: 0.6304 (0.6341)  loss_bbox_dn_2: 0.2118 (0.2256)  loss_giou_dn_2: 0.4526 (0.4616)  loss_fgl_dn_2: 1.1186 (1.1171)  loss_mal_dn_pre: 0.7202 (0.7201)  loss_bbox_dn_pre: 0.2791 (0.2922)  loss_giou_dn_pre: 0.5701 (0.5721)  time: 0.4291  data: 0.0486  max mem: 8321
Epoch: [124] Total time: 0:01:36 (0.4900 s / it)
Averaged stats: lr: 0.000400  loss: 21.8986 (21.9698)  loss_mal: 0.9678 (0.9780)  loss_bbox: 0.2302 (0.2460)  loss_giou: 0.5474 (0.5580)  loss_fgl: 1.1082 (1.1198)  loss_mal_aux_0: 1.0078 (1.0219)  loss_bbox_aux_0: 0.2355 (0.2533)  loss_giou_aux_0: 0.5749 (0.5756)  loss_fgl_aux_0: 1.1337 (1.1350)  loss_ddf_aux_0: 0.0162 (0.0183)  loss_mal_aux_1: 0.9502 (0.9838)  loss_bbox_aux_1: 0.2308 (0.2466)  loss_giou_aux_1: 0.5470 (0.5598)  loss_fgl_aux_1: 1.1087 (1.1201)  loss_ddf_aux_1: 0.0011 (0.0013)  loss_mal_pre: 1.0088 (1.0217)  loss_bbox_pre: 0.2414 (0.2532)  loss_giou_pre: 0.5724 (0.5745)  loss_mal_enc_0: 1.0488 (1.0567)  loss_bbox_enc_0: 0.2693 (0.2842)  loss_giou_enc_0: 0.6302 (0.6290)  loss_mal_dn_0: 0.7207 (0.7202)  loss_bbox_dn_0: 0.2764 (0.2881)  loss_giou_dn_0: 0.5715 (0.5717)  loss_fgl_dn_0: 1.1645 (1.1648)  loss_ddf_dn_0: 0.0965 (0.0970)  loss_mal_dn_1: 0.6396 (0.6443)  loss_bbox_dn_1: 0.2172 (0.2302)  loss_giou_dn_1: 0.4611 (0.4689)  loss_fgl_dn_1: 1.1186 (1.1192)  loss_ddf_dn_1: 0.0052 (0.0056)  loss_mal_dn_2: 0.6304 (0.6341)  loss_bbox_dn_2: 0.2118 (0.2256)  loss_giou_dn_2: 0.4526 (0.4616)  loss_fgl_dn_2: 1.1186 (1.1171)  loss_mal_dn_pre: 0.7202 (0.7201)  loss_bbox_dn_pre: 0.2791 (0.2922)  loss_giou_dn_pre: 0.5701 (0.5721)
Test:  [ 0/13]  eta: 0:00:37    time: 2.8906  data: 2.4885  max mem: 8321
Test:  [10/13]  eta: 0:00:01    time: 0.6135  data: 0.3297  max mem: 8321
Test:  [12/13]  eta: 0:00:00    time: 0.5475  data: 0.2855  max mem: 8321
Test: Total time: 0:00:07 (0.5536 s / it)
Averaged stats: 
Accumulating evaluation results...
COCOeval_opt.accumulate() finished...
DONE (t=0.31s).
IoU metric: bbox
 Average Precision  (AP) @[ IoU=0.50:0.95 | area=   all | maxDets=100 ] = 0.275
 Average Precision  (AP) @[ IoU=0.50      | area=   all | maxDets=100 ] = 0.589
 Average Precision  (AP) @[ IoU=0.75      | area=   all | maxDets=100 ] = 0.213
 Average Precision  (AP) @[ IoU=0.50:0.95 | area= small | maxDets=100 ] = 0.125
 Average Precision  (AP) @[ IoU=0.50:0.95 | area=medium | maxDets=100 ] = 0.232
 Average Precision  (AP) @[ IoU=0.50:0.95 | area= large | maxDets=100 ] = 0.324
 Average Recall     (AR) @[ IoU=0.50:0.95 | area=   all | maxDets=  1 ] = 0.253
 Average Recall     (AR) @[ IoU=0.50:0.95 | area=   all | maxDets= 10 ] = 0.481
 Average Recall     (AR) @[ IoU=0.50:0.95 | area=   all | maxDets=100 ] = 0.558
 Average Recall     (AR) @[ IoU=0.50:0.95 | area= small | maxDets=100 ] = 0.299
 Average Recall     (AR) @[ IoU=0.50:0.95 | area=medium | maxDets=100 ] = 0.530
 Average Recall     (AR) @[ IoU=0.50:0.95 | area= large | maxDets=100 ] = 0.634
 Average Recall     (AR) @[ IoU=0.50      | area=   all | maxDets=100 ] = 0.958
 Average Recall     (AR) @[ IoU=0.75      | area=   all | maxDets=100 ] = 0.553
best_stat: {'epoch': 123, 'coco_eval_bbox': 0.2756708282295533}
Epoch: [125]  [  0/197]  eta: 0:11:14  lr: 0.000400  loss: 22.9700 (22.9700)  loss_mal: 0.9922 (0.9922)  loss_bbox: 0.2852 (0.2852)  loss_giou: 0.6693 (0.6693)  loss_fgl: 1.0389 (1.0389)  loss_mal_aux_0: 1.0566 (1.0566)  loss_bbox_aux_0: 0.2985 (0.2985)  loss_giou_aux_0: 0.6909 (0.6909)  loss_fgl_aux_0: 1.0668 (1.0668)  loss_ddf_aux_0: 0.0178 (0.0178)  loss_mal_aux_1: 0.9966 (0.9966)  loss_bbox_aux_1: 0.2885 (0.2885)  loss_giou_aux_1: 0.6706 (0.6706)  loss_fgl_aux_1: 1.0419 (1.0419)  loss_ddf_aux_1: 0.0012 (0.0012)  loss_mal_pre: 1.0430 (1.0430)  loss_bbox_pre: 0.2976 (0.2976)  loss_giou_pre: 0.6898 (0.6898)  loss_mal_enc_0: 1.0771 (1.0771)  loss_bbox_enc_0: 0.3148 (0.3148)  loss_giou_enc_0: 0.7303 (0.7303)  loss_mal_dn_0: 0.7427 (0.7427)  loss_bbox_dn_0: 0.3600 (0.3600)  loss_giou_dn_0: 0.5960 (0.5960)  loss_fgl_dn_0: 1.1562 (1.1562)  loss_ddf_dn_0: 0.1064 (0.1064)  loss_mal_dn_1: 0.6621 (0.6621)  loss_bbox_dn_1: 0.2852 (0.2852)  loss_giou_dn_1: 0.4842 (0.4842)  loss_fgl_dn_1: 1.1026 (1.1026)  loss_ddf_dn_1: 0.0059 (0.0059)  loss_mal_dn_2: 0.6465 (0.6465)  loss_bbox_dn_2: 0.2794 (0.2794)  loss_giou_dn_2: 0.4730 (0.4730)  loss_fgl_dn_2: 1.0981 (1.0981)  loss_mal_dn_pre: 0.7427 (0.7427)  loss_bbox_dn_pre: 0.3646 (0.3646)  loss_giou_dn_pre: 0.5966 (0.5966)  time: 3.4252  data: 2.8342  max mem: 8321
Epoch: [125]  [196/197]  eta: 0:00:00  lr: 0.000400  loss: 22.0197 (21.9132)  loss_mal: 0.9678 (0.9578)  loss_bbox: 0.2364 (0.2454)  loss_giou: 0.5592 (0.5675)  loss_fgl: 1.1311 (1.1189)  loss_mal_aux_0: 0.9995 (1.0019)  loss_bbox_aux_0: 0.2451 (0.2533)  loss_giou_aux_0: 0.5731 (0.5849)  loss_fgl_aux_0: 1.1451 (1.1342)  loss_ddf_aux_0: 0.0157 (0.0172)  loss_mal_aux_1: 0.9888 (0.9668)  loss_bbox_aux_1: 0.2381 (0.2463)  loss_giou_aux_1: 0.5591 (0.5690)  loss_fgl_aux_1: 1.1268 (1.1195)  loss_ddf_aux_1: 0.0013 (0.0012)  loss_mal_pre: 1.0088 (1.0036)  loss_bbox_pre: 0.2453 (0.2532)  loss_giou_pre: 0.5698 (0.5839)  loss_mal_enc_0: 1.0537 (1.0415)  loss_bbox_enc_0: 0.2705 (0.2855)  loss_giou_enc_0: 0.6198 (0.6394)  loss_mal_dn_0: 0.7212 (0.7222)  loss_bbox_dn_0: 0.2770 (0.2813)  loss_giou_dn_0: 0.5600 (0.5719)  loss_fgl_dn_0: 1.1657 (1.1661)  loss_ddf_dn_0: 0.0951 (0.0973)  loss_mal_dn_1: 0.6465 (0.6473)  loss_bbox_dn_1: 0.2251 (0.2234)  loss_giou_dn_1: 0.4746 (0.4697)  loss_fgl_dn_1: 1.1202 (1.1207)  loss_ddf_dn_1: 0.0057 (0.0059)  loss_mal_dn_2: 0.6362 (0.6370)  loss_bbox_dn_2: 0.2188 (0.2191)  loss_giou_dn_2: 0.4707 (0.4623)  loss_fgl_dn_2: 1.1181 (1.1188)  loss_mal_dn_pre: 0.7212 (0.7219)  loss_bbox_dn_pre: 0.2849 (0.2849)  loss_giou_dn_pre: 0.5621 (0.5723)  time: 0.4086  data: 0.0461  max mem: 8321
Epoch: [125] Total time: 0:01:32 (0.4679 s / it)
Averaged stats: lr: 0.000400  loss: 22.0197 (21.9132)  loss_mal: 0.9678 (0.9578)  loss_bbox: 0.2364 (0.2454)  loss_giou: 0.5592 (0.5675)  loss_fgl: 1.1311 (1.1189)  loss_mal_aux_0: 0.9995 (1.0019)  loss_bbox_aux_0: 0.2451 (0.2533)  loss_giou_aux_0: 0.5731 (0.5849)  loss_fgl_aux_0: 1.1451 (1.1342)  loss_ddf_aux_0: 0.0157 (0.0172)  loss_mal_aux_1: 0.9888 (0.9668)  loss_bbox_aux_1: 0.2381 (0.2463)  loss_giou_aux_1: 0.5591 (0.5690)  loss_fgl_aux_1: 1.1268 (1.1195)  loss_ddf_aux_1: 0.0013 (0.0012)  loss_mal_pre: 1.0088 (1.0036)  loss_bbox_pre: 0.2453 (0.2532)  loss_giou_pre: 0.5698 (0.5839)  loss_mal_enc_0: 1.0537 (1.0415)  loss_bbox_enc_0: 0.2705 (0.2855)  loss_giou_enc_0: 0.6198 (0.6394)  loss_mal_dn_0: 0.7212 (0.7222)  loss_bbox_dn_0: 0.2770 (0.2813)  loss_giou_dn_0: 0.5600 (0.5719)  loss_fgl_dn_0: 1.1657 (1.1661)  loss_ddf_dn_0: 0.0951 (0.0973)  loss_mal_dn_1: 0.6465 (0.6473)  loss_bbox_dn_1: 0.2251 (0.2234)  loss_giou_dn_1: 0.4746 (0.4697)  loss_fgl_dn_1: 1.1202 (1.1207)  loss_ddf_dn_1: 0.0057 (0.0059)  loss_mal_dn_2: 0.6362 (0.6370)  loss_bbox_dn_2: 0.2188 (0.2191)  loss_giou_dn_2: 0.4707 (0.4623)  loss_fgl_dn_2: 1.1181 (1.1188)  loss_mal_dn_pre: 0.7212 (0.7219)  loss_bbox_dn_pre: 0.2849 (0.2849)  loss_giou_dn_pre: 0.5621 (0.5723)
Test:  [ 0/13]  eta: 0:00:35    time: 2.7032  data: 2.3055  max mem: 8321
Test:  [10/13]  eta: 0:00:01    time: 0.5898  data: 0.3201  max mem: 8321
Test:  [12/13]  eta: 0:00:00    time: 0.5347  data: 0.2773  max mem: 8321
Test: Total time: 0:00:07 (0.5421 s / it)
Averaged stats: 
Accumulating evaluation results...
COCOeval_opt.accumulate() finished...
DONE (t=0.30s).
IoU metric: bbox
 Average Precision  (AP) @[ IoU=0.50:0.95 | area=   all | maxDets=100 ] = 0.275
 Average Precision  (AP) @[ IoU=0.50      | area=   all | maxDets=100 ] = 0.588
 Average Precision  (AP) @[ IoU=0.75      | area=   all | maxDets=100 ] = 0.212
 Average Precision  (AP) @[ IoU=0.50:0.95 | area= small | maxDets=100 ] = 0.125
 Average Precision  (AP) @[ IoU=0.50:0.95 | area=medium | maxDets=100 ] = 0.232
 Average Precision  (AP) @[ IoU=0.50:0.95 | area= large | maxDets=100 ] = 0.325
 Average Recall     (AR) @[ IoU=0.50:0.95 | area=   all | maxDets=  1 ] = 0.253
 Average Recall     (AR) @[ IoU=0.50:0.95 | area=   all | maxDets= 10 ] = 0.481
 Average Recall     (AR) @[ IoU=0.50:0.95 | area=   all | maxDets=100 ] = 0.559
 Average Recall     (AR) @[ IoU=0.50:0.95 | area= small | maxDets=100 ] = 0.299
 Average Recall     (AR) @[ IoU=0.50:0.95 | area=medium | maxDets=100 ] = 0.530
 Average Recall     (AR) @[ IoU=0.50:0.95 | area= large | maxDets=100 ] = 0.636
 Average Recall     (AR) @[ IoU=0.50      | area=   all | maxDets=100 ] = 0.956
 Average Recall     (AR) @[ IoU=0.75      | area=   all | maxDets=100 ] = 0.555
best_stat: {'epoch': 123, 'coco_eval_bbox': 0.2756708282295533}
Epoch: [126]  [  0/197]  eta: 0:09:57  lr: 0.000400  loss: 21.2139 (21.2139)  loss_mal: 0.8916 (0.8916)  loss_bbox: 0.2467 (0.2467)  loss_giou: 0.5212 (0.5212)  loss_fgl: 1.1374 (1.1374)  loss_mal_aux_0: 0.9517 (0.9517)  loss_bbox_aux_0: 0.2407 (0.2407)  loss_giou_aux_0: 0.5232 (0.5232)  loss_fgl_aux_0: 1.1509 (1.1509)  loss_ddf_aux_0: 0.0197 (0.0197)  loss_mal_aux_1: 0.9321 (0.9321)  loss_bbox_aux_1: 0.2443 (0.2443)  loss_giou_aux_1: 0.5234 (0.5234)  loss_fgl_aux_1: 1.1350 (1.1350)  loss_ddf_aux_1: 0.0016 (0.0016)  loss_mal_pre: 0.9536 (0.9536)  loss_bbox_pre: 0.2432 (0.2432)  loss_giou_pre: 0.5208 (0.5208)  loss_mal_enc_0: 0.9883 (0.9883)  loss_bbox_enc_0: 0.2820 (0.2820)  loss_giou_enc_0: 0.5910 (0.5910)  loss_mal_dn_0: 0.7144 (0.7144)  loss_bbox_dn_0: 0.2787 (0.2787)  loss_giou_dn_0: 0.5375 (0.5375)  loss_fgl_dn_0: 1.1764 (1.1764)  loss_ddf_dn_0: 0.1001 (0.1001)  loss_mal_dn_1: 0.6274 (0.6274)  loss_bbox_dn_1: 0.2124 (0.2124)  loss_giou_dn_1: 0.4331 (0.4331)  loss_fgl_dn_1: 1.1304 (1.1304)  loss_ddf_dn_1: 0.0062 (0.0062)  loss_mal_dn_2: 0.6099 (0.6099)  loss_bbox_dn_2: 0.2075 (0.2075)  loss_giou_dn_2: 0.4242 (0.4242)  loss_fgl_dn_2: 1.1284 (1.1284)  loss_mal_dn_pre: 0.7153 (0.7153)  loss_bbox_dn_pre: 0.2783 (0.2783)  loss_giou_dn_pre: 0.5354 (0.5354)  time: 3.0344  data: 2.5340  max mem: 8321
Epoch: [126]  [196/197]  eta: 0:00:00  lr: 0.000400  loss: 21.9289 (21.9259)  loss_mal: 0.9575 (0.9598)  loss_bbox: 0.2466 (0.2462)  loss_giou: 0.5472 (0.5610)  loss_fgl: 1.1271 (1.1183)  loss_mal_aux_0: 1.0039 (1.0125)  loss_bbox_aux_0: 0.2580 (0.2539)  loss_giou_aux_0: 0.5620 (0.5793)  loss_fgl_aux_0: 1.1430 (1.1340)  loss_ddf_aux_0: 0.0203 (0.0188)  loss_mal_aux_1: 0.9819 (0.9745)  loss_bbox_aux_1: 0.2497 (0.2470)  loss_giou_aux_1: 0.5533 (0.5632)  loss_fgl_aux_1: 1.1290 (1.1187)  loss_ddf_aux_1: 0.0013 (0.0014)  loss_mal_pre: 1.0127 (1.0134)  loss_bbox_pre: 0.2561 (0.2540)  loss_giou_pre: 0.5607 (0.5783)  loss_mal_enc_0: 1.0332 (1.0456)  loss_bbox_enc_0: 0.2900 (0.2873)  loss_giou_enc_0: 0.6257 (0.6331)  loss_mal_dn_0: 0.7271 (0.7232)  loss_bbox_dn_0: 0.2840 (0.2836)  loss_giou_dn_0: 0.5723 (0.5724)  loss_fgl_dn_0: 1.1610 (1.1651)  loss_ddf_dn_0: 0.1026 (0.0997)  loss_mal_dn_1: 0.6494 (0.6463)  loss_bbox_dn_1: 0.2267 (0.2245)  loss_giou_dn_1: 0.4641 (0.4693)  loss_fgl_dn_1: 1.1143 (1.1186)  loss_ddf_dn_1: 0.0059 (0.0059)  loss_mal_dn_2: 0.6392 (0.6359)  loss_bbox_dn_2: 0.2252 (0.2200)  loss_giou_dn_2: 0.4572 (0.4618)  loss_fgl_dn_2: 1.1123 (1.1166)  loss_mal_dn_pre: 0.7271 (0.7230)  loss_bbox_dn_pre: 0.2825 (0.2871)  loss_giou_dn_pre: 0.5742 (0.5727)  time: 0.4203  data: 0.0448  max mem: 8321
Epoch: [126] Total time: 0:01:32 (0.4690 s / it)
Averaged stats: lr: 0.000400  loss: 21.9289 (21.9259)  loss_mal: 0.9575 (0.9598)  loss_bbox: 0.2466 (0.2462)  loss_giou: 0.5472 (0.5610)  loss_fgl: 1.1271 (1.1183)  loss_mal_aux_0: 1.0039 (1.0125)  loss_bbox_aux_0: 0.2580 (0.2539)  loss_giou_aux_0: 0.5620 (0.5793)  loss_fgl_aux_0: 1.1430 (1.1340)  loss_ddf_aux_0: 0.0203 (0.0188)  loss_mal_aux_1: 0.9819 (0.9745)  loss_bbox_aux_1: 0.2497 (0.2470)  loss_giou_aux_1: 0.5533 (0.5632)  loss_fgl_aux_1: 1.1290 (1.1187)  loss_ddf_aux_1: 0.0013 (0.0014)  loss_mal_pre: 1.0127 (1.0134)  loss_bbox_pre: 0.2561 (0.2540)  loss_giou_pre: 0.5607 (0.5783)  loss_mal_enc_0: 1.0332 (1.0456)  loss_bbox_enc_0: 0.2900 (0.2873)  loss_giou_enc_0: 0.6257 (0.6331)  loss_mal_dn_0: 0.7271 (0.7232)  loss_bbox_dn_0: 0.2840 (0.2836)  loss_giou_dn_0: 0.5723 (0.5724)  loss_fgl_dn_0: 1.1610 (1.1651)  loss_ddf_dn_0: 0.1026 (0.0997)  loss_mal_dn_1: 0.6494 (0.6463)  loss_bbox_dn_1: 0.2267 (0.2245)  loss_giou_dn_1: 0.4641 (0.4693)  loss_fgl_dn_1: 1.1143 (1.1186)  loss_ddf_dn_1: 0.0059 (0.0059)  loss_mal_dn_2: 0.6392 (0.6359)  loss_bbox_dn_2: 0.2252 (0.2200)  loss_giou_dn_2: 0.4572 (0.4618)  loss_fgl_dn_2: 1.1123 (1.1166)  loss_mal_dn_pre: 0.7271 (0.7230)  loss_bbox_dn_pre: 0.2825 (0.2871)  loss_giou_dn_pre: 0.5742 (0.5727)
Test:  [ 0/13]  eta: 0:00:37    time: 2.8523  data: 2.4713  max mem: 8321
Test:  [10/13]  eta: 0:00:01    time: 0.6059  data: 0.3329  max mem: 8321
Test:  [12/13]  eta: 0:00:00    time: 0.5469  data: 0.2880  max mem: 8321
Test: Total time: 0:00:07 (0.5540 s / it)
Averaged stats: 
Accumulating evaluation results...
COCOeval_opt.accumulate() finished...
DONE (t=0.31s).
IoU metric: bbox
 Average Precision  (AP) @[ IoU=0.50:0.95 | area=   all | maxDets=100 ] = 0.275
 Average Precision  (AP) @[ IoU=0.50      | area=   all | maxDets=100 ] = 0.588
 Average Precision  (AP) @[ IoU=0.75      | area=   all | maxDets=100 ] = 0.213
 Average Precision  (AP) @[ IoU=0.50:0.95 | area= small | maxDets=100 ] = 0.125
 Average Precision  (AP) @[ IoU=0.50:0.95 | area=medium | maxDets=100 ] = 0.233
 Average Precision  (AP) @[ IoU=0.50:0.95 | area= large | maxDets=100 ] = 0.326
 Average Recall     (AR) @[ IoU=0.50:0.95 | area=   all | maxDets=  1 ] = 0.254
 Average Recall     (AR) @[ IoU=0.50:0.95 | area=   all | maxDets= 10 ] = 0.480
 Average Recall     (AR) @[ IoU=0.50:0.95 | area=   all | maxDets=100 ] = 0.558
 Average Recall     (AR) @[ IoU=0.50:0.95 | area= small | maxDets=100 ] = 0.297
 Average Recall     (AR) @[ IoU=0.50:0.95 | area=medium | maxDets=100 ] = 0.528
 Average Recall     (AR) @[ IoU=0.50:0.95 | area= large | maxDets=100 ] = 0.635
 Average Recall     (AR) @[ IoU=0.50      | area=   all | maxDets=100 ] = 0.953
 Average Recall     (AR) @[ IoU=0.75      | area=   all | maxDets=100 ] = 0.556
best_stat: {'epoch': 123, 'coco_eval_bbox': 0.2756708282295533}
Epoch: [127]  [  0/197]  eta: 0:11:26  lr: 0.000400  loss: 21.9226 (21.9226)  loss_mal: 0.9175 (0.9175)  loss_bbox: 0.2017 (0.2017)  loss_giou: 0.7326 (0.7326)  loss_fgl: 1.0001 (1.0001)  loss_mal_aux_0: 0.9351 (0.9351)  loss_bbox_aux_0: 0.2078 (0.2078)  loss_giou_aux_0: 0.7420 (0.7420)  loss_fgl_aux_0: 1.0161 (1.0161)  loss_ddf_aux_0: 0.0165 (0.0165)  loss_mal_aux_1: 0.9312 (0.9312)  loss_bbox_aux_1: 0.2027 (0.2027)  loss_giou_aux_1: 0.7337 (0.7337)  loss_fgl_aux_1: 1.0018 (1.0018)  loss_ddf_aux_1: 0.0011 (0.0011)  loss_mal_pre: 0.9341 (0.9341)  loss_bbox_pre: 0.2083 (0.2083)  loss_giou_pre: 0.7408 (0.7408)  loss_mal_enc_0: 0.9819 (0.9819)  loss_bbox_enc_0: 0.2375 (0.2375)  loss_giou_enc_0: 0.8094 (0.8094)  loss_mal_dn_0: 0.7266 (0.7266)  loss_bbox_dn_0: 0.2534 (0.2534)  loss_giou_dn_0: 0.6351 (0.6351)  loss_fgl_dn_0: 1.1274 (1.1274)  loss_ddf_dn_0: 0.1048 (0.1048)  loss_mal_dn_1: 0.6553 (0.6553)  loss_bbox_dn_1: 0.1960 (0.1960)  loss_giou_dn_1: 0.5192 (0.5192)  loss_fgl_dn_1: 1.0878 (1.0878)  loss_ddf_dn_1: 0.0060 (0.0060)  loss_mal_dn_2: 0.6489 (0.6489)  loss_bbox_dn_2: 0.1906 (0.1906)  loss_giou_dn_2: 0.5107 (0.5107)  loss_fgl_dn_2: 1.0848 (1.0848)  loss_mal_dn_pre: 0.7256 (0.7256)  loss_bbox_dn_pre: 0.2597 (0.2597)  loss_giou_dn_pre: 0.6387 (0.6387)  time: 3.4828  data: 2.9248  max mem: 8321
Epoch: [127]  [196/197]  eta: 0:00:00  lr: 0.000400  loss: 21.7849 (21.8307)  loss_mal: 0.9521 (0.9463)  loss_bbox: 0.2155 (0.2399)  loss_giou: 0.5504 (0.5702)  loss_fgl: 1.1272 (1.1175)  loss_mal_aux_0: 0.9956 (0.9951)  loss_bbox_aux_0: 0.2229 (0.2474)  loss_giou_aux_0: 0.5773 (0.5878)  loss_fgl_aux_0: 1.1510 (1.1333)  loss_ddf_aux_0: 0.0169 (0.0181)  loss_mal_aux_1: 0.9697 (0.9583)  loss_bbox_aux_1: 0.2172 (0.2408)  loss_giou_aux_1: 0.5503 (0.5724)  loss_fgl_aux_1: 1.1274 (1.1175)  loss_ddf_aux_1: 0.0013 (0.0013)  loss_mal_pre: 0.9956 (0.9956)  loss_bbox_pre: 0.2253 (0.2471)  loss_giou_pre: 0.5699 (0.5863)  loss_mal_enc_0: 1.0195 (1.0278)  loss_bbox_enc_0: 0.2640 (0.2790)  loss_giou_enc_0: 0.6282 (0.6409)  loss_mal_dn_0: 0.7197 (0.7200)  loss_bbox_dn_0: 0.2486 (0.2759)  loss_giou_dn_0: 0.5719 (0.5761)  loss_fgl_dn_0: 1.1638 (1.1656)  loss_ddf_dn_0: 0.0998 (0.0996)  loss_mal_dn_1: 0.6450 (0.6460)  loss_bbox_dn_1: 0.1972 (0.2188)  loss_giou_dn_1: 0.4639 (0.4724)  loss_fgl_dn_1: 1.1211 (1.1194)  loss_ddf_dn_1: 0.0064 (0.0061)  loss_mal_dn_2: 0.6362 (0.6358)  loss_bbox_dn_2: 0.1925 (0.2143)  loss_giou_dn_2: 0.4596 (0.4648)  loss_fgl_dn_2: 1.1158 (1.1174)  loss_mal_dn_pre: 0.7197 (0.7198)  loss_bbox_dn_pre: 0.2485 (0.2795)  loss_giou_dn_pre: 0.5719 (0.5764)  time: 0.4423  data: 0.0500  max mem: 8321
Epoch: [127] Total time: 0:01:34 (0.4810 s / it)
Averaged stats: lr: 0.000400  loss: 21.7849 (21.8307)  loss_mal: 0.9521 (0.9463)  loss_bbox: 0.2155 (0.2399)  loss_giou: 0.5504 (0.5702)  loss_fgl: 1.1272 (1.1175)  loss_mal_aux_0: 0.9956 (0.9951)  loss_bbox_aux_0: 0.2229 (0.2474)  loss_giou_aux_0: 0.5773 (0.5878)  loss_fgl_aux_0: 1.1510 (1.1333)  loss_ddf_aux_0: 0.0169 (0.0181)  loss_mal_aux_1: 0.9697 (0.9583)  loss_bbox_aux_1: 0.2172 (0.2408)  loss_giou_aux_1: 0.5503 (0.5724)  loss_fgl_aux_1: 1.1274 (1.1175)  loss_ddf_aux_1: 0.0013 (0.0013)  loss_mal_pre: 0.9956 (0.9956)  loss_bbox_pre: 0.2253 (0.2471)  loss_giou_pre: 0.5699 (0.5863)  loss_mal_enc_0: 1.0195 (1.0278)  loss_bbox_enc_0: 0.2640 (0.2790)  loss_giou_enc_0: 0.6282 (0.6409)  loss_mal_dn_0: 0.7197 (0.7200)  loss_bbox_dn_0: 0.2486 (0.2759)  loss_giou_dn_0: 0.5719 (0.5761)  loss_fgl_dn_0: 1.1638 (1.1656)  loss_ddf_dn_0: 0.0998 (0.0996)  loss_mal_dn_1: 0.6450 (0.6460)  loss_bbox_dn_1: 0.1972 (0.2188)  loss_giou_dn_1: 0.4639 (0.4724)  loss_fgl_dn_1: 1.1211 (1.1194)  loss_ddf_dn_1: 0.0064 (0.0061)  loss_mal_dn_2: 0.6362 (0.6358)  loss_bbox_dn_2: 0.1925 (0.2143)  loss_giou_dn_2: 0.4596 (0.4648)  loss_fgl_dn_2: 1.1158 (1.1174)  loss_mal_dn_pre: 0.7197 (0.7198)  loss_bbox_dn_pre: 0.2485 (0.2795)  loss_giou_dn_pre: 0.5719 (0.5764)
Test:  [ 0/13]  eta: 0:00:35    time: 2.7137  data: 2.3329  max mem: 8321
Test:  [10/13]  eta: 0:00:01    time: 0.5888  data: 0.3172  max mem: 8321
Test:  [12/13]  eta: 0:00:00    time: 0.5259  data: 0.2744  max mem: 8321
Test: Total time: 0:00:06 (0.5333 s / it)
Averaged stats: 
Accumulating evaluation results...
COCOeval_opt.accumulate() finished...
DONE (t=0.30s).
IoU metric: bbox
 Average Precision  (AP) @[ IoU=0.50:0.95 | area=   all | maxDets=100 ] = 0.275
 Average Precision  (AP) @[ IoU=0.50      | area=   all | maxDets=100 ] = 0.588
 Average Precision  (AP) @[ IoU=0.75      | area=   all | maxDets=100 ] = 0.213
 Average Precision  (AP) @[ IoU=0.50:0.95 | area= small | maxDets=100 ] = 0.127
 Average Precision  (AP) @[ IoU=0.50:0.95 | area=medium | maxDets=100 ] = 0.233
 Average Precision  (AP) @[ IoU=0.50:0.95 | area= large | maxDets=100 ] = 0.325
 Average Recall     (AR) @[ IoU=0.50:0.95 | area=   all | maxDets=  1 ] = 0.253
 Average Recall     (AR) @[ IoU=0.50:0.95 | area=   all | maxDets= 10 ] = 0.480
 Average Recall     (AR) @[ IoU=0.50:0.95 | area=   all | maxDets=100 ] = 0.558
 Average Recall     (AR) @[ IoU=0.50:0.95 | area= small | maxDets=100 ] = 0.297
 Average Recall     (AR) @[ IoU=0.50:0.95 | area=medium | maxDets=100 ] = 0.528
 Average Recall     (AR) @[ IoU=0.50:0.95 | area= large | maxDets=100 ] = 0.636
 Average Recall     (AR) @[ IoU=0.50      | area=   all | maxDets=100 ] = 0.953
 Average Recall     (AR) @[ IoU=0.75      | area=   all | maxDets=100 ] = 0.558
best_stat: {'epoch': 123, 'coco_eval_bbox': 0.2756708282295533}
Epoch: [128]  [  0/197]  eta: 0:10:12  lr: 0.000400  loss: 22.4548 (22.4548)  loss_mal: 1.0645 (1.0645)  loss_bbox: 0.2305 (0.2305)  loss_giou: 0.5867 (0.5867)  loss_fgl: 1.0913 (1.0913)  loss_mal_aux_0: 1.0938 (1.0938)  loss_bbox_aux_0: 0.2419 (0.2419)  loss_giou_aux_0: 0.6134 (0.6134)  loss_fgl_aux_0: 1.1086 (1.1086)  loss_ddf_aux_0: 0.0280 (0.0280)  loss_mal_aux_1: 1.0645 (1.0645)  loss_bbox_aux_1: 0.2270 (0.2270)  loss_giou_aux_1: 0.5859 (0.5859)  loss_fgl_aux_1: 1.0905 (1.0905)  loss_ddf_aux_1: 0.0016 (0.0016)  loss_mal_pre: 1.0986 (1.0986)  loss_bbox_pre: 0.2449 (0.2449)  loss_giou_pre: 0.6163 (0.6163)  loss_mal_enc_0: 1.0615 (1.0615)  loss_bbox_enc_0: 0.2759 (0.2759)  loss_giou_enc_0: 0.6757 (0.6757)  loss_mal_dn_0: 0.7529 (0.7529)  loss_bbox_dn_0: 0.2899 (0.2899)  loss_giou_dn_0: 0.5844 (0.5844)  loss_fgl_dn_0: 1.1692 (1.1692)  loss_ddf_dn_0: 0.1281 (0.1281)  loss_mal_dn_1: 0.6709 (0.6709)  loss_bbox_dn_1: 0.2056 (0.2056)  loss_giou_dn_1: 0.4528 (0.4528)  loss_fgl_dn_1: 1.1147 (1.1147)  loss_ddf_dn_1: 0.0083 (0.0083)  loss_mal_dn_2: 0.6636 (0.6636)  loss_bbox_dn_2: 0.2062 (0.2062)  loss_giou_dn_2: 0.4497 (0.4497)  loss_fgl_dn_2: 1.1146 (1.1146)  loss_mal_dn_pre: 0.7539 (0.7539)  loss_bbox_dn_pre: 0.3012 (0.3012)  loss_giou_dn_pre: 0.5879 (0.5879)  time: 3.1115  data: 2.5567  max mem: 8321
Epoch: [128]  [196/197]  eta: 0:00:00  lr: 0.000400  loss: 21.6785 (21.7915)  loss_mal: 0.9487 (0.9401)  loss_bbox: 0.2334 (0.2431)  loss_giou: 0.5601 (0.5692)  loss_fgl: 1.1068 (1.1141)  loss_mal_aux_0: 1.0020 (0.9924)  loss_bbox_aux_0: 0.2385 (0.2492)  loss_giou_aux_0: 0.5794 (0.5841)  loss_fgl_aux_0: 1.1309 (1.1291)  loss_ddf_aux_0: 0.0152 (0.0170)  loss_mal_aux_1: 0.9639 (0.9573)  loss_bbox_aux_1: 0.2306 (0.2434)  loss_giou_aux_1: 0.5633 (0.5705)  loss_fgl_aux_1: 1.1100 (1.1145)  loss_ddf_aux_1: 0.0011 (0.0012)  loss_mal_pre: 1.0029 (0.9934)  loss_bbox_pre: 0.2408 (0.2490)  loss_giou_pre: 0.5766 (0.5829)  loss_mal_enc_0: 1.0156 (1.0249)  loss_bbox_enc_0: 0.2760 (0.2807)  loss_giou_enc_0: 0.6399 (0.6387)  loss_mal_dn_0: 0.7207 (0.7199)  loss_bbox_dn_0: 0.2715 (0.2806)  loss_giou_dn_0: 0.5856 (0.5698)  loss_fgl_dn_0: 1.1597 (1.1647)  loss_ddf_dn_0: 0.0947 (0.0969)  loss_mal_dn_1: 0.6460 (0.6450)  loss_bbox_dn_1: 0.2138 (0.2224)  loss_giou_dn_1: 0.4672 (0.4680)  loss_fgl_dn_1: 1.1203 (1.1186)  loss_ddf_dn_1: 0.0049 (0.0056)  loss_mal_dn_2: 0.6372 (0.6346)  loss_bbox_dn_2: 0.2106 (0.2181)  loss_giou_dn_2: 0.4644 (0.4612)  loss_fgl_dn_2: 1.1173 (1.1165)  loss_mal_dn_pre: 0.7202 (0.7196)  loss_bbox_dn_pre: 0.2739 (0.2847)  loss_giou_dn_pre: 0.5850 (0.5703)  time: 0.4132  data: 0.0419  max mem: 8321
Epoch: [128] Total time: 0:01:30 (0.4599 s / it)
Averaged stats: lr: 0.000400  loss: 21.6785 (21.7915)  loss_mal: 0.9487 (0.9401)  loss_bbox: 0.2334 (0.2431)  loss_giou: 0.5601 (0.5692)  loss_fgl: 1.1068 (1.1141)  loss_mal_aux_0: 1.0020 (0.9924)  loss_bbox_aux_0: 0.2385 (0.2492)  loss_giou_aux_0: 0.5794 (0.5841)  loss_fgl_aux_0: 1.1309 (1.1291)  loss_ddf_aux_0: 0.0152 (0.0170)  loss_mal_aux_1: 0.9639 (0.9573)  loss_bbox_aux_1: 0.2306 (0.2434)  loss_giou_aux_1: 0.5633 (0.5705)  loss_fgl_aux_1: 1.1100 (1.1145)  loss_ddf_aux_1: 0.0011 (0.0012)  loss_mal_pre: 1.0029 (0.9934)  loss_bbox_pre: 0.2408 (0.2490)  loss_giou_pre: 0.5766 (0.5829)  loss_mal_enc_0: 1.0156 (1.0249)  loss_bbox_enc_0: 0.2760 (0.2807)  loss_giou_enc_0: 0.6399 (0.6387)  loss_mal_dn_0: 0.7207 (0.7199)  loss_bbox_dn_0: 0.2715 (0.2806)  loss_giou_dn_0: 0.5856 (0.5698)  loss_fgl_dn_0: 1.1597 (1.1647)  loss_ddf_dn_0: 0.0947 (0.0969)  loss_mal_dn_1: 0.6460 (0.6450)  loss_bbox_dn_1: 0.2138 (0.2224)  loss_giou_dn_1: 0.4672 (0.4680)  loss_fgl_dn_1: 1.1203 (1.1186)  loss_ddf_dn_1: 0.0049 (0.0056)  loss_mal_dn_2: 0.6372 (0.6346)  loss_bbox_dn_2: 0.2106 (0.2181)  loss_giou_dn_2: 0.4644 (0.4612)  loss_fgl_dn_2: 1.1173 (1.1165)  loss_mal_dn_pre: 0.7202 (0.7196)  loss_bbox_dn_pre: 0.2739 (0.2847)  loss_giou_dn_pre: 0.5850 (0.5703)
Test:  [ 0/13]  eta: 0:00:38    time: 2.9902  data: 2.7764  max mem: 8321
Test:  [10/13]  eta: 0:00:01    time: 0.5734  data: 0.3223  max mem: 8321
Test:  [12/13]  eta: 0:00:00    time: 0.5262  data: 0.2861  max mem: 8321
Test: Total time: 0:00:06 (0.5335 s / it)
Averaged stats: 
Accumulating evaluation results...
COCOeval_opt.accumulate() finished...
DONE (t=0.29s).
IoU metric: bbox
 Average Precision  (AP) @[ IoU=0.50:0.95 | area=   all | maxDets=100 ] = 0.275
 Average Precision  (AP) @[ IoU=0.50      | area=   all | maxDets=100 ] = 0.587
 Average Precision  (AP) @[ IoU=0.75      | area=   all | maxDets=100 ] = 0.212
 Average Precision  (AP) @[ IoU=0.50:0.95 | area= small | maxDets=100 ] = 0.126
 Average Precision  (AP) @[ IoU=0.50:0.95 | area=medium | maxDets=100 ] = 0.233
 Average Precision  (AP) @[ IoU=0.50:0.95 | area= large | maxDets=100 ] = 0.325
 Average Recall     (AR) @[ IoU=0.50:0.95 | area=   all | maxDets=  1 ] = 0.254
 Average Recall     (AR) @[ IoU=0.50:0.95 | area=   all | maxDets= 10 ] = 0.480
 Average Recall     (AR) @[ IoU=0.50:0.95 | area=   all | maxDets=100 ] = 0.558
 Average Recall     (AR) @[ IoU=0.50:0.95 | area= small | maxDets=100 ] = 0.299
 Average Recall     (AR) @[ IoU=0.50:0.95 | area=medium | maxDets=100 ] = 0.527
 Average Recall     (AR) @[ IoU=0.50:0.95 | area= large | maxDets=100 ] = 0.637
 Average Recall     (AR) @[ IoU=0.50      | area=   all | maxDets=100 ] = 0.953
 Average Recall     (AR) @[ IoU=0.75      | area=   all | maxDets=100 ] = 0.559
best_stat: {'epoch': 123, 'coco_eval_bbox': 0.2756708282295533}
Epoch: [129]  [  0/197]  eta: 0:10:05  lr: 0.000400  loss: 21.8837 (21.8837)  loss_mal: 0.9077 (0.9077)  loss_bbox: 0.2225 (0.2225)  loss_giou: 0.6148 (0.6148)  loss_fgl: 1.1266 (1.1266)  loss_mal_aux_0: 0.9985 (0.9985)  loss_bbox_aux_0: 0.2287 (0.2287)  loss_giou_aux_0: 0.6393 (0.6393)  loss_fgl_aux_0: 1.1443 (1.1443)  loss_ddf_aux_0: 0.0135 (0.0135)  loss_mal_aux_1: 0.9136 (0.9136)  loss_bbox_aux_1: 0.2214 (0.2214)  loss_giou_aux_1: 0.6187 (0.6187)  loss_fgl_aux_1: 1.1266 (1.1266)  loss_ddf_aux_1: 0.0010 (0.0010)  loss_mal_pre: 0.9995 (0.9995)  loss_bbox_pre: 0.2328 (0.2328)  loss_giou_pre: 0.6429 (0.6429)  loss_mal_enc_0: 0.9619 (0.9619)  loss_bbox_enc_0: 0.2679 (0.2679)  loss_giou_enc_0: 0.6935 (0.6935)  loss_mal_dn_0: 0.7295 (0.7295)  loss_bbox_dn_0: 0.2453 (0.2453)  loss_giou_dn_0: 0.5876 (0.5876)  loss_fgl_dn_0: 1.1991 (1.1991)  loss_ddf_dn_0: 0.0909 (0.0909)  loss_mal_dn_1: 0.6431 (0.6431)  loss_bbox_dn_1: 0.1895 (0.1895)  loss_giou_dn_1: 0.4695 (0.4695)  loss_fgl_dn_1: 1.1545 (1.1545)  loss_ddf_dn_1: 0.0041 (0.0041)  loss_mal_dn_2: 0.6289 (0.6289)  loss_bbox_dn_2: 0.1856 (0.1856)  loss_giou_dn_2: 0.4637 (0.4637)  loss_fgl_dn_2: 1.1524 (1.1524)  loss_mal_dn_pre: 0.7290 (0.7290)  loss_bbox_dn_pre: 0.2485 (0.2485)  loss_giou_dn_pre: 0.5868 (0.5868)  time: 3.0749  data: 2.5819  max mem: 8321
Epoch: [129]  [196/197]  eta: 0:00:00  lr: 0.000400  loss: 21.8149 (21.8775)  loss_mal: 0.9478 (0.9486)  loss_bbox: 0.2430 (0.2445)  loss_giou: 0.5756 (0.5715)  loss_fgl: 1.1153 (1.1136)  loss_mal_aux_0: 1.0049 (0.9976)  loss_bbox_aux_0: 0.2476 (0.2520)  loss_giou_aux_0: 0.5854 (0.5896)  loss_fgl_aux_0: 1.1299 (1.1276)  loss_ddf_aux_0: 0.0181 (0.0177)  loss_mal_aux_1: 0.9678 (0.9657)  loss_bbox_aux_1: 0.2453 (0.2450)  loss_giou_aux_1: 0.5744 (0.5731)  loss_fgl_aux_1: 1.1147 (1.1140)  loss_ddf_aux_1: 0.0012 (0.0012)  loss_mal_pre: 1.0107 (0.9982)  loss_bbox_pre: 0.2506 (0.2516)  loss_giou_pre: 0.5819 (0.5885)  loss_mal_enc_0: 1.0342 (1.0246)  loss_bbox_enc_0: 0.2857 (0.2864)  loss_giou_enc_0: 0.6402 (0.6464)  loss_mal_dn_0: 0.7222 (0.7219)  loss_bbox_dn_0: 0.2827 (0.2807)  loss_giou_dn_0: 0.5715 (0.5738)  loss_fgl_dn_0: 1.1568 (1.1647)  loss_ddf_dn_0: 0.0979 (0.0981)  loss_mal_dn_1: 0.6460 (0.6467)  loss_bbox_dn_1: 0.2209 (0.2228)  loss_giou_dn_1: 0.4614 (0.4709)  loss_fgl_dn_1: 1.1100 (1.1192)  loss_ddf_dn_1: 0.0059 (0.0058)  loss_mal_dn_2: 0.6353 (0.6366)  loss_bbox_dn_2: 0.2164 (0.2183)  loss_giou_dn_2: 0.4505 (0.4639)  loss_fgl_dn_2: 1.1088 (1.1171)  loss_mal_dn_pre: 0.7227 (0.7217)  loss_bbox_dn_pre: 0.2837 (0.2842)  loss_giou_dn_pre: 0.5745 (0.5740)  time: 0.4154  data: 0.0458  max mem: 8321
Epoch: [129] Total time: 0:01:30 (0.4588 s / it)
Averaged stats: lr: 0.000400  loss: 21.8149 (21.8775)  loss_mal: 0.9478 (0.9486)  loss_bbox: 0.2430 (0.2445)  loss_giou: 0.5756 (0.5715)  loss_fgl: 1.1153 (1.1136)  loss_mal_aux_0: 1.0049 (0.9976)  loss_bbox_aux_0: 0.2476 (0.2520)  loss_giou_aux_0: 0.5854 (0.5896)  loss_fgl_aux_0: 1.1299 (1.1276)  loss_ddf_aux_0: 0.0181 (0.0177)  loss_mal_aux_1: 0.9678 (0.9657)  loss_bbox_aux_1: 0.2453 (0.2450)  loss_giou_aux_1: 0.5744 (0.5731)  loss_fgl_aux_1: 1.1147 (1.1140)  loss_ddf_aux_1: 0.0012 (0.0012)  loss_mal_pre: 1.0107 (0.9982)  loss_bbox_pre: 0.2506 (0.2516)  loss_giou_pre: 0.5819 (0.5885)  loss_mal_enc_0: 1.0342 (1.0246)  loss_bbox_enc_0: 0.2857 (0.2864)  loss_giou_enc_0: 0.6402 (0.6464)  loss_mal_dn_0: 0.7222 (0.7219)  loss_bbox_dn_0: 0.2827 (0.2807)  loss_giou_dn_0: 0.5715 (0.5738)  loss_fgl_dn_0: 1.1568 (1.1647)  loss_ddf_dn_0: 0.0979 (0.0981)  loss_mal_dn_1: 0.6460 (0.6467)  loss_bbox_dn_1: 0.2209 (0.2228)  loss_giou_dn_1: 0.4614 (0.4709)  loss_fgl_dn_1: 1.1100 (1.1192)  loss_ddf_dn_1: 0.0059 (0.0058)  loss_mal_dn_2: 0.6353 (0.6366)  loss_bbox_dn_2: 0.2164 (0.2183)  loss_giou_dn_2: 0.4505 (0.4639)  loss_fgl_dn_2: 1.1088 (1.1171)  loss_mal_dn_pre: 0.7227 (0.7217)  loss_bbox_dn_pre: 0.2837 (0.2842)  loss_giou_dn_pre: 0.5745 (0.5740)
Test:  [ 0/13]  eta: 0:00:35    time: 2.7447  data: 2.3456  max mem: 8321
Test:  [10/13]  eta: 0:00:01    time: 0.5894  data: 0.3133  max mem: 8321
Test:  [12/13]  eta: 0:00:00    time: 0.5398  data: 0.2782  max mem: 8321
Test: Total time: 0:00:07 (0.5471 s / it)
Averaged stats: 
Accumulating evaluation results...
COCOeval_opt.accumulate() finished...
DONE (t=0.34s).
IoU metric: bbox
 Average Precision  (AP) @[ IoU=0.50:0.95 | area=   all | maxDets=100 ] = 0.274
 Average Precision  (AP) @[ IoU=0.50      | area=   all | maxDets=100 ] = 0.586
 Average Precision  (AP) @[ IoU=0.75      | area=   all | maxDets=100 ] = 0.212
 Average Precision  (AP) @[ IoU=0.50:0.95 | area= small | maxDets=100 ] = 0.127
 Average Precision  (AP) @[ IoU=0.50:0.95 | area=medium | maxDets=100 ] = 0.233
 Average Precision  (AP) @[ IoU=0.50:0.95 | area= large | maxDets=100 ] = 0.324
 Average Recall     (AR) @[ IoU=0.50:0.95 | area=   all | maxDets=  1 ] = 0.254
 Average Recall     (AR) @[ IoU=0.50:0.95 | area=   all | maxDets= 10 ] = 0.479
 Average Recall     (AR) @[ IoU=0.50:0.95 | area=   all | maxDets=100 ] = 0.557
 Average Recall     (AR) @[ IoU=0.50:0.95 | area= small | maxDets=100 ] = 0.300
 Average Recall     (AR) @[ IoU=0.50:0.95 | area=medium | maxDets=100 ] = 0.525
 Average Recall     (AR) @[ IoU=0.50:0.95 | area= large | maxDets=100 ] = 0.637
 Average Recall     (AR) @[ IoU=0.50      | area=   all | maxDets=100 ] = 0.952
 Average Recall     (AR) @[ IoU=0.75      | area=   all | maxDets=100 ] = 0.556
best_stat: {'epoch': 123, 'coco_eval_bbox': 0.2756708282295533}
Epoch: [130]  [  0/197]  eta: 0:10:53  lr: 0.000400  loss: 22.4252 (22.4252)  loss_mal: 0.9404 (0.9404)  loss_bbox: 0.3159 (0.3159)  loss_giou: 0.6121 (0.6121)  loss_fgl: 1.0983 (1.0983)  loss_mal_aux_0: 1.0137 (1.0137)  loss_bbox_aux_0: 0.3073 (0.3073)  loss_giou_aux_0: 0.6139 (0.6139)  loss_fgl_aux_0: 1.1385 (1.1385)  loss_ddf_aux_0: 0.0295 (0.0295)  loss_mal_aux_1: 0.9351 (0.9351)  loss_bbox_aux_1: 0.3113 (0.3113)  loss_giou_aux_1: 0.6139 (0.6139)  loss_fgl_aux_1: 1.1003 (1.1003)  loss_ddf_aux_1: 0.0016 (0.0016)  loss_mal_pre: 1.0059 (1.0059)  loss_bbox_pre: 0.3083 (0.3083)  loss_giou_pre: 0.6136 (0.6136)  loss_mal_enc_0: 1.0264 (1.0264)  loss_bbox_enc_0: 0.3470 (0.3470)  loss_giou_enc_0: 0.6513 (0.6513)  loss_mal_dn_0: 0.7324 (0.7324)  loss_bbox_dn_0: 0.2983 (0.2983)  loss_giou_dn_0: 0.5754 (0.5754)  loss_fgl_dn_0: 1.1700 (1.1700)  loss_ddf_dn_0: 0.0933 (0.0933)  loss_mal_dn_1: 0.6543 (0.6543)  loss_bbox_dn_1: 0.2403 (0.2403)  loss_giou_dn_1: 0.4825 (0.4825)  loss_fgl_dn_1: 1.1106 (1.1106)  loss_ddf_dn_1: 0.0059 (0.0059)  loss_mal_dn_2: 0.6431 (0.6431)  loss_bbox_dn_2: 0.2456 (0.2456)  loss_giou_dn_2: 0.4753 (0.4753)  loss_fgl_dn_2: 1.1074 (1.1074)  loss_mal_dn_pre: 0.7339 (0.7339)  loss_bbox_dn_pre: 0.2990 (0.2990)  loss_giou_dn_pre: 0.5737 (0.5737)  time: 3.3150  data: 2.7563  max mem: 8321
Epoch: [130]  [196/197]  eta: 0:00:00  lr: 0.000400  loss: 21.9063 (21.7904)  loss_mal: 0.9600 (0.9361)  loss_bbox: 0.2283 (0.2439)  loss_giou: 0.5558 (0.5746)  loss_fgl: 1.1155 (1.1100)  loss_mal_aux_0: 1.0039 (0.9857)  loss_bbox_aux_0: 0.2332 (0.2509)  loss_giou_aux_0: 0.5826 (0.5921)  loss_fgl_aux_0: 1.1225 (1.1247)  loss_ddf_aux_0: 0.0160 (0.0173)  loss_mal_aux_1: 0.9692 (0.9506)  loss_bbox_aux_1: 0.2261 (0.2445)  loss_giou_aux_1: 0.5609 (0.5765)  loss_fgl_aux_1: 1.1155 (1.1101)  loss_ddf_aux_1: 0.0011 (0.0012)  loss_mal_pre: 1.0039 (0.9856)  loss_bbox_pre: 0.2338 (0.2505)  loss_giou_pre: 0.5796 (0.5907)  loss_mal_enc_0: 1.0586 (1.0158)  loss_bbox_enc_0: 0.2628 (0.2829)  loss_giou_enc_0: 0.6204 (0.6469)  loss_mal_dn_0: 0.7231 (0.7203)  loss_bbox_dn_0: 0.2584 (0.2789)  loss_giou_dn_0: 0.5712 (0.5741)  loss_fgl_dn_0: 1.1551 (1.1626)  loss_ddf_dn_0: 0.0956 (0.0971)  loss_mal_dn_1: 0.6475 (0.6453)  loss_bbox_dn_1: 0.2052 (0.2207)  loss_giou_dn_1: 0.4662 (0.4709)  loss_fgl_dn_1: 1.1128 (1.1178)  loss_ddf_dn_1: 0.0061 (0.0061)  loss_mal_dn_2: 0.6348 (0.6349)  loss_bbox_dn_2: 0.2038 (0.2160)  loss_giou_dn_2: 0.4580 (0.4634)  loss_fgl_dn_2: 1.1087 (1.1158)  loss_mal_dn_pre: 0.7212 (0.7200)  loss_bbox_dn_pre: 0.2605 (0.2819)  loss_giou_dn_pre: 0.5732 (0.5740)  time: 0.4235  data: 0.0410  max mem: 8321
Epoch: [130] Total time: 0:01:31 (0.4657 s / it)
Averaged stats: lr: 0.000400  loss: 21.9063 (21.7904)  loss_mal: 0.9600 (0.9361)  loss_bbox: 0.2283 (0.2439)  loss_giou: 0.5558 (0.5746)  loss_fgl: 1.1155 (1.1100)  loss_mal_aux_0: 1.0039 (0.9857)  loss_bbox_aux_0: 0.2332 (0.2509)  loss_giou_aux_0: 0.5826 (0.5921)  loss_fgl_aux_0: 1.1225 (1.1247)  loss_ddf_aux_0: 0.0160 (0.0173)  loss_mal_aux_1: 0.9692 (0.9506)  loss_bbox_aux_1: 0.2261 (0.2445)  loss_giou_aux_1: 0.5609 (0.5765)  loss_fgl_aux_1: 1.1155 (1.1101)  loss_ddf_aux_1: 0.0011 (0.0012)  loss_mal_pre: 1.0039 (0.9856)  loss_bbox_pre: 0.2338 (0.2505)  loss_giou_pre: 0.5796 (0.5907)  loss_mal_enc_0: 1.0586 (1.0158)  loss_bbox_enc_0: 0.2628 (0.2829)  loss_giou_enc_0: 0.6204 (0.6469)  loss_mal_dn_0: 0.7231 (0.7203)  loss_bbox_dn_0: 0.2584 (0.2789)  loss_giou_dn_0: 0.5712 (0.5741)  loss_fgl_dn_0: 1.1551 (1.1626)  loss_ddf_dn_0: 0.0956 (0.0971)  loss_mal_dn_1: 0.6475 (0.6453)  loss_bbox_dn_1: 0.2052 (0.2207)  loss_giou_dn_1: 0.4662 (0.4709)  loss_fgl_dn_1: 1.1128 (1.1178)  loss_ddf_dn_1: 0.0061 (0.0061)  loss_mal_dn_2: 0.6348 (0.6349)  loss_bbox_dn_2: 0.2038 (0.2160)  loss_giou_dn_2: 0.4580 (0.4634)  loss_fgl_dn_2: 1.1087 (1.1158)  loss_mal_dn_pre: 0.7212 (0.7200)  loss_bbox_dn_pre: 0.2605 (0.2819)  loss_giou_dn_pre: 0.5732 (0.5740)
Test:  [ 0/13]  eta: 0:00:44    time: 3.4275  data: 3.1910  max mem: 8321
Test:  [10/13]  eta: 0:00:01    time: 0.6381  data: 0.3811  max mem: 8321
Test:  [12/13]  eta: 0:00:00    time: 0.5759  data: 0.3287  max mem: 8321
Test: Total time: 0:00:07 (0.5879 s / it)
Averaged stats: 
Accumulating evaluation results...
COCOeval_opt.accumulate() finished...
DONE (t=0.31s).
IoU metric: bbox
 Average Precision  (AP) @[ IoU=0.50:0.95 | area=   all | maxDets=100 ] = 0.274
 Average Precision  (AP) @[ IoU=0.50      | area=   all | maxDets=100 ] = 0.584
 Average Precision  (AP) @[ IoU=0.75      | area=   all | maxDets=100 ] = 0.212
 Average Precision  (AP) @[ IoU=0.50:0.95 | area= small | maxDets=100 ] = 0.127
 Average Precision  (AP) @[ IoU=0.50:0.95 | area=medium | maxDets=100 ] = 0.232
 Average Precision  (AP) @[ IoU=0.50:0.95 | area= large | maxDets=100 ] = 0.324
 Average Recall     (AR) @[ IoU=0.50:0.95 | area=   all | maxDets=  1 ] = 0.254
 Average Recall     (AR) @[ IoU=0.50:0.95 | area=   all | maxDets= 10 ] = 0.479
 Average Recall     (AR) @[ IoU=0.50:0.95 | area=   all | maxDets=100 ] = 0.559
 Average Recall     (AR) @[ IoU=0.50:0.95 | area= small | maxDets=100 ] = 0.301
 Average Recall     (AR) @[ IoU=0.50:0.95 | area=medium | maxDets=100 ] = 0.527
 Average Recall     (AR) @[ IoU=0.50:0.95 | area= large | maxDets=100 ] = 0.637
 Average Recall     (AR) @[ IoU=0.50      | area=   all | maxDets=100 ] = 0.952
 Average Recall     (AR) @[ IoU=0.75      | area=   all | maxDets=100 ] = 0.563
best_stat: {'epoch': 123, 'coco_eval_bbox': 0.2756708282295533}
Epoch: [131]  [  0/197]  eta: 0:11:14  lr: 0.000400  loss: 22.2152 (22.2152)  loss_mal: 1.0137 (1.0137)  loss_bbox: 0.1988 (0.1988)  loss_giou: 0.6330 (0.6330)  loss_fgl: 1.1173 (1.1173)  loss_mal_aux_0: 1.0439 (1.0439)  loss_bbox_aux_0: 0.2023 (0.2023)  loss_giou_aux_0: 0.6606 (0.6606)  loss_fgl_aux_0: 1.1183 (1.1183)  loss_ddf_aux_0: 0.0126 (0.0126)  loss_mal_aux_1: 1.0283 (1.0283)  loss_bbox_aux_1: 0.1979 (0.1979)  loss_giou_aux_1: 0.6322 (0.6322)  loss_fgl_aux_1: 1.1158 (1.1158)  loss_ddf_aux_1: 0.0010 (0.0010)  loss_mal_pre: 1.0439 (1.0439)  loss_bbox_pre: 0.2019 (0.2019)  loss_giou_pre: 0.6588 (0.6588)  loss_mal_enc_0: 1.0352 (1.0352)  loss_bbox_enc_0: 0.2192 (0.2192)  loss_giou_enc_0: 0.7157 (0.7157)  loss_mal_dn_0: 0.7461 (0.7461)  loss_bbox_dn_0: 0.2053 (0.2053)  loss_giou_dn_0: 0.6347 (0.6347)  loss_fgl_dn_0: 1.1502 (1.1502)  loss_ddf_dn_0: 0.0920 (0.0920)  loss_mal_dn_1: 0.6826 (0.6826)  loss_bbox_dn_1: 0.1562 (0.1562)  loss_giou_dn_1: 0.5208 (0.5208)  loss_fgl_dn_1: 1.1180 (1.1180)  loss_ddf_dn_1: 0.0061 (0.0061)  loss_mal_dn_2: 0.6787 (0.6787)  loss_bbox_dn_2: 0.1536 (0.1536)  loss_giou_dn_2: 0.5124 (0.5124)  loss_fgl_dn_2: 1.1192 (1.1192)  loss_mal_dn_pre: 0.7471 (0.7471)  loss_bbox_dn_pre: 0.2070 (0.2070)  loss_giou_dn_pre: 0.6349 (0.6349)  time: 3.4222  data: 2.8504  max mem: 8321
Epoch: [131]  [196/197]  eta: 0:00:00  lr: 0.000400  loss: 21.9797 (21.7403)  loss_mal: 0.9194 (0.9364)  loss_bbox: 0.2638 (0.2455)  loss_giou: 0.5513 (0.5659)  loss_fgl: 1.1173 (1.1143)  loss_mal_aux_0: 0.9771 (0.9842)  loss_bbox_aux_0: 0.2715 (0.2527)  loss_giou_aux_0: 0.5676 (0.5827)  loss_fgl_aux_0: 1.1273 (1.1280)  loss_ddf_aux_0: 0.0167 (0.0168)  loss_mal_aux_1: 0.9302 (0.9504)  loss_bbox_aux_1: 0.2614 (0.2462)  loss_giou_aux_1: 0.5569 (0.5678)  loss_fgl_aux_1: 1.1129 (1.1144)  loss_ddf_aux_1: 0.0011 (0.0012)  loss_mal_pre: 0.9688 (0.9860)  loss_bbox_pre: 0.2694 (0.2526)  loss_giou_pre: 0.5669 (0.5817)  loss_mal_enc_0: 1.0166 (1.0226)  loss_bbox_enc_0: 0.2961 (0.2856)  loss_giou_enc_0: 0.6304 (0.6394)  loss_mal_dn_0: 0.7212 (0.7185)  loss_bbox_dn_0: 0.2823 (0.2787)  loss_giou_dn_0: 0.5531 (0.5658)  loss_fgl_dn_0: 1.1560 (1.1639)  loss_ddf_dn_0: 0.0969 (0.0983)  loss_mal_dn_1: 0.6475 (0.6425)  loss_bbox_dn_1: 0.2193 (0.2208)  loss_giou_dn_1: 0.4620 (0.4644)  loss_fgl_dn_1: 1.1174 (1.1175)  loss_ddf_dn_1: 0.0058 (0.0058)  loss_mal_dn_2: 0.6431 (0.6327)  loss_bbox_dn_2: 0.2128 (0.2166)  loss_giou_dn_2: 0.4558 (0.4572)  loss_fgl_dn_2: 1.1154 (1.1155)  loss_mal_dn_pre: 0.7212 (0.7184)  loss_bbox_dn_pre: 0.2836 (0.2831)  loss_giou_dn_pre: 0.5528 (0.5664)  time: 0.4197  data: 0.0445  max mem: 8321
Epoch: [131] Total time: 0:01:30 (0.4588 s / it)
Averaged stats: lr: 0.000400  loss: 21.9797 (21.7403)  loss_mal: 0.9194 (0.9364)  loss_bbox: 0.2638 (0.2455)  loss_giou: 0.5513 (0.5659)  loss_fgl: 1.1173 (1.1143)  loss_mal_aux_0: 0.9771 (0.9842)  loss_bbox_aux_0: 0.2715 (0.2527)  loss_giou_aux_0: 0.5676 (0.5827)  loss_fgl_aux_0: 1.1273 (1.1280)  loss_ddf_aux_0: 0.0167 (0.0168)  loss_mal_aux_1: 0.9302 (0.9504)  loss_bbox_aux_1: 0.2614 (0.2462)  loss_giou_aux_1: 0.5569 (0.5678)  loss_fgl_aux_1: 1.1129 (1.1144)  loss_ddf_aux_1: 0.0011 (0.0012)  loss_mal_pre: 0.9688 (0.9860)  loss_bbox_pre: 0.2694 (0.2526)  loss_giou_pre: 0.5669 (0.5817)  loss_mal_enc_0: 1.0166 (1.0226)  loss_bbox_enc_0: 0.2961 (0.2856)  loss_giou_enc_0: 0.6304 (0.6394)  loss_mal_dn_0: 0.7212 (0.7185)  loss_bbox_dn_0: 0.2823 (0.2787)  loss_giou_dn_0: 0.5531 (0.5658)  loss_fgl_dn_0: 1.1560 (1.1639)  loss_ddf_dn_0: 0.0969 (0.0983)  loss_mal_dn_1: 0.6475 (0.6425)  loss_bbox_dn_1: 0.2193 (0.2208)  loss_giou_dn_1: 0.4620 (0.4644)  loss_fgl_dn_1: 1.1174 (1.1175)  loss_ddf_dn_1: 0.0058 (0.0058)  loss_mal_dn_2: 0.6431 (0.6327)  loss_bbox_dn_2: 0.2128 (0.2166)  loss_giou_dn_2: 0.4558 (0.4572)  loss_fgl_dn_2: 1.1154 (1.1155)  loss_mal_dn_pre: 0.7212 (0.7184)  loss_bbox_dn_pre: 0.2836 (0.2831)  loss_giou_dn_pre: 0.5528 (0.5664)
Test:  [ 0/13]  eta: 0:00:37    time: 2.8786  data: 2.5151  max mem: 8321
Test:  [10/13]  eta: 0:00:01    time: 0.5868  data: 0.3281  max mem: 8321
Test:  [12/13]  eta: 0:00:00    time: 0.5314  data: 0.2837  max mem: 8321
Test: Total time: 0:00:07 (0.5408 s / it)
Averaged stats: 
Accumulating evaluation results...
COCOeval_opt.accumulate() finished...
DONE (t=0.31s).
IoU metric: bbox
 Average Precision  (AP) @[ IoU=0.50:0.95 | area=   all | maxDets=100 ] = 0.273
 Average Precision  (AP) @[ IoU=0.50      | area=   all | maxDets=100 ] = 0.582
 Average Precision  (AP) @[ IoU=0.75      | area=   all | maxDets=100 ] = 0.213
 Average Precision  (AP) @[ IoU=0.50:0.95 | area= small | maxDets=100 ] = 0.126
 Average Precision  (AP) @[ IoU=0.50:0.95 | area=medium | maxDets=100 ] = 0.232
 Average Precision  (AP) @[ IoU=0.50:0.95 | area= large | maxDets=100 ] = 0.323
 Average Recall     (AR) @[ IoU=0.50:0.95 | area=   all | maxDets=  1 ] = 0.255
 Average Recall     (AR) @[ IoU=0.50:0.95 | area=   all | maxDets= 10 ] = 0.481
 Average Recall     (AR) @[ IoU=0.50:0.95 | area=   all | maxDets=100 ] = 0.559
 Average Recall     (AR) @[ IoU=0.50:0.95 | area= small | maxDets=100 ] = 0.301
 Average Recall     (AR) @[ IoU=0.50:0.95 | area=medium | maxDets=100 ] = 0.528
 Average Recall     (AR) @[ IoU=0.50:0.95 | area= large | maxDets=100 ] = 0.638
 Average Recall     (AR) @[ IoU=0.50      | area=   all | maxDets=100 ] = 0.951
 Average Recall     (AR) @[ IoU=0.75      | area=   all | maxDets=100 ] = 0.563
best_stat: {'epoch': 123, 'coco_eval_bbox': 0.2756708282295533}
Epoch: [132]  [  0/197]  eta: 0:09:24  lr: 0.000400  loss: 22.4645 (22.4645)  loss_mal: 0.9854 (0.9854)  loss_bbox: 0.2245 (0.2245)  loss_giou: 0.6448 (0.6448)  loss_fgl: 1.1028 (1.1028)  loss_mal_aux_0: 1.0000 (1.0000)  loss_bbox_aux_0: 0.2382 (0.2382)  loss_giou_aux_0: 0.6683 (0.6683)  loss_fgl_aux_0: 1.1154 (1.1154)  loss_ddf_aux_0: 0.0151 (0.0151)  loss_mal_aux_1: 0.9834 (0.9834)  loss_bbox_aux_1: 0.2275 (0.2275)  loss_giou_aux_1: 0.6479 (0.6479)  loss_fgl_aux_1: 1.1025 (1.1025)  loss_ddf_aux_1: 0.0010 (0.0010)  loss_mal_pre: 1.0000 (1.0000)  loss_bbox_pre: 0.2358 (0.2358)  loss_giou_pre: 0.6648 (0.6648)  loss_mal_enc_0: 1.0381 (1.0381)  loss_bbox_enc_0: 0.2605 (0.2605)  loss_giou_enc_0: 0.7163 (0.7163)  loss_mal_dn_0: 0.7446 (0.7446)  loss_bbox_dn_0: 0.2859 (0.2859)  loss_giou_dn_0: 0.6305 (0.6305)  loss_fgl_dn_0: 1.1320 (1.1320)  loss_ddf_dn_0: 0.0860 (0.0860)  loss_mal_dn_1: 0.6802 (0.6802)  loss_bbox_dn_1: 0.2279 (0.2279)  loss_giou_dn_1: 0.5194 (0.5194)  loss_fgl_dn_1: 1.1019 (1.1019)  loss_ddf_dn_1: 0.0053 (0.0053)  loss_mal_dn_2: 0.6753 (0.6753)  loss_bbox_dn_2: 0.2233 (0.2233)  loss_giou_dn_2: 0.5128 (0.5128)  loss_fgl_dn_2: 1.1001 (1.1001)  loss_mal_dn_pre: 0.7446 (0.7446)  loss_bbox_dn_pre: 0.2903 (0.2903)  loss_giou_dn_pre: 0.6321 (0.6321)  time: 2.8672  data: 2.3208  max mem: 8321
Epoch: [132]  [196/197]  eta: 0:00:00  lr: 0.000400  loss: 21.6957 (21.7295)  loss_mal: 0.9473 (0.9314)  loss_bbox: 0.2454 (0.2425)  loss_giou: 0.5741 (0.5721)  loss_fgl: 1.1027 (1.1114)  loss_mal_aux_0: 0.9546 (0.9827)  loss_bbox_aux_0: 0.2531 (0.2506)  loss_giou_aux_0: 0.6033 (0.5894)  loss_fgl_aux_0: 1.1143 (1.1249)  loss_ddf_aux_0: 0.0174 (0.0171)  loss_mal_aux_1: 0.9409 (0.9458)  loss_bbox_aux_1: 0.2456 (0.2436)  loss_giou_aux_1: 0.5793 (0.5739)  loss_fgl_aux_1: 1.1018 (1.1117)  loss_ddf_aux_1: 0.0013 (0.0013)  loss_mal_pre: 0.9653 (0.9836)  loss_bbox_pre: 0.2498 (0.2503)  loss_giou_pre: 0.6024 (0.5881)  loss_mal_enc_0: 0.9917 (1.0182)  loss_bbox_enc_0: 0.2806 (0.2820)  loss_giou_enc_0: 0.6621 (0.6440)  loss_mal_dn_0: 0.7192 (0.7181)  loss_bbox_dn_0: 0.2561 (0.2750)  loss_giou_dn_0: 0.5727 (0.5709)  loss_fgl_dn_0: 1.1610 (1.1635)  loss_ddf_dn_0: 0.1030 (0.0996)  loss_mal_dn_1: 0.6445 (0.6414)  loss_bbox_dn_1: 0.1925 (0.2176)  loss_giou_dn_1: 0.4714 (0.4679)  loss_fgl_dn_1: 1.1174 (1.1167)  loss_ddf_dn_1: 0.0059 (0.0059)  loss_mal_dn_2: 0.6353 (0.6316)  loss_bbox_dn_2: 0.1914 (0.2133)  loss_giou_dn_2: 0.4623 (0.4607)  loss_fgl_dn_2: 1.1172 (1.1148)  loss_mal_dn_pre: 0.7192 (0.7180)  loss_bbox_dn_pre: 0.2613 (0.2789)  loss_giou_dn_pre: 0.5732 (0.5713)  time: 0.4201  data: 0.0464  max mem: 8321
Epoch: [132] Total time: 0:01:31 (0.4640 s / it)
Averaged stats: lr: 0.000400  loss: 21.6957 (21.7295)  loss_mal: 0.9473 (0.9314)  loss_bbox: 0.2454 (0.2425)  loss_giou: 0.5741 (0.5721)  loss_fgl: 1.1027 (1.1114)  loss_mal_aux_0: 0.9546 (0.9827)  loss_bbox_aux_0: 0.2531 (0.2506)  loss_giou_aux_0: 0.6033 (0.5894)  loss_fgl_aux_0: 1.1143 (1.1249)  loss_ddf_aux_0: 0.0174 (0.0171)  loss_mal_aux_1: 0.9409 (0.9458)  loss_bbox_aux_1: 0.2456 (0.2436)  loss_giou_aux_1: 0.5793 (0.5739)  loss_fgl_aux_1: 1.1018 (1.1117)  loss_ddf_aux_1: 0.0013 (0.0013)  loss_mal_pre: 0.9653 (0.9836)  loss_bbox_pre: 0.2498 (0.2503)  loss_giou_pre: 0.6024 (0.5881)  loss_mal_enc_0: 0.9917 (1.0182)  loss_bbox_enc_0: 0.2806 (0.2820)  loss_giou_enc_0: 0.6621 (0.6440)  loss_mal_dn_0: 0.7192 (0.7181)  loss_bbox_dn_0: 0.2561 (0.2750)  loss_giou_dn_0: 0.5727 (0.5709)  loss_fgl_dn_0: 1.1610 (1.1635)  loss_ddf_dn_0: 0.1030 (0.0996)  loss_mal_dn_1: 0.6445 (0.6414)  loss_bbox_dn_1: 0.1925 (0.2176)  loss_giou_dn_1: 0.4714 (0.4679)  loss_fgl_dn_1: 1.1174 (1.1167)  loss_ddf_dn_1: 0.0059 (0.0059)  loss_mal_dn_2: 0.6353 (0.6316)  loss_bbox_dn_2: 0.1914 (0.2133)  loss_giou_dn_2: 0.4623 (0.4607)  loss_fgl_dn_2: 1.1172 (1.1148)  loss_mal_dn_pre: 0.7192 (0.7180)  loss_bbox_dn_pre: 0.2613 (0.2789)  loss_giou_dn_pre: 0.5732 (0.5713)
Test:  [ 0/13]  eta: 0:00:36    time: 2.8061  data: 2.5884  max mem: 8321
Test:  [10/13]  eta: 0:00:01    time: 0.5712  data: 0.3262  max mem: 8321
Test:  [12/13]  eta: 0:00:00    time: 0.5260  data: 0.2897  max mem: 8321
Test: Total time: 0:00:06 (0.5332 s / it)
Averaged stats: 
Accumulating evaluation results...
COCOeval_opt.accumulate() finished...
DONE (t=0.31s).
IoU metric: bbox
 Average Precision  (AP) @[ IoU=0.50:0.95 | area=   all | maxDets=100 ] = 0.273
 Average Precision  (AP) @[ IoU=0.50      | area=   all | maxDets=100 ] = 0.584
 Average Precision  (AP) @[ IoU=0.75      | area=   all | maxDets=100 ] = 0.215
 Average Precision  (AP) @[ IoU=0.50:0.95 | area= small | maxDets=100 ] = 0.123
 Average Precision  (AP) @[ IoU=0.50:0.95 | area=medium | maxDets=100 ] = 0.232
 Average Precision  (AP) @[ IoU=0.50:0.95 | area= large | maxDets=100 ] = 0.324
 Average Recall     (AR) @[ IoU=0.50:0.95 | area=   all | maxDets=  1 ] = 0.255
 Average Recall     (AR) @[ IoU=0.50:0.95 | area=   all | maxDets= 10 ] = 0.479
 Average Recall     (AR) @[ IoU=0.50:0.95 | area=   all | maxDets=100 ] = 0.559
 Average Recall     (AR) @[ IoU=0.50:0.95 | area= small | maxDets=100 ] = 0.300
 Average Recall     (AR) @[ IoU=0.50:0.95 | area=medium | maxDets=100 ] = 0.527
 Average Recall     (AR) @[ IoU=0.50:0.95 | area= large | maxDets=100 ] = 0.638
 Average Recall     (AR) @[ IoU=0.50      | area=   all | maxDets=100 ] = 0.953
 Average Recall     (AR) @[ IoU=0.75      | area=   all | maxDets=100 ] = 0.565
best_stat: {'epoch': 123, 'coco_eval_bbox': 0.2756708282295533}
Epoch: [133]  [  0/197]  eta: 0:08:53  lr: 0.000400  loss: 20.2269 (20.2269)  loss_mal: 0.8442 (0.8442)  loss_bbox: 0.2565 (0.2565)  loss_giou: 0.4405 (0.4405)  loss_fgl: 1.1123 (1.1123)  loss_mal_aux_0: 0.8677 (0.8677)  loss_bbox_aux_0: 0.2531 (0.2531)  loss_giou_aux_0: 0.4592 (0.4592)  loss_fgl_aux_0: 1.1339 (1.1339)  loss_ddf_aux_0: 0.0228 (0.0228)  loss_mal_aux_1: 0.8208 (0.8208)  loss_bbox_aux_1: 0.2529 (0.2529)  loss_giou_aux_1: 0.4393 (0.4393)  loss_fgl_aux_1: 1.1109 (1.1109)  loss_ddf_aux_1: 0.0016 (0.0016)  loss_mal_pre: 0.8735 (0.8735)  loss_bbox_pre: 0.2494 (0.2494)  loss_giou_pre: 0.4588 (0.4588)  loss_mal_enc_0: 0.9634 (0.9634)  loss_bbox_enc_0: 0.3015 (0.3015)  loss_giou_enc_0: 0.5313 (0.5313)  loss_mal_dn_0: 0.6953 (0.6953)  loss_bbox_dn_0: 0.2962 (0.2962)  loss_giou_dn_0: 0.4730 (0.4730)  loss_fgl_dn_0: 1.1672 (1.1672)  loss_ddf_dn_0: 0.1050 (0.1050)  loss_mal_dn_1: 0.6133 (0.6133)  loss_bbox_dn_1: 0.2307 (0.2307)  loss_giou_dn_1: 0.3834 (0.3834)  loss_fgl_dn_1: 1.1013 (1.1013)  loss_ddf_dn_1: 0.0062 (0.0062)  loss_mal_dn_2: 0.5981 (0.5981)  loss_bbox_dn_2: 0.2232 (0.2232)  loss_giou_dn_2: 0.3732 (0.3732)  loss_fgl_dn_2: 1.0953 (1.0953)  loss_mal_dn_pre: 0.6958 (0.6958)  loss_bbox_dn_pre: 0.3025 (0.3025)  loss_giou_dn_pre: 0.4735 (0.4735)  time: 2.7061  data: 2.1600  max mem: 8321
Epoch: [133]  [196/197]  eta: 0:00:00  lr: 0.000400  loss: 21.5464 (21.6398)  loss_mal: 0.9395 (0.9305)  loss_bbox: 0.2383 (0.2416)  loss_giou: 0.5272 (0.5555)  loss_fgl: 1.1119 (1.1187)  loss_mal_aux_0: 0.9951 (0.9828)  loss_bbox_aux_0: 0.2435 (0.2481)  loss_giou_aux_0: 0.5404 (0.5722)  loss_fgl_aux_0: 1.1326 (1.1336)  loss_ddf_aux_0: 0.0173 (0.0173)  loss_mal_aux_1: 0.9541 (0.9501)  loss_bbox_aux_1: 0.2371 (0.2422)  loss_giou_aux_1: 0.5286 (0.5575)  loss_fgl_aux_1: 1.1134 (1.1191)  loss_ddf_aux_1: 0.0013 (0.0014)  loss_mal_pre: 0.9941 (0.9836)  loss_bbox_pre: 0.2443 (0.2479)  loss_giou_pre: 0.5433 (0.5713)  loss_mal_enc_0: 0.9951 (1.0165)  loss_bbox_enc_0: 0.2689 (0.2793)  loss_giou_enc_0: 0.5971 (0.6291)  loss_mal_dn_0: 0.7163 (0.7179)  loss_bbox_dn_0: 0.2795 (0.2765)  loss_giou_dn_0: 0.5348 (0.5612)  loss_fgl_dn_0: 1.1708 (1.1676)  loss_ddf_dn_0: 0.0979 (0.0981)  loss_mal_dn_1: 0.6396 (0.6411)  loss_bbox_dn_1: 0.2228 (0.2195)  loss_giou_dn_1: 0.4397 (0.4597)  loss_fgl_dn_1: 1.1098 (1.1197)  loss_ddf_dn_1: 0.0056 (0.0060)  loss_mal_dn_2: 0.6270 (0.6307)  loss_bbox_dn_2: 0.2204 (0.2151)  loss_giou_dn_2: 0.4351 (0.4524)  loss_fgl_dn_2: 1.1062 (1.1175)  loss_mal_dn_pre: 0.7153 (0.7176)  loss_bbox_dn_pre: 0.2818 (0.2798)  loss_giou_dn_pre: 0.5365 (0.5612)  time: 0.4191  data: 0.0450  max mem: 8321
Epoch: [133] Total time: 0:01:31 (0.4649 s / it)
Averaged stats: lr: 0.000400  loss: 21.5464 (21.6398)  loss_mal: 0.9395 (0.9305)  loss_bbox: 0.2383 (0.2416)  loss_giou: 0.5272 (0.5555)  loss_fgl: 1.1119 (1.1187)  loss_mal_aux_0: 0.9951 (0.9828)  loss_bbox_aux_0: 0.2435 (0.2481)  loss_giou_aux_0: 0.5404 (0.5722)  loss_fgl_aux_0: 1.1326 (1.1336)  loss_ddf_aux_0: 0.0173 (0.0173)  loss_mal_aux_1: 0.9541 (0.9501)  loss_bbox_aux_1: 0.2371 (0.2422)  loss_giou_aux_1: 0.5286 (0.5575)  loss_fgl_aux_1: 1.1134 (1.1191)  loss_ddf_aux_1: 0.0013 (0.0014)  loss_mal_pre: 0.9941 (0.9836)  loss_bbox_pre: 0.2443 (0.2479)  loss_giou_pre: 0.5433 (0.5713)  loss_mal_enc_0: 0.9951 (1.0165)  loss_bbox_enc_0: 0.2689 (0.2793)  loss_giou_enc_0: 0.5971 (0.6291)  loss_mal_dn_0: 0.7163 (0.7179)  loss_bbox_dn_0: 0.2795 (0.2765)  loss_giou_dn_0: 0.5348 (0.5612)  loss_fgl_dn_0: 1.1708 (1.1676)  loss_ddf_dn_0: 0.0979 (0.0981)  loss_mal_dn_1: 0.6396 (0.6411)  loss_bbox_dn_1: 0.2228 (0.2195)  loss_giou_dn_1: 0.4397 (0.4597)  loss_fgl_dn_1: 1.1098 (1.1197)  loss_ddf_dn_1: 0.0056 (0.0060)  loss_mal_dn_2: 0.6270 (0.6307)  loss_bbox_dn_2: 0.2204 (0.2151)  loss_giou_dn_2: 0.4351 (0.4524)  loss_fgl_dn_2: 1.1062 (1.1175)  loss_mal_dn_pre: 0.7153 (0.7176)  loss_bbox_dn_pre: 0.2818 (0.2798)  loss_giou_dn_pre: 0.5365 (0.5612)
Test:  [ 0/13]  eta: 0:00:43    time: 3.3592  data: 2.9914  max mem: 8321
Test:  [10/13]  eta: 0:00:01    time: 0.6215  data: 0.3498  max mem: 8321
Test:  [12/13]  eta: 0:00:00    time: 0.5699  data: 0.3100  max mem: 8321
Test: Total time: 0:00:07 (0.5758 s / it)
Averaged stats: 
Accumulating evaluation results...
COCOeval_opt.accumulate() finished...
DONE (t=0.30s).
IoU metric: bbox
 Average Precision  (AP) @[ IoU=0.50:0.95 | area=   all | maxDets=100 ] = 0.273
 Average Precision  (AP) @[ IoU=0.50      | area=   all | maxDets=100 ] = 0.585
 Average Precision  (AP) @[ IoU=0.75      | area=   all | maxDets=100 ] = 0.215
 Average Precision  (AP) @[ IoU=0.50:0.95 | area= small | maxDets=100 ] = 0.124
 Average Precision  (AP) @[ IoU=0.50:0.95 | area=medium | maxDets=100 ] = 0.232
 Average Precision  (AP) @[ IoU=0.50:0.95 | area= large | maxDets=100 ] = 0.324
 Average Recall     (AR) @[ IoU=0.50:0.95 | area=   all | maxDets=  1 ] = 0.254
 Average Recall     (AR) @[ IoU=0.50:0.95 | area=   all | maxDets= 10 ] = 0.480
 Average Recall     (AR) @[ IoU=0.50:0.95 | area=   all | maxDets=100 ] = 0.558
 Average Recall     (AR) @[ IoU=0.50:0.95 | area= small | maxDets=100 ] = 0.298
 Average Recall     (AR) @[ IoU=0.50:0.95 | area=medium | maxDets=100 ] = 0.529
 Average Recall     (AR) @[ IoU=0.50:0.95 | area= large | maxDets=100 ] = 0.637
 Average Recall     (AR) @[ IoU=0.50      | area=   all | maxDets=100 ] = 0.952
 Average Recall     (AR) @[ IoU=0.75      | area=   all | maxDets=100 ] = 0.565
best_stat: {'epoch': 123, 'coco_eval_bbox': 0.2756708282295533}
Epoch: [134]  [  0/197]  eta: 0:09:10  lr: 0.000400  loss: 21.3039 (21.3039)  loss_mal: 0.9194 (0.9194)  loss_bbox: 0.2132 (0.2132)  loss_giou: 0.5546 (0.5546)  loss_fgl: 1.1412 (1.1412)  loss_mal_aux_0: 0.9429 (0.9429)  loss_bbox_aux_0: 0.2295 (0.2295)  loss_giou_aux_0: 0.5914 (0.5914)  loss_fgl_aux_0: 1.1390 (1.1390)  loss_ddf_aux_0: 0.0162 (0.0162)  loss_mal_aux_1: 0.9526 (0.9526)  loss_bbox_aux_1: 0.2154 (0.2154)  loss_giou_aux_1: 0.5594 (0.5594)  loss_fgl_aux_1: 1.1401 (1.1401)  loss_ddf_aux_1: 0.0010 (0.0010)  loss_mal_pre: 0.9756 (0.9756)  loss_bbox_pre: 0.2317 (0.2317)  loss_giou_pre: 0.5887 (0.5887)  loss_mal_enc_0: 0.9526 (0.9526)  loss_bbox_enc_0: 0.2533 (0.2533)  loss_giou_enc_0: 0.6391 (0.6391)  loss_mal_dn_0: 0.6924 (0.6924)  loss_bbox_dn_0: 0.2565 (0.2565)  loss_giou_dn_0: 0.5400 (0.5400)  loss_fgl_dn_0: 1.1771 (1.1771)  loss_ddf_dn_0: 0.0950 (0.0950)  loss_mal_dn_1: 0.6172 (0.6172)  loss_bbox_dn_1: 0.2099 (0.2099)  loss_giou_dn_1: 0.4462 (0.4462)  loss_fgl_dn_1: 1.1295 (1.1295)  loss_ddf_dn_1: 0.0047 (0.0047)  loss_mal_dn_2: 0.6069 (0.6069)  loss_bbox_dn_2: 0.2067 (0.2067)  loss_giou_dn_2: 0.4403 (0.4403)  loss_fgl_dn_2: 1.1302 (1.1302)  loss_mal_dn_pre: 0.6924 (0.6924)  loss_bbox_dn_pre: 0.2622 (0.2622)  loss_giou_dn_pre: 0.5398 (0.5398)  time: 2.7932  data: 2.2567  max mem: 8321
Epoch: [134]  [196/197]  eta: 0:00:00  lr: 0.000400  loss: 21.6770 (21.6286)  loss_mal: 0.9258 (0.9264)  loss_bbox: 0.2395 (0.2402)  loss_giou: 0.5591 (0.5630)  loss_fgl: 1.1156 (1.1133)  loss_mal_aux_0: 0.9766 (0.9786)  loss_bbox_aux_0: 0.2530 (0.2475)  loss_giou_aux_0: 0.5672 (0.5797)  loss_fgl_aux_0: 1.1299 (1.1292)  loss_ddf_aux_0: 0.0159 (0.0182)  loss_mal_aux_1: 0.9370 (0.9381)  loss_bbox_aux_1: 0.2441 (0.2411)  loss_giou_aux_1: 0.5577 (0.5649)  loss_fgl_aux_1: 1.1139 (1.1138)  loss_ddf_aux_1: 0.0012 (0.0013)  loss_mal_pre: 0.9756 (0.9795)  loss_bbox_pre: 0.2504 (0.2476)  loss_giou_pre: 0.5695 (0.5788)  loss_mal_enc_0: 1.0244 (1.0125)  loss_bbox_enc_0: 0.2854 (0.2803)  loss_giou_enc_0: 0.6268 (0.6341)  loss_mal_dn_0: 0.7188 (0.7172)  loss_bbox_dn_0: 0.2670 (0.2744)  loss_giou_dn_0: 0.5541 (0.5657)  loss_fgl_dn_0: 1.1686 (1.1648)  loss_ddf_dn_0: 0.0940 (0.1010)  loss_mal_dn_1: 0.6431 (0.6408)  loss_bbox_dn_1: 0.2137 (0.2161)  loss_giou_dn_1: 0.4502 (0.4636)  loss_fgl_dn_1: 1.1282 (1.1164)  loss_ddf_dn_1: 0.0054 (0.0059)  loss_mal_dn_2: 0.6299 (0.6305)  loss_bbox_dn_2: 0.2086 (0.2116)  loss_giou_dn_2: 0.4472 (0.4562)  loss_fgl_dn_2: 1.1252 (1.1143)  loss_mal_dn_pre: 0.7192 (0.7171)  loss_bbox_dn_pre: 0.2686 (0.2786)  loss_giou_dn_pre: 0.5545 (0.5661)  time: 0.4381  data: 0.0435  max mem: 8321
Epoch: [134] Total time: 0:01:31 (0.4662 s / it)
Averaged stats: lr: 0.000400  loss: 21.6770 (21.6286)  loss_mal: 0.9258 (0.9264)  loss_bbox: 0.2395 (0.2402)  loss_giou: 0.5591 (0.5630)  loss_fgl: 1.1156 (1.1133)  loss_mal_aux_0: 0.9766 (0.9786)  loss_bbox_aux_0: 0.2530 (0.2475)  loss_giou_aux_0: 0.5672 (0.5797)  loss_fgl_aux_0: 1.1299 (1.1292)  loss_ddf_aux_0: 0.0159 (0.0182)  loss_mal_aux_1: 0.9370 (0.9381)  loss_bbox_aux_1: 0.2441 (0.2411)  loss_giou_aux_1: 0.5577 (0.5649)  loss_fgl_aux_1: 1.1139 (1.1138)  loss_ddf_aux_1: 0.0012 (0.0013)  loss_mal_pre: 0.9756 (0.9795)  loss_bbox_pre: 0.2504 (0.2476)  loss_giou_pre: 0.5695 (0.5788)  loss_mal_enc_0: 1.0244 (1.0125)  loss_bbox_enc_0: 0.2854 (0.2803)  loss_giou_enc_0: 0.6268 (0.6341)  loss_mal_dn_0: 0.7188 (0.7172)  loss_bbox_dn_0: 0.2670 (0.2744)  loss_giou_dn_0: 0.5541 (0.5657)  loss_fgl_dn_0: 1.1686 (1.1648)  loss_ddf_dn_0: 0.0940 (0.1010)  loss_mal_dn_1: 0.6431 (0.6408)  loss_bbox_dn_1: 0.2137 (0.2161)  loss_giou_dn_1: 0.4502 (0.4636)  loss_fgl_dn_1: 1.1282 (1.1164)  loss_ddf_dn_1: 0.0054 (0.0059)  loss_mal_dn_2: 0.6299 (0.6305)  loss_bbox_dn_2: 0.2086 (0.2116)  loss_giou_dn_2: 0.4472 (0.4562)  loss_fgl_dn_2: 1.1252 (1.1143)  loss_mal_dn_pre: 0.7192 (0.7171)  loss_bbox_dn_pre: 0.2686 (0.2786)  loss_giou_dn_pre: 0.5545 (0.5661)
Test:  [ 0/13]  eta: 0:00:36    time: 2.7807  data: 2.5653  max mem: 8321
Test:  [10/13]  eta: 0:00:01    time: 0.5746  data: 0.3189  max mem: 8321
Test:  [12/13]  eta: 0:00:00    time: 0.5298  data: 0.2836  max mem: 8321
Test: Total time: 0:00:06 (0.5378 s / it)
Averaged stats: 
Accumulating evaluation results...
COCOeval_opt.accumulate() finished...
DONE (t=0.31s).
IoU metric: bbox
 Average Precision  (AP) @[ IoU=0.50:0.95 | area=   all | maxDets=100 ] = 0.273
 Average Precision  (AP) @[ IoU=0.50      | area=   all | maxDets=100 ] = 0.584
 Average Precision  (AP) @[ IoU=0.75      | area=   all | maxDets=100 ] = 0.216
 Average Precision  (AP) @[ IoU=0.50:0.95 | area= small | maxDets=100 ] = 0.124
 Average Precision  (AP) @[ IoU=0.50:0.95 | area=medium | maxDets=100 ] = 0.232
 Average Precision  (AP) @[ IoU=0.50:0.95 | area= large | maxDets=100 ] = 0.323
 Average Recall     (AR) @[ IoU=0.50:0.95 | area=   all | maxDets=  1 ] = 0.255
 Average Recall     (AR) @[ IoU=0.50:0.95 | area=   all | maxDets= 10 ] = 0.478
 Average Recall     (AR) @[ IoU=0.50:0.95 | area=   all | maxDets=100 ] = 0.560
 Average Recall     (AR) @[ IoU=0.50:0.95 | area= small | maxDets=100 ] = 0.301
 Average Recall     (AR) @[ IoU=0.50:0.95 | area=medium | maxDets=100 ] = 0.529
 Average Recall     (AR) @[ IoU=0.50:0.95 | area= large | maxDets=100 ] = 0.640
 Average Recall     (AR) @[ IoU=0.50      | area=   all | maxDets=100 ] = 0.953
 Average Recall     (AR) @[ IoU=0.75      | area=   all | maxDets=100 ] = 0.565
best_stat: {'epoch': 123, 'coco_eval_bbox': 0.2756708282295533}
Epoch: [135]  [  0/197]  eta: 0:10:07  lr: 0.000400  loss: 21.6187 (21.6187)  loss_mal: 0.9536 (0.9536)  loss_bbox: 0.2573 (0.2573)  loss_giou: 0.5487 (0.5487)  loss_fgl: 1.1135 (1.1135)  loss_mal_aux_0: 0.9282 (0.9282)  loss_bbox_aux_0: 0.2712 (0.2712)  loss_giou_aux_0: 0.5723 (0.5723)  loss_fgl_aux_0: 1.1413 (1.1413)  loss_ddf_aux_0: 0.0199 (0.0199)  loss_mal_aux_1: 0.9839 (0.9839)  loss_bbox_aux_1: 0.2573 (0.2573)  loss_giou_aux_1: 0.5519 (0.5519)  loss_fgl_aux_1: 1.1159 (1.1159)  loss_ddf_aux_1: 0.0015 (0.0015)  loss_mal_pre: 0.9297 (0.9297)  loss_bbox_pre: 0.2678 (0.2678)  loss_giou_pre: 0.5657 (0.5657)  loss_mal_enc_0: 0.9824 (0.9824)  loss_bbox_enc_0: 0.3048 (0.3048)  loss_giou_enc_0: 0.6125 (0.6125)  loss_mal_dn_0: 0.7139 (0.7139)  loss_bbox_dn_0: 0.3044 (0.3044)  loss_giou_dn_0: 0.5497 (0.5497)  loss_fgl_dn_0: 1.1731 (1.1731)  loss_ddf_dn_0: 0.1051 (0.1051)  loss_mal_dn_1: 0.6426 (0.6426)  loss_bbox_dn_1: 0.2395 (0.2395)  loss_giou_dn_1: 0.4309 (0.4309)  loss_fgl_dn_1: 1.1116 (1.1116)  loss_ddf_dn_1: 0.0063 (0.0063)  loss_mal_dn_2: 0.6255 (0.6255)  loss_bbox_dn_2: 0.2305 (0.2305)  loss_giou_dn_2: 0.4226 (0.4226)  loss_fgl_dn_2: 1.1069 (1.1069)  loss_mal_dn_pre: 0.7129 (0.7129)  loss_bbox_dn_pre: 0.3123 (0.3123)  loss_giou_dn_pre: 0.5516 (0.5516)  time: 3.0834  data: 2.5210  max mem: 8321
Epoch: [135]  [196/197]  eta: 0:00:00  lr: 0.000400  loss: 21.9144 (21.7549)  loss_mal: 0.9395 (0.9400)  loss_bbox: 0.2314 (0.2422)  loss_giou: 0.5772 (0.5669)  loss_fgl: 1.1109 (1.1172)  loss_mal_aux_0: 0.9917 (0.9854)  loss_bbox_aux_0: 0.2288 (0.2490)  loss_giou_aux_0: 0.5952 (0.5845)  loss_fgl_aux_0: 1.1258 (1.1317)  loss_ddf_aux_0: 0.0167 (0.0179)  loss_mal_aux_1: 0.9600 (0.9516)  loss_bbox_aux_1: 0.2288 (0.2430)  loss_giou_aux_1: 0.5829 (0.5687)  loss_fgl_aux_1: 1.1111 (1.1174)  loss_ddf_aux_1: 0.0013 (0.0013)  loss_mal_pre: 0.9907 (0.9865)  loss_bbox_pre: 0.2284 (0.2490)  loss_giou_pre: 0.5954 (0.5833)  loss_mal_enc_0: 1.0371 (1.0191)  loss_bbox_enc_0: 0.2649 (0.2830)  loss_giou_enc_0: 0.6628 (0.6420)  loss_mal_dn_0: 0.7266 (0.7197)  loss_bbox_dn_0: 0.2588 (0.2765)  loss_giou_dn_0: 0.5741 (0.5685)  loss_fgl_dn_0: 1.1639 (1.1649)  loss_ddf_dn_0: 0.0914 (0.0999)  loss_mal_dn_1: 0.6494 (0.6441)  loss_bbox_dn_1: 0.2045 (0.2190)  loss_giou_dn_1: 0.4797 (0.4658)  loss_fgl_dn_1: 1.1183 (1.1185)  loss_ddf_dn_1: 0.0052 (0.0058)  loss_mal_dn_2: 0.6392 (0.6339)  loss_bbox_dn_2: 0.1970 (0.2148)  loss_giou_dn_2: 0.4693 (0.4587)  loss_fgl_dn_2: 1.1168 (1.1163)  loss_mal_dn_pre: 0.7266 (0.7195)  loss_bbox_dn_pre: 0.2616 (0.2804)  loss_giou_dn_pre: 0.5733 (0.5688)  time: 0.4100  data: 0.0433  max mem: 8321
Epoch: [135] Total time: 0:01:30 (0.4601 s / it)
Averaged stats: lr: 0.000400  loss: 21.9144 (21.7549)  loss_mal: 0.9395 (0.9400)  loss_bbox: 0.2314 (0.2422)  loss_giou: 0.5772 (0.5669)  loss_fgl: 1.1109 (1.1172)  loss_mal_aux_0: 0.9917 (0.9854)  loss_bbox_aux_0: 0.2288 (0.2490)  loss_giou_aux_0: 0.5952 (0.5845)  loss_fgl_aux_0: 1.1258 (1.1317)  loss_ddf_aux_0: 0.0167 (0.0179)  loss_mal_aux_1: 0.9600 (0.9516)  loss_bbox_aux_1: 0.2288 (0.2430)  loss_giou_aux_1: 0.5829 (0.5687)  loss_fgl_aux_1: 1.1111 (1.1174)  loss_ddf_aux_1: 0.0013 (0.0013)  loss_mal_pre: 0.9907 (0.9865)  loss_bbox_pre: 0.2284 (0.2490)  loss_giou_pre: 0.5954 (0.5833)  loss_mal_enc_0: 1.0371 (1.0191)  loss_bbox_enc_0: 0.2649 (0.2830)  loss_giou_enc_0: 0.6628 (0.6420)  loss_mal_dn_0: 0.7266 (0.7197)  loss_bbox_dn_0: 0.2588 (0.2765)  loss_giou_dn_0: 0.5741 (0.5685)  loss_fgl_dn_0: 1.1639 (1.1649)  loss_ddf_dn_0: 0.0914 (0.0999)  loss_mal_dn_1: 0.6494 (0.6441)  loss_bbox_dn_1: 0.2045 (0.2190)  loss_giou_dn_1: 0.4797 (0.4658)  loss_fgl_dn_1: 1.1183 (1.1185)  loss_ddf_dn_1: 0.0052 (0.0058)  loss_mal_dn_2: 0.6392 (0.6339)  loss_bbox_dn_2: 0.1970 (0.2148)  loss_giou_dn_2: 0.4693 (0.4587)  loss_fgl_dn_2: 1.1168 (1.1163)  loss_mal_dn_pre: 0.7266 (0.7195)  loss_bbox_dn_pre: 0.2616 (0.2804)  loss_giou_dn_pre: 0.5733 (0.5688)
Test:  [ 0/13]  eta: 0:00:33    time: 2.5973  data: 2.1898  max mem: 8321
Test:  [10/13]  eta: 0:00:01    time: 0.5597  data: 0.2845  max mem: 8321
Test:  [12/13]  eta: 0:00:00    time: 0.5143  data: 0.2527  max mem: 8321
Test: Total time: 0:00:06 (0.5217 s / it)
Averaged stats: 
Accumulating evaluation results...
COCOeval_opt.accumulate() finished...
DONE (t=0.31s).
IoU metric: bbox
 Average Precision  (AP) @[ IoU=0.50:0.95 | area=   all | maxDets=100 ] = 0.272
 Average Precision  (AP) @[ IoU=0.50      | area=   all | maxDets=100 ] = 0.584
 Average Precision  (AP) @[ IoU=0.75      | area=   all | maxDets=100 ] = 0.216
 Average Precision  (AP) @[ IoU=0.50:0.95 | area= small | maxDets=100 ] = 0.123
 Average Precision  (AP) @[ IoU=0.50:0.95 | area=medium | maxDets=100 ] = 0.231
 Average Precision  (AP) @[ IoU=0.50:0.95 | area= large | maxDets=100 ] = 0.322
 Average Recall     (AR) @[ IoU=0.50:0.95 | area=   all | maxDets=  1 ] = 0.254
 Average Recall     (AR) @[ IoU=0.50:0.95 | area=   all | maxDets= 10 ] = 0.479
 Average Recall     (AR) @[ IoU=0.50:0.95 | area=   all | maxDets=100 ] = 0.560
 Average Recall     (AR) @[ IoU=0.50:0.95 | area= small | maxDets=100 ] = 0.300
 Average Recall     (AR) @[ IoU=0.50:0.95 | area=medium | maxDets=100 ] = 0.528
 Average Recall     (AR) @[ IoU=0.50:0.95 | area= large | maxDets=100 ] = 0.640
 Average Recall     (AR) @[ IoU=0.50      | area=   all | maxDets=100 ] = 0.952
 Average Recall     (AR) @[ IoU=0.75      | area=   all | maxDets=100 ] = 0.565
best_stat: {'epoch': 123, 'coco_eval_bbox': 0.2756708282295533}
Epoch: [136]  [  0/197]  eta: 0:09:04  lr: 0.000400  loss: 21.6704 (21.6704)  loss_mal: 0.9077 (0.9077)  loss_bbox: 0.2770 (0.2770)  loss_giou: 0.5236 (0.5236)  loss_fgl: 1.1473 (1.1473)  loss_mal_aux_0: 0.9736 (0.9736)  loss_bbox_aux_0: 0.2891 (0.2891)  loss_giou_aux_0: 0.5522 (0.5522)  loss_fgl_aux_0: 1.1622 (1.1622)  loss_ddf_aux_0: 0.0134 (0.0134)  loss_mal_aux_1: 0.9023 (0.9023)  loss_bbox_aux_1: 0.2826 (0.2826)  loss_giou_aux_1: 0.5261 (0.5261)  loss_fgl_aux_1: 1.1471 (1.1471)  loss_ddf_aux_1: 0.0012 (0.0012)  loss_mal_pre: 0.9688 (0.9688)  loss_bbox_pre: 0.2878 (0.2878)  loss_giou_pre: 0.5531 (0.5531)  loss_mal_enc_0: 1.0059 (1.0059)  loss_bbox_enc_0: 0.2924 (0.2924)  loss_giou_enc_0: 0.6356 (0.6356)  loss_mal_dn_0: 0.7227 (0.7227)  loss_bbox_dn_0: 0.2814 (0.2814)  loss_giou_dn_0: 0.5381 (0.5381)  loss_fgl_dn_0: 1.1952 (1.1952)  loss_ddf_dn_0: 0.0941 (0.0941)  loss_mal_dn_1: 0.6201 (0.6201)  loss_bbox_dn_1: 0.2334 (0.2334)  loss_giou_dn_1: 0.4364 (0.4364)  loss_fgl_dn_1: 1.1416 (1.1416)  loss_ddf_dn_1: 0.0049 (0.0049)  loss_mal_dn_2: 0.6108 (0.6108)  loss_bbox_dn_2: 0.2312 (0.2312)  loss_giou_dn_2: 0.4267 (0.4267)  loss_fgl_dn_2: 1.1414 (1.1414)  loss_mal_dn_pre: 0.7207 (0.7207)  loss_bbox_dn_pre: 0.2838 (0.2838)  loss_giou_dn_pre: 0.5388 (0.5388)  time: 2.7628  data: 2.2753  max mem: 8321
Epoch: [136]  [196/197]  eta: 0:00:00  lr: 0.000400  loss: 21.3345 (21.6341)  loss_mal: 0.9058 (0.9392)  loss_bbox: 0.2338 (0.2449)  loss_giou: 0.5542 (0.5472)  loss_fgl: 1.1445 (1.1336)  loss_mal_aux_0: 0.9463 (0.9803)  loss_bbox_aux_0: 0.2401 (0.2530)  loss_giou_aux_0: 0.5624 (0.5657)  loss_fgl_aux_0: 1.1538 (1.1490)  loss_ddf_aux_0: 0.0148 (0.0181)  loss_mal_aux_1: 0.9092 (0.9465)  loss_bbox_aux_1: 0.2302 (0.2458)  loss_giou_aux_1: 0.5565 (0.5486)  loss_fgl_aux_1: 1.1429 (1.1342)  loss_ddf_aux_1: 0.0010 (0.0013)  loss_mal_pre: 0.9561 (0.9791)  loss_bbox_pre: 0.2428 (0.2529)  loss_giou_pre: 0.5644 (0.5647)  loss_mal_enc_0: 1.0254 (1.0294)  loss_bbox_enc_0: 0.2678 (0.2856)  loss_giou_enc_0: 0.6172 (0.6209)  loss_mal_dn_0: 0.7148 (0.7163)  loss_bbox_dn_0: 0.2626 (0.2698)  loss_giou_dn_0: 0.5418 (0.5565)  loss_fgl_dn_0: 1.1727 (1.1677)  loss_ddf_dn_0: 0.0938 (0.0998)  loss_mal_dn_1: 0.6362 (0.6390)  loss_bbox_dn_1: 0.2110 (0.2136)  loss_giou_dn_1: 0.4532 (0.4559)  loss_fgl_dn_1: 1.1164 (1.1195)  loss_ddf_dn_1: 0.0061 (0.0060)  loss_mal_dn_2: 0.6279 (0.6288)  loss_bbox_dn_2: 0.2082 (0.2091)  loss_giou_dn_2: 0.4466 (0.4488)  loss_fgl_dn_2: 1.1154 (1.1172)  loss_mal_dn_pre: 0.7148 (0.7161)  loss_bbox_dn_pre: 0.2668 (0.2734)  loss_giou_dn_pre: 0.5405 (0.5567)  time: 0.4023  data: 0.0436  max mem: 8321
Epoch: [136] Total time: 0:01:30 (0.4583 s / it)
Averaged stats: lr: 0.000400  loss: 21.3345 (21.6341)  loss_mal: 0.9058 (0.9392)  loss_bbox: 0.2338 (0.2449)  loss_giou: 0.5542 (0.5472)  loss_fgl: 1.1445 (1.1336)  loss_mal_aux_0: 0.9463 (0.9803)  loss_bbox_aux_0: 0.2401 (0.2530)  loss_giou_aux_0: 0.5624 (0.5657)  loss_fgl_aux_0: 1.1538 (1.1490)  loss_ddf_aux_0: 0.0148 (0.0181)  loss_mal_aux_1: 0.9092 (0.9465)  loss_bbox_aux_1: 0.2302 (0.2458)  loss_giou_aux_1: 0.5565 (0.5486)  loss_fgl_aux_1: 1.1429 (1.1342)  loss_ddf_aux_1: 0.0010 (0.0013)  loss_mal_pre: 0.9561 (0.9791)  loss_bbox_pre: 0.2428 (0.2529)  loss_giou_pre: 0.5644 (0.5647)  loss_mal_enc_0: 1.0254 (1.0294)  loss_bbox_enc_0: 0.2678 (0.2856)  loss_giou_enc_0: 0.6172 (0.6209)  loss_mal_dn_0: 0.7148 (0.7163)  loss_bbox_dn_0: 0.2626 (0.2698)  loss_giou_dn_0: 0.5418 (0.5565)  loss_fgl_dn_0: 1.1727 (1.1677)  loss_ddf_dn_0: 0.0938 (0.0998)  loss_mal_dn_1: 0.6362 (0.6390)  loss_bbox_dn_1: 0.2110 (0.2136)  loss_giou_dn_1: 0.4532 (0.4559)  loss_fgl_dn_1: 1.1164 (1.1195)  loss_ddf_dn_1: 0.0061 (0.0060)  loss_mal_dn_2: 0.6279 (0.6288)  loss_bbox_dn_2: 0.2082 (0.2091)  loss_giou_dn_2: 0.4466 (0.4488)  loss_fgl_dn_2: 1.1154 (1.1172)  loss_mal_dn_pre: 0.7148 (0.7161)  loss_bbox_dn_pre: 0.2668 (0.2734)  loss_giou_dn_pre: 0.5405 (0.5567)
Test:  [ 0/13]  eta: 0:00:40    time: 3.1319  data: 2.8943  max mem: 8321
Test:  [10/13]  eta: 0:00:01    time: 0.6120  data: 0.3445  max mem: 8321
Test:  [12/13]  eta: 0:00:00    time: 0.5537  data: 0.2979  max mem: 8321
Test: Total time: 0:00:07 (0.5602 s / it)
Averaged stats: 
Accumulating evaluation results...
COCOeval_opt.accumulate() finished...
DONE (t=0.33s).
IoU metric: bbox
 Average Precision  (AP) @[ IoU=0.50:0.95 | area=   all | maxDets=100 ] = 0.272
 Average Precision  (AP) @[ IoU=0.50      | area=   all | maxDets=100 ] = 0.583
 Average Precision  (AP) @[ IoU=0.75      | area=   all | maxDets=100 ] = 0.216
 Average Precision  (AP) @[ IoU=0.50:0.95 | area= small | maxDets=100 ] = 0.124
 Average Precision  (AP) @[ IoU=0.50:0.95 | area=medium | maxDets=100 ] = 0.231
 Average Precision  (AP) @[ IoU=0.50:0.95 | area= large | maxDets=100 ] = 0.323
 Average Recall     (AR) @[ IoU=0.50:0.95 | area=   all | maxDets=  1 ] = 0.255
 Average Recall     (AR) @[ IoU=0.50:0.95 | area=   all | maxDets= 10 ] = 0.479
 Average Recall     (AR) @[ IoU=0.50:0.95 | area=   all | maxDets=100 ] = 0.561
 Average Recall     (AR) @[ IoU=0.50:0.95 | area= small | maxDets=100 ] = 0.304
 Average Recall     (AR) @[ IoU=0.50:0.95 | area=medium | maxDets=100 ] = 0.530
 Average Recall     (AR) @[ IoU=0.50:0.95 | area= large | maxDets=100 ] = 0.638
 Average Recall     (AR) @[ IoU=0.50      | area=   all | maxDets=100 ] = 0.952
 Average Recall     (AR) @[ IoU=0.75      | area=   all | maxDets=100 ] = 0.567
best_stat: {'epoch': 123, 'coco_eval_bbox': 0.2756708282295533}
Epoch: [137]  [  0/197]  eta: 0:10:49  lr: 0.000400  loss: 21.2803 (21.2803)  loss_mal: 0.8638 (0.8638)  loss_bbox: 0.2411 (0.2411)  loss_giou: 0.5149 (0.5149)  loss_fgl: 1.1709 (1.1709)  loss_mal_aux_0: 0.9116 (0.9116)  loss_bbox_aux_0: 0.2522 (0.2522)  loss_giou_aux_0: 0.5295 (0.5295)  loss_fgl_aux_0: 1.1799 (1.1799)  loss_ddf_aux_0: 0.0169 (0.0169)  loss_mal_aux_1: 0.8896 (0.8896)  loss_bbox_aux_1: 0.2419 (0.2419)  loss_giou_aux_1: 0.5173 (0.5173)  loss_fgl_aux_1: 1.1713 (1.1713)  loss_ddf_aux_1: 0.0012 (0.0012)  loss_mal_pre: 0.9067 (0.9067)  loss_bbox_pre: 0.2481 (0.2481)  loss_giou_pre: 0.5300 (0.5300)  loss_mal_enc_0: 0.9570 (0.9570)  loss_bbox_enc_0: 0.2926 (0.2926)  loss_giou_enc_0: 0.6230 (0.6230)  loss_mal_dn_0: 0.7354 (0.7354)  loss_bbox_dn_0: 0.2465 (0.2465)  loss_giou_dn_0: 0.5355 (0.5355)  loss_fgl_dn_0: 1.1963 (1.1963)  loss_ddf_dn_0: 0.0881 (0.0881)  loss_mal_dn_1: 0.6519 (0.6519)  loss_bbox_dn_1: 0.2085 (0.2085)  loss_giou_dn_1: 0.4445 (0.4445)  loss_fgl_dn_1: 1.1510 (1.1510)  loss_ddf_dn_1: 0.0057 (0.0057)  loss_mal_dn_2: 0.6450 (0.6450)  loss_bbox_dn_2: 0.2059 (0.2059)  loss_giou_dn_2: 0.4389 (0.4389)  loss_fgl_dn_2: 1.1509 (1.1509)  loss_mal_dn_pre: 0.7339 (0.7339)  loss_bbox_dn_pre: 0.2491 (0.2491)  loss_giou_dn_pre: 0.5339 (0.5339)  time: 3.2964  data: 2.8098  max mem: 8321
Epoch: [137]  [196/197]  eta: 0:00:00  lr: 0.000400  loss: 21.4692 (21.6504)  loss_mal: 0.9189 (0.9349)  loss_bbox: 0.2289 (0.2487)  loss_giou: 0.5280 (0.5488)  loss_fgl: 1.1434 (1.1318)  loss_mal_aux_0: 0.9775 (0.9822)  loss_bbox_aux_0: 0.2278 (0.2555)  loss_giou_aux_0: 0.5362 (0.5663)  loss_fgl_aux_0: 1.1540 (1.1453)  loss_ddf_aux_0: 0.0164 (0.0171)  loss_mal_aux_1: 0.9390 (0.9433)  loss_bbox_aux_1: 0.2287 (0.2496)  loss_giou_aux_1: 0.5281 (0.5508)  loss_fgl_aux_1: 1.1422 (1.1321)  loss_ddf_aux_1: 0.0012 (0.0013)  loss_mal_pre: 0.9751 (0.9836)  loss_bbox_pre: 0.2292 (0.2555)  loss_giou_pre: 0.5402 (0.5652)  loss_mal_enc_0: 0.9907 (1.0231)  loss_bbox_enc_0: 0.2627 (0.2870)  loss_giou_enc_0: 0.5964 (0.6230)  loss_mal_dn_0: 0.7124 (0.7143)  loss_bbox_dn_0: 0.2589 (0.2728)  loss_giou_dn_0: 0.5412 (0.5603)  loss_fgl_dn_0: 1.1681 (1.1634)  loss_ddf_dn_0: 0.1043 (0.0986)  loss_mal_dn_1: 0.6338 (0.6373)  loss_bbox_dn_1: 0.2012 (0.2176)  loss_giou_dn_1: 0.4411 (0.4604)  loss_fgl_dn_1: 1.1127 (1.1153)  loss_ddf_dn_1: 0.0057 (0.0059)  loss_mal_dn_2: 0.6265 (0.6274)  loss_bbox_dn_2: 0.1983 (0.2136)  loss_giou_dn_2: 0.4383 (0.4533)  loss_fgl_dn_2: 1.1109 (1.1133)  loss_mal_dn_pre: 0.7119 (0.7141)  loss_bbox_dn_pre: 0.2592 (0.2769)  loss_giou_dn_pre: 0.5416 (0.5607)  time: 0.3854  data: 0.0427  max mem: 8321
Epoch: [137] Total time: 0:01:27 (0.4437 s / it)
Averaged stats: lr: 0.000400  loss: 21.4692 (21.6504)  loss_mal: 0.9189 (0.9349)  loss_bbox: 0.2289 (0.2487)  loss_giou: 0.5280 (0.5488)  loss_fgl: 1.1434 (1.1318)  loss_mal_aux_0: 0.9775 (0.9822)  loss_bbox_aux_0: 0.2278 (0.2555)  loss_giou_aux_0: 0.5362 (0.5663)  loss_fgl_aux_0: 1.1540 (1.1453)  loss_ddf_aux_0: 0.0164 (0.0171)  loss_mal_aux_1: 0.9390 (0.9433)  loss_bbox_aux_1: 0.2287 (0.2496)  loss_giou_aux_1: 0.5281 (0.5508)  loss_fgl_aux_1: 1.1422 (1.1321)  loss_ddf_aux_1: 0.0012 (0.0013)  loss_mal_pre: 0.9751 (0.9836)  loss_bbox_pre: 0.2292 (0.2555)  loss_giou_pre: 0.5402 (0.5652)  loss_mal_enc_0: 0.9907 (1.0231)  loss_bbox_enc_0: 0.2627 (0.2870)  loss_giou_enc_0: 0.5964 (0.6230)  loss_mal_dn_0: 0.7124 (0.7143)  loss_bbox_dn_0: 0.2589 (0.2728)  loss_giou_dn_0: 0.5412 (0.5603)  loss_fgl_dn_0: 1.1681 (1.1634)  loss_ddf_dn_0: 0.1043 (0.0986)  loss_mal_dn_1: 0.6338 (0.6373)  loss_bbox_dn_1: 0.2012 (0.2176)  loss_giou_dn_1: 0.4411 (0.4604)  loss_fgl_dn_1: 1.1127 (1.1153)  loss_ddf_dn_1: 0.0057 (0.0059)  loss_mal_dn_2: 0.6265 (0.6274)  loss_bbox_dn_2: 0.1983 (0.2136)  loss_giou_dn_2: 0.4383 (0.4533)  loss_fgl_dn_2: 1.1109 (1.1133)  loss_mal_dn_pre: 0.7119 (0.7141)  loss_bbox_dn_pre: 0.2592 (0.2769)  loss_giou_dn_pre: 0.5416 (0.5607)
Test:  [ 0/13]  eta: 0:00:34    time: 2.6720  data: 2.2953  max mem: 8321
Test:  [10/13]  eta: 0:00:01    time: 0.6067  data: 0.3257  max mem: 8321
Test:  [12/13]  eta: 0:00:00    time: 0.5411  data: 0.2817  max mem: 8321
Test: Total time: 0:00:07 (0.5481 s / it)
Averaged stats: 
Accumulating evaluation results...
COCOeval_opt.accumulate() finished...
DONE (t=0.30s).
IoU metric: bbox
 Average Precision  (AP) @[ IoU=0.50:0.95 | area=   all | maxDets=100 ] = 0.273
 Average Precision  (AP) @[ IoU=0.50      | area=   all | maxDets=100 ] = 0.584
 Average Precision  (AP) @[ IoU=0.75      | area=   all | maxDets=100 ] = 0.217
 Average Precision  (AP) @[ IoU=0.50:0.95 | area= small | maxDets=100 ] = 0.123
 Average Precision  (AP) @[ IoU=0.50:0.95 | area=medium | maxDets=100 ] = 0.232
 Average Precision  (AP) @[ IoU=0.50:0.95 | area= large | maxDets=100 ] = 0.322
 Average Recall     (AR) @[ IoU=0.50:0.95 | area=   all | maxDets=  1 ] = 0.254
 Average Recall     (AR) @[ IoU=0.50:0.95 | area=   all | maxDets= 10 ] = 0.479
 Average Recall     (AR) @[ IoU=0.50:0.95 | area=   all | maxDets=100 ] = 0.560
 Average Recall     (AR) @[ IoU=0.50:0.95 | area= small | maxDets=100 ] = 0.306
 Average Recall     (AR) @[ IoU=0.50:0.95 | area=medium | maxDets=100 ] = 0.530
 Average Recall     (AR) @[ IoU=0.50:0.95 | area= large | maxDets=100 ] = 0.636
 Average Recall     (AR) @[ IoU=0.50      | area=   all | maxDets=100 ] = 0.953
 Average Recall     (AR) @[ IoU=0.75      | area=   all | maxDets=100 ] = 0.567
best_stat: {'epoch': 123, 'coco_eval_bbox': 0.2756708282295533}
Epoch: [138]  [  0/197]  eta: 0:09:58  lr: 0.000400  loss: 20.0680 (20.0680)  loss_mal: 0.7539 (0.7539)  loss_bbox: 0.2252 (0.2252)  loss_giou: 0.4795 (0.4795)  loss_fgl: 1.1208 (1.1208)  loss_mal_aux_0: 0.8145 (0.8145)  loss_bbox_aux_0: 0.2342 (0.2342)  loss_giou_aux_0: 0.5100 (0.5100)  loss_fgl_aux_0: 1.1505 (1.1505)  loss_ddf_aux_0: 0.0261 (0.0261)  loss_mal_aux_1: 0.8052 (0.8052)  loss_bbox_aux_1: 0.2235 (0.2235)  loss_giou_aux_1: 0.4823 (0.4823)  loss_fgl_aux_1: 1.1234 (1.1234)  loss_ddf_aux_1: 0.0016 (0.0016)  loss_mal_pre: 0.8149 (0.8149)  loss_bbox_pre: 0.2380 (0.2380)  loss_giou_pre: 0.5119 (0.5119)  loss_mal_enc_0: 0.9238 (0.9238)  loss_bbox_enc_0: 0.2619 (0.2619)  loss_giou_enc_0: 0.5620 (0.5620)  loss_mal_dn_0: 0.6880 (0.6880)  loss_bbox_dn_0: 0.2512 (0.2512)  loss_giou_dn_0: 0.4915 (0.4915)  loss_fgl_dn_0: 1.1871 (1.1871)  loss_ddf_dn_0: 0.1134 (0.1134)  loss_mal_dn_1: 0.5991 (0.5991)  loss_bbox_dn_1: 0.2105 (0.2105)  loss_giou_dn_1: 0.3950 (0.3950)  loss_fgl_dn_1: 1.1194 (1.1194)  loss_ddf_dn_1: 0.0060 (0.0060)  loss_mal_dn_2: 0.5938 (0.5938)  loss_bbox_dn_2: 0.2051 (0.2051)  loss_giou_dn_2: 0.3881 (0.3881)  loss_fgl_dn_2: 1.1147 (1.1147)  loss_mal_dn_pre: 0.6875 (0.6875)  loss_bbox_dn_pre: 0.2618 (0.2618)  loss_giou_dn_pre: 0.4928 (0.4928)  time: 3.0396  data: 2.6246  max mem: 8321
Epoch: [138]  [196/197]  eta: 0:00:00  lr: 0.000400  loss: 21.6689 (21.6854)  loss_mal: 0.9312 (0.9406)  loss_bbox: 0.2567 (0.2436)  loss_giou: 0.5516 (0.5543)  loss_fgl: 1.1385 (1.1334)  loss_mal_aux_0: 0.9932 (0.9924)  loss_bbox_aux_0: 0.2584 (0.2509)  loss_giou_aux_0: 0.5705 (0.5723)  loss_fgl_aux_0: 1.1527 (1.1467)  loss_ddf_aux_0: 0.0184 (0.0168)  loss_mal_aux_1: 0.9385 (0.9510)  loss_bbox_aux_1: 0.2581 (0.2446)  loss_giou_aux_1: 0.5547 (0.5559)  loss_fgl_aux_1: 1.1430 (1.1339)  loss_ddf_aux_1: 0.0013 (0.0012)  loss_mal_pre: 0.9980 (0.9928)  loss_bbox_pre: 0.2611 (0.2507)  loss_giou_pre: 0.5701 (0.5716)  loss_mal_enc_0: 1.0068 (1.0312)  loss_bbox_enc_0: 0.2944 (0.2827)  loss_giou_enc_0: 0.6268 (0.6323)  loss_mal_dn_0: 0.7065 (0.7133)  loss_bbox_dn_0: 0.2915 (0.2688)  loss_giou_dn_0: 0.5615 (0.5603)  loss_fgl_dn_0: 1.1589 (1.1642)  loss_ddf_dn_0: 0.1024 (0.0989)  loss_mal_dn_1: 0.6333 (0.6364)  loss_bbox_dn_1: 0.2286 (0.2129)  loss_giou_dn_1: 0.4615 (0.4597)  loss_fgl_dn_1: 1.1181 (1.1172)  loss_ddf_dn_1: 0.0060 (0.0056)  loss_mal_dn_2: 0.6265 (0.6263)  loss_bbox_dn_2: 0.2271 (0.2086)  loss_giou_dn_2: 0.4533 (0.4525)  loss_fgl_dn_2: 1.1153 (1.1150)  loss_mal_dn_pre: 0.7065 (0.7132)  loss_bbox_dn_pre: 0.2978 (0.2726)  loss_giou_dn_pre: 0.5619 (0.5608)  time: 0.4054  data: 0.0419  max mem: 8321
Epoch: [138] Total time: 0:01:28 (0.4486 s / it)
Averaged stats: lr: 0.000400  loss: 21.6689 (21.6854)  loss_mal: 0.9312 (0.9406)  loss_bbox: 0.2567 (0.2436)  loss_giou: 0.5516 (0.5543)  loss_fgl: 1.1385 (1.1334)  loss_mal_aux_0: 0.9932 (0.9924)  loss_bbox_aux_0: 0.2584 (0.2509)  loss_giou_aux_0: 0.5705 (0.5723)  loss_fgl_aux_0: 1.1527 (1.1467)  loss_ddf_aux_0: 0.0184 (0.0168)  loss_mal_aux_1: 0.9385 (0.9510)  loss_bbox_aux_1: 0.2581 (0.2446)  loss_giou_aux_1: 0.5547 (0.5559)  loss_fgl_aux_1: 1.1430 (1.1339)  loss_ddf_aux_1: 0.0013 (0.0012)  loss_mal_pre: 0.9980 (0.9928)  loss_bbox_pre: 0.2611 (0.2507)  loss_giou_pre: 0.5701 (0.5716)  loss_mal_enc_0: 1.0068 (1.0312)  loss_bbox_enc_0: 0.2944 (0.2827)  loss_giou_enc_0: 0.6268 (0.6323)  loss_mal_dn_0: 0.7065 (0.7133)  loss_bbox_dn_0: 0.2915 (0.2688)  loss_giou_dn_0: 0.5615 (0.5603)  loss_fgl_dn_0: 1.1589 (1.1642)  loss_ddf_dn_0: 0.1024 (0.0989)  loss_mal_dn_1: 0.6333 (0.6364)  loss_bbox_dn_1: 0.2286 (0.2129)  loss_giou_dn_1: 0.4615 (0.4597)  loss_fgl_dn_1: 1.1181 (1.1172)  loss_ddf_dn_1: 0.0060 (0.0056)  loss_mal_dn_2: 0.6265 (0.6263)  loss_bbox_dn_2: 0.2271 (0.2086)  loss_giou_dn_2: 0.4533 (0.4525)  loss_fgl_dn_2: 1.1153 (1.1150)  loss_mal_dn_pre: 0.7065 (0.7132)  loss_bbox_dn_pre: 0.2978 (0.2726)  loss_giou_dn_pre: 0.5619 (0.5608)
Test:  [ 0/13]  eta: 0:00:36    time: 2.8396  data: 2.6161  max mem: 8321
Test:  [10/13]  eta: 0:00:01    time: 0.5736  data: 0.3218  max mem: 8321
Test:  [12/13]  eta: 0:00:00    time: 0.5199  data: 0.2785  max mem: 8321
Test: Total time: 0:00:06 (0.5261 s / it)
Averaged stats: 
Accumulating evaluation results...
COCOeval_opt.accumulate() finished...
DONE (t=0.34s).
IoU metric: bbox
 Average Precision  (AP) @[ IoU=0.50:0.95 | area=   all | maxDets=100 ] = 0.272
 Average Precision  (AP) @[ IoU=0.50      | area=   all | maxDets=100 ] = 0.584
 Average Precision  (AP) @[ IoU=0.75      | area=   all | maxDets=100 ] = 0.217
 Average Precision  (AP) @[ IoU=0.50:0.95 | area= small | maxDets=100 ] = 0.122
 Average Precision  (AP) @[ IoU=0.50:0.95 | area=medium | maxDets=100 ] = 0.232
 Average Precision  (AP) @[ IoU=0.50:0.95 | area= large | maxDets=100 ] = 0.321
 Average Recall     (AR) @[ IoU=0.50:0.95 | area=   all | maxDets=  1 ] = 0.254
 Average Recall     (AR) @[ IoU=0.50:0.95 | area=   all | maxDets= 10 ] = 0.479
 Average Recall     (AR) @[ IoU=0.50:0.95 | area=   all | maxDets=100 ] = 0.561
 Average Recall     (AR) @[ IoU=0.50:0.95 | area= small | maxDets=100 ] = 0.307
 Average Recall     (AR) @[ IoU=0.50:0.95 | area=medium | maxDets=100 ] = 0.532
 Average Recall     (AR) @[ IoU=0.50:0.95 | area= large | maxDets=100 ] = 0.637
 Average Recall     (AR) @[ IoU=0.50      | area=   all | maxDets=100 ] = 0.954
 Average Recall     (AR) @[ IoU=0.75      | area=   all | maxDets=100 ] = 0.569
best_stat: {'epoch': 123, 'coco_eval_bbox': 0.2756708282295533}
Epoch: [139]  [  0/197]  eta: 0:09:51  lr: 0.000400  loss: 21.2893 (21.2893)  loss_mal: 0.9258 (0.9258)  loss_bbox: 0.2769 (0.2769)  loss_giou: 0.4643 (0.4643)  loss_fgl: 1.1701 (1.1701)  loss_mal_aux_0: 1.0068 (1.0068)  loss_bbox_aux_0: 0.2741 (0.2741)  loss_giou_aux_0: 0.4703 (0.4703)  loss_fgl_aux_0: 1.1868 (1.1868)  loss_ddf_aux_0: 0.0175 (0.0175)  loss_mal_aux_1: 0.9150 (0.9150)  loss_bbox_aux_1: 0.2722 (0.2722)  loss_giou_aux_1: 0.4679 (0.4679)  loss_fgl_aux_1: 1.1676 (1.1676)  loss_ddf_aux_1: 0.0016 (0.0016)  loss_mal_pre: 0.9810 (0.9810)  loss_bbox_pre: 0.2683 (0.2683)  loss_giou_pre: 0.4633 (0.4633)  loss_mal_enc_0: 1.0537 (1.0537)  loss_bbox_enc_0: 0.3216 (0.3216)  loss_giou_enc_0: 0.5261 (0.5261)  loss_mal_dn_0: 0.7095 (0.7095)  loss_bbox_dn_0: 0.2975 (0.2975)  loss_giou_dn_0: 0.5031 (0.5031)  loss_fgl_dn_0: 1.1903 (1.1903)  loss_ddf_dn_0: 0.1062 (0.1062)  loss_mal_dn_1: 0.6138 (0.6138)  loss_bbox_dn_1: 0.2397 (0.2397)  loss_giou_dn_1: 0.4061 (0.4061)  loss_fgl_dn_1: 1.1240 (1.1240)  loss_ddf_dn_1: 0.0060 (0.0060)  loss_mal_dn_2: 0.6064 (0.6064)  loss_bbox_dn_2: 0.2325 (0.2325)  loss_giou_dn_2: 0.3980 (0.3980)  loss_fgl_dn_2: 1.1221 (1.1221)  loss_mal_dn_pre: 0.7070 (0.7070)  loss_bbox_dn_pre: 0.2973 (0.2973)  loss_giou_dn_pre: 0.4987 (0.4987)  time: 3.0018  data: 2.4327  max mem: 8321
Epoch: [139]  [196/197]  eta: 0:00:00  lr: 0.000400  loss: 21.6652 (21.7812)  loss_mal: 0.9399 (0.9429)  loss_bbox: 0.2267 (0.2509)  loss_giou: 0.5483 (0.5544)  loss_fgl: 1.1264 (1.1291)  loss_mal_aux_0: 1.0029 (0.9934)  loss_bbox_aux_0: 0.2339 (0.2587)  loss_giou_aux_0: 0.5650 (0.5723)  loss_fgl_aux_0: 1.1494 (1.1432)  loss_ddf_aux_0: 0.0163 (0.0173)  loss_mal_aux_1: 0.9604 (0.9556)  loss_bbox_aux_1: 0.2299 (0.2521)  loss_giou_aux_1: 0.5587 (0.5566)  loss_fgl_aux_1: 1.1256 (1.1295)  loss_ddf_aux_1: 0.0014 (0.0014)  loss_mal_pre: 0.9985 (0.9937)  loss_bbox_pre: 0.2349 (0.2587)  loss_giou_pre: 0.5613 (0.5711)  loss_mal_enc_0: 1.0625 (1.0419)  loss_bbox_enc_0: 0.2817 (0.2932)  loss_giou_enc_0: 0.6282 (0.6320)  loss_mal_dn_0: 0.7183 (0.7167)  loss_bbox_dn_0: 0.2582 (0.2755)  loss_giou_dn_0: 0.5641 (0.5627)  loss_fgl_dn_0: 1.1595 (1.1656)  loss_ddf_dn_0: 0.1025 (0.1002)  loss_mal_dn_1: 0.6440 (0.6388)  loss_bbox_dn_1: 0.2054 (0.2187)  loss_giou_dn_1: 0.4570 (0.4622)  loss_fgl_dn_1: 1.1124 (1.1161)  loss_ddf_dn_1: 0.0058 (0.0060)  loss_mal_dn_2: 0.6328 (0.6289)  loss_bbox_dn_2: 0.2014 (0.2144)  loss_giou_dn_2: 0.4471 (0.4549)  loss_fgl_dn_2: 1.1125 (1.1136)  loss_mal_dn_pre: 0.7183 (0.7164)  loss_bbox_dn_pre: 0.2585 (0.2794)  loss_giou_dn_pre: 0.5644 (0.5631)  time: 0.3803  data: 0.0427  max mem: 8321
Epoch: [139] Total time: 0:01:26 (0.4379 s / it)
Averaged stats: lr: 0.000400  loss: 21.6652 (21.7812)  loss_mal: 0.9399 (0.9429)  loss_bbox: 0.2267 (0.2509)  loss_giou: 0.5483 (0.5544)  loss_fgl: 1.1264 (1.1291)  loss_mal_aux_0: 1.0029 (0.9934)  loss_bbox_aux_0: 0.2339 (0.2587)  loss_giou_aux_0: 0.5650 (0.5723)  loss_fgl_aux_0: 1.1494 (1.1432)  loss_ddf_aux_0: 0.0163 (0.0173)  loss_mal_aux_1: 0.9604 (0.9556)  loss_bbox_aux_1: 0.2299 (0.2521)  loss_giou_aux_1: 0.5587 (0.5566)  loss_fgl_aux_1: 1.1256 (1.1295)  loss_ddf_aux_1: 0.0014 (0.0014)  loss_mal_pre: 0.9985 (0.9937)  loss_bbox_pre: 0.2349 (0.2587)  loss_giou_pre: 0.5613 (0.5711)  loss_mal_enc_0: 1.0625 (1.0419)  loss_bbox_enc_0: 0.2817 (0.2932)  loss_giou_enc_0: 0.6282 (0.6320)  loss_mal_dn_0: 0.7183 (0.7167)  loss_bbox_dn_0: 0.2582 (0.2755)  loss_giou_dn_0: 0.5641 (0.5627)  loss_fgl_dn_0: 1.1595 (1.1656)  loss_ddf_dn_0: 0.1025 (0.1002)  loss_mal_dn_1: 0.6440 (0.6388)  loss_bbox_dn_1: 0.2054 (0.2187)  loss_giou_dn_1: 0.4570 (0.4622)  loss_fgl_dn_1: 1.1124 (1.1161)  loss_ddf_dn_1: 0.0058 (0.0060)  loss_mal_dn_2: 0.6328 (0.6289)  loss_bbox_dn_2: 0.2014 (0.2144)  loss_giou_dn_2: 0.4471 (0.4549)  loss_fgl_dn_2: 1.1125 (1.1136)  loss_mal_dn_pre: 0.7183 (0.7164)  loss_bbox_dn_pre: 0.2585 (0.2794)  loss_giou_dn_pre: 0.5644 (0.5631)
Test:  [ 0/13]  eta: 0:00:39    time: 3.0761  data: 2.7094  max mem: 8321
Test:  [10/13]  eta: 0:00:01    time: 0.5938  data: 0.3203  max mem: 8321
Test:  [12/13]  eta: 0:00:00    time: 0.5464  data: 0.2862  max mem: 8321
Test: Total time: 0:00:07 (0.5545 s / it)
Averaged stats: 
Accumulating evaluation results...
COCOeval_opt.accumulate() finished...
DONE (t=0.30s).
IoU metric: bbox
 Average Precision  (AP) @[ IoU=0.50:0.95 | area=   all | maxDets=100 ] = 0.271
 Average Precision  (AP) @[ IoU=0.50      | area=   all | maxDets=100 ] = 0.585
 Average Precision  (AP) @[ IoU=0.75      | area=   all | maxDets=100 ] = 0.216
 Average Precision  (AP) @[ IoU=0.50:0.95 | area= small | maxDets=100 ] = 0.124
 Average Precision  (AP) @[ IoU=0.50:0.95 | area=medium | maxDets=100 ] = 0.231
 Average Precision  (AP) @[ IoU=0.50:0.95 | area= large | maxDets=100 ] = 0.320
 Average Recall     (AR) @[ IoU=0.50:0.95 | area=   all | maxDets=  1 ] = 0.255
 Average Recall     (AR) @[ IoU=0.50:0.95 | area=   all | maxDets= 10 ] = 0.478
 Average Recall     (AR) @[ IoU=0.50:0.95 | area=   all | maxDets=100 ] = 0.559
 Average Recall     (AR) @[ IoU=0.50:0.95 | area= small | maxDets=100 ] = 0.308
 Average Recall     (AR) @[ IoU=0.50:0.95 | area=medium | maxDets=100 ] = 0.529
 Average Recall     (AR) @[ IoU=0.50:0.95 | area= large | maxDets=100 ] = 0.633
 Average Recall     (AR) @[ IoU=0.50      | area=   all | maxDets=100 ] = 0.955
 Average Recall     (AR) @[ IoU=0.75      | area=   all | maxDets=100 ] = 0.570
best_stat: {'epoch': 123, 'coco_eval_bbox': 0.2756708282295533}
Epoch: [140]  [  0/197]  eta: 0:11:16  lr: 0.000400  loss: 24.0163 (24.0163)  loss_mal: 1.0127 (1.0127)  loss_bbox: 0.4094 (0.4094)  loss_giou: 0.6229 (0.6229)  loss_fgl: 1.1326 (1.1326)  loss_mal_aux_0: 1.0449 (1.0449)  loss_bbox_aux_0: 0.4071 (0.4071)  loss_giou_aux_0: 0.6392 (0.6392)  loss_fgl_aux_0: 1.1438 (1.1438)  loss_ddf_aux_0: 0.0215 (0.0215)  loss_mal_aux_1: 1.0303 (1.0303)  loss_bbox_aux_1: 0.4080 (0.4080)  loss_giou_aux_1: 0.6253 (0.6253)  loss_fgl_aux_1: 1.1271 (1.1271)  loss_ddf_aux_1: 0.0015 (0.0015)  loss_mal_pre: 1.0537 (1.0537)  loss_bbox_pre: 0.4100 (0.4100)  loss_giou_pre: 0.6413 (0.6413)  loss_mal_enc_0: 1.0635 (1.0635)  loss_bbox_enc_0: 0.4318 (0.4318)  loss_giou_enc_0: 0.6905 (0.6905)  loss_mal_dn_0: 0.7441 (0.7441)  loss_bbox_dn_0: 0.4057 (0.4057)  loss_giou_dn_0: 0.6368 (0.6368)  loss_fgl_dn_0: 1.1449 (1.1449)  loss_ddf_dn_0: 0.0873 (0.0873)  loss_mal_dn_1: 0.6807 (0.6807)  loss_bbox_dn_1: 0.3309 (0.3309)  loss_giou_dn_1: 0.5154 (0.5154)  loss_fgl_dn_1: 1.1155 (1.1155)  loss_ddf_dn_1: 0.0056 (0.0056)  loss_mal_dn_2: 0.6772 (0.6772)  loss_bbox_dn_2: 0.3320 (0.3320)  loss_giou_dn_2: 0.5140 (0.5140)  loss_fgl_dn_2: 1.1132 (1.1132)  loss_mal_dn_pre: 0.7422 (0.7422)  loss_bbox_dn_pre: 0.4159 (0.4159)  loss_giou_dn_pre: 0.6378 (0.6378)  time: 3.4357  data: 2.8939  max mem: 8321
Epoch: [140]  [196/197]  eta: 0:00:00  lr: 0.000400  loss: 21.6456 (21.5781)  loss_mal: 0.9409 (0.9325)  loss_bbox: 0.2597 (0.2443)  loss_giou: 0.5294 (0.5499)  loss_fgl: 1.1434 (1.1279)  loss_mal_aux_0: 0.9858 (0.9750)  loss_bbox_aux_0: 0.2650 (0.2520)  loss_giou_aux_0: 0.5549 (0.5684)  loss_fgl_aux_0: 1.1539 (1.1433)  loss_ddf_aux_0: 0.0170 (0.0173)  loss_mal_aux_1: 0.9507 (0.9443)  loss_bbox_aux_1: 0.2596 (0.2450)  loss_giou_aux_1: 0.5280 (0.5518)  loss_fgl_aux_1: 1.1431 (1.1282)  loss_ddf_aux_1: 0.0013 (0.0013)  loss_mal_pre: 0.9795 (0.9750)  loss_bbox_pre: 0.2643 (0.2521)  loss_giou_pre: 0.5529 (0.5675)  loss_mal_enc_0: 1.0547 (1.0212)  loss_bbox_enc_0: 0.3048 (0.2843)  loss_giou_enc_0: 0.5842 (0.6248)  loss_mal_dn_0: 0.7158 (0.7141)  loss_bbox_dn_0: 0.2831 (0.2692)  loss_giou_dn_0: 0.5518 (0.5556)  loss_fgl_dn_0: 1.1684 (1.1663)  loss_ddf_dn_0: 0.1035 (0.1006)  loss_mal_dn_1: 0.6313 (0.6361)  loss_bbox_dn_1: 0.2263 (0.2127)  loss_giou_dn_1: 0.4432 (0.4550)  loss_fgl_dn_1: 1.1205 (1.1167)  loss_ddf_dn_1: 0.0059 (0.0058)  loss_mal_dn_2: 0.6274 (0.6261)  loss_bbox_dn_2: 0.2240 (0.2083)  loss_giou_dn_2: 0.4369 (0.4480)  loss_fgl_dn_2: 1.1164 (1.1144)  loss_mal_dn_pre: 0.7148 (0.7139)  loss_bbox_dn_pre: 0.2870 (0.2728)  loss_giou_dn_pre: 0.5524 (0.5562)  time: 0.3896  data: 0.0415  max mem: 8321
Epoch: [140] Total time: 0:01:27 (0.4430 s / it)
Averaged stats: lr: 0.000400  loss: 21.6456 (21.5781)  loss_mal: 0.9409 (0.9325)  loss_bbox: 0.2597 (0.2443)  loss_giou: 0.5294 (0.5499)  loss_fgl: 1.1434 (1.1279)  loss_mal_aux_0: 0.9858 (0.9750)  loss_bbox_aux_0: 0.2650 (0.2520)  loss_giou_aux_0: 0.5549 (0.5684)  loss_fgl_aux_0: 1.1539 (1.1433)  loss_ddf_aux_0: 0.0170 (0.0173)  loss_mal_aux_1: 0.9507 (0.9443)  loss_bbox_aux_1: 0.2596 (0.2450)  loss_giou_aux_1: 0.5280 (0.5518)  loss_fgl_aux_1: 1.1431 (1.1282)  loss_ddf_aux_1: 0.0013 (0.0013)  loss_mal_pre: 0.9795 (0.9750)  loss_bbox_pre: 0.2643 (0.2521)  loss_giou_pre: 0.5529 (0.5675)  loss_mal_enc_0: 1.0547 (1.0212)  loss_bbox_enc_0: 0.3048 (0.2843)  loss_giou_enc_0: 0.5842 (0.6248)  loss_mal_dn_0: 0.7158 (0.7141)  loss_bbox_dn_0: 0.2831 (0.2692)  loss_giou_dn_0: 0.5518 (0.5556)  loss_fgl_dn_0: 1.1684 (1.1663)  loss_ddf_dn_0: 0.1035 (0.1006)  loss_mal_dn_1: 0.6313 (0.6361)  loss_bbox_dn_1: 0.2263 (0.2127)  loss_giou_dn_1: 0.4432 (0.4550)  loss_fgl_dn_1: 1.1205 (1.1167)  loss_ddf_dn_1: 0.0059 (0.0058)  loss_mal_dn_2: 0.6274 (0.6261)  loss_bbox_dn_2: 0.2240 (0.2083)  loss_giou_dn_2: 0.4369 (0.4480)  loss_fgl_dn_2: 1.1164 (1.1144)  loss_mal_dn_pre: 0.7148 (0.7139)  loss_bbox_dn_pre: 0.2870 (0.2728)  loss_giou_dn_pre: 0.5524 (0.5562)
Test:  [ 0/13]  eta: 0:00:39    time: 3.0187  data: 2.6425  max mem: 8321
Test:  [10/13]  eta: 0:00:01    time: 0.5931  data: 0.3205  max mem: 8321
Test:  [12/13]  eta: 0:00:00    time: 0.5370  data: 0.2774  max mem: 8321
Test: Total time: 0:00:07 (0.5445 s / it)
Averaged stats: 
Accumulating evaluation results...
COCOeval_opt.accumulate() finished...
DONE (t=0.31s).
IoU metric: bbox
 Average Precision  (AP) @[ IoU=0.50:0.95 | area=   all | maxDets=100 ] = 0.272
 Average Precision  (AP) @[ IoU=0.50      | area=   all | maxDets=100 ] = 0.585
 Average Precision  (AP) @[ IoU=0.75      | area=   all | maxDets=100 ] = 0.217
 Average Precision  (AP) @[ IoU=0.50:0.95 | area= small | maxDets=100 ] = 0.123
 Average Precision  (AP) @[ IoU=0.50:0.95 | area=medium | maxDets=100 ] = 0.232
 Average Precision  (AP) @[ IoU=0.50:0.95 | area= large | maxDets=100 ] = 0.320
 Average Recall     (AR) @[ IoU=0.50:0.95 | area=   all | maxDets=  1 ] = 0.255
 Average Recall     (AR) @[ IoU=0.50:0.95 | area=   all | maxDets= 10 ] = 0.479
 Average Recall     (AR) @[ IoU=0.50:0.95 | area=   all | maxDets=100 ] = 0.560
 Average Recall     (AR) @[ IoU=0.50:0.95 | area= small | maxDets=100 ] = 0.311
 Average Recall     (AR) @[ IoU=0.50:0.95 | area=medium | maxDets=100 ] = 0.531
 Average Recall     (AR) @[ IoU=0.50:0.95 | area= large | maxDets=100 ] = 0.634
 Average Recall     (AR) @[ IoU=0.50      | area=   all | maxDets=100 ] = 0.954
 Average Recall     (AR) @[ IoU=0.75      | area=   all | maxDets=100 ] = 0.572
best_stat: {'epoch': 123, 'coco_eval_bbox': 0.2756708282295533}
Epoch: [141]  [  0/197]  eta: 0:08:58  lr: 0.000400  loss: 22.0754 (22.0754)  loss_mal: 1.0781 (1.0781)  loss_bbox: 0.2634 (0.2634)  loss_giou: 0.4879 (0.4879)  loss_fgl: 1.1464 (1.1464)  loss_mal_aux_0: 1.1162 (1.1162)  loss_bbox_aux_0: 0.2758 (0.2758)  loss_giou_aux_0: 0.5030 (0.5030)  loss_fgl_aux_0: 1.1717 (1.1717)  loss_ddf_aux_0: 0.0182 (0.0182)  loss_mal_aux_1: 1.0957 (1.0957)  loss_bbox_aux_1: 0.2678 (0.2678)  loss_giou_aux_1: 0.4932 (0.4932)  loss_fgl_aux_1: 1.1515 (1.1515)  loss_ddf_aux_1: 0.0014 (0.0014)  loss_mal_pre: 1.1152 (1.1152)  loss_bbox_pre: 0.2722 (0.2722)  loss_giou_pre: 0.5005 (0.5005)  loss_mal_enc_0: 1.1523 (1.1523)  loss_bbox_enc_0: 0.2977 (0.2977)  loss_giou_enc_0: 0.5566 (0.5566)  loss_mal_dn_0: 0.7378 (0.7378)  loss_bbox_dn_0: 0.2968 (0.2968)  loss_giou_dn_0: 0.5018 (0.5018)  loss_fgl_dn_0: 1.1978 (1.1978)  loss_ddf_dn_0: 0.0846 (0.0846)  loss_mal_dn_1: 0.6406 (0.6406)  loss_bbox_dn_1: 0.2121 (0.2121)  loss_giou_dn_1: 0.4015 (0.4015)  loss_fgl_dn_1: 1.1277 (1.1277)  loss_ddf_dn_1: 0.0038 (0.0038)  loss_mal_dn_2: 0.6348 (0.6348)  loss_bbox_dn_2: 0.2101 (0.2101)  loss_giou_dn_2: 0.4007 (0.4007)  loss_fgl_dn_2: 1.1209 (1.1209)  loss_mal_dn_pre: 0.7363 (0.7363)  loss_bbox_dn_pre: 0.3012 (0.3012)  loss_giou_dn_pre: 0.5020 (0.5020)  time: 2.7332  data: 2.2212  max mem: 8321
Epoch: [141]  [196/197]  eta: 0:00:00  lr: 0.000400  loss: 21.9451 (21.5642)  loss_mal: 0.9424 (0.9390)  loss_bbox: 0.2282 (0.2395)  loss_giou: 0.5381 (0.5469)  loss_fgl: 1.1264 (1.1328)  loss_mal_aux_0: 0.9839 (0.9785)  loss_bbox_aux_0: 0.2388 (0.2467)  loss_giou_aux_0: 0.5551 (0.5656)  loss_fgl_aux_0: 1.1384 (1.1460)  loss_ddf_aux_0: 0.0165 (0.0175)  loss_mal_aux_1: 0.9580 (0.9463)  loss_bbox_aux_1: 0.2282 (0.2407)  loss_giou_aux_1: 0.5369 (0.5489)  loss_fgl_aux_1: 1.1277 (1.1329)  loss_ddf_aux_1: 0.0012 (0.0013)  loss_mal_pre: 0.9868 (0.9784)  loss_bbox_pre: 0.2393 (0.2463)  loss_giou_pre: 0.5511 (0.5644)  loss_mal_enc_0: 0.9990 (1.0173)  loss_bbox_enc_0: 0.2708 (0.2771)  loss_giou_enc_0: 0.6020 (0.6259)  loss_mal_dn_0: 0.7183 (0.7135)  loss_bbox_dn_0: 0.2612 (0.2652)  loss_giou_dn_0: 0.5601 (0.5595)  loss_fgl_dn_0: 1.1608 (1.1653)  loss_ddf_dn_0: 0.1038 (0.1013)  loss_mal_dn_1: 0.6445 (0.6369)  loss_bbox_dn_1: 0.2070 (0.2108)  loss_giou_dn_1: 0.4615 (0.4579)  loss_fgl_dn_1: 1.1101 (1.1158)  loss_ddf_dn_1: 0.0053 (0.0058)  loss_mal_dn_2: 0.6338 (0.6270)  loss_bbox_dn_2: 0.2009 (0.2069)  loss_giou_dn_2: 0.4566 (0.4509)  loss_fgl_dn_2: 1.1067 (1.1136)  loss_mal_dn_pre: 0.7178 (0.7133)  loss_bbox_dn_pre: 0.2675 (0.2688)  loss_giou_dn_pre: 0.5625 (0.5599)  time: 0.3855  data: 0.0421  max mem: 8321
Epoch: [141] Total time: 0:01:30 (0.4581 s / it)
Averaged stats: lr: 0.000400  loss: 21.9451 (21.5642)  loss_mal: 0.9424 (0.9390)  loss_bbox: 0.2282 (0.2395)  loss_giou: 0.5381 (0.5469)  loss_fgl: 1.1264 (1.1328)  loss_mal_aux_0: 0.9839 (0.9785)  loss_bbox_aux_0: 0.2388 (0.2467)  loss_giou_aux_0: 0.5551 (0.5656)  loss_fgl_aux_0: 1.1384 (1.1460)  loss_ddf_aux_0: 0.0165 (0.0175)  loss_mal_aux_1: 0.9580 (0.9463)  loss_bbox_aux_1: 0.2282 (0.2407)  loss_giou_aux_1: 0.5369 (0.5489)  loss_fgl_aux_1: 1.1277 (1.1329)  loss_ddf_aux_1: 0.0012 (0.0013)  loss_mal_pre: 0.9868 (0.9784)  loss_bbox_pre: 0.2393 (0.2463)  loss_giou_pre: 0.5511 (0.5644)  loss_mal_enc_0: 0.9990 (1.0173)  loss_bbox_enc_0: 0.2708 (0.2771)  loss_giou_enc_0: 0.6020 (0.6259)  loss_mal_dn_0: 0.7183 (0.7135)  loss_bbox_dn_0: 0.2612 (0.2652)  loss_giou_dn_0: 0.5601 (0.5595)  loss_fgl_dn_0: 1.1608 (1.1653)  loss_ddf_dn_0: 0.1038 (0.1013)  loss_mal_dn_1: 0.6445 (0.6369)  loss_bbox_dn_1: 0.2070 (0.2108)  loss_giou_dn_1: 0.4615 (0.4579)  loss_fgl_dn_1: 1.1101 (1.1158)  loss_ddf_dn_1: 0.0053 (0.0058)  loss_mal_dn_2: 0.6338 (0.6270)  loss_bbox_dn_2: 0.2009 (0.2069)  loss_giou_dn_2: 0.4566 (0.4509)  loss_fgl_dn_2: 1.1067 (1.1136)  loss_mal_dn_pre: 0.7178 (0.7133)  loss_bbox_dn_pre: 0.2675 (0.2688)  loss_giou_dn_pre: 0.5625 (0.5599)
Test:  [ 0/13]  eta: 0:00:40    time: 3.1001  data: 2.7312  max mem: 8321
Test:  [10/13]  eta: 0:00:01    time: 0.6038  data: 0.3279  max mem: 8321
Test:  [12/13]  eta: 0:00:00    time: 0.5547  data: 0.2917  max mem: 8321
Test: Total time: 0:00:07 (0.5635 s / it)
Averaged stats: 
Accumulating evaluation results...
COCOeval_opt.accumulate() finished...
DONE (t=0.34s).
IoU metric: bbox
 Average Precision  (AP) @[ IoU=0.50:0.95 | area=   all | maxDets=100 ] = 0.271
 Average Precision  (AP) @[ IoU=0.50      | area=   all | maxDets=100 ] = 0.583
 Average Precision  (AP) @[ IoU=0.75      | area=   all | maxDets=100 ] = 0.216
 Average Precision  (AP) @[ IoU=0.50:0.95 | area= small | maxDets=100 ] = 0.123
 Average Precision  (AP) @[ IoU=0.50:0.95 | area=medium | maxDets=100 ] = 0.231
 Average Precision  (AP) @[ IoU=0.50:0.95 | area= large | maxDets=100 ] = 0.319
 Average Recall     (AR) @[ IoU=0.50:0.95 | area=   all | maxDets=  1 ] = 0.255
 Average Recall     (AR) @[ IoU=0.50:0.95 | area=   all | maxDets= 10 ] = 0.479
 Average Recall     (AR) @[ IoU=0.50:0.95 | area=   all | maxDets=100 ] = 0.561
 Average Recall     (AR) @[ IoU=0.50:0.95 | area= small | maxDets=100 ] = 0.309
 Average Recall     (AR) @[ IoU=0.50:0.95 | area=medium | maxDets=100 ] = 0.533
 Average Recall     (AR) @[ IoU=0.50:0.95 | area= large | maxDets=100 ] = 0.632
 Average Recall     (AR) @[ IoU=0.50      | area=   all | maxDets=100 ] = 0.956
 Average Recall     (AR) @[ IoU=0.75      | area=   all | maxDets=100 ] = 0.569
best_stat: {'epoch': 123, 'coco_eval_bbox': 0.2756708282295533}
Epoch: [142]  [  0/197]  eta: 0:10:05  lr: 0.000400  loss: 21.0758 (21.0758)  loss_mal: 0.9180 (0.9180)  loss_bbox: 0.2557 (0.2557)  loss_giou: 0.4732 (0.4732)  loss_fgl: 1.1334 (1.1334)  loss_mal_aux_0: 0.9678 (0.9678)  loss_bbox_aux_0: 0.2649 (0.2649)  loss_giou_aux_0: 0.4911 (0.4911)  loss_fgl_aux_0: 1.1412 (1.1412)  loss_ddf_aux_0: 0.0198 (0.0198)  loss_mal_aux_1: 0.9214 (0.9214)  loss_bbox_aux_1: 0.2540 (0.2540)  loss_giou_aux_1: 0.4739 (0.4739)  loss_fgl_aux_1: 1.1327 (1.1327)  loss_ddf_aux_1: 0.0014 (0.0014)  loss_mal_pre: 0.9668 (0.9668)  loss_bbox_pre: 0.2606 (0.2606)  loss_giou_pre: 0.4898 (0.4898)  loss_mal_enc_0: 0.9907 (0.9907)  loss_bbox_enc_0: 0.2762 (0.2762)  loss_giou_enc_0: 0.5369 (0.5369)  loss_mal_dn_0: 0.7075 (0.7075)  loss_bbox_dn_0: 0.2844 (0.2844)  loss_giou_dn_0: 0.5148 (0.5148)  loss_fgl_dn_0: 1.1767 (1.1767)  loss_ddf_dn_0: 0.1102 (0.1102)  loss_mal_dn_1: 0.6299 (0.6299)  loss_bbox_dn_1: 0.2312 (0.2312)  loss_giou_dn_1: 0.4230 (0.4230)  loss_fgl_dn_1: 1.1232 (1.1232)  loss_ddf_dn_1: 0.0065 (0.0065)  loss_mal_dn_2: 0.6235 (0.6235)  loss_bbox_dn_2: 0.2273 (0.2273)  loss_giou_dn_2: 0.4151 (0.4151)  loss_fgl_dn_2: 1.1172 (1.1172)  loss_mal_dn_pre: 0.7070 (0.7070)  loss_bbox_dn_pre: 0.2914 (0.2914)  loss_giou_dn_pre: 0.5175 (0.5175)  time: 3.0758  data: 2.5429  max mem: 8321
Epoch: [142]  [196/197]  eta: 0:00:00  lr: 0.000400  loss: 21.2953 (21.5511)  loss_mal: 0.9238 (0.9424)  loss_bbox: 0.2266 (0.2371)  loss_giou: 0.5585 (0.5438)  loss_fgl: 1.1386 (1.1334)  loss_mal_aux_0: 0.9487 (0.9835)  loss_bbox_aux_0: 0.2331 (0.2452)  loss_giou_aux_0: 0.5709 (0.5626)  loss_fgl_aux_0: 1.1539 (1.1477)  loss_ddf_aux_0: 0.0167 (0.0176)  loss_mal_aux_1: 0.9199 (0.9495)  loss_bbox_aux_1: 0.2266 (0.2382)  loss_giou_aux_1: 0.5626 (0.5461)  loss_fgl_aux_1: 1.1388 (1.1337)  loss_ddf_aux_1: 0.0013 (0.0014)  loss_mal_pre: 0.9580 (0.9838)  loss_bbox_pre: 0.2313 (0.2450)  loss_giou_pre: 0.5678 (0.5617)  loss_mal_enc_0: 0.9995 (1.0220)  loss_bbox_enc_0: 0.2565 (0.2785)  loss_giou_enc_0: 0.6204 (0.6229)  loss_mal_dn_0: 0.7124 (0.7133)  loss_bbox_dn_0: 0.2380 (0.2661)  loss_giou_dn_0: 0.5548 (0.5563)  loss_fgl_dn_0: 1.1706 (1.1669)  loss_ddf_dn_0: 0.0974 (0.1023)  loss_mal_dn_1: 0.6348 (0.6344)  loss_bbox_dn_1: 0.1868 (0.2092)  loss_giou_dn_1: 0.4550 (0.4540)  loss_fgl_dn_1: 1.1202 (1.1165)  loss_ddf_dn_1: 0.0051 (0.0060)  loss_mal_dn_2: 0.6265 (0.6243)  loss_bbox_dn_2: 0.1849 (0.2051)  loss_giou_dn_2: 0.4435 (0.4471)  loss_fgl_dn_2: 1.1212 (1.1139)  loss_mal_dn_pre: 0.7124 (0.7131)  loss_bbox_dn_pre: 0.2455 (0.2697)  loss_giou_dn_pre: 0.5567 (0.5567)  time: 0.4047  data: 0.0487  max mem: 8321
Epoch: [142] Total time: 0:01:28 (0.4495 s / it)
Averaged stats: lr: 0.000400  loss: 21.2953 (21.5511)  loss_mal: 0.9238 (0.9424)  loss_bbox: 0.2266 (0.2371)  loss_giou: 0.5585 (0.5438)  loss_fgl: 1.1386 (1.1334)  loss_mal_aux_0: 0.9487 (0.9835)  loss_bbox_aux_0: 0.2331 (0.2452)  loss_giou_aux_0: 0.5709 (0.5626)  loss_fgl_aux_0: 1.1539 (1.1477)  loss_ddf_aux_0: 0.0167 (0.0176)  loss_mal_aux_1: 0.9199 (0.9495)  loss_bbox_aux_1: 0.2266 (0.2382)  loss_giou_aux_1: 0.5626 (0.5461)  loss_fgl_aux_1: 1.1388 (1.1337)  loss_ddf_aux_1: 0.0013 (0.0014)  loss_mal_pre: 0.9580 (0.9838)  loss_bbox_pre: 0.2313 (0.2450)  loss_giou_pre: 0.5678 (0.5617)  loss_mal_enc_0: 0.9995 (1.0220)  loss_bbox_enc_0: 0.2565 (0.2785)  loss_giou_enc_0: 0.6204 (0.6229)  loss_mal_dn_0: 0.7124 (0.7133)  loss_bbox_dn_0: 0.2380 (0.2661)  loss_giou_dn_0: 0.5548 (0.5563)  loss_fgl_dn_0: 1.1706 (1.1669)  loss_ddf_dn_0: 0.0974 (0.1023)  loss_mal_dn_1: 0.6348 (0.6344)  loss_bbox_dn_1: 0.1868 (0.2092)  loss_giou_dn_1: 0.4550 (0.4540)  loss_fgl_dn_1: 1.1202 (1.1165)  loss_ddf_dn_1: 0.0051 (0.0060)  loss_mal_dn_2: 0.6265 (0.6243)  loss_bbox_dn_2: 0.1849 (0.2051)  loss_giou_dn_2: 0.4435 (0.4471)  loss_fgl_dn_2: 1.1212 (1.1139)  loss_mal_dn_pre: 0.7124 (0.7131)  loss_bbox_dn_pre: 0.2455 (0.2697)  loss_giou_dn_pre: 0.5567 (0.5567)
Test:  [ 0/13]  eta: 0:00:39    time: 3.0645  data: 2.6423  max mem: 8321
Test:  [10/13]  eta: 0:00:01    time: 0.5967  data: 0.3145  max mem: 8321
Test:  [12/13]  eta: 0:00:00    time: 0.5470  data: 0.2865  max mem: 8321
Test: Total time: 0:00:07 (0.5548 s / it)
Averaged stats: 
Accumulating evaluation results...
COCOeval_opt.accumulate() finished...
DONE (t=0.31s).
IoU metric: bbox
 Average Precision  (AP) @[ IoU=0.50:0.95 | area=   all | maxDets=100 ] = 0.270
 Average Precision  (AP) @[ IoU=0.50      | area=   all | maxDets=100 ] = 0.584
 Average Precision  (AP) @[ IoU=0.75      | area=   all | maxDets=100 ] = 0.215
 Average Precision  (AP) @[ IoU=0.50:0.95 | area= small | maxDets=100 ] = 0.122
 Average Precision  (AP) @[ IoU=0.50:0.95 | area=medium | maxDets=100 ] = 0.231
 Average Precision  (AP) @[ IoU=0.50:0.95 | area= large | maxDets=100 ] = 0.318
 Average Recall     (AR) @[ IoU=0.50:0.95 | area=   all | maxDets=  1 ] = 0.255
 Average Recall     (AR) @[ IoU=0.50:0.95 | area=   all | maxDets= 10 ] = 0.479
 Average Recall     (AR) @[ IoU=0.50:0.95 | area=   all | maxDets=100 ] = 0.562
 Average Recall     (AR) @[ IoU=0.50:0.95 | area= small | maxDets=100 ] = 0.310
 Average Recall     (AR) @[ IoU=0.50:0.95 | area=medium | maxDets=100 ] = 0.534
 Average Recall     (AR) @[ IoU=0.50:0.95 | area= large | maxDets=100 ] = 0.633
 Average Recall     (AR) @[ IoU=0.50      | area=   all | maxDets=100 ] = 0.958
 Average Recall     (AR) @[ IoU=0.75      | area=   all | maxDets=100 ] = 0.570
best_stat: {'epoch': 123, 'coco_eval_bbox': 0.2756708282295533}
Epoch: [143]  [  0/197]  eta: 0:08:31  lr: 0.000400  loss: 21.3316 (21.3316)  loss_mal: 0.9399 (0.9399)  loss_bbox: 0.2012 (0.2012)  loss_giou: 0.5596 (0.5596)  loss_fgl: 1.0864 (1.0864)  loss_mal_aux_0: 1.0156 (1.0156)  loss_bbox_aux_0: 0.2200 (0.2200)  loss_giou_aux_0: 0.5818 (0.5818)  loss_fgl_aux_0: 1.1004 (1.1004)  loss_ddf_aux_0: 0.0152 (0.0152)  loss_mal_aux_1: 0.9922 (0.9922)  loss_bbox_aux_1: 0.2107 (0.2107)  loss_giou_aux_1: 0.5634 (0.5634)  loss_fgl_aux_1: 1.0904 (1.0904)  loss_ddf_aux_1: 0.0012 (0.0012)  loss_mal_pre: 1.0137 (1.0137)  loss_bbox_pre: 0.2254 (0.2254)  loss_giou_pre: 0.5829 (0.5829)  loss_mal_enc_0: 1.0195 (1.0195)  loss_bbox_enc_0: 0.2621 (0.2621)  loss_giou_enc_0: 0.6595 (0.6595)  loss_mal_dn_0: 0.7114 (0.7114)  loss_bbox_dn_0: 0.2398 (0.2398)  loss_giou_dn_0: 0.5687 (0.5687)  loss_fgl_dn_0: 1.1441 (1.1441)  loss_ddf_dn_0: 0.0865 (0.0865)  loss_mal_dn_1: 0.6206 (0.6206)  loss_bbox_dn_1: 0.1981 (0.1981)  loss_giou_dn_1: 0.4672 (0.4672)  loss_fgl_dn_1: 1.0886 (1.0886)  loss_ddf_dn_1: 0.0044 (0.0044)  loss_mal_dn_2: 0.6045 (0.6045)  loss_bbox_dn_2: 0.1883 (0.1883)  loss_giou_dn_2: 0.4562 (0.4562)  loss_fgl_dn_2: 1.0860 (1.0860)  loss_mal_dn_pre: 0.7114 (0.7114)  loss_bbox_dn_pre: 0.2461 (0.2461)  loss_giou_dn_pre: 0.5687 (0.5687)  time: 2.5970  data: 2.1058  max mem: 8321
Epoch: [143]  [196/197]  eta: 0:00:00  lr: 0.000400  loss: 21.3305 (21.5575)  loss_mal: 0.9092 (0.9383)  loss_bbox: 0.2517 (0.2433)  loss_giou: 0.5377 (0.5419)  loss_fgl: 1.1461 (1.1341)  loss_mal_aux_0: 0.9253 (0.9777)  loss_bbox_aux_0: 0.2637 (0.2501)  loss_giou_aux_0: 0.5581 (0.5590)  loss_fgl_aux_0: 1.1528 (1.1488)  loss_ddf_aux_0: 0.0147 (0.0171)  loss_mal_aux_1: 0.9058 (0.9469)  loss_bbox_aux_1: 0.2501 (0.2438)  loss_giou_aux_1: 0.5387 (0.5434)  loss_fgl_aux_1: 1.1440 (1.1345)  loss_ddf_aux_1: 0.0013 (0.0013)  loss_mal_pre: 0.9414 (0.9780)  loss_bbox_pre: 0.2635 (0.2500)  loss_giou_pre: 0.5595 (0.5580)  loss_mal_enc_0: 0.9648 (1.0175)  loss_bbox_enc_0: 0.3006 (0.2829)  loss_giou_enc_0: 0.6130 (0.6199)  loss_mal_dn_0: 0.7114 (0.7141)  loss_bbox_dn_0: 0.2772 (0.2692)  loss_giou_dn_0: 0.5552 (0.5556)  loss_fgl_dn_0: 1.1650 (1.1657)  loss_ddf_dn_0: 0.0943 (0.0985)  loss_mal_dn_1: 0.6387 (0.6358)  loss_bbox_dn_1: 0.2203 (0.2142)  loss_giou_dn_1: 0.4520 (0.4549)  loss_fgl_dn_1: 1.1173 (1.1167)  loss_ddf_dn_1: 0.0061 (0.0057)  loss_mal_dn_2: 0.6279 (0.6258)  loss_bbox_dn_2: 0.2153 (0.2099)  loss_giou_dn_2: 0.4469 (0.4481)  loss_fgl_dn_2: 1.1173 (1.1144)  loss_mal_dn_pre: 0.7114 (0.7139)  loss_bbox_dn_pre: 0.2788 (0.2727)  loss_giou_dn_pre: 0.5571 (0.5560)  time: 0.3766  data: 0.0396  max mem: 8321
Epoch: [143] Total time: 0:01:29 (0.4568 s / it)
Averaged stats: lr: 0.000400  loss: 21.3305 (21.5575)  loss_mal: 0.9092 (0.9383)  loss_bbox: 0.2517 (0.2433)  loss_giou: 0.5377 (0.5419)  loss_fgl: 1.1461 (1.1341)  loss_mal_aux_0: 0.9253 (0.9777)  loss_bbox_aux_0: 0.2637 (0.2501)  loss_giou_aux_0: 0.5581 (0.5590)  loss_fgl_aux_0: 1.1528 (1.1488)  loss_ddf_aux_0: 0.0147 (0.0171)  loss_mal_aux_1: 0.9058 (0.9469)  loss_bbox_aux_1: 0.2501 (0.2438)  loss_giou_aux_1: 0.5387 (0.5434)  loss_fgl_aux_1: 1.1440 (1.1345)  loss_ddf_aux_1: 0.0013 (0.0013)  loss_mal_pre: 0.9414 (0.9780)  loss_bbox_pre: 0.2635 (0.2500)  loss_giou_pre: 0.5595 (0.5580)  loss_mal_enc_0: 0.9648 (1.0175)  loss_bbox_enc_0: 0.3006 (0.2829)  loss_giou_enc_0: 0.6130 (0.6199)  loss_mal_dn_0: 0.7114 (0.7141)  loss_bbox_dn_0: 0.2772 (0.2692)  loss_giou_dn_0: 0.5552 (0.5556)  loss_fgl_dn_0: 1.1650 (1.1657)  loss_ddf_dn_0: 0.0943 (0.0985)  loss_mal_dn_1: 0.6387 (0.6358)  loss_bbox_dn_1: 0.2203 (0.2142)  loss_giou_dn_1: 0.4520 (0.4549)  loss_fgl_dn_1: 1.1173 (1.1167)  loss_ddf_dn_1: 0.0061 (0.0057)  loss_mal_dn_2: 0.6279 (0.6258)  loss_bbox_dn_2: 0.2153 (0.2099)  loss_giou_dn_2: 0.4469 (0.4481)  loss_fgl_dn_2: 1.1173 (1.1144)  loss_mal_dn_pre: 0.7114 (0.7139)  loss_bbox_dn_pre: 0.2788 (0.2727)  loss_giou_dn_pre: 0.5571 (0.5560)
Test:  [ 0/13]  eta: 0:00:38    time: 2.9708  data: 2.6045  max mem: 8321
Test:  [10/13]  eta: 0:00:01    time: 0.5861  data: 0.3193  max mem: 8321
Test:  [12/13]  eta: 0:00:00    time: 0.5384  data: 0.2843  max mem: 8321
Test: Total time: 0:00:07 (0.5456 s / it)
Averaged stats: 
Accumulating evaluation results...
COCOeval_opt.accumulate() finished...
DONE (t=0.32s).
IoU metric: bbox
 Average Precision  (AP) @[ IoU=0.50:0.95 | area=   all | maxDets=100 ] = 0.270
 Average Precision  (AP) @[ IoU=0.50      | area=   all | maxDets=100 ] = 0.584
 Average Precision  (AP) @[ IoU=0.75      | area=   all | maxDets=100 ] = 0.214
 Average Precision  (AP) @[ IoU=0.50:0.95 | area= small | maxDets=100 ] = 0.123
 Average Precision  (AP) @[ IoU=0.50:0.95 | area=medium | maxDets=100 ] = 0.230
 Average Precision  (AP) @[ IoU=0.50:0.95 | area= large | maxDets=100 ] = 0.318
 Average Recall     (AR) @[ IoU=0.50:0.95 | area=   all | maxDets=  1 ] = 0.254
 Average Recall     (AR) @[ IoU=0.50:0.95 | area=   all | maxDets= 10 ] = 0.477
 Average Recall     (AR) @[ IoU=0.50:0.95 | area=   all | maxDets=100 ] = 0.562
 Average Recall     (AR) @[ IoU=0.50:0.95 | area= small | maxDets=100 ] = 0.309
 Average Recall     (AR) @[ IoU=0.50:0.95 | area=medium | maxDets=100 ] = 0.533
 Average Recall     (AR) @[ IoU=0.50:0.95 | area= large | maxDets=100 ] = 0.634
 Average Recall     (AR) @[ IoU=0.50      | area=   all | maxDets=100 ] = 0.957
 Average Recall     (AR) @[ IoU=0.75      | area=   all | maxDets=100 ] = 0.571
best_stat: {'epoch': 123, 'coco_eval_bbox': 0.2756708282295533}
Epoch: [144]  [  0/197]  eta: 0:10:26  lr: 0.000400  loss: 22.7179 (22.7179)  loss_mal: 0.9614 (0.9614)  loss_bbox: 0.4179 (0.4179)  loss_giou: 0.5086 (0.5086)  loss_fgl: 1.1309 (1.1309)  loss_mal_aux_0: 1.0205 (1.0205)  loss_bbox_aux_0: 0.4253 (0.4253)  loss_giou_aux_0: 0.5152 (0.5152)  loss_fgl_aux_0: 1.1421 (1.1421)  loss_ddf_aux_0: 0.0150 (0.0150)  loss_mal_aux_1: 0.9976 (0.9976)  loss_bbox_aux_1: 0.4211 (0.4211)  loss_giou_aux_1: 0.5109 (0.5109)  loss_fgl_aux_1: 1.1274 (1.1274)  loss_ddf_aux_1: 0.0012 (0.0012)  loss_mal_pre: 1.0225 (1.0225)  loss_bbox_pre: 0.4214 (0.4214)  loss_giou_pre: 0.5149 (0.5149)  loss_mal_enc_0: 1.0459 (1.0459)  loss_bbox_enc_0: 0.4675 (0.4675)  loss_giou_enc_0: 0.5778 (0.5778)  loss_mal_dn_0: 0.7451 (0.7451)  loss_bbox_dn_0: 0.3892 (0.3892)  loss_giou_dn_0: 0.5046 (0.5046)  loss_fgl_dn_0: 1.1536 (1.1536)  loss_ddf_dn_0: 0.1007 (0.1007)  loss_mal_dn_1: 0.6626 (0.6626)  loss_bbox_dn_1: 0.3210 (0.3210)  loss_giou_dn_1: 0.4095 (0.4095)  loss_fgl_dn_1: 1.0933 (1.0933)  loss_ddf_dn_1: 0.0057 (0.0057)  loss_mal_dn_2: 0.6421 (0.6421)  loss_bbox_dn_2: 0.3171 (0.3171)  loss_giou_dn_2: 0.4050 (0.4050)  loss_fgl_dn_2: 1.0928 (1.0928)  loss_mal_dn_pre: 0.7451 (0.7451)  loss_bbox_dn_pre: 0.3834 (0.3834)  loss_giou_dn_pre: 0.5022 (0.5022)  time: 3.1826  data: 2.5591  max mem: 8321
Epoch: [144]  [196/197]  eta: 0:00:00  lr: 0.000400  loss: 21.7224 (21.4578)  loss_mal: 0.9355 (0.9314)  loss_bbox: 0.2464 (0.2376)  loss_giou: 0.5635 (0.5442)  loss_fgl: 1.1323 (1.1321)  loss_mal_aux_0: 0.9497 (0.9666)  loss_bbox_aux_0: 0.2515 (0.2446)  loss_giou_aux_0: 0.5690 (0.5602)  loss_fgl_aux_0: 1.1455 (1.1466)  loss_ddf_aux_0: 0.0155 (0.0168)  loss_mal_aux_1: 0.9214 (0.9380)  loss_bbox_aux_1: 0.2516 (0.2385)  loss_giou_aux_1: 0.5676 (0.5455)  loss_fgl_aux_1: 1.1330 (1.1325)  loss_ddf_aux_1: 0.0013 (0.0013)  loss_mal_pre: 0.9473 (0.9665)  loss_bbox_pre: 0.2496 (0.2445)  loss_giou_pre: 0.5671 (0.5591)  loss_mal_enc_0: 0.9927 (1.0091)  loss_bbox_enc_0: 0.2877 (0.2765)  loss_giou_enc_0: 0.6464 (0.6223)  loss_mal_dn_0: 0.7109 (0.7117)  loss_bbox_dn_0: 0.2480 (0.2653)  loss_giou_dn_0: 0.5730 (0.5567)  loss_fgl_dn_0: 1.1593 (1.1642)  loss_ddf_dn_0: 0.0974 (0.0989)  loss_mal_dn_1: 0.6396 (0.6344)  loss_bbox_dn_1: 0.2010 (0.2093)  loss_giou_dn_1: 0.4659 (0.4553)  loss_fgl_dn_1: 1.1143 (1.1147)  loss_ddf_dn_1: 0.0058 (0.0057)  loss_mal_dn_2: 0.6313 (0.6242)  loss_bbox_dn_2: 0.1971 (0.2050)  loss_giou_dn_2: 0.4583 (0.4484)  loss_fgl_dn_2: 1.1112 (1.1126)  loss_mal_dn_pre: 0.7114 (0.7115)  loss_bbox_dn_pre: 0.2528 (0.2687)  loss_giou_dn_pre: 0.5737 (0.5570)  time: 0.3971  data: 0.0492  max mem: 8321
Epoch: [144] Total time: 0:01:28 (0.4496 s / it)
Averaged stats: lr: 0.000400  loss: 21.7224 (21.4578)  loss_mal: 0.9355 (0.9314)  loss_bbox: 0.2464 (0.2376)  loss_giou: 0.5635 (0.5442)  loss_fgl: 1.1323 (1.1321)  loss_mal_aux_0: 0.9497 (0.9666)  loss_bbox_aux_0: 0.2515 (0.2446)  loss_giou_aux_0: 0.5690 (0.5602)  loss_fgl_aux_0: 1.1455 (1.1466)  loss_ddf_aux_0: 0.0155 (0.0168)  loss_mal_aux_1: 0.9214 (0.9380)  loss_bbox_aux_1: 0.2516 (0.2385)  loss_giou_aux_1: 0.5676 (0.5455)  loss_fgl_aux_1: 1.1330 (1.1325)  loss_ddf_aux_1: 0.0013 (0.0013)  loss_mal_pre: 0.9473 (0.9665)  loss_bbox_pre: 0.2496 (0.2445)  loss_giou_pre: 0.5671 (0.5591)  loss_mal_enc_0: 0.9927 (1.0091)  loss_bbox_enc_0: 0.2877 (0.2765)  loss_giou_enc_0: 0.6464 (0.6223)  loss_mal_dn_0: 0.7109 (0.7117)  loss_bbox_dn_0: 0.2480 (0.2653)  loss_giou_dn_0: 0.5730 (0.5567)  loss_fgl_dn_0: 1.1593 (1.1642)  loss_ddf_dn_0: 0.0974 (0.0989)  loss_mal_dn_1: 0.6396 (0.6344)  loss_bbox_dn_1: 0.2010 (0.2093)  loss_giou_dn_1: 0.4659 (0.4553)  loss_fgl_dn_1: 1.1143 (1.1147)  loss_ddf_dn_1: 0.0058 (0.0057)  loss_mal_dn_2: 0.6313 (0.6242)  loss_bbox_dn_2: 0.1971 (0.2050)  loss_giou_dn_2: 0.4583 (0.4484)  loss_fgl_dn_2: 1.1112 (1.1126)  loss_mal_dn_pre: 0.7114 (0.7115)  loss_bbox_dn_pre: 0.2528 (0.2687)  loss_giou_dn_pre: 0.5737 (0.5570)
Test:  [ 0/13]  eta: 0:00:38    time: 2.9473  data: 2.5867  max mem: 8321
Test:  [10/13]  eta: 0:00:01    time: 0.5913  data: 0.3215  max mem: 8321
Test:  [12/13]  eta: 0:00:00    time: 0.5355  data: 0.2783  max mem: 8321
Test: Total time: 0:00:07 (0.5428 s / it)
Averaged stats: 
Accumulating evaluation results...
COCOeval_opt.accumulate() finished...
DONE (t=0.30s).
IoU metric: bbox
 Average Precision  (AP) @[ IoU=0.50:0.95 | area=   all | maxDets=100 ] = 0.269
 Average Precision  (AP) @[ IoU=0.50      | area=   all | maxDets=100 ] = 0.584
 Average Precision  (AP) @[ IoU=0.75      | area=   all | maxDets=100 ] = 0.212
 Average Precision  (AP) @[ IoU=0.50:0.95 | area= small | maxDets=100 ] = 0.123
 Average Precision  (AP) @[ IoU=0.50:0.95 | area=medium | maxDets=100 ] = 0.229
 Average Precision  (AP) @[ IoU=0.50:0.95 | area= large | maxDets=100 ] = 0.319
 Average Recall     (AR) @[ IoU=0.50:0.95 | area=   all | maxDets=  1 ] = 0.253
 Average Recall     (AR) @[ IoU=0.50:0.95 | area=   all | maxDets= 10 ] = 0.475
 Average Recall     (AR) @[ IoU=0.50:0.95 | area=   all | maxDets=100 ] = 0.562
 Average Recall     (AR) @[ IoU=0.50:0.95 | area= small | maxDets=100 ] = 0.312
 Average Recall     (AR) @[ IoU=0.50:0.95 | area=medium | maxDets=100 ] = 0.531
 Average Recall     (AR) @[ IoU=0.50:0.95 | area= large | maxDets=100 ] = 0.636
 Average Recall     (AR) @[ IoU=0.50      | area=   all | maxDets=100 ] = 0.958
 Average Recall     (AR) @[ IoU=0.75      | area=   all | maxDets=100 ] = 0.566
best_stat: {'epoch': 123, 'coco_eval_bbox': 0.2756708282295533}
Epoch: [145]  [  0/197]  eta: 0:10:55  lr: 0.000400  loss: 20.3016 (20.3016)  loss_mal: 0.8120 (0.8120)  loss_bbox: 0.2202 (0.2202)  loss_giou: 0.4899 (0.4899)  loss_fgl: 1.1231 (1.1231)  loss_mal_aux_0: 0.8813 (0.8813)  loss_bbox_aux_0: 0.2277 (0.2277)  loss_giou_aux_0: 0.5143 (0.5143)  loss_fgl_aux_0: 1.1468 (1.1468)  loss_ddf_aux_0: 0.0164 (0.0164)  loss_mal_aux_1: 0.8486 (0.8486)  loss_bbox_aux_1: 0.2183 (0.2183)  loss_giou_aux_1: 0.4929 (0.4929)  loss_fgl_aux_1: 1.1247 (1.1247)  loss_ddf_aux_1: 0.0012 (0.0012)  loss_mal_pre: 0.8809 (0.8809)  loss_bbox_pre: 0.2296 (0.2296)  loss_giou_pre: 0.5144 (0.5144)  loss_mal_enc_0: 0.9375 (0.9375)  loss_bbox_enc_0: 0.2675 (0.2675)  loss_giou_enc_0: 0.5637 (0.5637)  loss_mal_dn_0: 0.6904 (0.6904)  loss_bbox_dn_0: 0.2429 (0.2429)  loss_giou_dn_0: 0.5135 (0.5135)  loss_fgl_dn_0: 1.1869 (1.1869)  loss_ddf_dn_0: 0.1085 (0.1085)  loss_mal_dn_1: 0.6079 (0.6079)  loss_bbox_dn_1: 0.1844 (0.1844)  loss_giou_dn_1: 0.4071 (0.4071)  loss_fgl_dn_1: 1.1108 (1.1108)  loss_ddf_dn_1: 0.0056 (0.0056)  loss_mal_dn_2: 0.5967 (0.5967)  loss_bbox_dn_2: 0.1806 (0.1806)  loss_giou_dn_2: 0.3986 (0.3986)  loss_fgl_dn_2: 1.1057 (1.1057)  loss_mal_dn_pre: 0.6904 (0.6904)  loss_bbox_dn_pre: 0.2475 (0.2475)  loss_giou_dn_pre: 0.5132 (0.5132)  time: 3.3253  data: 2.7915  max mem: 8321
Epoch: [145]  [196/197]  eta: 0:00:00  lr: 0.000400  loss: 21.4836 (21.4158)  loss_mal: 0.9214 (0.9270)  loss_bbox: 0.1985 (0.2380)  loss_giou: 0.5609 (0.5351)  loss_fgl: 1.1433 (1.1358)  loss_mal_aux_0: 0.9819 (0.9690)  loss_bbox_aux_0: 0.2091 (0.2467)  loss_giou_aux_0: 0.5795 (0.5528)  loss_fgl_aux_0: 1.1554 (1.1514)  loss_ddf_aux_0: 0.0138 (0.0173)  loss_mal_aux_1: 0.9336 (0.9417)  loss_bbox_aux_1: 0.1990 (0.2388)  loss_giou_aux_1: 0.5630 (0.5368)  loss_fgl_aux_1: 1.1426 (1.1362)  loss_ddf_aux_1: 0.0011 (0.0012)  loss_mal_pre: 0.9956 (0.9695)  loss_bbox_pre: 0.2081 (0.2462)  loss_giou_pre: 0.5765 (0.5514)  loss_mal_enc_0: 1.0225 (1.0181)  loss_bbox_enc_0: 0.2359 (0.2780)  loss_giou_enc_0: 0.6146 (0.6125)  loss_mal_dn_0: 0.7202 (0.7108)  loss_bbox_dn_0: 0.2275 (0.2648)  loss_giou_dn_0: 0.5797 (0.5485)  loss_fgl_dn_0: 1.1666 (1.1673)  loss_ddf_dn_0: 0.0964 (0.1015)  loss_mal_dn_1: 0.6450 (0.6319)  loss_bbox_dn_1: 0.1770 (0.2090)  loss_giou_dn_1: 0.4734 (0.4483)  loss_fgl_dn_1: 1.1262 (1.1160)  loss_ddf_dn_1: 0.0055 (0.0058)  loss_mal_dn_2: 0.6333 (0.6214)  loss_bbox_dn_2: 0.1735 (0.2047)  loss_giou_dn_2: 0.4668 (0.4413)  loss_fgl_dn_2: 1.1228 (1.1136)  loss_mal_dn_pre: 0.7197 (0.7105)  loss_bbox_dn_pre: 0.2281 (0.2679)  loss_giou_dn_pre: 0.5786 (0.5487)  time: 0.3993  data: 0.0441  max mem: 8321
Epoch: [145] Total time: 0:01:32 (0.4671 s / it)
Averaged stats: lr: 0.000400  loss: 21.4836 (21.4158)  loss_mal: 0.9214 (0.9270)  loss_bbox: 0.1985 (0.2380)  loss_giou: 0.5609 (0.5351)  loss_fgl: 1.1433 (1.1358)  loss_mal_aux_0: 0.9819 (0.9690)  loss_bbox_aux_0: 0.2091 (0.2467)  loss_giou_aux_0: 0.5795 (0.5528)  loss_fgl_aux_0: 1.1554 (1.1514)  loss_ddf_aux_0: 0.0138 (0.0173)  loss_mal_aux_1: 0.9336 (0.9417)  loss_bbox_aux_1: 0.1990 (0.2388)  loss_giou_aux_1: 0.5630 (0.5368)  loss_fgl_aux_1: 1.1426 (1.1362)  loss_ddf_aux_1: 0.0011 (0.0012)  loss_mal_pre: 0.9956 (0.9695)  loss_bbox_pre: 0.2081 (0.2462)  loss_giou_pre: 0.5765 (0.5514)  loss_mal_enc_0: 1.0225 (1.0181)  loss_bbox_enc_0: 0.2359 (0.2780)  loss_giou_enc_0: 0.6146 (0.6125)  loss_mal_dn_0: 0.7202 (0.7108)  loss_bbox_dn_0: 0.2275 (0.2648)  loss_giou_dn_0: 0.5797 (0.5485)  loss_fgl_dn_0: 1.1666 (1.1673)  loss_ddf_dn_0: 0.0964 (0.1015)  loss_mal_dn_1: 0.6450 (0.6319)  loss_bbox_dn_1: 0.1770 (0.2090)  loss_giou_dn_1: 0.4734 (0.4483)  loss_fgl_dn_1: 1.1262 (1.1160)  loss_ddf_dn_1: 0.0055 (0.0058)  loss_mal_dn_2: 0.6333 (0.6214)  loss_bbox_dn_2: 0.1735 (0.2047)  loss_giou_dn_2: 0.4668 (0.4413)  loss_fgl_dn_2: 1.1228 (1.1136)  loss_mal_dn_pre: 0.7197 (0.7105)  loss_bbox_dn_pre: 0.2281 (0.2679)  loss_giou_dn_pre: 0.5786 (0.5487)
Test:  [ 0/13]  eta: 0:00:31    time: 2.4386  data: 2.2153  max mem: 8321
Test:  [10/13]  eta: 0:00:01    time: 0.5919  data: 0.3337  max mem: 8321
Test:  [12/13]  eta: 0:00:00    time: 0.5359  data: 0.2884  max mem: 8321
Test: Total time: 0:00:07 (0.5419 s / it)
Averaged stats: 
Accumulating evaluation results...
COCOeval_opt.accumulate() finished...
DONE (t=0.30s).
IoU metric: bbox
 Average Precision  (AP) @[ IoU=0.50:0.95 | area=   all | maxDets=100 ] = 0.268
 Average Precision  (AP) @[ IoU=0.50      | area=   all | maxDets=100 ] = 0.583
 Average Precision  (AP) @[ IoU=0.75      | area=   all | maxDets=100 ] = 0.210
 Average Precision  (AP) @[ IoU=0.50:0.95 | area= small | maxDets=100 ] = 0.122
 Average Precision  (AP) @[ IoU=0.50:0.95 | area=medium | maxDets=100 ] = 0.228
 Average Precision  (AP) @[ IoU=0.50:0.95 | area= large | maxDets=100 ] = 0.318
 Average Recall     (AR) @[ IoU=0.50:0.95 | area=   all | maxDets=  1 ] = 0.253
 Average Recall     (AR) @[ IoU=0.50:0.95 | area=   all | maxDets= 10 ] = 0.474
 Average Recall     (AR) @[ IoU=0.50:0.95 | area=   all | maxDets=100 ] = 0.562
 Average Recall     (AR) @[ IoU=0.50:0.95 | area= small | maxDets=100 ] = 0.313
 Average Recall     (AR) @[ IoU=0.50:0.95 | area=medium | maxDets=100 ] = 0.530
 Average Recall     (AR) @[ IoU=0.50:0.95 | area= large | maxDets=100 ] = 0.634
 Average Recall     (AR) @[ IoU=0.50      | area=   all | maxDets=100 ] = 0.957
 Average Recall     (AR) @[ IoU=0.75      | area=   all | maxDets=100 ] = 0.569
best_stat: {'epoch': 123, 'coco_eval_bbox': 0.2756708282295533}
Epoch: [146]  [  0/197]  eta: 0:08:55  lr: 0.000400  loss: 21.4619 (21.4619)  loss_mal: 0.8564 (0.8564)  loss_bbox: 0.2980 (0.2980)  loss_giou: 0.5410 (0.5410)  loss_fgl: 1.1347 (1.1347)  loss_mal_aux_0: 0.9141 (0.9141)  loss_bbox_aux_0: 0.2995 (0.2995)  loss_giou_aux_0: 0.5480 (0.5480)  loss_fgl_aux_0: 1.1458 (1.1458)  loss_ddf_aux_0: 0.0141 (0.0141)  loss_mal_aux_1: 0.8511 (0.8511)  loss_bbox_aux_1: 0.2967 (0.2967)  loss_giou_aux_1: 0.5411 (0.5411)  loss_fgl_aux_1: 1.1324 (1.1324)  loss_ddf_aux_1: 0.0011 (0.0011)  loss_mal_pre: 0.9141 (0.9141)  loss_bbox_pre: 0.3003 (0.3003)  loss_giou_pre: 0.5504 (0.5504)  loss_mal_enc_0: 1.0088 (1.0088)  loss_bbox_enc_0: 0.3281 (0.3281)  loss_giou_enc_0: 0.6046 (0.6046)  loss_mal_dn_0: 0.7300 (0.7300)  loss_bbox_dn_0: 0.2853 (0.2853)  loss_giou_dn_0: 0.5522 (0.5522)  loss_fgl_dn_0: 1.1603 (1.1603)  loss_ddf_dn_0: 0.1058 (0.1058)  loss_mal_dn_1: 0.6318 (0.6318)  loss_bbox_dn_1: 0.2189 (0.2189)  loss_giou_dn_1: 0.4352 (0.4352)  loss_fgl_dn_1: 1.1029 (1.1029)  loss_ddf_dn_1: 0.0060 (0.0060)  loss_mal_dn_2: 0.6270 (0.6270)  loss_bbox_dn_2: 0.2180 (0.2180)  loss_giou_dn_2: 0.4319 (0.4319)  loss_fgl_dn_2: 1.1008 (1.1008)  loss_mal_dn_pre: 0.7300 (0.7300)  loss_bbox_dn_pre: 0.2950 (0.2950)  loss_giou_dn_pre: 0.5509 (0.5509)  time: 2.7191  data: 2.2432  max mem: 8321
Epoch: [146]  [196/197]  eta: 0:00:00  lr: 0.000400  loss: 21.8546 (21.4720)  loss_mal: 0.9507 (0.9212)  loss_bbox: 0.2275 (0.2402)  loss_giou: 0.5589 (0.5475)  loss_fgl: 1.1178 (1.1293)  loss_mal_aux_0: 0.9927 (0.9671)  loss_bbox_aux_0: 0.2303 (0.2483)  loss_giou_aux_0: 0.5791 (0.5655)  loss_fgl_aux_0: 1.1328 (1.1434)  loss_ddf_aux_0: 0.0172 (0.0177)  loss_mal_aux_1: 0.9688 (0.9384)  loss_bbox_aux_1: 0.2292 (0.2415)  loss_giou_aux_1: 0.5599 (0.5495)  loss_fgl_aux_1: 1.1181 (1.1298)  loss_ddf_aux_1: 0.0015 (0.0014)  loss_mal_pre: 0.9858 (0.9684)  loss_bbox_pre: 0.2287 (0.2481)  loss_giou_pre: 0.5783 (0.5646)  loss_mal_enc_0: 1.0098 (1.0099)  loss_bbox_enc_0: 0.2498 (0.2794)  loss_giou_enc_0: 0.6420 (0.6247)  loss_mal_dn_0: 0.7114 (0.7113)  loss_bbox_dn_0: 0.2498 (0.2648)  loss_giou_dn_0: 0.5581 (0.5541)  loss_fgl_dn_0: 1.1582 (1.1631)  loss_ddf_dn_0: 0.1000 (0.1000)  loss_mal_dn_1: 0.6406 (0.6339)  loss_bbox_dn_1: 0.1948 (0.2105)  loss_giou_dn_1: 0.4559 (0.4551)  loss_fgl_dn_1: 1.1078 (1.1136)  loss_ddf_dn_1: 0.0059 (0.0060)  loss_mal_dn_2: 0.6284 (0.6239)  loss_bbox_dn_2: 0.1906 (0.2063)  loss_giou_dn_2: 0.4445 (0.4482)  loss_fgl_dn_2: 1.1073 (1.1112)  loss_mal_dn_pre: 0.7109 (0.7110)  loss_bbox_dn_pre: 0.2565 (0.2689)  loss_giou_dn_pre: 0.5593 (0.5546)  time: 0.4163  data: 0.0406  max mem: 8321
Epoch: [146] Total time: 0:01:29 (0.4523 s / it)
Averaged stats: lr: 0.000400  loss: 21.8546 (21.4720)  loss_mal: 0.9507 (0.9212)  loss_bbox: 0.2275 (0.2402)  loss_giou: 0.5589 (0.5475)  loss_fgl: 1.1178 (1.1293)  loss_mal_aux_0: 0.9927 (0.9671)  loss_bbox_aux_0: 0.2303 (0.2483)  loss_giou_aux_0: 0.5791 (0.5655)  loss_fgl_aux_0: 1.1328 (1.1434)  loss_ddf_aux_0: 0.0172 (0.0177)  loss_mal_aux_1: 0.9688 (0.9384)  loss_bbox_aux_1: 0.2292 (0.2415)  loss_giou_aux_1: 0.5599 (0.5495)  loss_fgl_aux_1: 1.1181 (1.1298)  loss_ddf_aux_1: 0.0015 (0.0014)  loss_mal_pre: 0.9858 (0.9684)  loss_bbox_pre: 0.2287 (0.2481)  loss_giou_pre: 0.5783 (0.5646)  loss_mal_enc_0: 1.0098 (1.0099)  loss_bbox_enc_0: 0.2498 (0.2794)  loss_giou_enc_0: 0.6420 (0.6247)  loss_mal_dn_0: 0.7114 (0.7113)  loss_bbox_dn_0: 0.2498 (0.2648)  loss_giou_dn_0: 0.5581 (0.5541)  loss_fgl_dn_0: 1.1582 (1.1631)  loss_ddf_dn_0: 0.1000 (0.1000)  loss_mal_dn_1: 0.6406 (0.6339)  loss_bbox_dn_1: 0.1948 (0.2105)  loss_giou_dn_1: 0.4559 (0.4551)  loss_fgl_dn_1: 1.1078 (1.1136)  loss_ddf_dn_1: 0.0059 (0.0060)  loss_mal_dn_2: 0.6284 (0.6239)  loss_bbox_dn_2: 0.1906 (0.2063)  loss_giou_dn_2: 0.4445 (0.4482)  loss_fgl_dn_2: 1.1073 (1.1112)  loss_mal_dn_pre: 0.7109 (0.7110)  loss_bbox_dn_pre: 0.2565 (0.2689)  loss_giou_dn_pre: 0.5593 (0.5546)
Test:  [ 0/13]  eta: 0:00:35    time: 2.7208  data: 2.3334  max mem: 8321
Test:  [10/13]  eta: 0:00:01    time: 0.5649  data: 0.2845  max mem: 8321
Test:  [12/13]  eta: 0:00:00    time: 0.5136  data: 0.2547  max mem: 8321
Test: Total time: 0:00:06 (0.5209 s / it)
Averaged stats: 
Accumulating evaluation results...
COCOeval_opt.accumulate() finished...
DONE (t=0.29s).
IoU metric: bbox
 Average Precision  (AP) @[ IoU=0.50:0.95 | area=   all | maxDets=100 ] = 0.268
 Average Precision  (AP) @[ IoU=0.50      | area=   all | maxDets=100 ] = 0.582
 Average Precision  (AP) @[ IoU=0.75      | area=   all | maxDets=100 ] = 0.208
 Average Precision  (AP) @[ IoU=0.50:0.95 | area= small | maxDets=100 ] = 0.122
 Average Precision  (AP) @[ IoU=0.50:0.95 | area=medium | maxDets=100 ] = 0.229
 Average Precision  (AP) @[ IoU=0.50:0.95 | area= large | maxDets=100 ] = 0.317
 Average Recall     (AR) @[ IoU=0.50:0.95 | area=   all | maxDets=  1 ] = 0.253
 Average Recall     (AR) @[ IoU=0.50:0.95 | area=   all | maxDets= 10 ] = 0.474
 Average Recall     (AR) @[ IoU=0.50:0.95 | area=   all | maxDets=100 ] = 0.563
 Average Recall     (AR) @[ IoU=0.50:0.95 | area= small | maxDets=100 ] = 0.310
 Average Recall     (AR) @[ IoU=0.50:0.95 | area=medium | maxDets=100 ] = 0.531
 Average Recall     (AR) @[ IoU=0.50:0.95 | area= large | maxDets=100 ] = 0.637
 Average Recall     (AR) @[ IoU=0.50      | area=   all | maxDets=100 ] = 0.958
 Average Recall     (AR) @[ IoU=0.75      | area=   all | maxDets=100 ] = 0.571
best_stat: {'epoch': 123, 'coco_eval_bbox': 0.2756708282295533}
Epoch: [147]  [  0/197]  eta: 0:10:13  lr: 0.000400  loss: 21.2334 (21.2334)  loss_mal: 0.8525 (0.8525)  loss_bbox: 0.3133 (0.3133)  loss_giou: 0.5457 (0.5457)  loss_fgl: 1.1378 (1.1378)  loss_mal_aux_0: 0.8677 (0.8677)  loss_bbox_aux_0: 0.3260 (0.3260)  loss_giou_aux_0: 0.5604 (0.5604)  loss_fgl_aux_0: 1.1448 (1.1448)  loss_ddf_aux_0: 0.0166 (0.0166)  loss_mal_aux_1: 0.8457 (0.8457)  loss_bbox_aux_1: 0.3138 (0.3138)  loss_giou_aux_1: 0.5475 (0.5475)  loss_fgl_aux_1: 1.1367 (1.1367)  loss_ddf_aux_1: 0.0016 (0.0016)  loss_mal_pre: 0.8613 (0.8613)  loss_bbox_pre: 0.3244 (0.3244)  loss_giou_pre: 0.5571 (0.5571)  loss_mal_enc_0: 0.8813 (0.8813)  loss_bbox_enc_0: 0.3512 (0.3512)  loss_giou_enc_0: 0.6181 (0.6181)  loss_mal_dn_0: 0.7095 (0.7095)  loss_bbox_dn_0: 0.2627 (0.2627)  loss_giou_dn_0: 0.5180 (0.5180)  loss_fgl_dn_0: 1.1805 (1.1805)  loss_ddf_dn_0: 0.1235 (0.1235)  loss_mal_dn_1: 0.6191 (0.6191)  loss_bbox_dn_1: 0.2030 (0.2030)  loss_giou_dn_1: 0.4196 (0.4196)  loss_fgl_dn_1: 1.1317 (1.1317)  loss_ddf_dn_1: 0.0068 (0.0068)  loss_mal_dn_2: 0.6099 (0.6099)  loss_bbox_dn_2: 0.2018 (0.2018)  loss_giou_dn_2: 0.4158 (0.4158)  loss_fgl_dn_2: 1.1304 (1.1304)  loss_mal_dn_pre: 0.7100 (0.7100)  loss_bbox_dn_pre: 0.2693 (0.2693)  loss_giou_dn_pre: 0.5184 (0.5184)  time: 3.1123  data: 2.5333  max mem: 8321
Epoch: [147]  [196/197]  eta: 0:00:00  lr: 0.000400  loss: 21.6793 (21.3823)  loss_mal: 0.9111 (0.9202)  loss_bbox: 0.2228 (0.2391)  loss_giou: 0.5347 (0.5428)  loss_fgl: 1.1347 (1.1299)  loss_mal_aux_0: 0.9673 (0.9619)  loss_bbox_aux_0: 0.2395 (0.2470)  loss_giou_aux_0: 0.5569 (0.5605)  loss_fgl_aux_0: 1.1504 (1.1424)  loss_ddf_aux_0: 0.0169 (0.0165)  loss_mal_aux_1: 0.9263 (0.9338)  loss_bbox_aux_1: 0.2267 (0.2400)  loss_giou_aux_1: 0.5381 (0.5442)  loss_fgl_aux_1: 1.1398 (1.1301)  loss_ddf_aux_1: 0.0014 (0.0013)  loss_mal_pre: 0.9624 (0.9609)  loss_bbox_pre: 0.2377 (0.2465)  loss_giou_pre: 0.5564 (0.5590)  loss_mal_enc_0: 1.0166 (1.0057)  loss_bbox_enc_0: 0.2690 (0.2795)  loss_giou_enc_0: 0.6211 (0.6175)  loss_mal_dn_0: 0.7124 (0.7094)  loss_bbox_dn_0: 0.2609 (0.2632)  loss_giou_dn_0: 0.5387 (0.5493)  loss_fgl_dn_0: 1.1579 (1.1639)  loss_ddf_dn_0: 0.0951 (0.1002)  loss_mal_dn_1: 0.6392 (0.6310)  loss_bbox_dn_1: 0.2042 (0.2094)  loss_giou_dn_1: 0.4540 (0.4500)  loss_fgl_dn_1: 1.1138 (1.1144)  loss_ddf_dn_1: 0.0054 (0.0056)  loss_mal_dn_2: 0.6274 (0.6208)  loss_bbox_dn_2: 0.1968 (0.2051)  loss_giou_dn_2: 0.4487 (0.4430)  loss_fgl_dn_2: 1.1133 (1.1123)  loss_mal_dn_pre: 0.7129 (0.7092)  loss_bbox_dn_pre: 0.2640 (0.2673)  loss_giou_dn_pre: 0.5401 (0.5497)  time: 0.3759  data: 0.0417  max mem: 8321
Epoch: [147] Total time: 0:01:28 (0.4491 s / it)
Averaged stats: lr: 0.000400  loss: 21.6793 (21.3823)  loss_mal: 0.9111 (0.9202)  loss_bbox: 0.2228 (0.2391)  loss_giou: 0.5347 (0.5428)  loss_fgl: 1.1347 (1.1299)  loss_mal_aux_0: 0.9673 (0.9619)  loss_bbox_aux_0: 0.2395 (0.2470)  loss_giou_aux_0: 0.5569 (0.5605)  loss_fgl_aux_0: 1.1504 (1.1424)  loss_ddf_aux_0: 0.0169 (0.0165)  loss_mal_aux_1: 0.9263 (0.9338)  loss_bbox_aux_1: 0.2267 (0.2400)  loss_giou_aux_1: 0.5381 (0.5442)  loss_fgl_aux_1: 1.1398 (1.1301)  loss_ddf_aux_1: 0.0014 (0.0013)  loss_mal_pre: 0.9624 (0.9609)  loss_bbox_pre: 0.2377 (0.2465)  loss_giou_pre: 0.5564 (0.5590)  loss_mal_enc_0: 1.0166 (1.0057)  loss_bbox_enc_0: 0.2690 (0.2795)  loss_giou_enc_0: 0.6211 (0.6175)  loss_mal_dn_0: 0.7124 (0.7094)  loss_bbox_dn_0: 0.2609 (0.2632)  loss_giou_dn_0: 0.5387 (0.5493)  loss_fgl_dn_0: 1.1579 (1.1639)  loss_ddf_dn_0: 0.0951 (0.1002)  loss_mal_dn_1: 0.6392 (0.6310)  loss_bbox_dn_1: 0.2042 (0.2094)  loss_giou_dn_1: 0.4540 (0.4500)  loss_fgl_dn_1: 1.1138 (1.1144)  loss_ddf_dn_1: 0.0054 (0.0056)  loss_mal_dn_2: 0.6274 (0.6208)  loss_bbox_dn_2: 0.1968 (0.2051)  loss_giou_dn_2: 0.4487 (0.4430)  loss_fgl_dn_2: 1.1133 (1.1123)  loss_mal_dn_pre: 0.7129 (0.7092)  loss_bbox_dn_pre: 0.2640 (0.2673)  loss_giou_dn_pre: 0.5401 (0.5497)
Test:  [ 0/13]  eta: 0:00:45    time: 3.4644  data: 3.0880  max mem: 8321
Test:  [10/13]  eta: 0:00:01    time: 0.6276  data: 0.3581  max mem: 8321
Test:  [12/13]  eta: 0:00:00    time: 0.5655  data: 0.3092  max mem: 8321
Test: Total time: 0:00:07 (0.5710 s / it)
Averaged stats: 
Accumulating evaluation results...
COCOeval_opt.accumulate() finished...
DONE (t=0.30s).
IoU metric: bbox
 Average Precision  (AP) @[ IoU=0.50:0.95 | area=   all | maxDets=100 ] = 0.268
 Average Precision  (AP) @[ IoU=0.50      | area=   all | maxDets=100 ] = 0.582
 Average Precision  (AP) @[ IoU=0.75      | area=   all | maxDets=100 ] = 0.208
 Average Precision  (AP) @[ IoU=0.50:0.95 | area= small | maxDets=100 ] = 0.123
 Average Precision  (AP) @[ IoU=0.50:0.95 | area=medium | maxDets=100 ] = 0.229
 Average Precision  (AP) @[ IoU=0.50:0.95 | area= large | maxDets=100 ] = 0.317
 Average Recall     (AR) @[ IoU=0.50:0.95 | area=   all | maxDets=  1 ] = 0.253
 Average Recall     (AR) @[ IoU=0.50:0.95 | area=   all | maxDets= 10 ] = 0.475
 Average Recall     (AR) @[ IoU=0.50:0.95 | area=   all | maxDets=100 ] = 0.565
 Average Recall     (AR) @[ IoU=0.50:0.95 | area= small | maxDets=100 ] = 0.310
 Average Recall     (AR) @[ IoU=0.50:0.95 | area=medium | maxDets=100 ] = 0.533
 Average Recall     (AR) @[ IoU=0.50:0.95 | area= large | maxDets=100 ] = 0.639
 Average Recall     (AR) @[ IoU=0.50      | area=   all | maxDets=100 ] = 0.958
 Average Recall     (AR) @[ IoU=0.75      | area=   all | maxDets=100 ] = 0.574
best_stat: {'epoch': 123, 'coco_eval_bbox': 0.2756708282295533}
/root/ROAD-DEIMv2/engine/solver/_solver.py:159: FutureWarning: You are using `torch.load` with `weights_only=False` (the current default value), which uses the default pickle module implicitly. It is possible to construct malicious pickle data which will execute arbitrary code during unpickling (See https://github.com/pytorch/pytorch/blob/main/SECURITY.md#untrusted-models for more details). In a future release, the default value for `weights_only` will be flipped to `True`. This limits the functions that could be executed during unpickling. Arbitrary objects will no longer be allowed to be loaded via this mode unless they are explicitly allowlisted by the user via `torch.serialization.add_safe_globals`. We recommend you start setting `weights_only=True` for any use case where you don't have full control of the loaded file. Please open an issue on GitHub for any issues related to this experimental feature.
  state = torch.load(path, map_location='cpu')
Load last_epoch
Load model.state_dict
Load criterion.state_dict
Load postprocessor.state_dict
Load ema.state_dict
Load scaler.state_dict
Load optimizer.state_dict
Load lr_warmup_scheduler.state_dict
Refresh EMA at epoch 148 with decay 0.9999
Epoch: [148]  [  0/197]  eta: 0:06:49  lr: 0.000400  loss: 21.8194 (21.8194)  loss_mal: 0.9180 (0.9180)  loss_bbox: 0.2726 (0.2726)  loss_giou: 0.5146 (0.5146)  loss_fgl: 1.1837 (1.1837)  loss_mal_aux_0: 0.9771 (0.9771)  loss_bbox_aux_0: 0.2836 (0.2836)  loss_giou_aux_0: 0.5352 (0.5352)  loss_fgl_aux_0: 1.1929 (1.1929)  loss_ddf_aux_0: 0.0129 (0.0129)  loss_mal_aux_1: 0.9331 (0.9331)  loss_bbox_aux_1: 0.2705 (0.2705)  loss_giou_aux_1: 0.5119 (0.5119)  loss_fgl_aux_1: 1.1862 (1.1862)  loss_ddf_aux_1: 0.0013 (0.0013)  loss_mal_pre: 0.9844 (0.9844)  loss_bbox_pre: 0.2801 (0.2801)  loss_giou_pre: 0.5303 (0.5303)  loss_mal_enc_0: 1.0508 (1.0508)  loss_bbox_enc_0: 0.3569 (0.3569)  loss_giou_enc_0: 0.6072 (0.6072)  loss_mal_dn_0: 0.7085 (0.7085)  loss_bbox_dn_0: 0.2908 (0.2908)  loss_giou_dn_0: 0.5158 (0.5158)  loss_fgl_dn_0: 1.2044 (1.2044)  loss_ddf_dn_0: 0.0856 (0.0856)  loss_mal_dn_1: 0.6245 (0.6245)  loss_bbox_dn_1: 0.2380 (0.2380)  loss_giou_dn_1: 0.4219 (0.4219)  loss_fgl_dn_1: 1.1677 (1.1677)  loss_ddf_dn_1: 0.0048 (0.0048)  loss_mal_dn_2: 0.6123 (0.6123)  loss_bbox_dn_2: 0.2366 (0.2366)  loss_giou_dn_2: 0.4193 (0.4193)  loss_fgl_dn_2: 1.1642 (1.1642)  loss_mal_dn_pre: 0.7090 (0.7090)  loss_bbox_dn_pre: 0.2968 (0.2968)  loss_giou_dn_pre: 0.5162 (0.5162)  time: 2.0810  data: 1.5720  max mem: 8321
Epoch: [148]  [196/197]  eta: 0:00:00  lr: 0.000400  loss: 19.8976 (20.3411)  loss_mal: 0.8662 (0.8823)  loss_bbox: 0.2008 (0.2090)  loss_giou: 0.4099 (0.4377)  loss_fgl: 1.1945 (1.1951)  loss_mal_aux_0: 0.9116 (0.9230)  loss_bbox_aux_0: 0.2057 (0.2158)  loss_giou_aux_0: 0.4244 (0.4508)  loss_fgl_aux_0: 1.2004 (1.2032)  loss_ddf_aux_0: 0.0112 (0.0104)  loss_mal_aux_1: 0.8765 (0.8907)  loss_bbox_aux_1: 0.1991 (0.2097)  loss_giou_aux_1: 0.4130 (0.4389)  loss_fgl_aux_1: 1.1926 (1.1948)  loss_ddf_aux_1: 0.0010 (0.0010)  loss_mal_pre: 0.9097 (0.9228)  loss_bbox_pre: 0.2076 (0.2157)  loss_giou_pre: 0.4246 (0.4501)  loss_mal_enc_0: 0.9648 (1.0002)  loss_bbox_enc_0: 0.2400 (0.2480)  loss_giou_enc_0: 0.4769 (0.5037)  loss_mal_dn_0: 0.6904 (0.6951)  loss_bbox_dn_0: 0.2307 (0.2380)  loss_giou_dn_0: 0.4467 (0.4663)  loss_fgl_dn_0: 1.2022 (1.2051)  loss_ddf_dn_0: 0.0765 (0.0795)  loss_mal_dn_1: 0.6001 (0.6059)  loss_bbox_dn_1: 0.1867 (0.1882)  loss_giou_dn_1: 0.3668 (0.3820)  loss_fgl_dn_1: 1.1520 (1.1573)  loss_ddf_dn_1: 0.0043 (0.0043)  loss_mal_dn_2: 0.5889 (0.5954)  loss_bbox_dn_2: 0.1848 (0.1847)  loss_giou_dn_2: 0.3647 (0.3767)  loss_fgl_dn_2: 1.1524 (1.1562)  loss_mal_dn_pre: 0.6875 (0.6948)  loss_bbox_dn_pre: 0.2317 (0.2415)  loss_giou_dn_pre: 0.4478 (0.4669)  time: 0.3712  data: 0.0330  max mem: 8321
Epoch: [148] Total time: 0:01:24 (0.4293 s / it)
Averaged stats: lr: 0.000400  loss: 19.8976 (20.3411)  loss_mal: 0.8662 (0.8823)  loss_bbox: 0.2008 (0.2090)  loss_giou: 0.4099 (0.4377)  loss_fgl: 1.1945 (1.1951)  loss_mal_aux_0: 0.9116 (0.9230)  loss_bbox_aux_0: 0.2057 (0.2158)  loss_giou_aux_0: 0.4244 (0.4508)  loss_fgl_aux_0: 1.2004 (1.2032)  loss_ddf_aux_0: 0.0112 (0.0104)  loss_mal_aux_1: 0.8765 (0.8907)  loss_bbox_aux_1: 0.1991 (0.2097)  loss_giou_aux_1: 0.4130 (0.4389)  loss_fgl_aux_1: 1.1926 (1.1948)  loss_ddf_aux_1: 0.0010 (0.0010)  loss_mal_pre: 0.9097 (0.9228)  loss_bbox_pre: 0.2076 (0.2157)  loss_giou_pre: 0.4246 (0.4501)  loss_mal_enc_0: 0.9648 (1.0002)  loss_bbox_enc_0: 0.2400 (0.2480)  loss_giou_enc_0: 0.4769 (0.5037)  loss_mal_dn_0: 0.6904 (0.6951)  loss_bbox_dn_0: 0.2307 (0.2380)  loss_giou_dn_0: 0.4467 (0.4663)  loss_fgl_dn_0: 1.2022 (1.2051)  loss_ddf_dn_0: 0.0765 (0.0795)  loss_mal_dn_1: 0.6001 (0.6059)  loss_bbox_dn_1: 0.1867 (0.1882)  loss_giou_dn_1: 0.3668 (0.3820)  loss_fgl_dn_1: 1.1520 (1.1573)  loss_ddf_dn_1: 0.0043 (0.0043)  loss_mal_dn_2: 0.5889 (0.5954)  loss_bbox_dn_2: 0.1848 (0.1847)  loss_giou_dn_2: 0.3647 (0.3767)  loss_fgl_dn_2: 1.1524 (1.1562)  loss_mal_dn_pre: 0.6875 (0.6948)  loss_bbox_dn_pre: 0.2317 (0.2415)  loss_giou_dn_pre: 0.4478 (0.4669)
Test:  [ 0/13]  eta: 0:00:36    time: 2.8164  data: 2.4706  max mem: 8321
Test:  [10/13]  eta: 0:00:01    time: 0.5924  data: 0.3290  max mem: 8321
Test:  [12/13]  eta: 0:00:00    time: 0.5376  data: 0.2842  max mem: 8321
Test: Total time: 0:00:07 (0.5441 s / it)
Averaged stats: 
Accumulating evaluation results...
COCOeval_opt.accumulate() finished...
DONE (t=0.29s).
IoU metric: bbox
 Average Precision  (AP) @[ IoU=0.50:0.95 | area=   all | maxDets=100 ] = 0.275
 Average Precision  (AP) @[ IoU=0.50      | area=   all | maxDets=100 ] = 0.588
 Average Precision  (AP) @[ IoU=0.75      | area=   all | maxDets=100 ] = 0.212
 Average Precision  (AP) @[ IoU=0.50:0.95 | area= small | maxDets=100 ] = 0.126
 Average Precision  (AP) @[ IoU=0.50:0.95 | area=medium | maxDets=100 ] = 0.233
 Average Precision  (AP) @[ IoU=0.50:0.95 | area= large | maxDets=100 ] = 0.323
 Average Recall     (AR) @[ IoU=0.50:0.95 | area=   all | maxDets=  1 ] = 0.254
 Average Recall     (AR) @[ IoU=0.50:0.95 | area=   all | maxDets= 10 ] = 0.480
 Average Recall     (AR) @[ IoU=0.50:0.95 | area=   all | maxDets=100 ] = 0.558
 Average Recall     (AR) @[ IoU=0.50:0.95 | area= small | maxDets=100 ] = 0.297
 Average Recall     (AR) @[ IoU=0.50:0.95 | area=medium | maxDets=100 ] = 0.532
 Average Recall     (AR) @[ IoU=0.50:0.95 | area= large | maxDets=100 ] = 0.632
 Average Recall     (AR) @[ IoU=0.50      | area=   all | maxDets=100 ] = 0.957
 Average Recall     (AR) @[ IoU=0.75      | area=   all | maxDets=100 ] = 0.556
best_stat: {'epoch': 123, 'coco_eval_bbox': 0.2756708282295533}
Load last_epoch
Load model.state_dict
Load criterion.state_dict
Load postprocessor.state_dict
Load ema.state_dict
Load scaler.state_dict
Load optimizer.state_dict
Load lr_warmup_scheduler.state_dict
Refresh EMA at epoch 148 with decay 0.9998
Epoch: [149]  [  0/197]  eta: 0:06:55  lr: 0.000400  loss: 21.9432 (21.9432)  loss_mal: 1.0039 (1.0039)  loss_bbox: 0.2320 (0.2320)  loss_giou: 0.4475 (0.4475)  loss_fgl: 1.2301 (1.2301)  loss_mal_aux_0: 1.1006 (1.1006)  loss_bbox_aux_0: 0.2421 (0.2421)  loss_giou_aux_0: 0.4716 (0.4716)  loss_fgl_aux_0: 1.2305 (1.2305)  loss_ddf_aux_0: 0.0164 (0.0164)  loss_mal_aux_1: 1.0303 (1.0303)  loss_bbox_aux_1: 0.2349 (0.2349)  loss_giou_aux_1: 0.4541 (0.4541)  loss_fgl_aux_1: 1.2290 (1.2290)  loss_ddf_aux_1: 0.0012 (0.0012)  loss_mal_pre: 1.1016 (1.1016)  loss_bbox_pre: 0.2395 (0.2395)  loss_giou_pre: 0.4694 (0.4694)  loss_mal_enc_0: 1.1182 (1.1182)  loss_bbox_enc_0: 0.3099 (0.3099)  loss_giou_enc_0: 0.5582 (0.5582)  loss_mal_dn_0: 0.7285 (0.7285)  loss_bbox_dn_0: 0.3095 (0.3095)  loss_giou_dn_0: 0.4991 (0.4991)  loss_fgl_dn_0: 1.2055 (1.2055)  loss_ddf_dn_0: 0.0996 (0.0996)  loss_mal_dn_1: 0.6328 (0.6328)  loss_bbox_dn_1: 0.2233 (0.2233)  loss_giou_dn_1: 0.4068 (0.4068)  loss_fgl_dn_1: 1.1711 (1.1711)  loss_ddf_dn_1: 0.0054 (0.0054)  loss_mal_dn_2: 0.6187 (0.6187)  loss_bbox_dn_2: 0.2156 (0.2156)  loss_giou_dn_2: 0.3956 (0.3956)  loss_fgl_dn_2: 1.1694 (1.1694)  loss_mal_dn_pre: 0.7280 (0.7280)  loss_bbox_dn_pre: 0.3133 (0.3133)  loss_giou_dn_pre: 0.5002 (0.5002)  time: 2.1105  data: 1.6826  max mem: 8321
Epoch: [149]  [196/197]  eta: 0:00:00  lr: 0.000400  loss: 20.2852 (20.2874)  loss_mal: 0.8486 (0.8722)  loss_bbox: 0.2120 (0.2081)  loss_giou: 0.4424 (0.4377)  loss_fgl: 1.1893 (1.1921)  loss_mal_aux_0: 0.9082 (0.9188)  loss_bbox_aux_0: 0.2136 (0.2143)  loss_giou_aux_0: 0.4541 (0.4513)  loss_fgl_aux_0: 1.1951 (1.2005)  loss_ddf_aux_0: 0.0097 (0.0103)  loss_mal_aux_1: 0.8657 (0.8832)  loss_bbox_aux_1: 0.2093 (0.2088)  loss_giou_aux_1: 0.4449 (0.4390)  loss_fgl_aux_1: 1.1906 (1.1921)  loss_ddf_aux_1: 0.0010 (0.0010)  loss_mal_pre: 0.9121 (0.9190)  loss_bbox_pre: 0.2125 (0.2143)  loss_giou_pre: 0.4537 (0.4505)  loss_mal_enc_0: 0.9399 (1.0003)  loss_bbox_enc_0: 0.2529 (0.2445)  loss_giou_enc_0: 0.5094 (0.5011)  loss_mal_dn_0: 0.6987 (0.6949)  loss_bbox_dn_0: 0.2283 (0.2370)  loss_giou_dn_0: 0.4751 (0.4673)  loss_fgl_dn_0: 1.2075 (1.2049)  loss_ddf_dn_0: 0.0771 (0.0801)  loss_mal_dn_1: 0.6128 (0.6050)  loss_bbox_dn_1: 0.1796 (0.1863)  loss_giou_dn_1: 0.3841 (0.3811)  loss_fgl_dn_1: 1.1568 (1.1562)  loss_ddf_dn_1: 0.0039 (0.0042)  loss_mal_dn_2: 0.6035 (0.5946)  loss_bbox_dn_2: 0.1770 (0.1829)  loss_giou_dn_2: 0.3791 (0.3760)  loss_fgl_dn_2: 1.1552 (1.1550)  loss_mal_dn_pre: 0.6973 (0.6945)  loss_bbox_dn_pre: 0.2328 (0.2403)  loss_giou_dn_pre: 0.4752 (0.4677)  time: 0.3674  data: 0.0387  max mem: 8321
Epoch: [149] Total time: 0:01:24 (0.4303 s / it)
Averaged stats: lr: 0.000400  loss: 20.2852 (20.2874)  loss_mal: 0.8486 (0.8722)  loss_bbox: 0.2120 (0.2081)  loss_giou: 0.4424 (0.4377)  loss_fgl: 1.1893 (1.1921)  loss_mal_aux_0: 0.9082 (0.9188)  loss_bbox_aux_0: 0.2136 (0.2143)  loss_giou_aux_0: 0.4541 (0.4513)  loss_fgl_aux_0: 1.1951 (1.2005)  loss_ddf_aux_0: 0.0097 (0.0103)  loss_mal_aux_1: 0.8657 (0.8832)  loss_bbox_aux_1: 0.2093 (0.2088)  loss_giou_aux_1: 0.4449 (0.4390)  loss_fgl_aux_1: 1.1906 (1.1921)  loss_ddf_aux_1: 0.0010 (0.0010)  loss_mal_pre: 0.9121 (0.9190)  loss_bbox_pre: 0.2125 (0.2143)  loss_giou_pre: 0.4537 (0.4505)  loss_mal_enc_0: 0.9399 (1.0003)  loss_bbox_enc_0: 0.2529 (0.2445)  loss_giou_enc_0: 0.5094 (0.5011)  loss_mal_dn_0: 0.6987 (0.6949)  loss_bbox_dn_0: 0.2283 (0.2370)  loss_giou_dn_0: 0.4751 (0.4673)  loss_fgl_dn_0: 1.2075 (1.2049)  loss_ddf_dn_0: 0.0771 (0.0801)  loss_mal_dn_1: 0.6128 (0.6050)  loss_bbox_dn_1: 0.1796 (0.1863)  loss_giou_dn_1: 0.3841 (0.3811)  loss_fgl_dn_1: 1.1568 (1.1562)  loss_ddf_dn_1: 0.0039 (0.0042)  loss_mal_dn_2: 0.6035 (0.5946)  loss_bbox_dn_2: 0.1770 (0.1829)  loss_giou_dn_2: 0.3791 (0.3760)  loss_fgl_dn_2: 1.1552 (1.1550)  loss_mal_dn_pre: 0.6973 (0.6945)  loss_bbox_dn_pre: 0.2328 (0.2403)  loss_giou_dn_pre: 0.4752 (0.4677)
Test:  [ 0/13]  eta: 0:00:42    time: 3.2349  data: 2.9939  max mem: 8321
Test:  [10/13]  eta: 0:00:01    time: 0.6207  data: 0.3571  max mem: 8321
Test:  [12/13]  eta: 0:00:00    time: 0.5608  data: 0.3084  max mem: 8321
Test: Total time: 0:00:07 (0.5689 s / it)
Averaged stats: 
Accumulating evaluation results...
COCOeval_opt.accumulate() finished...
DONE (t=0.31s).
IoU metric: bbox
 Average Precision  (AP) @[ IoU=0.50:0.95 | area=   all | maxDets=100 ] = 0.275
 Average Precision  (AP) @[ IoU=0.50      | area=   all | maxDets=100 ] = 0.588
 Average Precision  (AP) @[ IoU=0.75      | area=   all | maxDets=100 ] = 0.212
 Average Precision  (AP) @[ IoU=0.50:0.95 | area= small | maxDets=100 ] = 0.126
 Average Precision  (AP) @[ IoU=0.50:0.95 | area=medium | maxDets=100 ] = 0.233
 Average Precision  (AP) @[ IoU=0.50:0.95 | area= large | maxDets=100 ] = 0.323
 Average Recall     (AR) @[ IoU=0.50:0.95 | area=   all | maxDets=  1 ] = 0.254
 Average Recall     (AR) @[ IoU=0.50:0.95 | area=   all | maxDets= 10 ] = 0.480
 Average Recall     (AR) @[ IoU=0.50:0.95 | area=   all | maxDets=100 ] = 0.558
 Average Recall     (AR) @[ IoU=0.50:0.95 | area= small | maxDets=100 ] = 0.299
 Average Recall     (AR) @[ IoU=0.50:0.95 | area=medium | maxDets=100 ] = 0.530
 Average Recall     (AR) @[ IoU=0.50:0.95 | area= large | maxDets=100 ] = 0.633
 Average Recall     (AR) @[ IoU=0.50      | area=   all | maxDets=100 ] = 0.957
 Average Recall     (AR) @[ IoU=0.75      | area=   all | maxDets=100 ] = 0.553
best_stat: {'epoch': 123, 'coco_eval_bbox': 0.2756708282295533}
Epoch: [150]  [  0/197]  eta: 0:06:25  lr: 0.000400  loss: 19.0988 (19.0988)  loss_mal: 0.8491 (0.8491)  loss_bbox: 0.1581 (0.1581)  loss_giou: 0.3819 (0.3819)  loss_fgl: 1.1784 (1.1784)  loss_mal_aux_0: 0.9092 (0.9092)  loss_bbox_aux_0: 0.1548 (0.1548)  loss_giou_aux_0: 0.3906 (0.3906)  loss_fgl_aux_0: 1.1999 (1.1999)  loss_ddf_aux_0: 0.0148 (0.0148)  loss_mal_aux_1: 0.8423 (0.8423)  loss_bbox_aux_1: 0.1581 (0.1581)  loss_giou_aux_1: 0.3819 (0.3819)  loss_fgl_aux_1: 1.1787 (1.1787)  loss_ddf_aux_1: 0.0008 (0.0008)  loss_mal_pre: 0.9092 (0.9092)  loss_bbox_pre: 0.1551 (0.1551)  loss_giou_pre: 0.3925 (0.3925)  loss_mal_enc_0: 0.9741 (0.9741)  loss_bbox_enc_0: 0.1904 (0.1904)  loss_giou_enc_0: 0.4368 (0.4368)  loss_mal_dn_0: 0.6704 (0.6704)  loss_bbox_dn_0: 0.1898 (0.1898)  loss_giou_dn_0: 0.4201 (0.4201)  loss_fgl_dn_0: 1.1981 (1.1981)  loss_ddf_dn_0: 0.0758 (0.0758)  loss_mal_dn_1: 0.5645 (0.5645)  loss_bbox_dn_1: 0.1517 (0.1517)  loss_giou_dn_1: 0.3442 (0.3442)  loss_fgl_dn_1: 1.1439 (1.1439)  loss_ddf_dn_1: 0.0032 (0.0032)  loss_mal_dn_2: 0.5566 (0.5566)  loss_bbox_dn_2: 0.1517 (0.1517)  loss_giou_dn_2: 0.3411 (0.3411)  loss_fgl_dn_2: 1.1401 (1.1401)  loss_mal_dn_pre: 0.6704 (0.6704)  loss_bbox_dn_pre: 0.1983 (0.1983)  loss_giou_dn_pre: 0.4223 (0.4223)  time: 1.9553  data: 1.4055  max mem: 8321
Epoch: [150]  [196/197]  eta: 0:00:00  lr: 0.000400  loss: 19.3950 (19.4613)  loss_mal: 0.7871 (0.8196)  loss_bbox: 0.1852 (0.1875)  loss_giou: 0.4043 (0.4058)  loss_fgl: 1.1779 (1.1820)  loss_mal_aux_0: 0.8267 (0.8640)  loss_bbox_aux_0: 0.1940 (0.1942)  loss_giou_aux_0: 0.4131 (0.4202)  loss_fgl_aux_0: 1.1902 (1.1923)  loss_ddf_aux_0: 0.0102 (0.0112)  loss_mal_aux_1: 0.8032 (0.8328)  loss_bbox_aux_1: 0.1890 (0.1883)  loss_giou_aux_1: 0.4049 (0.4073)  loss_fgl_aux_1: 1.1789 (1.1819)  loss_ddf_aux_1: 0.0010 (0.0010)  loss_mal_pre: 0.8311 (0.8641)  loss_bbox_pre: 0.1942 (0.1941)  loss_giou_pre: 0.4108 (0.4196)  loss_mal_enc_0: 0.9058 (0.9476)  loss_bbox_enc_0: 0.2259 (0.2264)  loss_giou_enc_0: 0.4689 (0.4746)  loss_mal_dn_0: 0.6782 (0.6783)  loss_bbox_dn_0: 0.2101 (0.2154)  loss_giou_dn_0: 0.4253 (0.4373)  loss_fgl_dn_0: 1.2053 (1.1990)  loss_ddf_dn_0: 0.0769 (0.0802)  loss_mal_dn_1: 0.5762 (0.5857)  loss_bbox_dn_1: 0.1713 (0.1705)  loss_giou_dn_1: 0.3482 (0.3570)  loss_fgl_dn_1: 1.1490 (1.1452)  loss_ddf_dn_1: 0.0040 (0.0040)  loss_mal_dn_2: 0.5684 (0.5760)  loss_bbox_dn_2: 0.1680 (0.1674)  loss_giou_dn_2: 0.3469 (0.3522)  loss_fgl_dn_2: 1.1476 (1.1440)  loss_mal_dn_pre: 0.6777 (0.6780)  loss_bbox_dn_pre: 0.2137 (0.2188)  loss_giou_dn_pre: 0.4241 (0.4379)  time: 0.3561  data: 0.0408  max mem: 8321
Epoch: [150] Total time: 0:01:23 (0.4251 s / it)
Averaged stats: lr: 0.000400  loss: 19.3950 (19.4613)  loss_mal: 0.7871 (0.8196)  loss_bbox: 0.1852 (0.1875)  loss_giou: 0.4043 (0.4058)  loss_fgl: 1.1779 (1.1820)  loss_mal_aux_0: 0.8267 (0.8640)  loss_bbox_aux_0: 0.1940 (0.1942)  loss_giou_aux_0: 0.4131 (0.4202)  loss_fgl_aux_0: 1.1902 (1.1923)  loss_ddf_aux_0: 0.0102 (0.0112)  loss_mal_aux_1: 0.8032 (0.8328)  loss_bbox_aux_1: 0.1890 (0.1883)  loss_giou_aux_1: 0.4049 (0.4073)  loss_fgl_aux_1: 1.1789 (1.1819)  loss_ddf_aux_1: 0.0010 (0.0010)  loss_mal_pre: 0.8311 (0.8641)  loss_bbox_pre: 0.1942 (0.1941)  loss_giou_pre: 0.4108 (0.4196)  loss_mal_enc_0: 0.9058 (0.9476)  loss_bbox_enc_0: 0.2259 (0.2264)  loss_giou_enc_0: 0.4689 (0.4746)  loss_mal_dn_0: 0.6782 (0.6783)  loss_bbox_dn_0: 0.2101 (0.2154)  loss_giou_dn_0: 0.4253 (0.4373)  loss_fgl_dn_0: 1.2053 (1.1990)  loss_ddf_dn_0: 0.0769 (0.0802)  loss_mal_dn_1: 0.5762 (0.5857)  loss_bbox_dn_1: 0.1713 (0.1705)  loss_giou_dn_1: 0.3482 (0.3570)  loss_fgl_dn_1: 1.1490 (1.1452)  loss_ddf_dn_1: 0.0040 (0.0040)  loss_mal_dn_2: 0.5684 (0.5760)  loss_bbox_dn_2: 0.1680 (0.1674)  loss_giou_dn_2: 0.3469 (0.3522)  loss_fgl_dn_2: 1.1476 (1.1440)  loss_mal_dn_pre: 0.6777 (0.6780)  loss_bbox_dn_pre: 0.2137 (0.2188)  loss_giou_dn_pre: 0.4241 (0.4379)
Test:  [ 0/13]  eta: 0:00:37    time: 2.8939  data: 2.5093  max mem: 8321
Test:  [10/13]  eta: 0:00:01    time: 0.5909  data: 0.3049  max mem: 8321
Test:  [12/13]  eta: 0:00:00    time: 0.5361  data: 0.2643  max mem: 8321
Test: Total time: 0:00:07 (0.5434 s / it)
Averaged stats: 
Accumulating evaluation results...
COCOeval_opt.accumulate() finished...
DONE (t=0.31s).
IoU metric: bbox
 Average Precision  (AP) @[ IoU=0.50:0.95 | area=   all | maxDets=100 ] = 0.275
 Average Precision  (AP) @[ IoU=0.50      | area=   all | maxDets=100 ] = 0.589
 Average Precision  (AP) @[ IoU=0.75      | area=   all | maxDets=100 ] = 0.212
 Average Precision  (AP) @[ IoU=0.50:0.95 | area= small | maxDets=100 ] = 0.126
 Average Precision  (AP) @[ IoU=0.50:0.95 | area=medium | maxDets=100 ] = 0.232
 Average Precision  (AP) @[ IoU=0.50:0.95 | area= large | maxDets=100 ] = 0.325
 Average Recall     (AR) @[ IoU=0.50:0.95 | area=   all | maxDets=  1 ] = 0.253
 Average Recall     (AR) @[ IoU=0.50:0.95 | area=   all | maxDets= 10 ] = 0.480
 Average Recall     (AR) @[ IoU=0.50:0.95 | area=   all | maxDets=100 ] = 0.558
 Average Recall     (AR) @[ IoU=0.50:0.95 | area= small | maxDets=100 ] = 0.300
 Average Recall     (AR) @[ IoU=0.50:0.95 | area=medium | maxDets=100 ] = 0.530
 Average Recall     (AR) @[ IoU=0.50:0.95 | area= large | maxDets=100 ] = 0.632
 Average Recall     (AR) @[ IoU=0.50      | area=   all | maxDets=100 ] = 0.956
 Average Recall     (AR) @[ IoU=0.75      | area=   all | maxDets=100 ] = 0.557
best_stat: {'epoch': 123, 'coco_eval_bbox': 0.2756708282295533}
Epoch: [151]  [  0/197]  eta: 0:05:45  lr: 0.000400  loss: 18.0351 (18.0351)  loss_mal: 0.7627 (0.7627)  loss_bbox: 0.1717 (0.1717)  loss_giou: 0.3209 (0.3209)  loss_fgl: 1.1647 (1.1647)  loss_mal_aux_0: 0.7393 (0.7393)  loss_bbox_aux_0: 0.1799 (0.1799)  loss_giou_aux_0: 0.3301 (0.3301)  loss_fgl_aux_0: 1.1745 (1.1745)  loss_ddf_aux_0: 0.0103 (0.0103)  loss_mal_aux_1: 0.7485 (0.7485)  loss_bbox_aux_1: 0.1721 (0.1721)  loss_giou_aux_1: 0.3182 (0.3182)  loss_fgl_aux_1: 1.1641 (1.1641)  loss_ddf_aux_1: 0.0011 (0.0011)  loss_mal_pre: 0.7407 (0.7407)  loss_bbox_pre: 0.1809 (0.1809)  loss_giou_pre: 0.3298 (0.3298)  loss_mal_enc_0: 0.8833 (0.8833)  loss_bbox_enc_0: 0.2122 (0.2122)  loss_giou_enc_0: 0.3678 (0.3678)  loss_mal_dn_0: 0.6328 (0.6328)  loss_bbox_dn_0: 0.2106 (0.2106)  loss_giou_dn_0: 0.3877 (0.3877)  loss_fgl_dn_0: 1.2015 (1.2015)  loss_ddf_dn_0: 0.0741 (0.0741)  loss_mal_dn_1: 0.5410 (0.5410)  loss_bbox_dn_1: 0.1710 (0.1710)  loss_giou_dn_1: 0.3140 (0.3140)  loss_fgl_dn_1: 1.1347 (1.1347)  loss_ddf_dn_1: 0.0046 (0.0046)  loss_mal_dn_2: 0.5366 (0.5366)  loss_bbox_dn_2: 0.1688 (0.1688)  loss_giou_dn_2: 0.3116 (0.3116)  loss_fgl_dn_2: 1.1347 (1.1347)  loss_mal_dn_pre: 0.6318 (0.6318)  loss_bbox_dn_pre: 0.2182 (0.2182)  loss_giou_dn_pre: 0.3884 (0.3884)  time: 1.7546  data: 1.2689  max mem: 8321
Epoch: [151]  [196/197]  eta: 0:00:00  lr: 0.000400  loss: 19.5781 (18.9325)  loss_mal: 0.7974 (0.7872)  loss_bbox: 0.1895 (0.1743)  loss_giou: 0.4098 (0.3851)  loss_fgl: 1.1820 (1.1746)  loss_mal_aux_0: 0.8706 (0.8315)  loss_bbox_aux_0: 0.1911 (0.1811)  loss_giou_aux_0: 0.4277 (0.3999)  loss_fgl_aux_0: 1.1922 (1.1863)  loss_ddf_aux_0: 0.0130 (0.0122)  loss_mal_aux_1: 0.8203 (0.8007)  loss_bbox_aux_1: 0.1894 (0.1749)  loss_giou_aux_1: 0.4092 (0.3863)  loss_fgl_aux_1: 1.1817 (1.1748)  loss_ddf_aux_1: 0.0010 (0.0011)  loss_mal_pre: 0.8706 (0.8321)  loss_bbox_pre: 0.1895 (0.1810)  loss_giou_pre: 0.4265 (0.3992)  loss_mal_enc_0: 0.9565 (0.9224)  loss_bbox_enc_0: 0.2297 (0.2139)  loss_giou_enc_0: 0.4725 (0.4529)  loss_mal_dn_0: 0.6714 (0.6667)  loss_bbox_dn_0: 0.2097 (0.2036)  loss_giou_dn_0: 0.4320 (0.4187)  loss_fgl_dn_0: 1.1964 (1.1947)  loss_ddf_dn_0: 0.0832 (0.0797)  loss_mal_dn_1: 0.5854 (0.5717)  loss_bbox_dn_1: 0.1637 (0.1600)  loss_giou_dn_1: 0.3559 (0.3402)  loss_fgl_dn_1: 1.1375 (1.1375)  loss_ddf_dn_1: 0.0041 (0.0040)  loss_mal_dn_2: 0.5708 (0.5619)  loss_bbox_dn_2: 0.1612 (0.1571)  loss_giou_dn_2: 0.3517 (0.3360)  loss_fgl_dn_2: 1.1364 (1.1359)  loss_mal_dn_pre: 0.6709 (0.6665)  loss_bbox_dn_pre: 0.2126 (0.2071)  loss_giou_dn_pre: 0.4335 (0.4193)  time: 0.3749  data: 0.0374  max mem: 8321
Epoch: [151] Total time: 0:01:24 (0.4305 s / it)
Averaged stats: lr: 0.000400  loss: 19.5781 (18.9325)  loss_mal: 0.7974 (0.7872)  loss_bbox: 0.1895 (0.1743)  loss_giou: 0.4098 (0.3851)  loss_fgl: 1.1820 (1.1746)  loss_mal_aux_0: 0.8706 (0.8315)  loss_bbox_aux_0: 0.1911 (0.1811)  loss_giou_aux_0: 0.4277 (0.3999)  loss_fgl_aux_0: 1.1922 (1.1863)  loss_ddf_aux_0: 0.0130 (0.0122)  loss_mal_aux_1: 0.8203 (0.8007)  loss_bbox_aux_1: 0.1894 (0.1749)  loss_giou_aux_1: 0.4092 (0.3863)  loss_fgl_aux_1: 1.1817 (1.1748)  loss_ddf_aux_1: 0.0010 (0.0011)  loss_mal_pre: 0.8706 (0.8321)  loss_bbox_pre: 0.1895 (0.1810)  loss_giou_pre: 0.4265 (0.3992)  loss_mal_enc_0: 0.9565 (0.9224)  loss_bbox_enc_0: 0.2297 (0.2139)  loss_giou_enc_0: 0.4725 (0.4529)  loss_mal_dn_0: 0.6714 (0.6667)  loss_bbox_dn_0: 0.2097 (0.2036)  loss_giou_dn_0: 0.4320 (0.4187)  loss_fgl_dn_0: 1.1964 (1.1947)  loss_ddf_dn_0: 0.0832 (0.0797)  loss_mal_dn_1: 0.5854 (0.5717)  loss_bbox_dn_1: 0.1637 (0.1600)  loss_giou_dn_1: 0.3559 (0.3402)  loss_fgl_dn_1: 1.1375 (1.1375)  loss_ddf_dn_1: 0.0041 (0.0040)  loss_mal_dn_2: 0.5708 (0.5619)  loss_bbox_dn_2: 0.1612 (0.1571)  loss_giou_dn_2: 0.3517 (0.3360)  loss_fgl_dn_2: 1.1364 (1.1359)  loss_mal_dn_pre: 0.6709 (0.6665)  loss_bbox_dn_pre: 0.2126 (0.2071)  loss_giou_dn_pre: 0.4335 (0.4193)
Test:  [ 0/13]  eta: 0:00:38    time: 2.9801  data: 2.6100  max mem: 8321
Test:  [10/13]  eta: 0:00:01    time: 0.5899  data: 0.3141  max mem: 8321
Test:  [12/13]  eta: 0:00:00    time: 0.5272  data: 0.2720  max mem: 8321
Test: Total time: 0:00:06 (0.5347 s / it)
Averaged stats: 
Accumulating evaluation results...
COCOeval_opt.accumulate() finished...
DONE (t=0.31s).
IoU metric: bbox
 Average Precision  (AP) @[ IoU=0.50:0.95 | area=   all | maxDets=100 ] = 0.275
 Average Precision  (AP) @[ IoU=0.50      | area=   all | maxDets=100 ] = 0.587
 Average Precision  (AP) @[ IoU=0.75      | area=   all | maxDets=100 ] = 0.212
 Average Precision  (AP) @[ IoU=0.50:0.95 | area= small | maxDets=100 ] = 0.126
 Average Precision  (AP) @[ IoU=0.50:0.95 | area=medium | maxDets=100 ] = 0.232
 Average Precision  (AP) @[ IoU=0.50:0.95 | area= large | maxDets=100 ] = 0.325
 Average Recall     (AR) @[ IoU=0.50:0.95 | area=   all | maxDets=  1 ] = 0.253
 Average Recall     (AR) @[ IoU=0.50:0.95 | area=   all | maxDets= 10 ] = 0.480
 Average Recall     (AR) @[ IoU=0.50:0.95 | area=   all | maxDets=100 ] = 0.558
 Average Recall     (AR) @[ IoU=0.50:0.95 | area= small | maxDets=100 ] = 0.297
 Average Recall     (AR) @[ IoU=0.50:0.95 | area=medium | maxDets=100 ] = 0.529
 Average Recall     (AR) @[ IoU=0.50:0.95 | area= large | maxDets=100 ] = 0.631
 Average Recall     (AR) @[ IoU=0.50      | area=   all | maxDets=100 ] = 0.954
 Average Recall     (AR) @[ IoU=0.75      | area=   all | maxDets=100 ] = 0.556
best_stat: {'epoch': 123, 'coco_eval_bbox': 0.2756708282295533}
Load last_epoch
Load model.state_dict
Load criterion.state_dict
Load postprocessor.state_dict
Load ema.state_dict
Load scaler.state_dict
Load optimizer.state_dict
Load lr_warmup_scheduler.state_dict
Refresh EMA at epoch 151 with decay 0.9997
Epoch: [152]  [  0/197]  eta: 0:06:02  lr: 0.000400  loss: 22.1227 (22.1227)  loss_mal: 0.9995 (0.9995)  loss_bbox: 0.2930 (0.2930)  loss_giou: 0.4754 (0.4754)  loss_fgl: 1.2283 (1.2283)  loss_mal_aux_0: 1.1133 (1.1133)  loss_bbox_aux_0: 0.2979 (0.2979)  loss_giou_aux_0: 0.4935 (0.4935)  loss_fgl_aux_0: 1.2341 (1.2341)  loss_ddf_aux_0: 0.0154 (0.0154)  loss_mal_aux_1: 1.0273 (1.0273)  loss_bbox_aux_1: 0.2957 (0.2957)  loss_giou_aux_1: 0.4814 (0.4814)  loss_fgl_aux_1: 1.2274 (1.2274)  loss_ddf_aux_1: 0.0011 (0.0011)  loss_mal_pre: 1.0996 (1.0996)  loss_bbox_pre: 0.2973 (0.2973)  loss_giou_pre: 0.4909 (0.4909)  loss_mal_enc_0: 1.1035 (1.1035)  loss_bbox_enc_0: 0.3551 (0.3551)  loss_giou_enc_0: 0.5788 (0.5788)  loss_mal_dn_0: 0.7178 (0.7178)  loss_bbox_dn_0: 0.2589 (0.2589)  loss_giou_dn_0: 0.4902 (0.4902)  loss_fgl_dn_0: 1.2077 (1.2077)  loss_ddf_dn_0: 0.0903 (0.0903)  loss_mal_dn_1: 0.6230 (0.6230)  loss_bbox_dn_1: 0.2130 (0.2130)  loss_giou_dn_1: 0.3999 (0.3999)  loss_fgl_dn_1: 1.1655 (1.1655)  loss_ddf_dn_1: 0.0046 (0.0046)  loss_mal_dn_2: 0.6069 (0.6069)  loss_bbox_dn_2: 0.2105 (0.2105)  loss_giou_dn_2: 0.3924 (0.3924)  loss_fgl_dn_2: 1.1648 (1.1648)  loss_mal_dn_pre: 0.7178 (0.7178)  loss_bbox_dn_pre: 0.2616 (0.2616)  loss_giou_dn_pre: 0.4892 (0.4892)  time: 1.8412  data: 1.3101  max mem: 8321
Epoch: [152]  [196/197]  eta: 0:00:00  lr: 0.000400  loss: 19.9045 (20.3175)  loss_mal: 0.8257 (0.8670)  loss_bbox: 0.2014 (0.2111)  loss_giou: 0.4360 (0.4411)  loss_fgl: 1.1895 (1.1921)  loss_mal_aux_0: 0.8569 (0.9180)  loss_bbox_aux_0: 0.2037 (0.2173)  loss_giou_aux_0: 0.4465 (0.4550)  loss_fgl_aux_0: 1.1933 (1.1998)  loss_ddf_aux_0: 0.0086 (0.0104)  loss_mal_aux_1: 0.8262 (0.8794)  loss_bbox_aux_1: 0.2043 (0.2120)  loss_giou_aux_1: 0.4383 (0.4426)  loss_fgl_aux_1: 1.1890 (1.1921)  loss_ddf_aux_1: 0.0009 (0.0010)  loss_mal_pre: 0.8589 (0.9187)  loss_bbox_pre: 0.2014 (0.2174)  loss_giou_pre: 0.4447 (0.4542)  loss_mal_enc_0: 0.9487 (1.0029)  loss_bbox_enc_0: 0.2262 (0.2479)  loss_giou_enc_0: 0.4917 (0.5049)  loss_mal_dn_0: 0.6865 (0.6944)  loss_bbox_dn_0: 0.2183 (0.2379)  loss_giou_dn_0: 0.4549 (0.4678)  loss_fgl_dn_0: 1.2000 (1.2023)  loss_ddf_dn_0: 0.0754 (0.0788)  loss_mal_dn_1: 0.5957 (0.6058)  loss_bbox_dn_1: 0.1701 (0.1879)  loss_giou_dn_1: 0.3750 (0.3826)  loss_fgl_dn_1: 1.1516 (1.1556)  loss_ddf_dn_1: 0.0036 (0.0042)  loss_mal_dn_2: 0.5854 (0.5955)  loss_bbox_dn_2: 0.1692 (0.1845)  loss_giou_dn_2: 0.3716 (0.3772)  loss_fgl_dn_2: 1.1515 (1.1546)  loss_mal_dn_pre: 0.6880 (0.6942)  loss_bbox_dn_pre: 0.2228 (0.2411)  loss_giou_dn_pre: 0.4565 (0.4682)  time: 0.3767  data: 0.0443  max mem: 8321
Epoch: [152] Total time: 0:01:24 (0.4301 s / it)
Averaged stats: lr: 0.000400  loss: 19.9045 (20.3175)  loss_mal: 0.8257 (0.8670)  loss_bbox: 0.2014 (0.2111)  loss_giou: 0.4360 (0.4411)  loss_fgl: 1.1895 (1.1921)  loss_mal_aux_0: 0.8569 (0.9180)  loss_bbox_aux_0: 0.2037 (0.2173)  loss_giou_aux_0: 0.4465 (0.4550)  loss_fgl_aux_0: 1.1933 (1.1998)  loss_ddf_aux_0: 0.0086 (0.0104)  loss_mal_aux_1: 0.8262 (0.8794)  loss_bbox_aux_1: 0.2043 (0.2120)  loss_giou_aux_1: 0.4383 (0.4426)  loss_fgl_aux_1: 1.1890 (1.1921)  loss_ddf_aux_1: 0.0009 (0.0010)  loss_mal_pre: 0.8589 (0.9187)  loss_bbox_pre: 0.2014 (0.2174)  loss_giou_pre: 0.4447 (0.4542)  loss_mal_enc_0: 0.9487 (1.0029)  loss_bbox_enc_0: 0.2262 (0.2479)  loss_giou_enc_0: 0.4917 (0.5049)  loss_mal_dn_0: 0.6865 (0.6944)  loss_bbox_dn_0: 0.2183 (0.2379)  loss_giou_dn_0: 0.4549 (0.4678)  loss_fgl_dn_0: 1.2000 (1.2023)  loss_ddf_dn_0: 0.0754 (0.0788)  loss_mal_dn_1: 0.5957 (0.6058)  loss_bbox_dn_1: 0.1701 (0.1879)  loss_giou_dn_1: 0.3750 (0.3826)  loss_fgl_dn_1: 1.1516 (1.1556)  loss_ddf_dn_1: 0.0036 (0.0042)  loss_mal_dn_2: 0.5854 (0.5955)  loss_bbox_dn_2: 0.1692 (0.1845)  loss_giou_dn_2: 0.3716 (0.3772)  loss_fgl_dn_2: 1.1515 (1.1546)  loss_mal_dn_pre: 0.6880 (0.6942)  loss_bbox_dn_pre: 0.2228 (0.2411)  loss_giou_dn_pre: 0.4565 (0.4682)
Test:  [ 0/13]  eta: 0:00:32    time: 2.4828  data: 2.2577  max mem: 8321
Test:  [10/13]  eta: 0:00:01    time: 0.5769  data: 0.3176  max mem: 8321
Test:  [12/13]  eta: 0:00:00    time: 0.5229  data: 0.2749  max mem: 8321
Test: Total time: 0:00:06 (0.5305 s / it)
Averaged stats: 
Accumulating evaluation results...
COCOeval_opt.accumulate() finished...
DONE (t=0.29s).
IoU metric: bbox
 Average Precision  (AP) @[ IoU=0.50:0.95 | area=   all | maxDets=100 ] = 0.275
 Average Precision  (AP) @[ IoU=0.50      | area=   all | maxDets=100 ] = 0.588
 Average Precision  (AP) @[ IoU=0.75      | area=   all | maxDets=100 ] = 0.212
 Average Precision  (AP) @[ IoU=0.50:0.95 | area= small | maxDets=100 ] = 0.126
 Average Precision  (AP) @[ IoU=0.50:0.95 | area=medium | maxDets=100 ] = 0.233
 Average Precision  (AP) @[ IoU=0.50:0.95 | area= large | maxDets=100 ] = 0.324
 Average Recall     (AR) @[ IoU=0.50:0.95 | area=   all | maxDets=  1 ] = 0.254
 Average Recall     (AR) @[ IoU=0.50:0.95 | area=   all | maxDets= 10 ] = 0.480
 Average Recall     (AR) @[ IoU=0.50:0.95 | area=   all | maxDets=100 ] = 0.559
 Average Recall     (AR) @[ IoU=0.50:0.95 | area= small | maxDets=100 ] = 0.299
 Average Recall     (AR) @[ IoU=0.50:0.95 | area=medium | maxDets=100 ] = 0.532
 Average Recall     (AR) @[ IoU=0.50:0.95 | area= large | maxDets=100 ] = 0.635
 Average Recall     (AR) @[ IoU=0.50      | area=   all | maxDets=100 ] = 0.957
 Average Recall     (AR) @[ IoU=0.75      | area=   all | maxDets=100 ] = 0.556
best_stat: {'epoch': 123, 'coco_eval_bbox': 0.2756708282295533}
Epoch: [153]  [  0/197]  eta: 0:06:40  lr: 0.000400  loss: 19.4062 (19.4062)  loss_mal: 0.7681 (0.7681)  loss_bbox: 0.2263 (0.2263)  loss_giou: 0.3981 (0.3981)  loss_fgl: 1.1920 (1.1920)  loss_mal_aux_0: 0.8447 (0.8447)  loss_bbox_aux_0: 0.2238 (0.2238)  loss_giou_aux_0: 0.4032 (0.4032)  loss_fgl_aux_0: 1.2039 (1.2039)  loss_ddf_aux_0: 0.0086 (0.0086)  loss_mal_aux_1: 0.7642 (0.7642)  loss_bbox_aux_1: 0.2274 (0.2274)  loss_giou_aux_1: 0.3986 (0.3986)  loss_fgl_aux_1: 1.1920 (1.1920)  loss_ddf_aux_1: 0.0010 (0.0010)  loss_mal_pre: 0.8647 (0.8647)  loss_bbox_pre: 0.2186 (0.2186)  loss_giou_pre: 0.3982 (0.3982)  loss_mal_enc_0: 0.9067 (0.9067)  loss_bbox_enc_0: 0.2522 (0.2522)  loss_giou_enc_0: 0.4542 (0.4542)  loss_mal_dn_0: 0.6704 (0.6704)  loss_bbox_dn_0: 0.2381 (0.2381)  loss_giou_dn_0: 0.4218 (0.4218)  loss_fgl_dn_0: 1.2071 (1.2071)  loss_ddf_dn_0: 0.0856 (0.0856)  loss_mal_dn_1: 0.5718 (0.5718)  loss_bbox_dn_1: 0.1924 (0.1924)  loss_giou_dn_1: 0.3435 (0.3435)  loss_fgl_dn_1: 1.1494 (1.1494)  loss_ddf_dn_1: 0.0040 (0.0040)  loss_mal_dn_2: 0.5625 (0.5625)  loss_bbox_dn_2: 0.1886 (0.1886)  loss_giou_dn_2: 0.3373 (0.3373)  loss_fgl_dn_2: 1.1492 (1.1492)  loss_mal_dn_pre: 0.6709 (0.6709)  loss_bbox_dn_pre: 0.2433 (0.2433)  loss_giou_dn_pre: 0.4239 (0.4239)  time: 2.0351  data: 1.5204  max mem: 8321
Epoch: [153]  [196/197]  eta: 0:00:00  lr: 0.000400  loss: 19.8150 (19.4363)  loss_mal: 0.8203 (0.8175)  loss_bbox: 0.1910 (0.1876)  loss_giou: 0.4192 (0.4078)  loss_fgl: 1.1900 (1.1814)  loss_mal_aux_0: 0.8521 (0.8643)  loss_bbox_aux_0: 0.1949 (0.1939)  loss_giou_aux_0: 0.4319 (0.4212)  loss_fgl_aux_0: 1.1983 (1.1906)  loss_ddf_aux_0: 0.0104 (0.0111)  loss_mal_aux_1: 0.8340 (0.8320)  loss_bbox_aux_1: 0.1905 (0.1882)  loss_giou_aux_1: 0.4215 (0.4090)  loss_fgl_aux_1: 1.1894 (1.1814)  loss_ddf_aux_1: 0.0010 (0.0010)  loss_mal_pre: 0.8511 (0.8645)  loss_bbox_pre: 0.1940 (0.1939)  loss_giou_pre: 0.4288 (0.4206)  loss_mal_enc_0: 0.9653 (0.9456)  loss_bbox_enc_0: 0.2322 (0.2256)  loss_giou_enc_0: 0.4850 (0.4702)  loss_mal_dn_0: 0.6807 (0.6763)  loss_bbox_dn_0: 0.2200 (0.2133)  loss_giou_dn_0: 0.4529 (0.4358)  loss_fgl_dn_0: 1.2032 (1.1988)  loss_ddf_dn_0: 0.0786 (0.0787)  loss_mal_dn_1: 0.5933 (0.5846)  loss_bbox_dn_1: 0.1729 (0.1689)  loss_giou_dn_1: 0.3669 (0.3565)  loss_fgl_dn_1: 1.1518 (1.1456)  loss_ddf_dn_1: 0.0037 (0.0040)  loss_mal_dn_2: 0.5830 (0.5752)  loss_bbox_dn_2: 0.1694 (0.1659)  loss_giou_dn_2: 0.3618 (0.3520)  loss_fgl_dn_2: 1.1510 (1.1441)  loss_mal_dn_pre: 0.6802 (0.6760)  loss_bbox_dn_pre: 0.2232 (0.2167)  loss_giou_dn_pre: 0.4538 (0.4364)  time: 0.3625  data: 0.0313  max mem: 8321
Epoch: [153] Total time: 0:01:24 (0.4269 s / it)
Averaged stats: lr: 0.000400  loss: 19.8150 (19.4363)  loss_mal: 0.8203 (0.8175)  loss_bbox: 0.1910 (0.1876)  loss_giou: 0.4192 (0.4078)  loss_fgl: 1.1900 (1.1814)  loss_mal_aux_0: 0.8521 (0.8643)  loss_bbox_aux_0: 0.1949 (0.1939)  loss_giou_aux_0: 0.4319 (0.4212)  loss_fgl_aux_0: 1.1983 (1.1906)  loss_ddf_aux_0: 0.0104 (0.0111)  loss_mal_aux_1: 0.8340 (0.8320)  loss_bbox_aux_1: 0.1905 (0.1882)  loss_giou_aux_1: 0.4215 (0.4090)  loss_fgl_aux_1: 1.1894 (1.1814)  loss_ddf_aux_1: 0.0010 (0.0010)  loss_mal_pre: 0.8511 (0.8645)  loss_bbox_pre: 0.1940 (0.1939)  loss_giou_pre: 0.4288 (0.4206)  loss_mal_enc_0: 0.9653 (0.9456)  loss_bbox_enc_0: 0.2322 (0.2256)  loss_giou_enc_0: 0.4850 (0.4702)  loss_mal_dn_0: 0.6807 (0.6763)  loss_bbox_dn_0: 0.2200 (0.2133)  loss_giou_dn_0: 0.4529 (0.4358)  loss_fgl_dn_0: 1.2032 (1.1988)  loss_ddf_dn_0: 0.0786 (0.0787)  loss_mal_dn_1: 0.5933 (0.5846)  loss_bbox_dn_1: 0.1729 (0.1689)  loss_giou_dn_1: 0.3669 (0.3565)  loss_fgl_dn_1: 1.1518 (1.1456)  loss_ddf_dn_1: 0.0037 (0.0040)  loss_mal_dn_2: 0.5830 (0.5752)  loss_bbox_dn_2: 0.1694 (0.1659)  loss_giou_dn_2: 0.3618 (0.3520)  loss_fgl_dn_2: 1.1510 (1.1441)  loss_mal_dn_pre: 0.6802 (0.6760)  loss_bbox_dn_pre: 0.2232 (0.2167)  loss_giou_dn_pre: 0.4538 (0.4364)
Test:  [ 0/13]  eta: 0:00:42    time: 3.3063  data: 2.9459  max mem: 8321
Test:  [10/13]  eta: 0:00:01    time: 0.6268  data: 0.3499  max mem: 8321
Test:  [12/13]  eta: 0:00:00    time: 0.5659  data: 0.3023  max mem: 8321
Test: Total time: 0:00:07 (0.5730 s / it)
Averaged stats: 
Accumulating evaluation results...
COCOeval_opt.accumulate() finished...
DONE (t=0.32s).
IoU metric: bbox
 Average Precision  (AP) @[ IoU=0.50:0.95 | area=   all | maxDets=100 ] = 0.275
 Average Precision  (AP) @[ IoU=0.50      | area=   all | maxDets=100 ] = 0.589
 Average Precision  (AP) @[ IoU=0.75      | area=   all | maxDets=100 ] = 0.212
 Average Precision  (AP) @[ IoU=0.50:0.95 | area= small | maxDets=100 ] = 0.125
 Average Precision  (AP) @[ IoU=0.50:0.95 | area=medium | maxDets=100 ] = 0.233
 Average Precision  (AP) @[ IoU=0.50:0.95 | area= large | maxDets=100 ] = 0.324
 Average Recall     (AR) @[ IoU=0.50:0.95 | area=   all | maxDets=  1 ] = 0.253
 Average Recall     (AR) @[ IoU=0.50:0.95 | area=   all | maxDets= 10 ] = 0.481
 Average Recall     (AR) @[ IoU=0.50:0.95 | area=   all | maxDets=100 ] = 0.559
 Average Recall     (AR) @[ IoU=0.50:0.95 | area= small | maxDets=100 ] = 0.299
 Average Recall     (AR) @[ IoU=0.50:0.95 | area=medium | maxDets=100 ] = 0.530
 Average Recall     (AR) @[ IoU=0.50:0.95 | area= large | maxDets=100 ] = 0.635
 Average Recall     (AR) @[ IoU=0.50      | area=   all | maxDets=100 ] = 0.955
 Average Recall     (AR) @[ IoU=0.75      | area=   all | maxDets=100 ] = 0.559
best_stat: {'epoch': 123, 'coco_eval_bbox': 0.2756708282295533}
Load last_epoch
Load model.state_dict
Load criterion.state_dict
Load postprocessor.state_dict
Load ema.state_dict
Load scaler.state_dict
Load optimizer.state_dict
Load lr_warmup_scheduler.state_dict
Refresh EMA at epoch 153 with decay 0.9996
Epoch: [154]  [  0/197]  eta: 0:07:03  lr: 0.000400  loss: 22.1251 (22.1251)  loss_mal: 0.9795 (0.9795)  loss_bbox: 0.2902 (0.2902)  loss_giou: 0.4799 (0.4799)  loss_fgl: 1.2159 (1.2159)  loss_mal_aux_0: 1.0586 (1.0586)  loss_bbox_aux_0: 0.3001 (0.3001)  loss_giou_aux_0: 0.5002 (0.5002)  loss_fgl_aux_0: 1.2065 (1.2065)  loss_ddf_aux_0: 0.0148 (0.0148)  loss_mal_aux_1: 1.0752 (1.0752)  loss_bbox_aux_1: 0.2938 (0.2938)  loss_giou_aux_1: 0.4821 (0.4821)  loss_fgl_aux_1: 1.2158 (1.2158)  loss_ddf_aux_1: 0.0011 (0.0011)  loss_mal_pre: 1.0508 (1.0508)  loss_bbox_pre: 0.2993 (0.2993)  loss_giou_pre: 0.4996 (0.4996)  loss_mal_enc_0: 1.1191 (1.1191)  loss_bbox_enc_0: 0.3480 (0.3480)  loss_giou_enc_0: 0.5892 (0.5892)  loss_mal_dn_0: 0.7109 (0.7109)  loss_bbox_dn_0: 0.2896 (0.2896)  loss_giou_dn_0: 0.4970 (0.4970)  loss_fgl_dn_0: 1.1926 (1.1926)  loss_ddf_dn_0: 0.0827 (0.0827)  loss_mal_dn_1: 0.6211 (0.6211)  loss_bbox_dn_1: 0.2261 (0.2261)  loss_giou_dn_1: 0.4140 (0.4140)  loss_fgl_dn_1: 1.1615 (1.1615)  loss_ddf_dn_1: 0.0041 (0.0041)  loss_mal_dn_2: 0.6084 (0.6084)  loss_bbox_dn_2: 0.2207 (0.2207)  loss_giou_dn_2: 0.4084 (0.4084)  loss_fgl_dn_2: 1.1617 (1.1617)  loss_mal_dn_pre: 0.7104 (0.7104)  loss_bbox_dn_pre: 0.2960 (0.2960)  loss_giou_dn_pre: 0.5000 (0.5000)  time: 2.1520  data: 1.7535  max mem: 8321
Epoch: [154]  [196/197]  eta: 0:00:00  lr: 0.000400  loss: 20.1204 (20.2827)  loss_mal: 0.8433 (0.8714)  loss_bbox: 0.2078 (0.2079)  loss_giou: 0.4213 (0.4360)  loss_fgl: 1.1983 (1.1919)  loss_mal_aux_0: 0.9097 (0.9174)  loss_bbox_aux_0: 0.2139 (0.2148)  loss_giou_aux_0: 0.4436 (0.4502)  loss_fgl_aux_0: 1.2026 (1.2003)  loss_ddf_aux_0: 0.0101 (0.0108)  loss_mal_aux_1: 0.8701 (0.8839)  loss_bbox_aux_1: 0.2067 (0.2087)  loss_giou_aux_1: 0.4279 (0.4376)  loss_fgl_aux_1: 1.1984 (1.1919)  loss_ddf_aux_1: 0.0010 (0.0010)  loss_mal_pre: 0.9097 (0.9172)  loss_bbox_pre: 0.2132 (0.2147)  loss_giou_pre: 0.4434 (0.4493)  loss_mal_enc_0: 0.9888 (0.9974)  loss_bbox_enc_0: 0.2468 (0.2466)  loss_giou_enc_0: 0.4954 (0.5025)  loss_mal_dn_0: 0.6890 (0.6955)  loss_bbox_dn_0: 0.2381 (0.2374)  loss_giou_dn_0: 0.4660 (0.4668)  loss_fgl_dn_0: 1.1994 (1.2041)  loss_ddf_dn_0: 0.0721 (0.0803)  loss_mal_dn_1: 0.6050 (0.6062)  loss_bbox_dn_1: 0.1836 (0.1871)  loss_giou_dn_1: 0.3859 (0.3814)  loss_fgl_dn_1: 1.1552 (1.1555)  loss_ddf_dn_1: 0.0041 (0.0042)  loss_mal_dn_2: 0.5947 (0.5957)  loss_bbox_dn_2: 0.1803 (0.1833)  loss_giou_dn_2: 0.3774 (0.3761)  loss_fgl_dn_2: 1.1542 (1.1545)  loss_mal_dn_pre: 0.6885 (0.6951)  loss_bbox_dn_pre: 0.2414 (0.2408)  loss_giou_dn_pre: 0.4654 (0.4673)  time: 0.4098  data: 0.0308  max mem: 8321
Epoch: [154] Total time: 0:01:24 (0.4280 s / it)
Averaged stats: lr: 0.000400  loss: 20.1204 (20.2827)  loss_mal: 0.8433 (0.8714)  loss_bbox: 0.2078 (0.2079)  loss_giou: 0.4213 (0.4360)  loss_fgl: 1.1983 (1.1919)  loss_mal_aux_0: 0.9097 (0.9174)  loss_bbox_aux_0: 0.2139 (0.2148)  loss_giou_aux_0: 0.4436 (0.4502)  loss_fgl_aux_0: 1.2026 (1.2003)  loss_ddf_aux_0: 0.0101 (0.0108)  loss_mal_aux_1: 0.8701 (0.8839)  loss_bbox_aux_1: 0.2067 (0.2087)  loss_giou_aux_1: 0.4279 (0.4376)  loss_fgl_aux_1: 1.1984 (1.1919)  loss_ddf_aux_1: 0.0010 (0.0010)  loss_mal_pre: 0.9097 (0.9172)  loss_bbox_pre: 0.2132 (0.2147)  loss_giou_pre: 0.4434 (0.4493)  loss_mal_enc_0: 0.9888 (0.9974)  loss_bbox_enc_0: 0.2468 (0.2466)  loss_giou_enc_0: 0.4954 (0.5025)  loss_mal_dn_0: 0.6890 (0.6955)  loss_bbox_dn_0: 0.2381 (0.2374)  loss_giou_dn_0: 0.4660 (0.4668)  loss_fgl_dn_0: 1.1994 (1.2041)  loss_ddf_dn_0: 0.0721 (0.0803)  loss_mal_dn_1: 0.6050 (0.6062)  loss_bbox_dn_1: 0.1836 (0.1871)  loss_giou_dn_1: 0.3859 (0.3814)  loss_fgl_dn_1: 1.1552 (1.1555)  loss_ddf_dn_1: 0.0041 (0.0042)  loss_mal_dn_2: 0.5947 (0.5957)  loss_bbox_dn_2: 0.1803 (0.1833)  loss_giou_dn_2: 0.3774 (0.3761)  loss_fgl_dn_2: 1.1542 (1.1545)  loss_mal_dn_pre: 0.6885 (0.6951)  loss_bbox_dn_pre: 0.2414 (0.2408)  loss_giou_dn_pre: 0.4654 (0.4673)
Test:  [ 0/13]  eta: 0:00:31    time: 2.3867  data: 1.9796  max mem: 8321
Test:  [10/13]  eta: 0:00:01    time: 0.5853  data: 0.3024  max mem: 8321
Test:  [12/13]  eta: 0:00:00    time: 0.5232  data: 0.2623  max mem: 8321
Test: Total time: 0:00:06 (0.5299 s / it)
Averaged stats: 
Accumulating evaluation results...
COCOeval_opt.accumulate() finished...
DONE (t=0.31s).
IoU metric: bbox
 Average Precision  (AP) @[ IoU=0.50:0.95 | area=   all | maxDets=100 ] = 0.274
 Average Precision  (AP) @[ IoU=0.50      | area=   all | maxDets=100 ] = 0.587
 Average Precision  (AP) @[ IoU=0.75      | area=   all | maxDets=100 ] = 0.212
 Average Precision  (AP) @[ IoU=0.50:0.95 | area= small | maxDets=100 ] = 0.126
 Average Precision  (AP) @[ IoU=0.50:0.95 | area=medium | maxDets=100 ] = 0.233
 Average Precision  (AP) @[ IoU=0.50:0.95 | area= large | maxDets=100 ] = 0.322
 Average Recall     (AR) @[ IoU=0.50:0.95 | area=   all | maxDets=  1 ] = 0.253
 Average Recall     (AR) @[ IoU=0.50:0.95 | area=   all | maxDets= 10 ] = 0.480
 Average Recall     (AR) @[ IoU=0.50:0.95 | area=   all | maxDets=100 ] = 0.557
 Average Recall     (AR) @[ IoU=0.50:0.95 | area= small | maxDets=100 ] = 0.298
 Average Recall     (AR) @[ IoU=0.50:0.95 | area=medium | maxDets=100 ] = 0.530
 Average Recall     (AR) @[ IoU=0.50:0.95 | area= large | maxDets=100 ] = 0.634
 Average Recall     (AR) @[ IoU=0.50      | area=   all | maxDets=100 ] = 0.957
 Average Recall     (AR) @[ IoU=0.75      | area=   all | maxDets=100 ] = 0.554
best_stat: {'epoch': 123, 'coco_eval_bbox': 0.2756708282295533}
Epoch: [155]  [  0/197]  eta: 0:06:39  lr: 0.000400  loss: 19.6705 (19.6705)  loss_mal: 0.7930 (0.7930)  loss_bbox: 0.1956 (0.1956)  loss_giou: 0.4336 (0.4336)  loss_fgl: 1.1929 (1.1929)  loss_mal_aux_0: 0.8394 (0.8394)  loss_bbox_aux_0: 0.2031 (0.2031)  loss_giou_aux_0: 0.4469 (0.4469)  loss_fgl_aux_0: 1.1961 (1.1961)  loss_ddf_aux_0: 0.0107 (0.0107)  loss_mal_aux_1: 0.7925 (0.7925)  loss_bbox_aux_1: 0.1956 (0.1956)  loss_giou_aux_1: 0.4330 (0.4330)  loss_fgl_aux_1: 1.1917 (1.1917)  loss_ddf_aux_1: 0.0011 (0.0011)  loss_mal_pre: 0.8516 (0.8516)  loss_bbox_pre: 0.2043 (0.2043)  loss_giou_pre: 0.4463 (0.4463)  loss_mal_enc_0: 0.9028 (0.9028)  loss_bbox_enc_0: 0.2360 (0.2360)  loss_giou_enc_0: 0.4814 (0.4814)  loss_mal_dn_0: 0.6880 (0.6880)  loss_bbox_dn_0: 0.2300 (0.2300)  loss_giou_dn_0: 0.4628 (0.4628)  loss_fgl_dn_0: 1.1891 (1.1891)  loss_ddf_dn_0: 0.0760 (0.0760)  loss_mal_dn_1: 0.6055 (0.6055)  loss_bbox_dn_1: 0.1780 (0.1780)  loss_giou_dn_1: 0.3779 (0.3779)  loss_fgl_dn_1: 1.1410 (1.1410)  loss_ddf_dn_1: 0.0042 (0.0042)  loss_mal_dn_2: 0.5947 (0.5947)  loss_bbox_dn_2: 0.1765 (0.1765)  loss_giou_dn_2: 0.3737 (0.3737)  loss_fgl_dn_2: 1.1410 (1.1410)  loss_mal_dn_pre: 0.6870 (0.6870)  loss_bbox_dn_pre: 0.2329 (0.2329)  loss_giou_dn_pre: 0.4649 (0.4649)  time: 2.0287  data: 1.5205  max mem: 8321
Epoch: [155]  [196/197]  eta: 0:00:00  lr: 0.000400  loss: 19.4320 (19.4003)  loss_mal: 0.8125 (0.8132)  loss_bbox: 0.1851 (0.1881)  loss_giou: 0.4055 (0.4041)  loss_fgl: 1.1861 (1.1829)  loss_mal_aux_0: 0.8315 (0.8616)  loss_bbox_aux_0: 0.1878 (0.1945)  loss_giou_aux_0: 0.4115 (0.4164)  loss_fgl_aux_0: 1.1975 (1.1918)  loss_ddf_aux_0: 0.0091 (0.0103)  loss_mal_aux_1: 0.8149 (0.8247)  loss_bbox_aux_1: 0.1845 (0.1887)  loss_giou_aux_1: 0.4078 (0.4053)  loss_fgl_aux_1: 1.1868 (1.1830)  loss_ddf_aux_1: 0.0010 (0.0010)  loss_mal_pre: 0.8335 (0.8620)  loss_bbox_pre: 0.1906 (0.1945)  loss_giou_pre: 0.4115 (0.4159)  loss_mal_enc_0: 0.9282 (0.9443)  loss_bbox_enc_0: 0.2158 (0.2247)  loss_giou_enc_0: 0.4648 (0.4668)  loss_mal_dn_0: 0.6797 (0.6775)  loss_bbox_dn_0: 0.1973 (0.2135)  loss_giou_dn_0: 0.4349 (0.4359)  loss_fgl_dn_0: 1.2027 (1.1989)  loss_ddf_dn_0: 0.0812 (0.0784)  loss_mal_dn_1: 0.5903 (0.5846)  loss_bbox_dn_1: 0.1626 (0.1687)  loss_giou_dn_1: 0.3559 (0.3552)  loss_fgl_dn_1: 1.1503 (1.1449)  loss_ddf_dn_1: 0.0042 (0.0040)  loss_mal_dn_2: 0.5801 (0.5743)  loss_bbox_dn_2: 0.1603 (0.1658)  loss_giou_dn_2: 0.3494 (0.3507)  loss_fgl_dn_2: 1.1450 (1.1434)  loss_mal_dn_pre: 0.6792 (0.6772)  loss_bbox_dn_pre: 0.1989 (0.2169)  loss_giou_dn_pre: 0.4335 (0.4364)  time: 0.3748  data: 0.0300  max mem: 8321
Epoch: [155] Total time: 0:01:24 (0.4312 s / it)
Averaged stats: lr: 0.000400  loss: 19.4320 (19.4003)  loss_mal: 0.8125 (0.8132)  loss_bbox: 0.1851 (0.1881)  loss_giou: 0.4055 (0.4041)  loss_fgl: 1.1861 (1.1829)  loss_mal_aux_0: 0.8315 (0.8616)  loss_bbox_aux_0: 0.1878 (0.1945)  loss_giou_aux_0: 0.4115 (0.4164)  loss_fgl_aux_0: 1.1975 (1.1918)  loss_ddf_aux_0: 0.0091 (0.0103)  loss_mal_aux_1: 0.8149 (0.8247)  loss_bbox_aux_1: 0.1845 (0.1887)  loss_giou_aux_1: 0.4078 (0.4053)  loss_fgl_aux_1: 1.1868 (1.1830)  loss_ddf_aux_1: 0.0010 (0.0010)  loss_mal_pre: 0.8335 (0.8620)  loss_bbox_pre: 0.1906 (0.1945)  loss_giou_pre: 0.4115 (0.4159)  loss_mal_enc_0: 0.9282 (0.9443)  loss_bbox_enc_0: 0.2158 (0.2247)  loss_giou_enc_0: 0.4648 (0.4668)  loss_mal_dn_0: 0.6797 (0.6775)  loss_bbox_dn_0: 0.1973 (0.2135)  loss_giou_dn_0: 0.4349 (0.4359)  loss_fgl_dn_0: 1.2027 (1.1989)  loss_ddf_dn_0: 0.0812 (0.0784)  loss_mal_dn_1: 0.5903 (0.5846)  loss_bbox_dn_1: 0.1626 (0.1687)  loss_giou_dn_1: 0.3559 (0.3552)  loss_fgl_dn_1: 1.1503 (1.1449)  loss_ddf_dn_1: 0.0042 (0.0040)  loss_mal_dn_2: 0.5801 (0.5743)  loss_bbox_dn_2: 0.1603 (0.1658)  loss_giou_dn_2: 0.3494 (0.3507)  loss_fgl_dn_2: 1.1450 (1.1434)  loss_mal_dn_pre: 0.6792 (0.6772)  loss_bbox_dn_pre: 0.1989 (0.2169)  loss_giou_dn_pre: 0.4335 (0.4364)
Test:  [ 0/13]  eta: 0:00:37    time: 2.8607  data: 2.6325  max mem: 8321
Test:  [10/13]  eta: 0:00:01    time: 0.5966  data: 0.3422  max mem: 8321
Test:  [12/13]  eta: 0:00:00    time: 0.5425  data: 0.2957  max mem: 8321
Test: Total time: 0:00:07 (0.5511 s / it)
Averaged stats: 
Accumulating evaluation results...
COCOeval_opt.accumulate() finished...
DONE (t=0.31s).
IoU metric: bbox
 Average Precision  (AP) @[ IoU=0.50:0.95 | area=   all | maxDets=100 ] = 0.275
 Average Precision  (AP) @[ IoU=0.50      | area=   all | maxDets=100 ] = 0.588
 Average Precision  (AP) @[ IoU=0.75      | area=   all | maxDets=100 ] = 0.211
 Average Precision  (AP) @[ IoU=0.50:0.95 | area= small | maxDets=100 ] = 0.125
 Average Precision  (AP) @[ IoU=0.50:0.95 | area=medium | maxDets=100 ] = 0.232
 Average Precision  (AP) @[ IoU=0.50:0.95 | area= large | maxDets=100 ] = 0.324
 Average Recall     (AR) @[ IoU=0.50:0.95 | area=   all | maxDets=  1 ] = 0.253
 Average Recall     (AR) @[ IoU=0.50:0.95 | area=   all | maxDets= 10 ] = 0.480
 Average Recall     (AR) @[ IoU=0.50:0.95 | area=   all | maxDets=100 ] = 0.559
 Average Recall     (AR) @[ IoU=0.50:0.95 | area= small | maxDets=100 ] = 0.298
 Average Recall     (AR) @[ IoU=0.50:0.95 | area=medium | maxDets=100 ] = 0.531
 Average Recall     (AR) @[ IoU=0.50:0.95 | area= large | maxDets=100 ] = 0.637
 Average Recall     (AR) @[ IoU=0.50      | area=   all | maxDets=100 ] = 0.956
 Average Recall     (AR) @[ IoU=0.75      | area=   all | maxDets=100 ] = 0.556
best_stat: {'epoch': 123, 'coco_eval_bbox': 0.2756708282295533}
Epoch: [156]  [  0/197]  eta: 0:06:46  lr: 0.000400  loss: 18.0396 (18.0396)  loss_mal: 0.7339 (0.7339)  loss_bbox: 0.1394 (0.1394)  loss_giou: 0.3641 (0.3641)  loss_fgl: 1.1620 (1.1620)  loss_mal_aux_0: 0.7598 (0.7598)  loss_bbox_aux_0: 0.1439 (0.1439)  loss_giou_aux_0: 0.3861 (0.3861)  loss_fgl_aux_0: 1.1680 (1.1680)  loss_ddf_aux_0: 0.0091 (0.0091)  loss_mal_aux_1: 0.7178 (0.7178)  loss_bbox_aux_1: 0.1407 (0.1407)  loss_giou_aux_1: 0.3702 (0.3702)  loss_fgl_aux_1: 1.1644 (1.1644)  loss_ddf_aux_1: 0.0010 (0.0010)  loss_mal_pre: 0.7563 (0.7563)  loss_bbox_pre: 0.1443 (0.1443)  loss_giou_pre: 0.3860 (0.3860)  loss_mal_enc_0: 0.8149 (0.8149)  loss_bbox_enc_0: 0.1785 (0.1785)  loss_giou_enc_0: 0.4447 (0.4447)  loss_mal_dn_0: 0.6558 (0.6558)  loss_bbox_dn_0: 0.1563 (0.1563)  loss_giou_dn_0: 0.4042 (0.4042)  loss_fgl_dn_0: 1.1900 (1.1900)  loss_ddf_dn_0: 0.0776 (0.0776)  loss_mal_dn_1: 0.5757 (0.5757)  loss_bbox_dn_1: 0.1261 (0.1261)  loss_giou_dn_1: 0.3363 (0.3363)  loss_fgl_dn_1: 1.1384 (1.1384)  loss_ddf_dn_1: 0.0037 (0.0037)  loss_mal_dn_2: 0.5703 (0.5703)  loss_bbox_dn_2: 0.1231 (0.1231)  loss_giou_dn_2: 0.3326 (0.3326)  loss_fgl_dn_2: 1.1379 (1.1379)  loss_mal_dn_pre: 0.6582 (0.6582)  loss_bbox_dn_pre: 0.1622 (0.1622)  loss_giou_dn_pre: 0.4062 (0.4062)  time: 2.0629  data: 1.5736  max mem: 8321
Epoch: [156]  [196/197]  eta: 0:00:00  lr: 0.000400  loss: 19.0078 (18.8124)  loss_mal: 0.7852 (0.7770)  loss_bbox: 0.1686 (0.1725)  loss_giou: 0.3956 (0.3796)  loss_fgl: 1.1726 (1.1738)  loss_mal_aux_0: 0.8169 (0.8258)  loss_bbox_aux_0: 0.1753 (0.1797)  loss_giou_aux_0: 0.4068 (0.3953)  loss_fgl_aux_0: 1.1896 (1.1847)  loss_ddf_aux_0: 0.0132 (0.0114)  loss_mal_aux_1: 0.7974 (0.7885)  loss_bbox_aux_1: 0.1688 (0.1732)  loss_giou_aux_1: 0.3986 (0.3810)  loss_fgl_aux_1: 1.1743 (1.1739)  loss_ddf_aux_1: 0.0011 (0.0010)  loss_mal_pre: 0.8169 (0.8263)  loss_bbox_pre: 0.1742 (0.1787)  loss_giou_pre: 0.4058 (0.3942)  loss_mal_enc_0: 0.9102 (0.9108)  loss_bbox_enc_0: 0.2102 (0.2097)  loss_giou_enc_0: 0.4567 (0.4462)  loss_mal_dn_0: 0.6689 (0.6645)  loss_bbox_dn_0: 0.1999 (0.2010)  loss_giou_dn_0: 0.4173 (0.4164)  loss_fgl_dn_0: 1.2035 (1.1958)  loss_ddf_dn_0: 0.0817 (0.0805)  loss_mal_dn_1: 0.5723 (0.5692)  loss_bbox_dn_1: 0.1559 (0.1576)  loss_giou_dn_1: 0.3376 (0.3373)  loss_fgl_dn_1: 1.1436 (1.1358)  loss_ddf_dn_1: 0.0043 (0.0039)  loss_mal_dn_2: 0.5605 (0.5596)  loss_bbox_dn_2: 0.1525 (0.1547)  loss_giou_dn_2: 0.3339 (0.3328)  loss_fgl_dn_2: 1.1355 (1.1340)  loss_mal_dn_pre: 0.6699 (0.6642)  loss_bbox_dn_pre: 0.2017 (0.2046)  loss_giou_dn_pre: 0.4181 (0.4170)  time: 0.3594  data: 0.0280  max mem: 8321
Epoch: [156] Total time: 0:01:23 (0.4247 s / it)
Averaged stats: lr: 0.000400  loss: 19.0078 (18.8124)  loss_mal: 0.7852 (0.7770)  loss_bbox: 0.1686 (0.1725)  loss_giou: 0.3956 (0.3796)  loss_fgl: 1.1726 (1.1738)  loss_mal_aux_0: 0.8169 (0.8258)  loss_bbox_aux_0: 0.1753 (0.1797)  loss_giou_aux_0: 0.4068 (0.3953)  loss_fgl_aux_0: 1.1896 (1.1847)  loss_ddf_aux_0: 0.0132 (0.0114)  loss_mal_aux_1: 0.7974 (0.7885)  loss_bbox_aux_1: 0.1688 (0.1732)  loss_giou_aux_1: 0.3986 (0.3810)  loss_fgl_aux_1: 1.1743 (1.1739)  loss_ddf_aux_1: 0.0011 (0.0010)  loss_mal_pre: 0.8169 (0.8263)  loss_bbox_pre: 0.1742 (0.1787)  loss_giou_pre: 0.4058 (0.3942)  loss_mal_enc_0: 0.9102 (0.9108)  loss_bbox_enc_0: 0.2102 (0.2097)  loss_giou_enc_0: 0.4567 (0.4462)  loss_mal_dn_0: 0.6689 (0.6645)  loss_bbox_dn_0: 0.1999 (0.2010)  loss_giou_dn_0: 0.4173 (0.4164)  loss_fgl_dn_0: 1.2035 (1.1958)  loss_ddf_dn_0: 0.0817 (0.0805)  loss_mal_dn_1: 0.5723 (0.5692)  loss_bbox_dn_1: 0.1559 (0.1576)  loss_giou_dn_1: 0.3376 (0.3373)  loss_fgl_dn_1: 1.1436 (1.1358)  loss_ddf_dn_1: 0.0043 (0.0039)  loss_mal_dn_2: 0.5605 (0.5596)  loss_bbox_dn_2: 0.1525 (0.1547)  loss_giou_dn_2: 0.3339 (0.3328)  loss_fgl_dn_2: 1.1355 (1.1340)  loss_mal_dn_pre: 0.6699 (0.6642)  loss_bbox_dn_pre: 0.2017 (0.2046)  loss_giou_dn_pre: 0.4181 (0.4170)
Test:  [ 0/13]  eta: 0:00:35    time: 2.7115  data: 2.3305  max mem: 8321
Test:  [10/13]  eta: 0:00:01    time: 0.5691  data: 0.3038  max mem: 8321
Test:  [12/13]  eta: 0:00:00    time: 0.5223  data: 0.2704  max mem: 8321
Test: Total time: 0:00:06 (0.5298 s / it)
Averaged stats: 
Accumulating evaluation results...
COCOeval_opt.accumulate() finished...
DONE (t=0.29s).
IoU metric: bbox
 Average Precision  (AP) @[ IoU=0.50:0.95 | area=   all | maxDets=100 ] = 0.275
 Average Precision  (AP) @[ IoU=0.50      | area=   all | maxDets=100 ] = 0.590
 Average Precision  (AP) @[ IoU=0.75      | area=   all | maxDets=100 ] = 0.211
 Average Precision  (AP) @[ IoU=0.50:0.95 | area= small | maxDets=100 ] = 0.127
 Average Precision  (AP) @[ IoU=0.50:0.95 | area=medium | maxDets=100 ] = 0.232
 Average Precision  (AP) @[ IoU=0.50:0.95 | area= large | maxDets=100 ] = 0.325
 Average Recall     (AR) @[ IoU=0.50:0.95 | area=   all | maxDets=  1 ] = 0.253
 Average Recall     (AR) @[ IoU=0.50:0.95 | area=   all | maxDets= 10 ] = 0.480
 Average Recall     (AR) @[ IoU=0.50:0.95 | area=   all | maxDets=100 ] = 0.559
 Average Recall     (AR) @[ IoU=0.50:0.95 | area= small | maxDets=100 ] = 0.298
 Average Recall     (AR) @[ IoU=0.50:0.95 | area=medium | maxDets=100 ] = 0.530
 Average Recall     (AR) @[ IoU=0.50:0.95 | area= large | maxDets=100 ] = 0.635
 Average Recall     (AR) @[ IoU=0.50      | area=   all | maxDets=100 ] = 0.953
 Average Recall     (AR) @[ IoU=0.75      | area=   all | maxDets=100 ] = 0.558
best_stat: {'epoch': 123, 'coco_eval_bbox': 0.2756708282295533}
Epoch: [157]  [  0/197]  eta: 0:06:09  lr: 0.000400  loss: 18.5339 (18.5339)  loss_mal: 0.7627 (0.7627)  loss_bbox: 0.1386 (0.1386)  loss_giou: 0.3723 (0.3723)  loss_fgl: 1.1857 (1.1857)  loss_mal_aux_0: 0.7915 (0.7915)  loss_bbox_aux_0: 0.1512 (0.1512)  loss_giou_aux_0: 0.3887 (0.3887)  loss_fgl_aux_0: 1.1975 (1.1975)  loss_ddf_aux_0: 0.0099 (0.0099)  loss_mal_aux_1: 0.7676 (0.7676)  loss_bbox_aux_1: 0.1413 (0.1413)  loss_giou_aux_1: 0.3726 (0.3726)  loss_fgl_aux_1: 1.1855 (1.1855)  loss_ddf_aux_1: 0.0014 (0.0014)  loss_mal_pre: 0.7935 (0.7935)  loss_bbox_pre: 0.1524 (0.1524)  loss_giou_pre: 0.3876 (0.3876)  loss_mal_enc_0: 0.8857 (0.8857)  loss_bbox_enc_0: 0.1714 (0.1714)  loss_giou_enc_0: 0.4358 (0.4358)  loss_mal_dn_0: 0.6753 (0.6753)  loss_bbox_dn_0: 0.1707 (0.1707)  loss_giou_dn_0: 0.4369 (0.4369)  loss_fgl_dn_0: 1.2217 (1.2217)  loss_ddf_dn_0: 0.0822 (0.0822)  loss_mal_dn_1: 0.5708 (0.5708)  loss_bbox_dn_1: 0.1283 (0.1283)  loss_giou_dn_1: 0.3396 (0.3396)  loss_fgl_dn_1: 1.1546 (1.1546)  loss_ddf_dn_1: 0.0043 (0.0043)  loss_mal_dn_2: 0.5610 (0.5610)  loss_bbox_dn_2: 0.1240 (0.1240)  loss_giou_dn_2: 0.3374 (0.3374)  loss_fgl_dn_2: 1.1505 (1.1505)  loss_mal_dn_pre: 0.6753 (0.6753)  loss_bbox_dn_pre: 0.1712 (0.1712)  loss_giou_dn_pre: 0.4373 (0.4373)  time: 1.8738  data: 1.3877  max mem: 8321
Epoch: [157]  [196/197]  eta: 0:00:00  lr: 0.000400  loss: 18.6139 (18.4116)  loss_mal: 0.7905 (0.7583)  loss_bbox: 0.1687 (0.1657)  loss_giou: 0.3647 (0.3655)  loss_fgl: 1.1682 (1.1617)  loss_mal_aux_0: 0.8257 (0.8053)  loss_bbox_aux_0: 0.1783 (0.1727)  loss_giou_aux_0: 0.3752 (0.3797)  loss_fgl_aux_0: 1.1840 (1.1755)  loss_ddf_aux_0: 0.0127 (0.0124)  loss_mal_aux_1: 0.7949 (0.7707)  loss_bbox_aux_1: 0.1699 (0.1664)  loss_giou_aux_1: 0.3644 (0.3666)  loss_fgl_aux_1: 1.1712 (1.1625)  loss_ddf_aux_1: 0.0011 (0.0011)  loss_mal_pre: 0.8271 (0.8056)  loss_bbox_pre: 0.1784 (0.1727)  loss_giou_pre: 0.3754 (0.3792)  loss_mal_enc_0: 0.9180 (0.8886)  loss_bbox_enc_0: 0.2125 (0.2055)  loss_giou_enc_0: 0.4362 (0.4350)  loss_mal_dn_0: 0.6528 (0.6531)  loss_bbox_dn_0: 0.2011 (0.1917)  loss_giou_dn_0: 0.4003 (0.3994)  loss_fgl_dn_0: 1.1903 (1.1899)  loss_ddf_dn_0: 0.0830 (0.0808)  loss_mal_dn_1: 0.5557 (0.5566)  loss_bbox_dn_1: 0.1556 (0.1502)  loss_giou_dn_1: 0.3256 (0.3233)  loss_fgl_dn_1: 1.1286 (1.1264)  loss_ddf_dn_1: 0.0041 (0.0042)  loss_mal_dn_2: 0.5469 (0.5466)  loss_bbox_dn_2: 0.1516 (0.1472)  loss_giou_dn_2: 0.3200 (0.3189)  loss_fgl_dn_2: 1.1258 (1.1243)  loss_mal_dn_pre: 0.6523 (0.6530)  loss_bbox_dn_pre: 0.2073 (0.1952)  loss_giou_dn_pre: 0.4016 (0.4001)  time: 0.3554  data: 0.0289  max mem: 8321
Epoch: [157] Total time: 0:01:24 (0.4277 s / it)
Averaged stats: lr: 0.000400  loss: 18.6139 (18.4116)  loss_mal: 0.7905 (0.7583)  loss_bbox: 0.1687 (0.1657)  loss_giou: 0.3647 (0.3655)  loss_fgl: 1.1682 (1.1617)  loss_mal_aux_0: 0.8257 (0.8053)  loss_bbox_aux_0: 0.1783 (0.1727)  loss_giou_aux_0: 0.3752 (0.3797)  loss_fgl_aux_0: 1.1840 (1.1755)  loss_ddf_aux_0: 0.0127 (0.0124)  loss_mal_aux_1: 0.7949 (0.7707)  loss_bbox_aux_1: 0.1699 (0.1664)  loss_giou_aux_1: 0.3644 (0.3666)  loss_fgl_aux_1: 1.1712 (1.1625)  loss_ddf_aux_1: 0.0011 (0.0011)  loss_mal_pre: 0.8271 (0.8056)  loss_bbox_pre: 0.1784 (0.1727)  loss_giou_pre: 0.3754 (0.3792)  loss_mal_enc_0: 0.9180 (0.8886)  loss_bbox_enc_0: 0.2125 (0.2055)  loss_giou_enc_0: 0.4362 (0.4350)  loss_mal_dn_0: 0.6528 (0.6531)  loss_bbox_dn_0: 0.2011 (0.1917)  loss_giou_dn_0: 0.4003 (0.3994)  loss_fgl_dn_0: 1.1903 (1.1899)  loss_ddf_dn_0: 0.0830 (0.0808)  loss_mal_dn_1: 0.5557 (0.5566)  loss_bbox_dn_1: 0.1556 (0.1502)  loss_giou_dn_1: 0.3256 (0.3233)  loss_fgl_dn_1: 1.1286 (1.1264)  loss_ddf_dn_1: 0.0041 (0.0042)  loss_mal_dn_2: 0.5469 (0.5466)  loss_bbox_dn_2: 0.1516 (0.1472)  loss_giou_dn_2: 0.3200 (0.3189)  loss_fgl_dn_2: 1.1258 (1.1243)  loss_mal_dn_pre: 0.6523 (0.6530)  loss_bbox_dn_pre: 0.2073 (0.1952)  loss_giou_dn_pre: 0.4016 (0.4001)
Test:  [ 0/13]  eta: 0:00:37    time: 2.8756  data: 2.6401  max mem: 8321
Test:  [10/13]  eta: 0:00:01    time: 0.5692  data: 0.3287  max mem: 8321
Test:  [12/13]  eta: 0:00:00    time: 0.5248  data: 0.2917  max mem: 8321
Test: Total time: 0:00:06 (0.5321 s / it)
Averaged stats: 
Accumulating evaluation results...
COCOeval_opt.accumulate() finished...
DONE (t=0.31s).
IoU metric: bbox
 Average Precision  (AP) @[ IoU=0.50:0.95 | area=   all | maxDets=100 ] = 0.275
 Average Precision  (AP) @[ IoU=0.50      | area=   all | maxDets=100 ] = 0.589
 Average Precision  (AP) @[ IoU=0.75      | area=   all | maxDets=100 ] = 0.211
 Average Precision  (AP) @[ IoU=0.50:0.95 | area= small | maxDets=100 ] = 0.126
 Average Precision  (AP) @[ IoU=0.50:0.95 | area=medium | maxDets=100 ] = 0.232
 Average Precision  (AP) @[ IoU=0.50:0.95 | area= large | maxDets=100 ] = 0.323
 Average Recall     (AR) @[ IoU=0.50:0.95 | area=   all | maxDets=  1 ] = 0.255
 Average Recall     (AR) @[ IoU=0.50:0.95 | area=   all | maxDets= 10 ] = 0.481
 Average Recall     (AR) @[ IoU=0.50:0.95 | area=   all | maxDets=100 ] = 0.559
 Average Recall     (AR) @[ IoU=0.50:0.95 | area= small | maxDets=100 ] = 0.299
 Average Recall     (AR) @[ IoU=0.50:0.95 | area=medium | maxDets=100 ] = 0.530
 Average Recall     (AR) @[ IoU=0.50:0.95 | area= large | maxDets=100 ] = 0.632
 Average Recall     (AR) @[ IoU=0.50      | area=   all | maxDets=100 ] = 0.953
 Average Recall     (AR) @[ IoU=0.75      | area=   all | maxDets=100 ] = 0.557
best_stat: {'epoch': 123, 'coco_eval_bbox': 0.2756708282295533}
Load last_epoch
Load model.state_dict
Load criterion.state_dict
Load postprocessor.state_dict
Load ema.state_dict
Load scaler.state_dict
Load optimizer.state_dict
Load lr_warmup_scheduler.state_dict
Refresh EMA at epoch 157 with decay 0.9995
Epoch: [158]  [  0/197]  eta: 0:07:20  lr: 0.000400  loss: 22.3186 (22.3186)  loss_mal: 0.9976 (0.9976)  loss_bbox: 0.2738 (0.2738)  loss_giou: 0.5047 (0.5047)  loss_fgl: 1.1949 (1.1949)  loss_mal_aux_0: 1.0996 (1.0996)  loss_bbox_aux_0: 0.2869 (0.2869)  loss_giou_aux_0: 0.5081 (0.5081)  loss_fgl_aux_0: 1.2045 (1.2045)  loss_ddf_aux_0: 0.0162 (0.0162)  loss_mal_aux_1: 1.0312 (1.0312)  loss_bbox_aux_1: 0.2781 (0.2781)  loss_giou_aux_1: 0.5072 (0.5072)  loss_fgl_aux_1: 1.1983 (1.1983)  loss_ddf_aux_1: 0.0013 (0.0013)  loss_mal_pre: 1.0967 (1.0967)  loss_bbox_pre: 0.2843 (0.2843)  loss_giou_pre: 0.5082 (0.5082)  loss_mal_enc_0: 1.1387 (1.1387)  loss_bbox_enc_0: 0.3686 (0.3686)  loss_giou_enc_0: 0.6024 (0.6024)  loss_mal_dn_0: 0.7168 (0.7168)  loss_bbox_dn_0: 0.3183 (0.3183)  loss_giou_dn_0: 0.5130 (0.5130)  loss_fgl_dn_0: 1.1953 (1.1953)  loss_ddf_dn_0: 0.0805 (0.0805)  loss_mal_dn_1: 0.6226 (0.6226)  loss_bbox_dn_1: 0.2367 (0.2367)  loss_giou_dn_1: 0.4200 (0.4200)  loss_fgl_dn_1: 1.1582 (1.1582)  loss_ddf_dn_1: 0.0045 (0.0045)  loss_mal_dn_2: 0.6113 (0.6113)  loss_bbox_dn_2: 0.2280 (0.2280)  loss_giou_dn_2: 0.4099 (0.4099)  loss_fgl_dn_2: 1.1557 (1.1557)  loss_mal_dn_pre: 0.7158 (0.7158)  loss_bbox_dn_pre: 0.3179 (0.3179)  loss_giou_dn_pre: 0.5129 (0.5129)  time: 2.2351  data: 1.7618  max mem: 8321
Epoch: [158]  [196/197]  eta: 0:00:00  lr: 0.000400  loss: 20.0061 (20.3230)  loss_mal: 0.8281 (0.8692)  loss_bbox: 0.2008 (0.2096)  loss_giou: 0.4389 (0.4393)  loss_fgl: 1.1970 (1.1924)  loss_mal_aux_0: 0.8828 (0.9224)  loss_bbox_aux_0: 0.2090 (0.2165)  loss_giou_aux_0: 0.4506 (0.4534)  loss_fgl_aux_0: 1.2024 (1.2007)  loss_ddf_aux_0: 0.0098 (0.0107)  loss_mal_aux_1: 0.8428 (0.8841)  loss_bbox_aux_1: 0.1995 (0.2104)  loss_giou_aux_1: 0.4409 (0.4403)  loss_fgl_aux_1: 1.1973 (1.1925)  loss_ddf_aux_1: 0.0010 (0.0010)  loss_mal_pre: 0.8833 (0.9233)  loss_bbox_pre: 0.2091 (0.2162)  loss_giou_pre: 0.4479 (0.4525)  loss_mal_enc_0: 0.9497 (0.9992)  loss_bbox_enc_0: 0.2410 (0.2471)  loss_giou_enc_0: 0.5041 (0.5035)  loss_mal_dn_0: 0.6895 (0.6936)  loss_bbox_dn_0: 0.2313 (0.2386)  loss_giou_dn_0: 0.4649 (0.4680)  loss_fgl_dn_0: 1.2038 (1.2040)  loss_ddf_dn_0: 0.0815 (0.0787)  loss_mal_dn_1: 0.6050 (0.6057)  loss_bbox_dn_1: 0.1820 (0.1887)  loss_giou_dn_1: 0.3736 (0.3834)  loss_fgl_dn_1: 1.1541 (1.1567)  loss_ddf_dn_1: 0.0043 (0.0042)  loss_mal_dn_2: 0.5923 (0.5951)  loss_bbox_dn_2: 0.1796 (0.1848)  loss_giou_dn_2: 0.3692 (0.3780)  loss_fgl_dn_2: 1.1515 (1.1555)  loss_mal_dn_pre: 0.6895 (0.6932)  loss_bbox_dn_pre: 0.2358 (0.2420)  loss_giou_dn_pre: 0.4633 (0.4684)  time: 0.3605  data: 0.0324  max mem: 8321
Epoch: [158] Total time: 0:01:23 (0.4213 s / it)
Averaged stats: lr: 0.000400  loss: 20.0061 (20.3230)  loss_mal: 0.8281 (0.8692)  loss_bbox: 0.2008 (0.2096)  loss_giou: 0.4389 (0.4393)  loss_fgl: 1.1970 (1.1924)  loss_mal_aux_0: 0.8828 (0.9224)  loss_bbox_aux_0: 0.2090 (0.2165)  loss_giou_aux_0: 0.4506 (0.4534)  loss_fgl_aux_0: 1.2024 (1.2007)  loss_ddf_aux_0: 0.0098 (0.0107)  loss_mal_aux_1: 0.8428 (0.8841)  loss_bbox_aux_1: 0.1995 (0.2104)  loss_giou_aux_1: 0.4409 (0.4403)  loss_fgl_aux_1: 1.1973 (1.1925)  loss_ddf_aux_1: 0.0010 (0.0010)  loss_mal_pre: 0.8833 (0.9233)  loss_bbox_pre: 0.2091 (0.2162)  loss_giou_pre: 0.4479 (0.4525)  loss_mal_enc_0: 0.9497 (0.9992)  loss_bbox_enc_0: 0.2410 (0.2471)  loss_giou_enc_0: 0.5041 (0.5035)  loss_mal_dn_0: 0.6895 (0.6936)  loss_bbox_dn_0: 0.2313 (0.2386)  loss_giou_dn_0: 0.4649 (0.4680)  loss_fgl_dn_0: 1.2038 (1.2040)  loss_ddf_dn_0: 0.0815 (0.0787)  loss_mal_dn_1: 0.6050 (0.6057)  loss_bbox_dn_1: 0.1820 (0.1887)  loss_giou_dn_1: 0.3736 (0.3834)  loss_fgl_dn_1: 1.1541 (1.1567)  loss_ddf_dn_1: 0.0043 (0.0042)  loss_mal_dn_2: 0.5923 (0.5951)  loss_bbox_dn_2: 0.1796 (0.1848)  loss_giou_dn_2: 0.3692 (0.3780)  loss_fgl_dn_2: 1.1515 (1.1555)  loss_mal_dn_pre: 0.6895 (0.6932)  loss_bbox_dn_pre: 0.2358 (0.2420)  loss_giou_dn_pre: 0.4633 (0.4684)
Test:  [ 0/13]  eta: 0:00:39    time: 3.0365  data: 2.6673  max mem: 8321
Test:  [10/13]  eta: 0:00:01    time: 0.6085  data: 0.3360  max mem: 8321
Test:  [12/13]  eta: 0:00:00    time: 0.5523  data: 0.2918  max mem: 8321
Test: Total time: 0:00:07 (0.5597 s / it)
Averaged stats: 
Accumulating evaluation results...
COCOeval_opt.accumulate() finished...
DONE (t=0.29s).
IoU metric: bbox
 Average Precision  (AP) @[ IoU=0.50:0.95 | area=   all | maxDets=100 ] = 0.275
 Average Precision  (AP) @[ IoU=0.50      | area=   all | maxDets=100 ] = 0.588
 Average Precision  (AP) @[ IoU=0.75      | area=   all | maxDets=100 ] = 0.212
 Average Precision  (AP) @[ IoU=0.50:0.95 | area= small | maxDets=100 ] = 0.125
 Average Precision  (AP) @[ IoU=0.50:0.95 | area=medium | maxDets=100 ] = 0.233
 Average Precision  (AP) @[ IoU=0.50:0.95 | area= large | maxDets=100 ] = 0.324
 Average Recall     (AR) @[ IoU=0.50:0.95 | area=   all | maxDets=  1 ] = 0.253
 Average Recall     (AR) @[ IoU=0.50:0.95 | area=   all | maxDets= 10 ] = 0.480
 Average Recall     (AR) @[ IoU=0.50:0.95 | area=   all | maxDets=100 ] = 0.558
 Average Recall     (AR) @[ IoU=0.50:0.95 | area= small | maxDets=100 ] = 0.298
 Average Recall     (AR) @[ IoU=0.50:0.95 | area=medium | maxDets=100 ] = 0.531
 Average Recall     (AR) @[ IoU=0.50:0.95 | area= large | maxDets=100 ] = 0.633
 Average Recall     (AR) @[ IoU=0.50      | area=   all | maxDets=100 ] = 0.957
 Average Recall     (AR) @[ IoU=0.75      | area=   all | maxDets=100 ] = 0.555
best_stat: {'epoch': 123, 'coco_eval_bbox': 0.2756708282295533}
Epoch: [159]  [  0/197]  eta: 0:06:14  lr: 0.000400  loss: 19.3483 (19.3483)  loss_mal: 0.8032 (0.8032)  loss_bbox: 0.1476 (0.1476)  loss_giou: 0.4070 (0.4070)  loss_fgl: 1.2328 (1.2328)  loss_mal_aux_0: 0.8643 (0.8643)  loss_bbox_aux_0: 0.1537 (0.1537)  loss_giou_aux_0: 0.4138 (0.4138)  loss_fgl_aux_0: 1.2378 (1.2378)  loss_ddf_aux_0: 0.0070 (0.0070)  loss_mal_aux_1: 0.8101 (0.8101)  loss_bbox_aux_1: 0.1494 (0.1494)  loss_giou_aux_1: 0.4083 (0.4083)  loss_fgl_aux_1: 1.2314 (1.2314)  loss_ddf_aux_1: 0.0008 (0.0008)  loss_mal_pre: 0.8740 (0.8740)  loss_bbox_pre: 0.1528 (0.1528)  loss_giou_pre: 0.4124 (0.4124)  loss_mal_enc_0: 0.9658 (0.9658)  loss_bbox_enc_0: 0.1657 (0.1657)  loss_giou_enc_0: 0.4478 (0.4478)  loss_mal_dn_0: 0.6826 (0.6826)  loss_bbox_dn_0: 0.1729 (0.1729)  loss_giou_dn_0: 0.4617 (0.4617)  loss_fgl_dn_0: 1.2234 (1.2234)  loss_ddf_dn_0: 0.0712 (0.0712)  loss_mal_dn_1: 0.5894 (0.5894)  loss_bbox_dn_1: 0.1369 (0.1369)  loss_giou_dn_1: 0.3733 (0.3733)  loss_fgl_dn_1: 1.1769 (1.1769)  loss_ddf_dn_1: 0.0035 (0.0035)  loss_mal_dn_2: 0.5771 (0.5771)  loss_bbox_dn_2: 0.1326 (0.1326)  loss_giou_dn_2: 0.3649 (0.3649)  loss_fgl_dn_2: 1.1758 (1.1758)  loss_mal_dn_pre: 0.6821 (0.6821)  loss_bbox_dn_pre: 0.1762 (0.1762)  loss_giou_dn_pre: 0.4617 (0.4617)  time: 1.9003  data: 1.4476  max mem: 8321
Epoch: [159]  [196/197]  eta: 0:00:00  lr: 0.000400  loss: 19.1149 (19.3729)  loss_mal: 0.8101 (0.8174)  loss_bbox: 0.1812 (0.1850)  loss_giou: 0.3894 (0.4017)  loss_fgl: 1.1865 (1.1835)  loss_mal_aux_0: 0.8350 (0.8602)  loss_bbox_aux_0: 0.1855 (0.1904)  loss_giou_aux_0: 0.4032 (0.4154)  loss_fgl_aux_0: 1.1961 (1.1929)  loss_ddf_aux_0: 0.0094 (0.0108)  loss_mal_aux_1: 0.8091 (0.8252)  loss_bbox_aux_1: 0.1811 (0.1857)  loss_giou_aux_1: 0.3885 (0.4029)  loss_fgl_aux_1: 1.1859 (1.1836)  loss_ddf_aux_1: 0.0009 (0.0010)  loss_mal_pre: 0.8413 (0.8608)  loss_bbox_pre: 0.1844 (0.1903)  loss_giou_pre: 0.4015 (0.4150)  loss_mal_enc_0: 0.9438 (0.9479)  loss_bbox_enc_0: 0.2155 (0.2193)  loss_giou_enc_0: 0.4598 (0.4649)  loss_mal_dn_0: 0.6733 (0.6769)  loss_bbox_dn_0: 0.1995 (0.2130)  loss_giou_dn_0: 0.4201 (0.4336)  loss_fgl_dn_0: 1.2004 (1.1989)  loss_ddf_dn_0: 0.0723 (0.0786)  loss_mal_dn_1: 0.5757 (0.5838)  loss_bbox_dn_1: 0.1598 (0.1688)  loss_giou_dn_1: 0.3483 (0.3545)  loss_fgl_dn_1: 1.1457 (1.1455)  loss_ddf_dn_1: 0.0035 (0.0040)  loss_mal_dn_2: 0.5674 (0.5743)  loss_bbox_dn_2: 0.1576 (0.1657)  loss_giou_dn_2: 0.3433 (0.3499)  loss_fgl_dn_2: 1.1439 (1.1440)  loss_mal_dn_pre: 0.6724 (0.6766)  loss_bbox_dn_pre: 0.2047 (0.2166)  loss_giou_dn_pre: 0.4189 (0.4343)  time: 0.3625  data: 0.0345  max mem: 8321
Epoch: [159] Total time: 0:01:23 (0.4251 s / it)
Averaged stats: lr: 0.000400  loss: 19.1149 (19.3729)  loss_mal: 0.8101 (0.8174)  loss_bbox: 0.1812 (0.1850)  loss_giou: 0.3894 (0.4017)  loss_fgl: 1.1865 (1.1835)  loss_mal_aux_0: 0.8350 (0.8602)  loss_bbox_aux_0: 0.1855 (0.1904)  loss_giou_aux_0: 0.4032 (0.4154)  loss_fgl_aux_0: 1.1961 (1.1929)  loss_ddf_aux_0: 0.0094 (0.0108)  loss_mal_aux_1: 0.8091 (0.8252)  loss_bbox_aux_1: 0.1811 (0.1857)  loss_giou_aux_1: 0.3885 (0.4029)  loss_fgl_aux_1: 1.1859 (1.1836)  loss_ddf_aux_1: 0.0009 (0.0010)  loss_mal_pre: 0.8413 (0.8608)  loss_bbox_pre: 0.1844 (0.1903)  loss_giou_pre: 0.4015 (0.4150)  loss_mal_enc_0: 0.9438 (0.9479)  loss_bbox_enc_0: 0.2155 (0.2193)  loss_giou_enc_0: 0.4598 (0.4649)  loss_mal_dn_0: 0.6733 (0.6769)  loss_bbox_dn_0: 0.1995 (0.2130)  loss_giou_dn_0: 0.4201 (0.4336)  loss_fgl_dn_0: 1.2004 (1.1989)  loss_ddf_dn_0: 0.0723 (0.0786)  loss_mal_dn_1: 0.5757 (0.5838)  loss_bbox_dn_1: 0.1598 (0.1688)  loss_giou_dn_1: 0.3483 (0.3545)  loss_fgl_dn_1: 1.1457 (1.1455)  loss_ddf_dn_1: 0.0035 (0.0040)  loss_mal_dn_2: 0.5674 (0.5743)  loss_bbox_dn_2: 0.1576 (0.1657)  loss_giou_dn_2: 0.3433 (0.3499)  loss_fgl_dn_2: 1.1439 (1.1440)  loss_mal_dn_pre: 0.6724 (0.6766)  loss_bbox_dn_pre: 0.2047 (0.2166)  loss_giou_dn_pre: 0.4189 (0.4343)
Test:  [ 0/13]  eta: 0:00:43    time: 3.3188  data: 3.0844  max mem: 8321
Test:  [10/13]  eta: 0:00:01    time: 0.6399  data: 0.3604  max mem: 8321
Test:  [12/13]  eta: 0:00:00    time: 0.5772  data: 0.3109  max mem: 8321
Test: Total time: 0:00:07 (0.5849 s / it)
Averaged stats: 
Accumulating evaluation results...
COCOeval_opt.accumulate() finished...
DONE (t=0.33s).
IoU metric: bbox
 Average Precision  (AP) @[ IoU=0.50:0.95 | area=   all | maxDets=100 ] = 0.275
 Average Precision  (AP) @[ IoU=0.50      | area=   all | maxDets=100 ] = 0.589
 Average Precision  (AP) @[ IoU=0.75      | area=   all | maxDets=100 ] = 0.211
 Average Precision  (AP) @[ IoU=0.50:0.95 | area= small | maxDets=100 ] = 0.125
 Average Precision  (AP) @[ IoU=0.50:0.95 | area=medium | maxDets=100 ] = 0.232
 Average Precision  (AP) @[ IoU=0.50:0.95 | area= large | maxDets=100 ] = 0.324
 Average Recall     (AR) @[ IoU=0.50:0.95 | area=   all | maxDets=  1 ] = 0.253
 Average Recall     (AR) @[ IoU=0.50:0.95 | area=   all | maxDets= 10 ] = 0.480
 Average Recall     (AR) @[ IoU=0.50:0.95 | area=   all | maxDets=100 ] = 0.558
 Average Recall     (AR) @[ IoU=0.50:0.95 | area= small | maxDets=100 ] = 0.298
 Average Recall     (AR) @[ IoU=0.50:0.95 | area=medium | maxDets=100 ] = 0.530
 Average Recall     (AR) @[ IoU=0.50:0.95 | area= large | maxDets=100 ] = 0.636
 Average Recall     (AR) @[ IoU=0.50      | area=   all | maxDets=100 ] = 0.955
 Average Recall     (AR) @[ IoU=0.75      | area=   all | maxDets=100 ] = 0.557
best_stat: {'epoch': 123, 'coco_eval_bbox': 0.2756708282295533}
Load last_epoch
Load model.state_dict
Load criterion.state_dict
Load postprocessor.state_dict
Load ema.state_dict
Load scaler.state_dict
Load optimizer.state_dict
Load lr_warmup_scheduler.state_dict
Refresh EMA at epoch 159 with decay 0.9994000000000001
Training time 4:44:19
