actual_loss,actual_vs_loc_all_final_cosine,actual_vs_loc_all_final_left_norm,actual_vs_loc_all_final_right_norm,actual_vs_loc_cross_attention_weights_cosine,actual_vs_loc_cross_attention_weights_left_norm,actual_vs_loc_cross_attention_weights_right_norm,actual_vs_loc_cross_gateway_linear_cosine,actual_vs_loc_cross_gateway_linear_left_norm,actual_vs_loc_cross_gateway_linear_right_norm,actual_vs_loc_cross_gateway_norm_cosine,actual_vs_loc_cross_gateway_norm_left_norm,actual_vs_loc_cross_gateway_norm_right_norm,actual_vs_loc_cross_sampling_offsets_cosine,actual_vs_loc_cross_sampling_offsets_left_norm,actual_vs_loc_cross_sampling_offsets_right_norm,actual_vs_loc_ffn_core_cosine,actual_vs_loc_ffn_core_left_norm,actual_vs_loc_ffn_core_right_norm,actual_vs_loc_ffn_norm_cosine,actual_vs_loc_ffn_norm_left_norm,actual_vs_loc_ffn_norm_right_norm,actual_vs_loc_self_attention_core_cosine,actual_vs_loc_self_attention_core_left_norm,actual_vs_loc_self_attention_core_right_norm,actual_vs_loc_self_attention_norm_cosine,actual_vs_loc_self_attention_norm_left_norm,actual_vs_loc_self_attention_norm_right_norm,batch,class_D00_actual_vs_loc_all_final_cosine,class_D00_actual_vs_loc_cross_attention_weights_cosine,class_D00_actual_vs_loc_cross_gateway_linear_cosine,class_D00_actual_vs_loc_cross_gateway_norm_cosine,class_D00_actual_vs_loc_cross_sampling_offsets_cosine,class_D00_actual_vs_loc_ffn_core_cosine,class_D00_actual_vs_loc_ffn_norm_cosine,class_D00_actual_vs_loc_self_attention_core_cosine,class_D00_actual_vs_loc_self_attention_norm_cosine,class_D00_pure_vs_loc_all_final_cosine,class_D00_pure_vs_loc_cross_attention_weights_cosine,class_D00_pure_vs_loc_cross_gateway_linear_cosine,class_D00_pure_vs_loc_cross_gateway_norm_cosine,class_D00_pure_vs_loc_cross_sampling_offsets_cosine,class_D00_pure_vs_loc_ffn_core_cosine,class_D00_pure_vs_loc_ffn_norm_cosine,class_D00_pure_vs_loc_self_attention_core_cosine,class_D00_pure_vs_loc_self_attention_norm_cosine,class_D10_actual_vs_loc_all_final_cosine,class_D10_actual_vs_loc_cross_attention_weights_cosine,class_D10_actual_vs_loc_cross_gateway_linear_cosine,class_D10_actual_vs_loc_cross_gateway_norm_cosine,class_D10_actual_vs_loc_cross_sampling_offsets_cosine,class_D10_actual_vs_loc_ffn_core_cosine,class_D10_actual_vs_loc_ffn_norm_cosine,class_D10_actual_vs_loc_self_attention_core_cosine,class_D10_actual_vs_loc_self_attention_norm_cosine,class_D10_pure_vs_loc_all_final_cosine,class_D10_pure_vs_loc_cross_attention_weights_cosine,class_D10_pure_vs_loc_cross_gateway_linear_cosine,class_D10_pure_vs_loc_cross_gateway_norm_cosine,class_D10_pure_vs_loc_cross_sampling_offsets_cosine,class_D10_pure_vs_loc_ffn_core_cosine,class_D10_pure_vs_loc_ffn_norm_cosine,class_D10_pure_vs_loc_self_attention_core_cosine,class_D10_pure_vs_loc_self_attention_norm_cosine,class_D20_actual_vs_loc_all_final_cosine,class_D20_actual_vs_loc_cross_attention_weights_cosine,class_D20_actual_vs_loc_cross_gateway_linear_cosine,class_D20_actual_vs_loc_cross_gateway_norm_cosine,class_D20_actual_vs_loc_cross_sampling_offsets_cosine,class_D20_actual_vs_loc_ffn_core_cosine,class_D20_actual_vs_loc_ffn_norm_cosine,class_D20_actual_vs_loc_self_attention_core_cosine,class_D20_actual_vs_loc_self_attention_norm_cosine,class_D20_pure_vs_loc_all_final_cosine,class_D20_pure_vs_loc_cross_attention_weights_cosine,class_D20_pure_vs_loc_cross_gateway_linear_cosine,class_D20_pure_vs_loc_cross_gateway_norm_cosine,class_D20_pure_vs_loc_cross_sampling_offsets_cosine,class_D20_pure_vs_loc_ffn_core_cosine,class_D20_pure_vs_loc_ffn_norm_cosine,class_D20_pure_vs_loc_self_attention_core_cosine,class_D20_pure_vs_loc_self_attention_norm_cosine,class_D40_actual_vs_loc_all_final_cosine,class_D40_actual_vs_loc_cross_attention_weights_cosine,class_D40_actual_vs_loc_cross_gateway_linear_cosine,class_D40_actual_vs_loc_cross_gateway_norm_cosine,class_D40_actual_vs_loc_cross_sampling_offsets_cosine,class_D40_actual_vs_loc_ffn_core_cosine,class_D40_actual_vs_loc_ffn_norm_cosine,class_D40_actual_vs_loc_self_attention_core_cosine,class_D40_actual_vs_loc_self_attention_norm_cosine,class_D40_pure_vs_loc_all_final_cosine,class_D40_pure_vs_loc_cross_attention_weights_cosine,class_D40_pure_vs_loc_cross_gateway_linear_cosine,class_D40_pure_vs_loc_cross_gateway_norm_cosine,class_D40_pure_vs_loc_cross_sampling_offsets_cosine,class_D40_pure_vs_loc_ffn_core_cosine,class_D40_pure_vs_loc_ffn_norm_cosine,class_D40_pure_vs_loc_self_attention_core_cosine,class_D40_pure_vs_loc_self_attention_norm_cosine,full_actual_vs_loc_all_final_cosine,full_actual_vs_loc_all_final_left_norm,full_actual_vs_loc_all_final_right_norm,full_actual_vs_loc_cross_attention_weights_cosine,full_actual_vs_loc_cross_attention_weights_left_norm,full_actual_vs_loc_cross_attention_weights_right_norm,full_actual_vs_loc_cross_gateway_linear_cosine,full_actual_vs_loc_cross_gateway_linear_left_norm,full_actual_vs_loc_cross_gateway_linear_right_norm,full_actual_vs_loc_cross_gateway_norm_cosine,full_actual_vs_loc_cross_gateway_norm_left_norm,full_actual_vs_loc_cross_gateway_norm_right_norm,full_actual_vs_loc_cross_sampling_offsets_cosine,full_actual_vs_loc_cross_sampling_offsets_left_norm,full_actual_vs_loc_cross_sampling_offsets_right_norm,full_actual_vs_loc_ffn_core_cosine,full_actual_vs_loc_ffn_core_left_norm,full_actual_vs_loc_ffn_core_right_norm,full_actual_vs_loc_ffn_norm_cosine,full_actual_vs_loc_ffn_norm_left_norm,full_actual_vs_loc_ffn_norm_right_norm,full_actual_vs_loc_self_attention_core_cosine,full_actual_vs_loc_self_attention_core_left_norm,full_actual_vs_loc_self_attention_core_right_norm,full_actual_vs_loc_self_attention_norm_cosine,full_actual_vs_loc_self_attention_norm_left_norm,full_actual_vs_loc_self_attention_norm_right_norm,images,localization_loss,objects,pure_loss,pure_vs_loc_all_final_cosine,pure_vs_loc_all_final_left_norm,pure_vs_loc_all_final_right_norm,pure_vs_loc_cross_attention_weights_cosine,pure_vs_loc_cross_attention_weights_left_norm,pure_vs_loc_cross_attention_weights_right_norm,pure_vs_loc_cross_gateway_linear_cosine,pure_vs_loc_cross_gateway_linear_left_norm,pure_vs_loc_cross_gateway_linear_right_norm,pure_vs_loc_cross_gateway_norm_cosine,pure_vs_loc_cross_gateway_norm_left_norm,pure_vs_loc_cross_gateway_norm_right_norm,pure_vs_loc_cross_sampling_offsets_cosine,pure_vs_loc_cross_sampling_offsets_left_norm,pure_vs_loc_cross_sampling_offsets_right_norm,pure_vs_loc_ffn_core_cosine,pure_vs_loc_ffn_core_left_norm,pure_vs_loc_ffn_core_right_norm,pure_vs_loc_ffn_norm_cosine,pure_vs_loc_ffn_norm_left_norm,pure_vs_loc_ffn_norm_right_norm,pure_vs_loc_self_attention_core_cosine,pure_vs_loc_self_attention_core_left_norm,pure_vs_loc_self_attention_core_right_norm,pure_vs_loc_self_attention_norm_cosine,pure_vs_loc_self_attention_norm_left_norm,pure_vs_loc_self_attention_norm_right_norm
0.6480937004089355,-0.034176312386989594,1.1517603397369385,0.5335512757301331,0.1185520812869072,0.07052005082368851,0.054343774914741516,-0.009356346912682056,0.1512359380722046,0.07405103743076324,-0.517570436000824,0.7602465152740479,0.15134422481060028,0.5231034755706787,0.18127933144569397,0.3898368179798126,0.022732015699148178,0.43663790822029114,0.2059909552335739,-0.0771740972995758,0.4649045169353485,0.03990425541996956,0.1002129539847374,0.4877656400203705,0.22273902595043182,-0.5623254179954529,0.20776227116584778,0.08789215981960297,0,-0.0019246432930231094,-0.01608416438102722,0.0477786660194397,-0.1466619372367859,0.060460250824689865,0.0060748206451535225,-0.06996743381023407,0.037441037595272064,0.08703392744064331,-0.009741142392158508,-0.004499862901866436,0.0358051136136055,-0.16801735758781433,0.060358427464962006,0.007014299742877483,-0.06873498111963272,0.03205268457531929,0.06641995906829834,0.1502777338027954,0.07170160114765167,0.021495021879673004,-0.2688620090484619,0.769856870174408,0.01698206551373005,0.13271024823188782,0.002945114392787218,-0.0017141997814178467,0.16199371218681335,0.07669855654239655,0.02109108492732048,-0.27791669964790344,0.7747076749801636,0.015423327684402466,0.12815384566783905,0.005662785843014717,0.0037545859813690186,-0.037542831152677536,0.1615305244922638,-0.07272293418645859,-0.42155662178993225,0.09741228818893433,0.031276993453502655,0.11659812927246094,0.04285341501235962,-0.28552383184432983,-0.048626258969306946,0.1304115206003189,-0.08226542919874191,-0.42552903294563293,0.04876759648323059,0.023048516362905502,0.1124604195356369,0.030662089586257935,-0.28167957067489624,,,,,,,,,,,,,,,,,,,-0.09323850274085999,2.1151092052459717,0.9171925187110901,0.19475600123405457,0.08901931345462799,0.11027437448501587,0.006963769439607859,0.25117212533950806,0.16011367738246918,-0.526970624923706,1.082817554473877,0.2885250151157379,0.49997177720069885,0.19814874231815338,0.4537075161933899,0.018248889595270157,0.6244496703147888,0.3350568413734436,0.06955906748771667,0.5957594513893127,0.10126050561666489,-0.051456209272146225,1.5074827671051025,0.5943275690078735,-0.30904126167297363,0.41658955812454224,0.1964842677116394,4,7451.49169921875,8,0.414773166179657,-0.0384196937084198,0.8359103202819824,0.5335512757301331,0.08853810280561447,0.05044984444975853,0.054343774914741516,-0.02174793928861618,0.10570552945137024,0.07405103743076324,-0.5238162875175476,0.5658016800880432,0.15134422481060028,0.5291572213172913,0.1375935822725296,0.3898368179798126,0.01644020713865757,0.3087178170681,0.2059909552335739,-0.07463066279888153,0.32567641139030457,0.03990425541996956,0.0840405523777008,0.3492017686367035,0.22273902595043182,-0.55555659532547,0.15049926936626434,0.08789215981960297
0.4918992519378662,-0.08206185698509216,0.9787415862083435,0.5472484230995178,0.247984379529953,0.06650353223085403,0.06105521693825722,-0.07667357474565506,0.12660551071166992,0.0897374227643013,-0.4471416175365448,0.6185882687568665,0.1335245817899704,-0.17310890555381775,0.1495390385389328,0.4270399808883667,0.059399042278528214,0.4006389081478119,0.17084082961082458,-0.08454728871583939,0.3548974394798279,0.032996781170368195,0.047548484057188034,0.43986397981643677,0.22708560526371002,-0.22766852378845215,0.22918550670146942,0.07526671141386032,1,-0.05016445741057396,-0.010584485717117786,-0.014257674105465412,-0.4911613166332245,-0.08425147831439972,0.029555579647421837,-0.06523960828781128,0.028776904568076134,-0.32367998361587524,-0.056329745799303055,-0.009990494698286057,-0.009058946743607521,-0.5280035734176636,-0.09991643577814102,0.03063267096877098,-0.06073559448122978,0.027839431539177895,-0.3212186098098755,,,,,,,,,,,,,,,,,,,-0.09311951696872711,0.3032793700695038,-0.06294726580381393,-0.41597822308540344,-0.2944588363170624,0.04145333915948868,-0.024483494460582733,-0.007194716949015856,0.24956822395324707,-0.0845746323466301,0.3408830761909485,-0.03998573124408722,-0.4166055917739868,-0.24490970373153687,0.04758460447192192,-0.021195311099290848,-0.0009595048613846302,0.24972151219844818,-0.009943502023816109,0.02156679518520832,0.06460949778556824,-0.08137036114931107,0.03619684278964996,-0.004877880681306124,-0.17110788822174072,-0.060448624193668365,-0.038738854229450226,-0.01049707643687725,0.02760501205921173,0.050652310252189636,-0.11286149173974991,0.03204525634646416,-0.00725410133600235,-0.1737176775932312,-0.048723846673965454,-0.07961484044790268,-0.09517417103052139,1.6390864849090576,0.883593738079071,0.27624404430389404,0.08458557724952698,0.10327592492103577,0.014644025824964046,0.20454947650432587,0.15740841627120972,-0.42971402406692505,0.8295875191688538,0.24670782685279846,0.06624356657266617,0.16898047924041748,0.5722437500953674,0.02311766892671585,0.5571077466011047,0.3002960681915283,0.11169679462909698,0.4810802638530731,0.08139041066169739,-0.09319374710321426,1.095539927482605,0.4786737561225891,-0.2490214705467224,0.4228762984275818,0.17617064714431763,4,8431.1572265625,8,0.2948252856731415,-0.07734726369380951,0.6606292724609375,0.5472484230995178,0.2805054187774658,0.04329955577850342,0.06105521693825722,-0.057361602783203125,0.0828406810760498,0.0897374227643013,-0.45123207569122314,0.4272545576095581,0.1335245817899704,-0.12410911917686462,0.09861289709806442,0.4270399808883667,0.061849892139434814,0.2633366584777832,0.17084082961082458,-0.08182287961244583,0.23114430904388428,0.032996781170368195,0.047050051391124725,0.295579195022583,0.22708560526371002,-0.21943944692611694,0.15900219976902008,0.07526671141386032
0.7198455333709717,-0.052698489278554916,1.162911295890808,0.5101418495178223,0.2767398953437805,0.06216435134410858,0.06491904705762863,0.0381796658039093,0.14238159358501434,0.09128663688898087,-0.2369212955236435,0.7819483876228333,0.1660827249288559,0.03120502457022667,0.08033359050750732,0.2754592001438141,0.025819987058639526,0.4135533571243286,0.24191731214523315,-0.1488114297389984,0.5017188787460327,0.049639586359262466,0.09013915061950684,0.4652687609195709,0.26413238048553467,-0.4118914008140564,0.2666570246219635,0.11611077189445496,2,0.022654762491583824,0.1861279010772705,0.10824184864759445,-0.38510769605636597,-0.041355591267347336,0.01033876370638609,-0.001031670719385147,0.17939677834510803,0.10745450854301453,0.013733861967921257,0.19825540482997894,0.09795503318309784,-0.4080005884170532,-0.04117333143949509,0.0053647831082344055,-0.005405684933066368,0.17796042561531067,0.1033276915550232,-0.09128449112176895,0.022722624242305756,-0.0021120235323905945,-0.37509652972221375,-0.06422426551580429,0.0021705729886889458,-0.21549195051193237,-0.0025237835943698883,-0.30310678482055664,-0.09393101930618286,0.018891632556915283,-0.0030190558172762394,-0.3808269798755646,-0.06358657777309418,-0.000821123830974102,-0.2150367796421051,-0.0012815375812351704,-0.30936187505722046,-0.036118656396865845,0.25047767162323,0.024225883185863495,-0.1623075008392334,-0.04810463637113571,0.05939974635839462,-0.012610608711838722,-0.020713835954666138,-0.13498127460479736,-0.06455343216657639,0.21537956595420837,0.02871813252568245,-0.18098782002925873,-0.10700389742851257,0.05344385281205177,-0.012233095243573189,-0.06978502869606018,-0.1793888360261917,-0.005333619192242622,0.02659551426768303,0.05685214325785637,-0.04840066283941269,-0.04003765806555748,0.02194278873503208,-0.10597193241119385,0.025650016963481903,-0.3017161786556244,-0.011834735050797462,0.021896950900554657,0.04915858060121536,-0.06497973203659058,-0.04936162754893303,0.015611274167895317,-0.10272736847400665,0.01454852893948555,-0.2987465262413025,-0.0764894187450409,1.5246204137802124,0.632425844669342,0.38157832622528076,0.07609175890684128,0.08864689618349075,0.04126998782157898,0.17437191307544708,0.1225895807147026,-0.35712891817092896,0.9391155242919922,0.2139684110879898,0.1605263203382492,0.10927990823984146,0.3265608251094818,0.026625286787748337,0.5167237520217896,0.28122854232788086,-0.031246796250343323,0.6205887198448181,0.06084663048386574,0.025856822729110718,0.7943101525306702,0.3510233461856842,-0.4625692069530487,0.33366066217422485,0.13653704524040222,4,7617.83447265625,12,0.4479091763496399,-0.06450557708740234,0.8106465935707092,0.5101418495178223,0.2750950753688812,0.041741158813238144,0.06491904705762863,0.03372705727815628,0.09403970092535019,0.09128663688898087,-0.24972359836101532,0.5613047480583191,0.1660827249288559,-0.003520634025335312,0.05983472242951393,0.2754592001438141,0.02024475485086441,0.27804961800575256,0.24191731214523315,-0.14847378432750702,0.33808085322380066,0.049639586359262466,0.0766485333442688,0.3131469786167145,0.26413238048553467,-0.4220019280910492,0.19557011127471924,0.11611077189445496
0.5551390647888184,-0.10249809920787811,0.998915433883667,1.0062189102172852,0.13873842358589172,0.06017633527517319,0.1262504607439041,-0.028896644711494446,0.13096565008163452,0.160274937748909,-0.43947145342826843,0.6433444023132324,0.3077739179134369,-0.15735144913196564,0.054497480392456055,0.6374004483222961,0.0246506929397583,0.39281728863716125,0.4130186438560486,-0.01135927066206932,0.3939210772514343,0.06199095398187637,0.0360448956489563,0.43432900309562683,0.5151715278625488,-0.5276193618774414,0.24915023148059845,0.173251673579216,3,-0.08352208137512207,-0.002591119846329093,0.009201416745781898,-0.386423259973526,-0.05077227205038071,0.022981345653533936,0.12405738234519958,-0.011092283762991428,-0.3497905135154724,-0.0878913477063179,-0.0009824661538004875,-0.002826480660587549,-0.3970831334590912,-0.03964100033044815,0.020008083432912827,0.12522941827774048,-0.011784370057284832,-0.35214465856552124,,,,,,,,,,,,,,,,,,,-0.05977703258395195,0.16892096400260925,-0.09888850152492523,-0.49191686511039734,-0.11688470840454102,0.015681734308600426,-0.11770651489496231,0.02303215116262436,-0.02107153832912445,-0.06655389815568924,0.16868282854557037,-0.11628778278827667,-0.5092254281044006,-0.08919817954301834,0.012701259925961494,-0.11040255427360535,0.01757211610674858,-0.014103084802627563,,,,,,,,,,,,,,,,,,,-0.10034923255443573,1.5657678842544556,1.314600944519043,0.15350386500358582,0.07712976634502411,0.17038226127624512,0.027973132207989693,0.19332624971866608,0.22612865269184113,-0.48002710938453674,0.8183981776237488,0.4018322229385376,-0.04576501250267029,0.18292343616485596,0.6991823315620422,0.010641394183039665,0.5107297897338867,0.5152652263641357,0.06726720929145813,0.4963287115097046,0.11334159970283508,-0.0194614939391613,1.022112488746643,0.8100680708885193,-0.37170541286468506,0.39136606454849243,0.2512594163417816,4,7570.11279296875,7,0.34700626134872437,-0.11281972378492355,0.7074021697044373,1.0062189102172852,0.1424013376235962,0.041871704161167145,0.1262504607439041,-0.049063898622989655,0.08832887560129166,0.160274937748909,-0.45443129539489746,0.479503333568573,0.3077739179134369,-0.13418257236480713,0.03645167127251625,0.6374004483222961,0.019906368106603622,0.26637035608291626,0.4130186438560486,-0.011761259287595749,0.26641735434532166,0.06199095398187637,0.027079718187451363,0.29395219683647156,0.5151715278625488,-0.5313160419464111,0.17683656513690948,0.173251673579216
0.8851259350776672,-0.10086596012115479,1.4772394895553589,0.30072784423828125,0.2928617000579834,0.09343484044075012,0.04402797296643257,0.010762222111225128,0.16505691409111023,0.054675664752721786,-0.4356992840766907,0.9923163056373596,0.10267076641321182,-0.30678579211235046,0.22276940941810608,0.12784883379936218,0.027813084423542023,0.5457667708396912,0.1355603039264679,0.005514703691005707,0.6008880138397217,0.030114000663161278,0.10505305975675583,0.5713477730751038,0.18944483995437622,-0.31163522601127625,0.35577911138534546,0.05873613432049751,4,-0.01338963583111763,0.08141278475522995,-0.03898455202579498,-0.288064181804657,0.18799994885921478,0.007091481238603592,0.21606500446796417,0.014117805287241936,-0.13461560010910034,-0.02817506715655327,0.07556941360235214,-0.04745485633611679,-0.352752685546875,0.17897728085517883,-0.0006895726546645164,0.20985442399978638,0.01403246633708477,-0.15409786999225616,0.03576972335577011,0.21737709641456604,0.1551750749349594,-0.026707150042057037,-0.035804733633995056,0.0017701857723295689,0.020239725708961487,0.1689661741256714,-0.36208727955818176,0.02393791452050209,0.21025638282299042,0.1333255022764206,-0.030753634870052338,-0.005653440020978451,-0.006177081260830164,0.012372680008411407,0.1413724720478058,-0.36551806330680847,-0.1924392282962799,0.23787051439285278,-0.010591359809041023,-0.4012415111064911,-0.7326012849807739,0.05477247014641762,0.15114571154117584,-0.10113613307476044,0.0303821861743927,-0.20501020550727844,0.20302176475524902,-0.034657273441553116,-0.4094349145889282,-0.753943681716919,0.044502295553684235,0.14680975675582886,-0.12058745324611664,0.019611746072769165,,,,,,,,,,,,,,,,,,,-0.18565532565116882,1.7337828874588013,1.1270171403884888,0.08667204529047012,0.09851383417844772,0.1578243523836136,-0.005311302840709686,0.19169950485229492,0.2081827074289322,-0.3390842378139496,1.0502893924713135,0.37232282757759094,-0.21673829853534698,0.21469992399215698,0.16881705820560455,0.001220465637743473,0.6106392741203308,0.4023537039756775,0.16357028484344482,0.6550853252410889,0.139457106590271,-0.2382885366678238,0.927283525466919,0.8770309686660767,-0.4014531373977661,0.3853228688240051,0.2903021275997162,4,8615.3642578125,7,0.6187000274658203,-0.11986158043146133,1.16848886013031,0.30072784423828125,0.25954049825668335,0.07169350981712341,0.04402797296643257,-0.015554670244455338,0.12617771327495575,0.054675664752721786,-0.4464338719844818,0.8056973218917847,0.10267076641321182,-0.354500949382782,0.18120484054088593,0.12784883379936218,0.01696287840604782,0.420322060585022,0.1355603039264679,0.003692127764225006,0.4566061794757843,0.030114000663161278,0.08118368685245514,0.4438815712928772,0.18944483995437622,-0.33275923132896423,0.2830750346183777,0.05873613432049751
0.7759936451911926,-0.11079707741737366,1.3646613359451294,0.4728398025035858,0.20654460787773132,0.07045650482177734,0.050556331872940063,-0.0804331824183464,0.1479121744632721,0.0801457092165947,-0.39312177896499634,0.9740335941314697,0.188139408826828,0.16410477459430695,0.16578975319862366,0.29215750098228455,0.03371146693825722,0.5232873558998108,0.18699845671653748,-0.005637563765048981,0.5168065428733826,0.047421347349882126,0.019169427454471588,0.517431378364563,0.2171543538570404,-0.5709913969039917,0.2248925268650055,0.09732700884342194,5,,,,,,,,,,,,,,,,,,,0.04599645361304283,-0.011480577290058136,-0.02126801200211048,-0.059521615505218506,-0.05201404541730881,0.008941153064370155,0.5723347663879395,0.0846216231584549,0.156036376953125,0.040678638964891434,-0.013964466750621796,-0.02483947202563286,-0.08291027694940567,-0.04819497838616371,0.004698116332292557,0.567145586013794,0.07811622321605682,0.0987156480550766,-0.09860211610794067,0.20635293424129486,-0.026386182755231857,-0.3869718015193939,0.18253093957901,0.03848017752170563,0.035734742879867554,0.00869350228458643,-0.5199467539787292,-0.09103193879127502,0.20775261521339417,0.0018887522164732218,-0.38267266750335693,0.26024067401885986,0.042998939752578735,0.038883160799741745,0.006397726014256477,-0.5078175067901611,-0.058795683085918427,-0.013391287997364998,-0.033288925886154175,-0.19637510180473328,-0.002331816591322422,0.006461024284362793,-0.24807986617088318,-0.017522696405649185,-0.2272064983844757,-0.05927697941660881,-0.013276280835270882,-0.03233896195888519,-0.1993899941444397,-0.002751265186816454,0.0066681914031505585,-0.24706661701202393,-0.019105788320302963,-0.21951062977313995,-0.02603401243686676,2.102365016937256,1.0581858158111572,0.23532721400260925,0.08677025139331818,0.12671391665935516,0.04963632673025131,0.23085060715675354,0.20980006456375122,-0.35373350977897644,1.200283408164978,0.37493112683296204,0.3301507532596588,0.20395910739898682,0.3400212228298187,0.006205268204212189,0.6510916948318481,0.37753424048423767,0.03615622967481613,0.6279501914978027,0.1268642097711563,0.07748885452747345,1.3808109760284424,0.7556888461112976,-0.1121724545955658,0.38981664180755615,0.27167031168937683,4,7689.783203125,7,0.5389095544815063,-0.1112891286611557,1.1015771627426147,0.4728398025035858,0.19121484458446503,0.05593284219503403,0.050556331872940063,-0.0636918842792511,0.11912276595830917,0.0801457092165947,-0.3929694592952728,0.7904443144798279,0.188139408826828,0.18847982585430145,0.13113336265087128,0.29215750098228455,0.03509482741355896,0.42093345522880554,0.18699845671653748,-0.007333576679229736,0.4118267595767975,0.047421347349882126,0.011333553120493889,0.41571512818336487,0.2171543538570404,-0.5706279873847961,0.18587657809257507,0.09732700884342194
0.6562467813491821,-0.02965187281370163,1.0080710649490356,0.6076881289482117,0.17527291178703308,0.07225558906793594,0.08505328744649887,0.0032786668743938208,0.14120514690876007,0.11354982107877731,-0.42796361446380615,0.6163846850395203,0.1889287382364273,0.23011109232902527,0.07857254892587662,0.12464004755020142,0.03926544263958931,0.4327095150947571,0.3164655566215515,-0.002112787216901779,0.470844566822052,0.08253084123134613,0.16329041123390198,0.40843862295150757,0.40792110562324524,-0.15725257992744446,0.1708497405052185,0.1567373424768448,6,-0.07100216299295425,-0.014148816466331482,0.02900412678718567,-0.3680282533168793,0.0031490297988057137,0.019051862880587578,0.05062147229909897,0.05360322445631027,-0.4358263909816742,-0.07192976772785187,-0.000784014817327261,0.025495916604995728,-0.3690444529056549,0.009042516350746155,0.019619952887296677,0.05089252442121506,0.05228761211037636,-0.43820425868034363,-0.03678809106349945,-0.0018657082691788673,0.04312746226787567,-0.3314582109451294,-0.05061544477939606,0.0035189460031688213,-0.022495955228805542,0.08628600090742111,-0.2985752820968628,-0.04357161372900009,-0.008956480771303177,0.03248198330402374,-0.3340730667114258,-0.05635351315140724,-0.0027462951838970184,-0.026091240346431732,0.08077551424503326,-0.3200163245201111,-0.014867447316646576,0.28602489829063416,-0.06503655016422272,-0.5054519772529602,0.3025735020637512,0.04405404254794121,0.012161578983068466,0.11345174908638,0.164890855550766,-0.05321784317493439,0.2593311071395874,-0.08995669335126877,-0.5286673903465271,0.19806277751922607,0.033623162657022476,0.014184975996613503,0.06519806385040283,0.08440554141998291,,,,,,,,,,,,,,,,,,,-0.10218015313148499,1.6201637983322144,0.7890684008598328,0.21202781796455383,0.08450304716825485,0.11399438977241516,0.0580642968416214,0.18678037822246552,0.15537746250629425,-0.4434247612953186,0.8843697905540466,0.26626864075660706,0.5904207229614258,0.12672924995422363,0.20170797407627106,0.020224018022418022,0.6218144297599792,0.3799191415309906,0.04019956663250923,0.6563237309455872,0.11097844690084457,-0.08228184282779694,0.9397052526473999,0.532916784286499,-0.21784508228302002,0.2902977466583252,0.18235109746456146,4,7246.5283203125,9,0.416290283203125,-0.05362573266029358,0.6998491883277893,0.6076881289482117,0.1604345142841339,0.04800685495138168,0.08505328744649887,-0.01643243618309498,0.09418084472417831,0.11354982107877731,-0.4380786120891571,0.4473347067832947,0.1889287382364273,0.16473796963691711,0.05600519850850105,0.12464004755020142,0.030545640736818314,0.293709933757782,0.3164655566215515,-0.0025168955326080322,0.32042068243026733,0.08253084123134613,0.12409292906522751,0.26943033933639526,0.40792110562324524,-0.20732291042804718,0.11765019595623016,0.1567373424768448
0.7454577088356018,-0.12519985437393188,1.0905228853225708,1.0281193256378174,-0.004174184054136276,0.06683125346899033,0.12226647138595581,-0.06115827336907387,0.12762397527694702,0.12650837004184723,-0.4630550742149353,0.7525821328163147,0.21695880591869354,-0.4036380648612976,0.15614451467990875,0.8409281373023987,0.0276863444596529,0.39245906472206116,0.30848973989486694,-0.032986514270305634,0.4436170160770416,0.04863486811518669,0.007283340208232403,0.40582430362701416,0.39816704392433167,-0.4647749066352844,0.2494216412305832,0.12560385465621948,7,-0.03163668140769005,0.016094420105218887,-0.040990088135004044,-0.4155545234680176,-0.17385819554328918,0.032722681760787964,-0.1411716789007187,0.010810536332428455,0.22189809381961823,-0.03447188809514046,0.01673813909292221,-0.041477736085653305,-0.4364498555660248,-0.13779252767562866,0.02917424403131008,-0.13279341161251068,0.009932057000696659,0.20847934484481812,-0.03635261207818985,-0.015263695269823074,-0.03115924261510372,-0.4571194052696228,0.018014870584011078,0.023662175983190536,0.013504724949598312,0.07420669496059418,-0.20711228251457214,-0.04259396344423294,-0.013133939355611801,-0.03587915748357773,-0.46594706177711487,0.014753766357898712,0.01665816642343998,0.013497112318873405,0.06790963560342789,-0.21776066720485687,-0.14113463461399078,0.03237880393862724,-0.026286091655492783,-0.33366966247558594,-0.5045403242111206,0.012459011748433113,-0.09032449871301651,-0.10382654517889023,-0.28193768858909607,-0.16390934586524963,-0.04864165931940079,-0.05915417894721031,-0.3379829525947571,-0.560865044593811,0.001887618564069271,-0.08773059397935867,-0.11470590531826019,-0.2895088791847229,-0.03447096794843674,0.02991241216659546,-0.011655648238956928,-0.07087156176567078,-0.07779253274202347,-0.004533220082521439,-0.16003750264644623,-0.0292192455381155,-0.4120379686355591,-0.034147948026657104,0.02958429791033268,-0.010173346847295761,-0.0732712596654892,-0.0764685571193695,-0.003592428285628557,-0.1608300805091858,-0.029702039435505867,-0.4078046977519989,-0.1320197582244873,1.64606773853302,1.309101939201355,0.15912500023841858,0.07401059567928314,0.16992466151714325,-0.001440346473827958,0.182374507188797,0.20215889811515808,-0.4788750112056732,0.9177758097648621,0.36816632747650146,-0.3508516848087311,0.16435717046260834,0.9411166310310364,0.016344916075468063,0.49561333656311035,0.4023839831352234,0.13860203325748444,0.5300329327583313,0.0937880128622055,-0.06857761740684509,1.0717378854751587,0.6321097016334534,-0.4181864559650421,0.35536664724349976,0.22909945249557495,4,7010.64794921875,9,0.5141451954841614,-0.1407351791858673,0.8967750668525696,1.0281193256378174,-0.04737018048763275,0.05610830709338188,0.12226647138595581,-0.07349979877471924,0.10292341560125351,0.12650837004184723,-0.471194326877594,0.6297674775123596,0.21695880591869354,-0.4278733730316162,0.14841851592063904,0.8409281373023987,0.019622543826699257,0.3185001015663147,0.30848973989486694,-0.025093741714954376,0.34851598739624023,0.04863486811518669,-0.0016535976901650429,0.3266676962375641,0.39816704392433167,-0.46418502926826477,0.2054545283317566,0.12560385465621948
0.514495849609375,-0.07941626757383347,0.8356564044952393,0.8101296424865723,0.08602796494960785,0.04057472571730614,0.09713397920131683,-0.04743439704179764,0.11159373819828033,0.12921534478664398,-0.4353707730770111,0.49056291580200195,0.2518560290336609,-0.05366090312600136,0.03777359426021576,0.529208242893219,0.024575505405664444,0.36277997493743896,0.2930702269077301,0.09161719679832458,0.36939728260040283,0.061236847192049026,0.04699322208762169,0.37589484453201294,0.4145233929157257,-0.3674073815345764,0.18105992674827576,0.15879492461681366,8,-0.09965156763792038,0.10359830409288406,-0.02951682358980179,-0.4465700089931488,-0.005357666872441769,0.02036445215344429,-0.01214371807873249,0.05018934980034828,-0.4147619903087616,-0.10704168677330017,0.10723927617073059,-0.03564745560288429,-0.45739421248435974,0.00504678301513195,0.017610691487789154,-0.012155421078205109,0.04624924063682556,-0.4208412766456604,,,,,,,,,,,,,,,,,,,0.01425299234688282,0.05317126214504242,-0.0806419625878334,-0.017053917050361633,-0.002766270190477371,-0.008944850414991379,0.16018840670585632,0.011212198063731194,0.10781370848417282,0.011352489702403545,0.059373918920755386,-0.07315003871917725,-0.06379816681146622,0.017804350703954697,-0.00499360729008913,0.15624767541885376,0.013580380007624626,0.10927733033895493,-0.029273780062794685,-0.038459256291389465,-0.00020085053984075785,-0.2083544284105301,-0.04544275999069214,-0.0007351001258939505,-0.21630600094795227,0.01902938075363636,-0.3082091212272644,-0.03165074437856674,-0.03726203739643097,-0.011873086914420128,-0.21324263513088226,-0.04950901120901108,-0.0019239441026002169,-0.20910274982452393,0.016188710927963257,-0.3354901075363159,-0.12253561615943909,1.071624994277954,1.2051494121551514,0.22799135744571686,0.04713107645511627,0.13012684881687164,0.025335095822811127,0.13999901711940765,0.21399466693401337,-0.4972587823867798,0.5590174198150635,0.4334425926208496,0.42970746755599976,0.07872515171766281,0.5779995918273926,0.01007809117436409,0.41543182730674744,0.4292103350162506,0.19800381362438202,0.4162529408931732,0.1421867460012436,-0.10588846355676651,0.6339155435562134,0.761211633682251,-0.30831846594810486,0.24527913331985474,0.28951773047447205,4,8658.294921875,8,0.3047136068344116,-0.08561831712722778,0.5366750955581665,0.8101296424865723,0.08775906264781952,0.025817781686782837,0.09713397920131683,-0.049113787710666656,0.06985252350568771,0.12921534478664398,-0.4442526698112488,0.32769575715065,0.2518560290336609,-0.03476787731051445,0.022210022434592247,0.529208242893219,0.02279825508594513,0.22890311479568481,0.2930702269077301,0.08968906104564667,0.23396556079387665,0.061236847192049026,0.04461456090211868,0.23142102360725403,0.4145233929157257,-0.3750217854976654,0.11791615933179855,0.15879492461681366
0.44791993498802185,-0.11393946409225464,0.7653990983963013,0.3429752290248871,0.14835841953754425,0.04536919668316841,0.036636993288993835,0.07226119935512543,0.11013378947973251,0.06131549924612045,-0.4939703047275543,0.43231481313705444,0.10611527413129807,-0.10904387384653091,0.06167147308588028,0.1788291484117508,0.04377675801515579,0.3153892457485199,0.16348080337047577,-0.14396774768829346,0.3096249997615814,0.03456410765647888,0.05175456032156944,0.3779413104057312,0.1858450323343277,-0.6513386368751526,0.20681127905845642,0.08264869451522827,9,-0.05848536640405655,0.07433098554611206,0.16578128933906555,-0.6016200184822083,-0.3501497507095337,0.03699449822306633,-0.06360651552677155,0.07598484307527542,0.3205808997154236,-0.07132598012685776,0.048114288598299026,0.1668948531150818,-0.6202975511550903,-0.38335156440734863,0.02301238663494587,-0.07109037041664124,0.07555429637432098,0.31479519605636597,-0.05526064336299896,0.05637205392122269,0.04634714871644974,-0.4214923083782196,-0.5669236183166504,0.018506433814764023,0.44537585973739624,0.047717031091451645,-0.40212276577949524,-0.06293985992670059,0.027669202536344528,0.019011957570910454,-0.4351053535938263,-0.5475265979766846,0.00788926612585783,0.43769630789756775,0.03941910341382027,-0.4176250696182251,0.17310377955436707,0.06412738561630249,-0.1445012241601944,0.3121258616447449,-0.4878065884113312,0.012180786579847336,-0.1516912877559662,0.41856300830841064,-0.08763861656188965,0.19797579944133759,0.0761934369802475,-0.12509369850158691,0.3330788016319275,-0.44753748178482056,0.0168524868786335,-0.1500394344329834,0.4564895033836365,-0.08398100733757019,-0.02965443581342697,-0.013470908626914024,0.04838117957115173,-0.2402152121067047,-0.03689691051840782,0.037765540182590485,-0.09080611914396286,0.05746541544795036,-0.3496814966201782,-0.035927966237068176,-0.0021869782358407974,0.03961332514882088,-0.2436194121837616,-0.026660513132810593,0.031419459730386734,-0.09371355921030045,0.050242647528648376,-0.38433077931404114,-0.10452974587678909,1.0183178186416626,0.3900662362575531,0.1880289763212204,0.053268712013959885,0.0474373921751976,0.06885887682437897,0.13655990362167358,0.07250083982944489,-0.47405052185058594,0.509247899055481,0.12045656144618988,-0.0722421333193779,0.07923351973295212,0.19663800299167633,0.04875035211443901,0.37195250391960144,0.18501852452754974,-0.08555871248245239,0.35695910453796387,0.039065830409526825,0.016093427315354347,0.645641028881073,0.21090377867221832,-0.6122379302978516,0.25933122634887695,0.10597318410873413,4,8762.77734375,10,0.27762454748153687,-0.12909096479415894,0.5216648578643799,0.3429752290248871,0.12896040081977844,0.032729510217905045,0.036636993288993835,0.06821421533823013,0.07441920042037964,0.06131549924612045,-0.5123010277748108,0.30672305822372437,0.10611527413129807,-0.13051524758338928,0.04627690464258194,0.1788291484117508,0.03240735083818436,0.20933522284030914,0.16348080337047577,-0.14514890313148499,0.20652851462364197,0.03456410765647888,0.04484860226511955,0.24876131117343903,0.1858450323343277,-0.6649909019470215,0.14472995698451996,0.08264869451522827
0.6324730515480042,-0.13225142657756805,0.9611254930496216,0.7754658460617065,0.0959298387169838,0.05151816084980965,0.07854603976011276,0.0031654934864491224,0.1292804628610611,0.11110782623291016,-0.6645784378051758,0.6289600133895874,0.21775564551353455,-0.130525141954422,0.05451967939734459,0.47945067286491394,0.04347817227244377,0.36548396944999695,0.34378689527511597,0.012741953134536743,0.4221016764640808,0.05486340820789337,0.05702750384807587,0.38531211018562317,0.40504422783851624,-0.6321782469749451,0.2135830521583557,0.14241528511047363,10,-0.05654994398355484,0.269447922706604,0.013901871629059315,-0.48634663224220276,-0.13116908073425293,0.0402684323489666,0.09440607577562332,0.06773260235786438,-0.31351011991500854,-0.0654415488243103,0.27823901176452637,0.0015369952889159322,-0.50541090965271,-0.13812044262886047,0.034532785415649414,0.09224049746990204,0.06022699922323227,-0.30374401807785034,-0.09542708098888397,0.03367910534143448,0.014157657511532307,-0.6003813147544861,-0.10970638692378998,0.023799728602170944,0.039871565997600555,0.029112648218870163,-0.37112903594970703,-0.10381978750228882,0.013483967632055283,0.011629357933998108,-0.61094731092453,-0.13793125748634338,0.015030408278107643,0.03742120414972305,0.026139380410313606,-0.37634503841400146,-0.10532594472169876,-0.00995114166289568,-0.0392114594578743,-0.6609814167022705,0.05318772792816162,0.02603130228817463,0.05785892903804779,0.0081257913261652,-0.2737624943256378,-0.1151200458407402,0.0014535561203956604,-0.04716355353593826,-0.6869258880615234,0.08476634323596954,0.018810130655765533,0.05879855901002884,0.011786951683461666,-0.2748948335647583,-0.07171683013439178,0.13767187297344208,-0.20758700370788574,-0.42380738258361816,0.20746438205242157,0.06885457783937454,0.05819942057132721,-0.08919432014226913,-0.07610093057155609,-0.060464709997177124,0.17508237063884735,-0.18713656067848206,-0.4227427840232849,0.24906057119369507,0.0794045478105545,0.06316915154457092,-0.07538694143295288,-0.05110353231430054,-0.07339874655008316,1.2559869289398193,0.9487944841384888,0.06750378757715225,0.054543185979127884,0.10926534235477448,0.01472940668463707,0.15557220578193665,0.1485193967819214,-0.6090872287750244,0.7328464388847351,0.2521938979625702,0.6349831819534302,0.12026161700487137,0.5652624368667603,0.032596196979284286,0.4393755793571472,0.40887078642845154,0.06579402089118958,0.504679799079895,0.07213159650564194,-0.011811698786914349,0.6889954209327698,0.5210288166999817,-0.4168713688850403,0.2762816846370697,0.19809429347515106,4,7766.5380859375,10,0.4224313199520111,-0.14458805322647095,0.7250770926475525,0.7754658460617065,0.08896468579769135,0.03793366253376007,0.07854603976011276,-0.006856932770460844,0.09551534056663513,0.11110782623291016,-0.6744359731674194,0.4923589527606964,0.21775564551353455,-0.13543272018432617,0.043838851153850555,0.47945067286491394,0.033717475831508636,0.2635990381240845,0.34378689527511597,0.003714717924594879,0.3070204555988312,0.05486340820789337,0.04764780029654503,0.2833753526210785,0.40504422783851624,-0.6401686072349548,0.16366997361183167,0.14241528511047363
0.7294931411743164,-0.07903271913528442,1.1917258501052856,0.6225728392601013,0.1834074854850769,0.08137885481119156,0.06452550739049911,-0.009099122136831284,0.1719544529914856,0.09643004089593887,-0.4211908280849457,0.725892961025238,0.1756885051727295,-0.08958360552787781,0.07570085674524307,0.43362197279930115,0.034656062722206116,0.4848608374595642,0.237054243683815,-0.08387333154678345,0.5231233835220337,0.05133116617798805,0.11808992922306061,0.539648175239563,0.27545788884162903,-0.6796229481697083,0.22671575844287872,0.14329518377780914,11,,,,,,,,,,,,,,,,,,,-0.09709502756595612,0.013222688809037209,0.11402826756238937,-0.4497692286968231,-0.7672505974769592,0.03162216395139694,0.1790401190519333,0.07861220836639404,-0.19731545448303223,-0.08965536952018738,0.05604023486375809,0.12040537595748901,-0.45273977518081665,-0.733239471912384,0.0329219326376915,0.1749536693096161,0.08196420967578888,-0.18384960293769836,-0.05123886093497276,0.10454092919826508,-0.0021583964116871357,-0.4435321092605591,0.09673382341861725,0.025447417050600052,-0.016644366085529327,0.14620020985603333,-0.36638113856315613,-0.0796983540058136,0.07005013525485992,-0.003993967082351446,-0.47248971462249756,-0.06865350157022476,0.021665770560503006,-0.012044817209243774,0.12070612609386444,-0.36243516206741333,-0.013697351329028606,0.15213711559772491,0.00387206906452775,-0.19959892332553864,0.03831680491566658,0.0052404990419745445,-0.2278841733932495,0.072140172123909,-0.4107184410095215,-0.02217254601418972,0.13510823249816895,-0.012257169932126999,-0.20951558649539948,0.01752500608563423,-0.0062091657891869545,-0.2290157973766327,0.055926818400621414,-0.41230517625808716,-0.11405450105667114,1.6188932657241821,0.8983291983604431,0.17457711696624756,0.0983881875872612,0.09689868986606598,0.006723027676343918,0.209914430975914,0.16131709516048431,-0.49789613485336304,0.8718316555023193,0.29242798686027527,0.05994764715433121,0.10943043231964111,0.47887563705444336,0.02142966166138649,0.5867900848388672,0.35163670778274536,0.023972131311893463,0.6152607798576355,0.10173027217388153,-0.04696495831012726,0.9877245426177979,0.5169978737831116,-0.3540222644805908,0.3107045292854309,0.23550483584403992,4,7761.6181640625,8,0.4808673858642578,-0.09420797228813171,0.8734264373779297,0.6225728392601013,0.1487492471933365,0.056887224316596985,0.06452550739049911,-0.018961532041430473,0.12249035388231277,0.09643004089593887,-0.4370201826095581,0.5555802583694458,0.1756885051727295,-0.15497832000255585,0.053378377109766006,0.43362197279930115,0.023154333233833313,0.34394633769989014,0.237054243683815,-0.07866089791059494,0.37494513392448425,0.05133116617798805,0.09807710349559784,0.3834650218486786,0.27545788884162903,-0.678843080997467,0.1648835986852646,0.14329518377780914
0.6713172197341919,-0.10949716717004776,1.2299025058746338,0.6885730624198914,-0.0069894734770059586,0.07932750880718231,0.07181628793478012,-0.030432935804128647,0.13939827680587769,0.11991945654153824,-0.40964168310165405,0.8146860599517822,0.2290416806936264,-0.1908922791481018,0.09420093894004822,0.36077675223350525,0.0019750967621803284,0.4538271725177765,0.27622178196907043,-0.006537582725286484,0.5095511674880981,0.040332332253456116,0.018186209723353386,0.5414499044418335,0.41972461342811584,-0.42833006381988525,0.2357519119977951,0.13371892273426056,12,-0.09482717514038086,0.039403922855854034,-0.019580643624067307,-0.34313154220581055,-0.2967309057712555,0.04548865184187889,0.014295704662799835,0.021258849650621414,-0.5843173265457153,-0.10869816690683365,0.03304748982191086,-0.031257882714271545,-0.35204750299453735,-0.34108251333236694,0.03597666323184967,0.005996689200401306,0.0030172630213201046,-0.5924541354179382,0.008727755397558212,0.1721976399421692,0.014139052480459213,-0.15171828866004944,-0.4535943269729614,0.005811579059809446,-0.13521708548069,0.23057159781455994,-0.1337348371744156,0.006839387118816376,0.177486389875412,0.006225091405212879,-0.16284160315990448,-0.36353638768196106,0.0028149476274847984,-0.13654176890850067,0.213221475481987,-0.1445792317390442,-0.09703626483678818,-0.06486169993877411,-0.037899527698755264,-0.3969824016094208,-0.11632515490055084,-0.003248726949095726,-0.07854323834180832,0.0023488663136959076,-0.2465907633304596,-0.10185173898935318,-0.06319864839315414,-0.035430438816547394,-0.4015553891658783,-0.10635992884635925,-0.003193862736225128,-0.0816301703453064,-0.004374195355921984,-0.26147985458374023,,,,,,,,,,,,,,,,,,,-0.1635192185640335,1.7539540529251099,0.9667690992355347,-0.07729516923427582,0.09109291434288025,0.11044226586818695,-0.06572556495666504,0.1996825933456421,0.17723506689071655,-0.48794814944267273,0.9685986638069153,0.3324706256389618,0.09494344890117645,0.12841415405273438,0.42689692974090576,0.004166517406702042,0.5593711137771606,0.3844784200191498,0.13602657616138458,0.5927760004997253,0.09145129472017288,-0.14805854856967926,1.140980839729309,0.637078583240509,-0.3670947551727295,0.3277095854282379,0.19025999307632446,4,8927.15625,6,0.453870952129364,-0.11222152411937714,0.910963237285614,0.6885730624198914,0.008317714557051659,0.05260542780160904,0.07181628793478012,-0.025613272562623024,0.09964799135923386,0.11991945654153824,-0.41385263204574585,0.6175352931022644,0.2290416806936264,-0.15109045803546906,0.06274499744176865,0.36077675223350525,-4.694610834121704e-05,0.3287195861339569,0.27622178196907043,-0.006827585399150848,0.37322837114334106,0.040332332253456116,0.016024205833673477,0.3887009024620056,0.41972461342811584,-0.43640998005867004,0.1828271597623825,0.13371892273426056
0.650638222694397,-0.06585809588432312,1.2098963260650635,0.29548609256744385,0.20685449242591858,0.06397426873445511,0.05746355652809143,0.061118148267269135,0.14856474101543427,0.055521439760923386,-0.44211259484291077,0.7198423147201538,0.07719279825687408,-0.5210511684417725,0.113417848944664,0.17739343643188477,0.03766725957393646,0.49031776189804077,0.14204010367393494,0.147126242518425,0.5303173661231995,0.02461063675582409,0.1578751802444458,0.5744681358337402,0.1386176198720932,-0.49524930119514465,0.23449231684207916,0.05919685959815979,13,-0.004344371147453785,0.12882891297340393,-0.00218023918569088,-0.28236284852027893,-0.08136090636253357,0.04504140838980675,0.09334561228752136,0.14595851302146912,-0.25699007511138916,0.001879589632153511,0.16010740399360657,0.040101051330566406,-0.2935424745082855,0.044351935386657715,0.046010978519916534,0.09884550422430038,0.14319361746311188,-0.25849246978759766,-0.0775463655591011,0.12499922513961792,0.13667771220207214,-0.40670838952064514,-0.5480796098709106,0.025862332433462143,-0.12062735855579376,0.1699284315109253,-0.1739177107810974,-0.08143965899944305,0.13932499289512634,0.13989979028701782,-0.4154374301433563,-0.537872314453125,0.01949734427034855,-0.12137070298194885,0.16207224130630493,-0.18135946989059448,,,,,,,,,,,,,,,,,,,,,,,,,,,,,,,,,,,,,-0.0956067442893982,1.5067518949508667,0.5448278784751892,0.1527702957391739,0.07334057241678238,0.09072719514369965,0.049166347831487656,0.17462697625160217,0.11021875590085983,-0.4123603403568268,0.8324811458587646,0.15854381024837494,-0.3274696469306946,0.11825171113014221,0.2637883126735687,0.02733704447746277,0.5640196204185486,0.21463453769683838,0.3044997751712799,0.6058764457702637,0.05665485933423042,-0.04941970854997635,0.8730838298797607,0.33818864822387695,-0.39388543367385864,0.2827359139919281,0.13449203968048096,4,8078.22607421875,10,0.4367165267467499,-0.06938673555850983,0.8804395198822021,0.29548609256744385,0.2236366868019104,0.04625247046351433,0.05746355652809143,0.08284918963909149,0.10332918167114258,0.055521439760923386,-0.45296865701675415,0.5441244840621948,0.07719279825687408,-0.463439404964447,0.07890649884939194,0.17739343643188477,0.03113613836467266,0.34627002477645874,0.14204010367393494,0.14924797415733337,0.3812808394432068,0.02461063675582409,0.1514173448085785,0.4057771861553192,0.1386176198720932,-0.4921884536743164,0.17357075214385986,0.05919685959815979
0.7145992517471313,-0.03619465231895447,1.2112690210342407,0.5116645097732544,0.20582029223442078,0.07818552851676941,0.056471988558769226,-0.07494304329156876,0.1776628941297531,0.08031757920980453,-0.3402137756347656,0.7643280029296875,0.12732550501823425,0.3708385229110718,0.08947466313838959,0.36477792263031006,0.03482762724161148,0.4745393991470337,0.1991686224937439,-0.14624762535095215,0.5139604210853577,0.03352778032422066,0.03041517734527588,0.541959822177887,0.2346118986606598,-0.301972895860672,0.232871875166893,0.08396942168474197,14,-0.03788870573043823,-0.014741363935172558,-0.039477258920669556,-0.3579382598400116,-0.027356768026947975,0.01631215214729309,0.10490152984857559,0.024589991196990013,-0.4521404206752777,-0.03980840742588043,-0.007085837423801422,-0.04318663850426674,-0.3637426197528839,-0.02019437775015831,0.012042886577546597,0.1055709719657898,0.022768110036849976,-0.46656495332717896,0.0995449498295784,0.17910519242286682,-0.03790624439716339,-0.24135532975196838,0.7527072429656982,0.04337606579065323,0.5847915410995483,0.0801161453127861,-0.3030708134174347,0.07528404891490936,0.13049006462097168,-0.07140158116817474,-0.2545521557331085,0.6670153141021729,0.0240929052233696,0.5786673426628113,0.05047681927680969,-0.3825056850910187,-0.03638409823179245,0.21989676356315613,-0.03413543850183487,-0.41397348046302795,0.07360687851905823,0.03588587045669556,0.02624555304646492,0.08103999495506287,-0.22070097923278809,-0.051534052938222885,0.19545212388038635,-0.058348219841718674,-0.4243430197238922,0.012128297239542007,0.025122232735157013,0.022782400250434875,0.0641321986913681,-0.23781411349773407,,,,,,,,,,,,,,,,,,,-0.11029304563999176,1.528419017791748,0.9915101528167725,0.21738937497138977,0.08675972372293472,0.12379296123981476,0.01162304263561964,0.20451150834560394,0.1897355318069458,-0.46734607219696045,0.8532582521438599,0.2931612730026245,0.34577929973602295,0.09966018795967102,0.412246435880661,0.01831768825650215,0.5480387210845947,0.37359338998794556,0.10800854116678238,0.578545331954956,0.11960697919130325,-0.10191908478736877,0.9075900912284851,0.689335286617279,-0.22640541195869446,0.29991644620895386,0.21637116372585297,4,8204.2578125,7,0.4375500977039337,-0.04538474604487419,0.8155472278594971,0.5116645097732544,0.1817932426929474,0.050822045654058456,0.056471988558769226,-0.09166418015956879,0.11521448194980621,0.08031757920980453,-0.3469017446041107,0.533839225769043,0.12732550501823425,0.31296613812446594,0.05944212153553963,0.36477792263031006,0.024665119126439095,0.31133466958999634,0.1991686224937439,-0.14586004614830017,0.33922165632247925,0.03352778032422066,0.027524542063474655,0.3533029854297638,0.2346118986606598,-0.30575641989707947,0.15465658903121948,0.08396942168474197
0.7796297073364258,-0.06704964488744736,1.2427232265472412,0.33334609866142273,0.10218138992786407,0.07670455425977707,0.04191745072603226,0.04806964844465256,0.15093599259853363,0.058705635368824005,-0.40051183104515076,0.839303731918335,0.1099056527018547,0.2035490870475769,0.15194189548492432,0.23297268152236938,0.04634641855955124,0.48044323921203613,0.13549888134002686,-0.12747283279895782,0.5087034702301025,0.027663609012961388,0.07907180488109589,0.48926374316215515,0.13191427290439606,-0.3818407356739044,0.24329975247383118,0.0550825372338295,15,,,,,,,,,,,,,,,,,,,-0.052338190376758575,-0.007983584888279438,0.026068035513162613,-0.19321410357952118,-0.5154272317886353,0.007360585033893585,-0.11973332613706589,0.1283823549747467,-0.22960728406906128,-0.051825691014528275,0.005041529890149832,0.030552633106708527,-0.20377956330776215,-0.41017359495162964,0.0046940213069319725,-0.12072272598743439,0.12734395265579224,-0.23582804203033447,0.0631123036146164,0.2120998203754425,0.20796321332454681,-0.33679553866386414,0.410692036151886,0.0978676974773407,-0.019937817007303238,0.00925843883305788,0.30800631642341614,0.03489218279719353,0.12157903611660004,0.19209691882133484,-0.3456655740737915,0.3200186789035797,0.08358655869960785,-0.024378016591072083,-0.041202791035175323,0.2867027223110199,-0.0455261692404747,0.01467166282236576,-0.03801286965608597,-0.3967566192150116,-0.06545372307300568,0.008782671764492989,-0.13630321621894836,0.01680145412683487,-0.4125334620475769,-0.046543002128601074,0.008138632401823997,-0.041240394115448,-0.3963342010974884,-0.05195365101099014,0.0044839149340987206,-0.13401788473129272,0.012155149132013321,-0.42554423213005066,-0.05361140891909599,1.9864110946655273,0.6907885074615479,0.23601937294006348,0.09752166271209717,0.08635001629590988,0.08086948096752167,0.22017233073711395,0.11848868429660797,-0.4577414393424988,1.134542465209961,0.20285974442958832,0.600415050983429,0.26581862568855286,0.43701863288879395,0.018277468159794807,0.6685938835144043,0.23888646066188812,0.03678274527192116,0.6956540942192078,0.06134074553847313,-0.06192280352115631,1.2086769342422485,0.3766304850578308,-0.341901570558548,0.3716776669025421,0.14448367059230804,4,7724.94140625,8,0.5138978362083435,-0.08122988790273666,0.9300585985183716,0.33334609866142273,0.03783201053738594,0.057891495525836945,0.04191745072603226,0.03474527597427368,0.11020001769065857,0.058705635368824005,-0.41105037927627563,0.6400211453437805,0.1099056527018547,0.1519966721534729,0.1174858957529068,0.23297268152236938,0.03723704814910889,0.3565845489501953,0.13549888134002686,-0.1222565621137619,0.3710581064224243,0.027663609012961388,0.0568610280752182,0.3580912947654724,0.13191427290439606,-0.39732927083969116,0.1817070096731186,0.0550825372338295
0.5871378183364868,-0.08361205458641052,0.9975509643554688,0.8473543524742126,-0.011570931412279606,0.04360044375061989,0.11037999391555786,0.025087770074605942,0.11383755505084991,0.13424138724803925,-0.44591251015663147,0.6253642439842224,0.23394675552845,-0.0687229335308075,0.06569710373878479,0.4420121908187866,0.0284192506223917,0.3953169882297516,0.3482353091239929,-0.1542559266090393,0.45310336351394653,0.061310164630413055,0.045778680592775345,0.4312233328819275,0.5172310471534729,-0.3315160572528839,0.1931827813386917,0.21247194707393646,16,-0.08078469336032867,0.006172420457005501,0.009709564037621021,-0.5646389722824097,-0.031464044004678726,0.02704906463623047,-0.009845372289419174,0.015385327860713005,-0.25144636631011963,-0.0863608568906784,0.001814226619899273,0.00399174727499485,-0.5786710381507874,-0.036324210464954376,0.025869769975543022,-0.009812962263822556,0.014246086589992046,-0.2626633644104004,-0.09351235628128052,-0.07489839196205139,0.15104681253433228,-0.289650022983551,-0.7710622549057007,-0.0060272980481386185,0.016036994755268097,-0.022874925285577774,-0.28277379274368286,-0.09766802191734314,-0.08093024045228958,0.13987472653388977,-0.29385092854499817,-0.7720426321029663,-0.009914778172969818,0.014947868883609772,-0.03588008135557175,-0.28257620334625244,0.012334529310464859,-0.02492954581975937,-0.005782843101769686,0.06561772525310516,-0.02408887818455696,0.017898259684443474,-0.19822323322296143,0.07814747095108032,-0.2738032639026642,0.010107476264238358,-0.017794640734791756,-0.009432828053832054,0.05767650902271271,0.037134233862161636,0.017606552690267563,-0.1980583667755127,0.07433438301086426,-0.27962827682495117,,,,,,,,,,,,,,,,,,,-0.1513565182685852,1.376112699508667,1.2593618631362915,0.053260527551174164,0.06023823097348213,0.16064681112766266,0.01588032953441143,0.1623140573501587,0.22451435029506683,-0.5761253833770752,0.7414411306381226,0.40882155299186707,0.23953643441200256,0.09690243750810623,0.47868478298187256,0.016259271651506424,0.4666336178779602,0.4762990176677704,0.12881195545196533,0.5183408260345459,0.13133648037910461,-0.11806266009807587,0.8551648259162903,0.8706011772155762,-0.24760034680366516,0.29471316933631897,0.3338377773761749,4,8269.1591796875,6,0.37299200892448425,-0.09084158390760422,0.6942806243896484,0.8473543524742126,-0.010246863588690758,0.030278893187642097,0.11037999391555786,0.01614399440586567,0.0764535665512085,0.13424138724803925,-0.45705118775367737,0.4502263367176056,0.23394675552845,-0.06421862542629242,0.043337270617485046,0.4420121908187866,0.021152622997760773,0.26944097876548767,0.3482353091239929,-0.1501779854297638,0.31099018454551697,0.061310164630413055,0.038404639810323715,0.28759703040122986,0.5172310471534729,-0.3113921284675598,0.13658840954303741,0.21247194707393646
0.6236643195152283,-0.07633278518915176,1.0234622955322266,0.5668951869010925,0.1807982325553894,0.0568610318005085,0.07695641368627548,-0.07045955955982208,0.11210060119628906,0.10338025540113449,-0.45455342531204224,0.7038229703903198,0.1822524219751358,0.17236754298210144,0.07173503190279007,0.34456291794776917,0.03087203949689865,0.37237948179244995,0.22261770069599152,0.22605985403060913,0.43140754103660583,0.059454295784235,0.06607545167207718,0.40417078137397766,0.2984738051891327,-0.3058394491672516,0.20743592083454132,0.10315397381782532,17,-0.1125229150056839,-0.09085070341825485,0.012983782216906548,-0.6396400332450867,-0.22463107109069824,0.017641795799136162,0.12197715789079666,0.05091353878378868,-0.0525846928358078,-0.1159910187125206,-0.02473953180015087,0.010027889162302017,-0.6511379480361938,-0.1494954228401184,0.02060725912451744,0.1176815778017044,0.04969021677970886,-0.08159230649471283,-0.0857168436050415,0.02746746316552162,-0.018407797440886497,-0.3530412018299103,-0.16042113304138184,0.015141714364290237,0.24258962273597717,0.01901046559214592,-0.39084604382514954,-0.08756966888904572,0.028927084058523178,-0.005331983789801598,-0.3575423061847687,-0.1200367659330368,0.012856705114245415,0.23497067391872406,0.017353462055325508,-0.38975781202316284,0.04170704632997513,0.32188767194747925,-0.1681261956691742,-0.38148388266563416,0.3392763137817383,0.02858826331794262,0.1455203741788864,0.13260623812675476,0.24631312489509583,0.03695074841380119,0.3189960718154907,-0.1533929407596588,-0.3863355219364166,0.34599220752716064,0.028475873172283173,0.14328356087207794,0.1258041262626648,0.27749717235565186,,,,,,,,,,,,,,,,,,,-0.10061368346214294,1.416471004486084,0.8820599317550659,0.18300893902778625,0.0660451203584671,0.11425429582595825,-0.02766704559326172,0.15777932107448578,0.16151756048202515,-0.4152427911758423,0.8259264826774597,0.2854980528354645,0.4455440044403076,0.10082967579364777,0.416111022233963,0.011530835181474686,0.4613334834575653,0.3225627839565277,0.2355959117412567,0.5016388297080994,0.10656138509511948,-0.09435476362705231,0.8582708835601807,0.5808788537979126,-0.28145360946655273,0.28933316469192505,0.17722254991531372,4,8135.94580078125,8,0.39283543825149536,-0.08381599932909012,0.7249699234962463,0.5668951869010925,0.18436335027217865,0.03822324797511101,0.07695641368627548,-0.05272403359413147,0.07588664442300797,0.10338025540113449,-0.46330055594444275,0.5128938555717468,0.1822524219751358,0.2256634533405304,0.04331466928124428,0.34456291794776917,0.02757231704890728,0.25613561272621155,0.22261770069599152,0.22669175267219543,0.3001015782356262,0.059454295784235,0.057242054492235184,0.2745009958744049,0.2984738051891327,-0.320095419883728,0.14969351887702942,0.10315397381782532
0.7321286201477051,-0.09795373678207397,1.170935034751892,0.8269615173339844,-0.020536158233880997,0.056578733026981354,0.09894508123397827,-0.033420380204916,0.13838893175125122,0.1282137781381607,-0.39779189229011536,0.8436379432678223,0.26555660367012024,-0.0424031987786293,0.060209475457668304,0.4817231297492981,0.0039328718557953835,0.4231676459312439,0.32773709297180176,0.008168302476406097,0.4770469665527344,0.05408496409654617,0.0006528235971927643,0.3979213535785675,0.4595344364643097,-0.09747257083654404,0.26153361797332764,0.1831672340631485,18,-0.07376235723495483,-0.023321358487010002,-0.017747174948453903,-0.4285885989665985,0.0014461632817983627,0.011944856494665146,0.10077928006649017,0.0018590486142784357,-0.09117615222930908,-0.07606774568557739,-0.013035006821155548,-0.023045457899570465,-0.433226615190506,0.002423914149403572,0.010484707541763783,0.0990326851606369,0.002709713764488697,-0.09256511181592941,-0.04187130928039551,-0.011184794828295708,0.01578282006084919,-0.13750658929347992,0.024008942767977715,-0.002515493193641305,-0.15596237778663635,-0.0065417662262916565,-0.23580406606197357,-0.042071230709552765,-0.0038827056996524334,0.011088550090789795,-0.13496261835098267,0.020958393812179565,-0.0039780959486961365,-0.1578749716281891,-0.00689625833183527,-0.2288038283586502,-0.09014804661273956,-0.3036031126976013,0.010358372703194618,-0.41913852095603943,-0.5849918723106384,0.005181680899113417,0.10076674818992615,-0.10012337565422058,0.4587697982788086,-0.08660085499286652,-0.25216710567474365,0.0032587959431111813,-0.41770854592323303,-0.4640651345252991,0.00890950858592987,0.09934984147548676,-0.10707452148199081,0.4415837526321411,,,,,,,,,,,,,,,,,,,-0.13228526711463928,1.6376515626907349,1.1528890132904053,0.039067476987838745,0.0749247670173645,0.16496245563030243,0.020529847592115402,0.186982199549675,0.212659552693367,-0.44278788566589355,0.9966859221458435,0.3731282949447632,0.15778496861457825,0.09969627857208252,0.5378057360649109,-0.0011003287509083748,0.5174837708473206,0.446217805147171,0.09545454382896423,0.5718122124671936,0.11844970285892487,-0.1162169873714447,0.9597983956336975,0.7442526817321777,-0.20876720547676086,0.34933215379714966,0.24739442765712738,4,7868.1162109375,8,0.5011001229286194,-0.09876453876495361,0.8930966258049011,0.8269615173339844,-0.005042740143835545,0.04349685087800026,0.09894508123397827,-0.03922717273235321,0.10708817094564438,0.1282137781381607,-0.3995731770992279,0.6445633769035339,0.26555660367012024,-0.04966551065444946,0.03932756930589676,0.4817231297492981,0.003753243014216423,0.32922834157943726,0.32773709297180176,0.001506950706243515,0.36095404624938965,0.05408496409654617,-0.0015232590958476067,0.29510629177093506,0.4595344364643097,-0.08780001103878021,0.20368176698684692,0.1831672340631485
0.590533435344696,-0.1101289689540863,1.0378791093826294,0.3944128155708313,0.06520736962556839,0.05235463008284569,0.05465572699904442,0.03129279240965843,0.12822429835796356,0.07777351140975952,-0.5374655723571777,0.661635160446167,0.12983007729053497,-0.2492121011018753,0.07270468771457672,0.22856074571609497,0.012621397152543068,0.40660107135772705,0.16608893871307373,0.17508533596992493,0.4742721915245056,0.03796657919883728,0.055676624178886414,0.4403150677680969,0.2034195065498352,-0.28968799114227295,0.1755780726671219,0.08380419760942459,19,-0.03434332460165024,0.16631624102592468,0.14110788702964783,-0.4645792245864868,0.02286922000348568,0.01804356463253498,0.06464611738920212,0.037572912871837616,-0.053342223167419434,-0.03711069002747536,0.1657389998435974,0.1326453685760498,-0.46875089406967163,0.01642538234591484,0.016142787411808968,0.06553654372692108,0.03309500217437744,-0.05176420509815216,-0.11584459990262985,-0.041403353214263916,-0.04591074585914612,-0.5733434557914734,-0.27677273750305176,-0.0035718409344553947,0.39211490750312805,0.0036171600222587585,-0.35374879837036133,-0.12261500954627991,-0.03651740401983261,-0.05563812330365181,-0.5766641497612,-0.2889435291290283,-0.011002290062606335,0.3893819749355316,-0.00032086740247905254,-0.34525561332702637,-0.08825323730707169,-0.06646937131881714,-0.0521954782307148,-0.33422744274139404,-0.17064616084098816,-0.02957703173160553,-0.12324312329292297,0.061873991042375565,-0.45986655354499817,-0.10209167748689651,-0.10485588759183884,-0.06675927340984344,-0.33674514293670654,-0.27589258551597595,-0.029212089255452156,-0.12351740896701813,0.05558690428733826,-0.4702293276786804,,,,,,,,,,,,,,,,,,,-0.11844411492347717,1.2382421493530273,0.46676549315452576,0.0327809602022171,0.05837778002023697,0.07618650048971176,0.01683467999100685,0.14622631669044495,0.09135063737630844,-0.5397312045097351,0.7091464996337891,0.15232747793197632,-0.1566474437713623,0.08353634178638458,0.2514159083366394,0.0119604067876935,0.4564982056617737,0.1982768177986145,0.2552739083766937,0.5226570963859558,0.05364977940917015,-0.03368078172206879,0.6812417507171631,0.25434577465057373,-0.4103632867336273,0.23007605969905853,0.10209473222494125,4,8728.205078125,10,0.4071059226989746,-0.11863170564174652,0.7797566652297974,0.3944128155708313,0.07346602529287338,0.039460983127355576,0.05465572699904442,0.024394020438194275,0.09386953711509705,0.07777351140975952,-0.5409669876098633,0.5082191824913025,0.12983007729053497,-0.2609255909919739,0.05578414723277092,0.22856074571609497,0.005982718430459499,0.3017518222332001,0.16608893871307373,0.17252758145332336,0.3521798849105835,0.03796657919883728,0.04355386644601822,0.31986549496650696,0.2034195065498352,-0.2816387116909027,0.1373116821050644,0.08380419760942459
0.696397602558136,-0.09654254466295242,1.0191316604614258,0.5662793517112732,0.07075107842683792,0.07437056303024292,0.07451776415109634,-0.024626053869724274,0.14064732193946838,0.09703879803419113,-0.4477570354938507,0.6355369091033936,0.19396285712718964,0.1337730884552002,0.05269355699419975,0.36395663022994995,0.04131098836660385,0.40994182229042053,0.23225288093090057,-0.15611302852630615,0.461553156375885,0.04570373147726059,0.058854322880506516,0.42414212226867676,0.26374492049217224,-0.4845438599586487,0.21366526186466217,0.10012607276439667,20,-0.010973438620567322,0.3171006739139557,0.05502196401357651,-0.062173184007406235,-0.312187135219574,0.0677519291639328,-0.03633488714694977,0.13220827281475067,-0.5758191347122192,-0.04153139144182205,0.2987199127674103,0.017868906259536743,-0.0665801465511322,-0.41533055901527405,0.042930033057928085,-0.04371111840009689,0.10721024870872498,-0.6227126121520996,,,,,,,,,,,,,,,,,,,-0.11918574571609497,0.10472951084375381,-0.07443037629127502,-0.46277496218681335,0.0885704904794693,0.023182671517133713,-0.04531927406787872,-0.033360812813043594,-0.32756683230400085,-0.1231924518942833,0.10258862376213074,-0.07110068947076797,-0.46781009435653687,0.061116643249988556,0.027158847078680992,-0.04366177320480347,-0.02764744684100151,-0.3269854485988617,-0.02839241921901703,0.14333462715148926,-0.005090625025331974,-0.30395156145095825,0.11945155262947083,0.03369488567113876,-0.11637208610773087,0.05109875276684761,-0.4457845091819763,-0.01926768757402897,0.14123916625976562,0.010673096403479576,-0.30590447783470154,0.2627442479133606,0.03358493372797966,-0.11634640395641327,0.04422762244939804,-0.457309365272522,-0.12740685045719147,1.4813594818115234,0.8114675879478455,0.1653904765844345,0.08340681344270706,0.10393482446670532,0.004193040542304516,0.1866629719734192,0.15658405423164368,-0.47632282972335815,0.752152681350708,0.28058284521102905,0.002138325944542885,0.07849816977977753,0.47202378511428833,0.02096949890255928,0.510320246219635,0.31862056255340576,-0.01914452761411667,0.5370060205459595,0.09127243608236313,-0.09197959303855896,0.96994948387146,0.4305804371833801,-0.3737027049064636,0.3018716275691986,0.1624075025320053,4,8955.8056640625,9,0.439125120639801,-0.09872140735387802,0.7227893471717834,0.5662793517112732,0.058901719748973846,0.05456921458244324,0.07451776415109634,-0.01950065605342388,0.09858676046133041,0.09703879803419113,-0.4522295296192169,0.45628622174263,0.19396285712718964,0.2035064697265625,0.041796427220106125,0.36395663022994995,0.037774037569761276,0.28747832775115967,0.23225288093090057,-0.16586868464946747,0.3249569833278656,0.04570373147726059,0.052537791430950165,0.2939373850822449,0.26374492049217224,-0.4826969504356384,0.15856611728668213,0.10012607276439667
0.6326380968093872,-0.10019436478614807,1.0751762390136719,0.49862784147262573,0.01881593093276024,0.06989231705665588,0.06285776197910309,-0.08660687506198883,0.14156918227672577,0.07487068325281143,-0.4540049433708191,0.682873010635376,0.13806886970996857,-0.4489201605319977,0.11516111344099045,0.3203785717487335,0.04179020971059799,0.4465041160583496,0.18559563159942627,-0.02174968272447586,0.4489370286464691,0.03794478252530098,0.07853730022907257,0.4742502272129059,0.2712251543998718,-0.4703448414802551,0.16023710370063782,0.08898849785327911,21,-0.04065721854567528,0.03150704503059387,-0.07755313813686371,-0.3433741331100464,-0.30866414308547974,0.05334187299013138,0.1805299073457718,0.05329607427120209,-0.36819541454315186,-0.049141861498355865,0.027016064152121544,-0.08579880744218826,-0.3761363923549652,-0.3175640106201172,0.046506695449352264,0.17661282420158386,0.04117490351200104,-0.40480199456214905,-0.06310461461544037,-0.034738972783088684,-0.04577421396970749,-0.29860517382621765,-0.3982641100883484,-0.0037477975711226463,0.35266268253326416,-0.04947184771299362,-0.5773968696594238,-0.08651483058929443,-0.05958349257707596,-0.07649543881416321,-0.3091409206390381,-0.5183324813842773,-0.01462777704000473,0.3425493836402893,-0.07926018536090851,-0.5967801213264465,-0.10966312140226364,0.06734517961740494,-0.11875468492507935,-0.4259098470211029,-0.47650963068008423,0.04615553468465805,-0.06825253367424011,0.0998212993144989,-0.5547404289245605,-0.1204841136932373,0.08451324701309204,-0.12087373435497284,-0.43386566638946533,-0.46781256794929504,0.04514683783054352,-0.06759704649448395,0.07455668598413467,-0.544410765171051,-0.034754473716020584,0.030219003558158875,0.006502368487417698,-0.40923354029655457,0.055508583784103394,0.06188300997018814,-0.07327136397361755,0.07410277426242828,-0.1557932049036026,-0.038552574813365936,0.00904717855155468,-0.0037206788547337055,-0.4107128083705902,0.04790640249848366,0.05468576028943062,-0.0661737471818924,0.06268972903490067,-0.17509405314922333,-0.08633403480052948,1.6596366167068481,0.6509706377983093,0.1186637133359909,0.0830417200922966,0.08616399019956589,-0.04712407663464546,0.20065352320671082,0.10942167043685913,-0.5229235887527466,0.8500043749809265,0.18198832869529724,-0.09217219054698944,0.13053256273269653,0.3736051619052887,0.03690464422106743,0.5661719441413879,0.253631055355072,0.056732580065727234,0.5341256856918335,0.062249600887298584,-0.010052702389657497,1.1278018951416016,0.38523802161216736,-0.285933256149292,0.29985231161117554,0.12268998473882675,4,8986.5185546875,7,0.40611740946769714,-0.11326813697814941,0.7680506110191345,0.49862784147262573,0.020104344934225082,0.04981085658073425,0.06285776197910309,-0.09378883987665176,0.0979684591293335,0.07487068325281143,-0.4621639847755432,0.5050903558731079,0.13806886970996857,-0.46943730115890503,0.08773331344127655,0.3203785717487335,0.0365685373544693,0.3097066581249237,0.18559563159942627,-0.022859562188386917,0.31118515133857727,0.03794478252530098,0.061379529535770416,0.3301543891429901,0.2712251543998718,-0.4545719623565674,0.11512186378240585,0.08898849785327911
0.7071254849433899,0.005945909768342972,1.1821038722991943,0.5146646499633789,0.242051362991333,0.07401318103075027,0.04540560394525528,-0.015705173835158348,0.17643076181411743,0.06953489035367966,-0.4463645815849304,0.6645861864089966,0.10517320036888123,0.3991248607635498,0.1939038783311844,0.43507587909698486,0.032653700560331345,0.48727208375930786,0.14561977982521057,-0.17241883277893066,0.4754241108894348,0.03402767702937126,0.014233490452170372,0.5985283851623535,0.17114445567131042,-0.024383798241615295,0.24452397227287292,0.07731176167726517,22,-0.03243641555309296,0.02365461364388466,0.008890613913536072,-0.25043785572052,0.042221009731292725,0.012884489260613918,-0.10365909337997437,0.08190198242664337,-0.33988499641418457,-0.04063867777585983,0.02475009672343731,0.006176542025059462,-0.27162331342697144,0.038382891565561295,0.010294069536030293,-0.10225389897823334,0.07588396966457367,-0.3549012541770935,,,,,,,,,,,,,,,,,,,0.0857258141040802,0.28766536712646484,0.01743171736598015,-0.36201852560043335,0.40302783250808716,-0.020479876548051834,0.087269626557827,0.017469095066189766,0.421478271484375,0.07839671522378922,0.2574690580368042,0.0258098766207695,-0.3704698979854584,0.3605595529079437,-0.028145024552941322,0.08407208323478699,0.014546394348144531,0.41955479979515076,-0.0073993634432554245,0.03893072158098221,-0.006375916302204132,-0.21041519939899445,0.07547610998153687,0.03271991014480591,-0.105473592877388,0.030038505792617798,-0.3435545265674591,-0.008938816376030445,0.045456431806087494,-0.00035623391158878803,-0.20766858756542206,0.08539293706417084,0.029987066984176636,-0.10671265423297882,0.017777200788259506,-0.3958113491535187,0.004638608545064926,2.1198911666870117,0.7618340849876404,0.25813916325569153,0.12533071637153625,0.07546639442443848,0.04562941938638687,0.28079524636268616,0.11842039227485657,-0.4638335704803467,1.0109466314315796,0.1868019849061966,0.4156658351421356,0.3004509210586548,0.6023276448249817,0.018270665779709816,0.7011931538581848,0.21012310683727264,0.026485823094844818,0.6314694881439209,0.056402187794446945,0.03697056323289871,1.4914753437042236,0.312675803899765,-0.08963531255722046,0.41494205594062805,0.13371598720550537,4,9083.8671875,7,0.46211332082748413,-8.372217416763306e-05,0.855590283870697,0.5146646499633789,0.22154143452644348,0.05046883225440979,0.04540560394525528,-0.010953407734632492,0.1298888921737671,0.06953489035367966,-0.4546908438205719,0.4902389347553253,0.10517320036888123,0.3633037805557251,0.14461374282836914,0.43507587909698486,0.026194600388407707,0.3506973087787628,0.14561977982521057,-0.17093132436275482,0.3473283648490906,0.03402767702937126,0.014572304673492908,0.4207294285297394,0.17114445567131042,-0.016741037368774414,0.17530055344104767,0.07731176167726517
0.5885355472564697,-0.07695385813713074,1.0078415870666504,0.4538487493991852,0.11296209692955017,0.05410076677799225,0.0585317425429821,0.043328747153282166,0.1291234940290451,0.07118338346481323,-0.5396871566772461,0.6762979626655579,0.11869735270738602,0.17987047135829926,0.11839808523654938,0.2787908911705017,0.03288186341524124,0.3574305772781372,0.2056930512189865,0.01804579794406891,0.3803645372390747,0.03623838350176811,0.0507328137755394,0.45769205689430237,0.23809927701950073,-0.44649916887283325,0.20695900917053223,0.07319903373718262,23,0.05503592640161514,-0.022159835323691368,0.07329246401786804,-0.3729667663574219,0.26357316970825195,0.04890799522399902,0.10562559217214584,0.12454114854335785,0.5752507448196411,0.05057407543063164,-0.03942844271659851,0.07754041254520416,-0.3708864748477936,0.23932164907455444,0.03997066989541054,0.10343295335769653,0.11677832901477814,0.5787226557731628,-0.025235552340745926,-0.1424759328365326,0.018782109022140503,-0.42206159234046936,-0.0573074035346508,0.021203752607107162,0.4558623135089874,0.0738937258720398,-0.17389795184135437,-0.021854475140571594,-0.12846620380878448,0.02526858076453209,-0.38999852538108826,-0.23045408725738525,0.026951758190989494,0.46122294664382935,0.08502378314733505,-0.13369135558605194,-0.06607650220394135,0.1515752375125885,-0.028301265090703964,-0.42292213439941406,0.18347232043743134,-4.9566850066185e-05,0.022216983139514923,0.03150708228349686,-0.4077293872833252,-0.0824214518070221,0.12903091311454773,-0.03407270088791847,-0.4326798617839813,0.11581839621067047,-0.0076202466152608395,0.014621108770370483,0.024688396602869034,-0.42066386342048645,-0.04543333128094673,-0.0167139433324337,0.05544407665729523,-0.4769553542137146,0.004593715071678162,0.018434708938002586,-0.15892747044563293,-0.0015880662249401212,-0.3563918471336365,-0.045058101415634155,-0.01598326489329338,0.05978007614612579,-0.47615110874176025,0.004533674567937851,0.01832258701324463,-0.15853577852249146,-0.0023489329032599926,-0.34797364473342896,-0.08921018242835999,1.3613078594207764,0.6820732355117798,0.11395055800676346,0.06367719173431396,0.09662477672100067,0.03607689589262009,0.16137951612472534,0.12363217025995255,-0.5771338939666748,0.7710216641426086,0.19586743414402008,0.2192920446395874,0.16773274540901184,0.3579680919647217,0.028927501291036606,0.4315720200538635,0.28107818961143494,0.1542525738477707,0.44007694721221924,0.09199939668178558,-0.035232774913311005,0.8651790618896484,0.41185876727104187,-0.21330682933330536,0.2683197557926178,0.13038776814937592,4,8085.5634765625,14,0.3814277946949005,-0.0825839415192604,0.7418980598449707,0.4538487493991852,0.11564412713050842,0.04076115041971207,0.0585317425429821,0.04406227171421051,0.09554669260978699,0.07118338346481323,-0.5417001843452454,0.5016800761222839,0.11869735270738602,0.12496030330657959,0.09683185815811157,0.2787908911705017,0.026487361639738083,0.2589121460914612,0.2056930512189865,0.01203920692205429,0.26995664834976196,0.03623838350176811,0.048757217824459076,0.3399258553981781,0.23809927701950073,-0.44700688123703003,0.15199069678783417,0.07319903373718262
0.7838150858879089,-0.033333711326122284,1.1397947072982788,0.4434735178947449,0.1657073199748993,0.07583841681480408,0.0676695853471756,-0.010575284250080585,0.158840149641037,0.08519329130649567,-0.23986491560935974,0.6683056950569153,0.16745667159557343,0.0054170116782188416,0.09246281534433365,0.20128612220287323,0.03078870289027691,0.48980042338371277,0.1996876746416092,-0.10212971270084381,0.527650773525238,0.03756842017173767,0.13744887709617615,0.4907003343105316,0.2591637372970581,-0.45212480425834656,0.23208150267601013,0.08843909204006195,24,0.015951097011566162,0.22596362233161926,-0.007864031940698624,-0.30204880237579346,-0.1821804791688919,0.036254558712244034,-0.018474740907549858,0.154126837849617,0.056840524077415466,0.002102178055793047,0.21008367836475372,-0.020686393603682518,-0.3342415690422058,-0.16399694979190826,0.024235554039478302,-0.022164957597851753,0.13091595470905304,0.051815636456012726,0.02440476045012474,0.16377586126327515,0.1139778271317482,-0.23008452355861664,0.3433138132095337,0.023794930428266525,0.07893155515193939,0.06537531316280365,-0.10498614609241486,0.06416255235671997,0.24207688868045807,0.1749785840511322,-0.22352729737758636,0.527833878993988,0.0371575728058815,0.0755477249622345,0.06918707489967346,-0.06603142619132996,0.03906289488077164,0.12845803797245026,-0.0323701947927475,-0.06234727427363396,0.016170311719179153,0.013699967414140701,-0.13192708790302277,0.20328637957572937,-0.3540858030319214,0.019058220088481903,0.1086895763874054,-0.03779729828238487,-0.0984078198671341,0.005176015198230743,0.012110690586268902,-0.12878094613552094,0.18451407551765442,-0.4003516137599945,,,,,,,,,,,,,,,,,,,-0.1774364560842514,1.8040021657943726,1.2001792192459106,0.25483381748199463,0.0882699117064476,0.1665889173746109,0.034101177006959915,0.23159001767635345,0.2101256102323532,-0.40348929166793823,0.8714148998260498,0.38795235753059387,-0.00887124240398407,0.10911384969949722,0.26714974641799927,0.007358266040682793,0.6269469261169434,0.43952447175979614,0.18135304749011993,0.621216356754303,0.12904740869998932,-0.21043327450752258,1.225061058998108,0.9298327565193176,-0.2940284013748169,0.37680453062057495,0.2687481641769409,4,7354.25244140625,6,0.49099427461624146,-0.04906719923019409,0.8002061247825623,0.4434735178947449,0.16387544572353363,0.05387026444077492,0.0676695853471756,-0.0036667909007519484,0.10374873876571655,0.08519329130649567,-0.26148444414138794,0.5028209090232849,0.16745667159557343,0.0824340358376503,0.08205825090408325,0.20128612220287323,0.023444481194019318,0.3272523283958435,0.1996876746416092,-0.09409166872501373,0.36009863018989563,0.03756842017173767,0.11440344154834747,0.3233237564563751,0.2591637372970581,-0.5045644044876099,0.1606186032295227,0.08843909204006195
1.0437798500061035,-0.11197547614574432,1.748714804649353,0.5401192307472229,0.12698110938072205,0.10250326991081238,0.0908053070306778,0.011172213591635227,0.1966252475976944,0.09103325754404068,-0.5011289715766907,1.2235629558563232,0.16509175300598145,-0.18541838228702545,0.12878426909446716,0.22298945486545563,0.004444674588739872,0.6847218871116638,0.2118474245071411,0.10950255393981934,0.6767399311065674,0.038208868354558945,0.07212413847446442,0.6176869869232178,0.37350207567214966,-0.4307291805744171,0.432186484336853,0.11123635619878769,25,-0.030735675245523453,0.03756972774863243,0.0062314532697200775,-0.3940044641494751,-0.003355099353939295,0.012600906193256378,0.18359917402267456,0.07333347201347351,-0.29317259788513184,-0.041857168078422546,0.0266108401119709,0.0012080420274287462,-0.41545945405960083,-0.012129348702728748,0.006590688601136208,0.1747872233390808,0.059010960161685944,-0.29790574312210083,,,,,,,,,,,,,,,,,,,-0.09684973955154419,0.27648526430130005,0.047802235931158066,-0.5005725622177124,-0.10043491423130035,-0.003044656477868557,0.06631232053041458,0.04353485628962517,-0.07719621062278748,-0.10462862253189087,0.29276835918426514,0.034288883209228516,-0.5032184720039368,-0.12739935517311096,-0.008127749897539616,0.06638024002313614,0.020422635599970818,-0.060379475355148315,,,,,,,,,,,,,,,,,,,-0.13928791880607605,2.5914151668548584,1.5144037008285522,0.21671341359615326,0.13005569577217102,0.20845071971416473,-0.013000637292861938,0.2911525368690491,0.28107836842536926,-0.4347606301307678,1.4485416412353516,0.5795024633407593,0.1609431356191635,0.15109114348888397,0.32752957940101624,-0.013882553204894066,0.8403611779212952,0.5732290744781494,0.07641421258449554,0.8074401021003723,0.20964014530181885,-0.09749536216259003,1.6724600791931152,1.1117480993270874,-0.09678804874420166,0.5808257460594177,0.34545397758483887,4,7868.04345703125,4,0.7156053781509399,-0.12248638272285461,1.3801358938217163,0.5401192307472229,0.11844068765640259,0.07750388979911804,0.0908053070306778,0.007394518703222275,0.14959031343460083,0.09103325754404068,-0.5071690678596497,0.9892322421073914,0.16509175300598145,-0.1681121587753296,0.0976322591304779,0.22298945486545563,-0.001873161643743515,0.5275257229804993,0.2118474245071411,0.10570010542869568,0.5165347456932068,0.038208868354558945,0.04993622750043869,0.4724915027618408,0.37350207567214966,-0.4267979562282562,0.34632185101509094,0.11123635619878769
0.6641084551811218,-0.08299444615840912,1.232969880104065,0.8712791800498962,0.13475361466407776,0.09635346382856369,0.09761974960565567,0.020237348973751068,0.1745174676179886,0.13648927211761475,-0.5058690905570984,0.7885722517967224,0.22176450490951538,-0.126182422041893,0.12731291353702545,0.585080623626709,0.029397865757346153,0.4890121519565582,0.385688841342926,0.08072923123836517,0.4665118157863617,0.057450130581855774,0.04844840243458748,0.5619854927062988,0.4061172306537628,-0.29804444313049316,0.26424553990364075,0.1499401181936264,26,-0.07801733911037445,0.051438234746456146,0.062150899320840836,-0.5105615258216858,-0.1021566316485405,0.028778351843357086,0.004456877708435059,0.02611033245921135,-0.16471055150032043,-0.08951210230588913,0.025677913799881935,0.05894576013088226,-0.522602915763855,-0.13127946853637695,0.024099893867969513,0.006572006270289421,0.022504489868879318,-0.200338676571846,,,,,,,,,,,,,,,,,,,-0.07667223364114761,0.15875770151615143,-0.05375290662050247,-0.38750213384628296,-0.24816471338272095,-0.006778948940336704,0.09419889003038406,0.027318183332681656,-0.13559317588806152,-0.06908461451530457,0.19987058639526367,-0.041463688015937805,-0.40218281745910645,-0.02251385897397995,0.001104702241718769,0.09879976511001587,0.032553061842918396,-0.12390598654747009,,,,,,,,,,,,,,,,,,,-0.09953981637954712,1.7662147283554077,1.033825159072876,0.16875192523002625,0.11119598895311356,0.12667091190814972,0.05061478167772293,0.2264632284641266,0.16940675675868988,-0.4797464609146118,0.9770511388778687,0.27410104870796204,-0.26315993070602417,0.18732745945453644,0.682238757610321,0.015900373458862305,0.615936815738678,0.4406569302082062,0.1148403137922287,0.5838743448257446,0.07953993231058121,-0.013134397566318512,1.097240924835205,0.495027095079422,-0.360937237739563,0.37672117352485657,0.19471098482608795,4,8620.26171875,8,0.40704214572906494,-0.08738036453723907,0.8641945123672485,0.8712791800498962,0.11457595229148865,0.07513973861932755,0.09761974960565567,0.031041888520121574,0.11744952201843262,0.13648927211761475,-0.5166870951652527,0.5788897275924683,0.22176450490951538,-0.0781421810388565,0.09509407728910446,0.585080623626709,0.029601844027638435,0.3271416425704956,0.385688841342926,0.08238111436367035,0.3105447292327881,0.057450130581855774,0.044593505561351776,0.38101115822792053,0.4061172306537628,-0.3068133592605591,0.18602809309959412,0.1499401181936264
0.529887855052948,-0.0745834931731224,0.8699540495872498,0.6468238830566406,-0.02798059582710266,0.03741544857621193,0.09541640430688858,0.017888812348246574,0.09741324931383133,0.11832413077354431,-0.45743951201438904,0.559151828289032,0.21555596590042114,-0.2604602575302124,0.05103098973631859,0.30942976474761963,0.002619832754135132,0.334080308675766,0.288970023393631,0.08526347577571869,0.39772850275039673,0.046909697353839874,0.15476442873477936,0.36914965510368347,0.38817888498306274,-0.33806112408638,0.1568654477596283,0.12914352118968964,27,-0.03711742162704468,0.02489018253982067,-0.008615005761384964,-0.40566346049308777,0.002290697768330574,0.012935584411025047,0.15227800607681274,0.048677098006010056,0.027620822191238403,-0.04214644432067871,0.024736130610108376,-0.012704555876553059,-0.41479769349098206,0.006116172298789024,0.009585854597389698,0.14878836274147034,0.047980718314647675,0.021656841039657593,-0.026449523866176605,-0.07602961361408234,0.036280982196331024,-0.374979168176651,-0.2040187418460846,-0.0019165901467204094,-0.024147845804691315,0.17535650730133057,-0.24207955598831177,-0.031075475737452507,-0.08736694604158401,0.02795281447470188,-0.3767821192741394,-0.1973552703857422,-0.008780335076153278,-0.025694072246551514,0.17149685323238373,-0.24331338703632355,-0.0883442685008049,-0.045364171266555786,-0.05644938722252846,-0.44998103380203247,-0.1423107385635376,0.01696622557938099,0.009749867022037506,-0.02975013107061386,-0.44189125299453735,-0.09947355091571808,-0.1339552104473114,-0.0829969048500061,-0.4599092900753021,-0.17585408687591553,0.0034012366086244583,0.007882222533226013,-0.031974002718925476,-0.44732874631881714,,,,,,,,,,,,,,,,,,,-0.10752451419830322,1.673314094543457,1.098739504814148,0.11328044533729553,0.06479336321353912,0.15323548018932343,0.04877316951751709,0.18468956649303436,0.20429764688014984,-0.5017634034156799,0.8676890134811401,0.38229474425315857,-0.05089012533426285,0.07856852561235428,0.34857630729675293,0.029264558106660843,0.5025508999824524,0.421902060508728,0.10611539334058762,0.5315068364143372,0.12476400285959244,-0.01889839395880699,1.1651840209960938,0.7854130268096924,-0.34320345520973206,0.3315172493457794,0.2528121769428253,4,6476.4619140625,10,0.34641867876052856,-0.08785953372716904,0.6233801245689392,0.6468238830566406,-0.06795503944158554,0.026586266234517097,0.09541640430688858,0.00034629483707249165,0.06792078167200089,0.11832413077354431,-0.46584251523017883,0.41472798585891724,0.21555596590042114,-0.2645675837993622,0.03992200642824173,0.30942976474761963,-0.007882339879870415,0.23418240249156952,0.288970023393631,0.0800371766090393,0.2783660888671875,0.046909697353839874,0.1437826007604599,0.25429701805114746,0.38817888498306274,-0.3469791114330292,0.11266598105430603,0.12914352118968964
0.9289500713348389,-0.14595183730125427,1.7590134143829346,1.0966354608535767,-0.00780455581843853,0.11349677294492722,0.13845334947109222,-0.0074879927560687065,0.22407899796962738,0.19775404036045074,-0.5540263652801514,1.2209304571151733,0.4012448489665985,-0.11672307550907135,0.1980186551809311,0.3024013638496399,0.017425190657377243,0.6129562854766846,0.5326878428459167,0.011109046638011932,0.619076669216156,0.08331747353076935,0.03548844903707504,0.7716665863990784,0.738308310508728,-0.32149645686149597,0.3830297887325287,0.23683752119541168,28,-0.14243467152118683,-0.05130255967378616,0.06404009461402893,-0.7109442949295044,-0.15798932313919067,0.019227612763643265,0.02808024361729622,0.02142840251326561,-0.1767643839120865,-0.15311220288276672,-0.08888401091098785,0.060424014925956726,-0.7259236574172974,-0.17271213233470917,0.015658579766750336,0.03286239132285118,0.018757659941911697,-0.20889738202095032,,,,,,,,,,,,,,,,,,,-0.10189817100763321,-6.60889782011509e-05,-0.05060208588838577,-0.4317026138305664,-0.15082359313964844,-0.003198158461600542,0.07191824913024902,0.01996852643787861,-0.05630457401275635,-0.10700416564941406,0.002365503925830126,-0.05690956860780716,-0.4363664388656616,-0.15190432965755463,-0.00576824601739645,0.0733538269996643,0.01626579463481903,-0.05766499787569046,,,,,,,,,,,,,,,,,,,-0.06384916603565216,2.7089457511901855,1.6791223287582397,0.18537092208862305,0.1420363336801529,0.22684231400489807,0.06595993041992188,0.3379397690296173,0.3011038601398468,-0.52573561668396,1.5353666543960571,0.5630103349685669,0.09560603648424149,0.2244734764099121,0.7438905239105225,0.021485673263669014,0.8024057149887085,0.6647994518280029,0.04171672835946083,0.764555811882019,0.16328388452529907,0.08559629321098328,1.7972532510757446,1.0999585390090942,-0.24245938658714294,0.5811634063720703,0.3583970367908478,4,8209.7255859375,4,0.5761203765869141,-0.15410573780536652,1.2564771175384521,1.0966354608535767,-0.022480450570583344,0.0731240063905716,0.13845334947109222,-0.00898742489516735,0.15494190156459808,0.19775404036045074,-0.5593094229698181,0.8899772763252258,0.4012448489665985,-0.12449221312999725,0.12536805868148804,0.3024013638496399,0.013425083830952644,0.43465036153793335,0.5326878428459167,0.013842381536960602,0.4344748258590698,0.08331747353076935,0.02888873964548111,0.5339586138725281,0.738308310508728,-0.3367484211921692,0.2807183563709259,0.23683752119541168
0.7647587656974792,-0.0903099775314331,1.4337568283081055,0.5544481873512268,0.0387897714972496,0.07059545069932938,0.0682501494884491,0.060332611203193665,0.15818315744400024,0.11238718032836914,-0.4829238951206207,1.0012634992599487,0.18117915093898773,0.16636601090431213,0.1079389750957489,0.2712182104587555,0.022185027599334717,0.5058040022850037,0.2749123275279999,-0.12887121737003326,0.558501660823822,0.06070304661989212,0.09998536109924316,0.597531795501709,0.30336204171180725,-0.21782958507537842,0.2943935692310333,0.11157279461622238,29,-0.071769580245018,0.04560989513993263,-0.00823174323886633,-0.3413201868534088,-0.03748169168829918,0.022305229678750038,-0.06064663827419281,0.04306918382644653,-0.20653276145458221,-0.07862099260091782,0.04285164549946785,-0.025755487382411957,-0.34521305561065674,-0.04762604460120201,0.012229010462760925,-0.059472739696502686,0.036231476813554764,-0.2074369341135025,-0.014466170221567154,0.20873302221298218,0.1683932989835739,-0.5045071244239807,-0.10488170385360718,-0.00286203995347023,0.3703154921531677,0.16635501384735107,-0.1564575433731079,-0.029323898255825043,0.18693923950195312,0.14608865976333618,-0.5193698406219482,-0.1792345941066742,-0.017276562750339508,0.3610917329788208,0.15558259189128876,-0.14349041879177094,-0.0306122824549675,-0.08614018559455872,0.17476141452789307,-0.17567062377929688,0.2251058965921402,0.0052351439371705055,0.08210870623588562,-0.1766023486852646,-0.5020819902420044,-0.05028345063328743,-0.12840864062309265,0.15332677960395813,-0.1790226548910141,0.13892234861850739,-0.004595319740474224,0.07764078676700592,-0.18736541271209717,-0.510714590549469,,,,,,,,,,,,,,,,,,,-0.13074688613414764,1.7809557914733887,0.8357642889022827,0.04126466065645218,0.07963456958532333,0.10873893648386002,0.07192298024892807,0.19175945222377777,0.17948274314403534,-0.5119207501411438,1.1254346370697021,0.29504361748695374,0.3473561108112335,0.15478430688381195,0.3713988661766052,-0.004811146296560764,0.5902866721153259,0.3626144230365753,0.07077610492706299,0.6405183672904968,0.0891866385936737,-0.05734371021389961,0.9743009209632874,0.5035198330879211,-0.3236680328845978,0.36078324913978577,0.19105032086372375,4,8739.4658203125,7,0.5232516527175903,-0.10079207271337509,1.0917925834655762,0.5544481873512268,0.01578531228005886,0.05336169898509979,0.0682501494884491,0.04081537574529648,0.11666110903024673,0.11238718032836914,-0.48807695508003235,0.7770164608955383,0.18117915093898773,0.13585703074932098,0.08805505931377411,0.2712182104587555,0.009795019403100014,0.37324854731559753,0.2749123275279999,-0.1308915615081787,0.4127615690231323,0.06070304661989212,0.08871850371360779,0.4496351480484009,0.30336204171180725,-0.23409610986709595,0.2284448742866516,0.11157279461622238
0.6649129390716553,-0.05516130104660988,1.0682096481323242,0.5500386357307434,0.11882421374320984,0.06049405410885811,0.07090888172388077,-0.02661694958806038,0.12326249480247498,0.09755222499370575,-0.39613577723503113,0.6905097365379333,0.13556715846061707,-0.033087585121393204,0.0774001032114029,0.3949054479598999,0.025980787351727486,0.4239673614501953,0.20199136435985565,-0.1627807319164276,0.45898401737213135,0.036784909665584564,0.10947835445404053,0.4435730278491974,0.25121650099754333,-0.29498955607414246,0.22858808934688568,0.09168358147144318,30,-0.07144172489643097,0.037399958819150925,-0.013110803440213203,-0.44954243302345276,0.010491438210010529,0.03467901423573494,-0.10383851826190948,0.02603730373084545,-0.5763366222381592,-0.07890358567237854,0.012225603684782982,-0.022064384073019028,-0.4597654938697815,-0.04102536290884018,0.029353927820920944,-0.10316155105829239,0.02294369786977768,-0.5706572532653809,0.014048328623175621,-0.06942648440599442,-0.017097067087888718,-0.33700743317604065,-0.5375380516052246,-0.01670205034315586,-0.2630231976509094,0.2781279683113098,0.2761886417865753,0.016303911805152893,-0.06271447241306305,-0.01815740577876568,-0.3411569595336914,-0.5167100429534912,-0.021198442205786705,-0.2645145058631897,0.2813608944416046,0.31026217341423035,0.035818979144096375,0.1846819818019867,-0.0003043273463845253,-0.08173865079879761,0.15314985811710358,0.013986073434352875,-0.15602228045463562,0.09310474246740341,0.49070388078689575,0.019134003669023514,0.14806970953941345,-0.011374980211257935,-0.09374406933784485,0.11663967370986938,0.0051297154277563095,-0.14375142753124237,0.04387462139129639,0.45077288150787354,,,,,,,,,,,,,,,,,,,-0.06793096661567688,2.0165445804595947,1.6384779214859009,0.3223561644554138,0.09804433584213257,0.12539444863796234,0.025751683861017227,0.22469423711299896,0.27817174792289734,-0.44731876254081726,1.042265772819519,0.4841057062149048,0.0728602409362793,0.18426990509033203,0.4593176245689392,0.011005619540810585,0.6146181225776672,0.5688754320144653,0.11163469403982162,0.6412872672080994,0.21568623185157776,-0.003982153721153736,1.3896230459213257,1.2899537086486816,-0.16596129536628723,0.4074571132659912,0.3347463607788086,4,7044.68994140625,9,0.418235182762146,-0.06399597972631454,0.7475311160087585,0.5500386357307434,0.11063264310359955,0.03993210569024086,0.07090888172388077,-0.030241142958402634,0.08062788844108582,0.09755222499370575,-0.4083293378353119,0.5082876682281494,0.13556715846061707,-0.0169219970703125,0.05875205621123314,0.3949054479598999,0.018331781029701233,0.2893374264240265,0.20199136435985565,-0.16267086565494537,0.31082478165626526,0.036784909665584564,0.09737326204776764,0.28940463066101074,0.25121650099754333,-0.2873423099517822,0.15753085911273956,0.09168358147144318
0.6742143034934998,-0.08539340645074844,1.143731713294983,0.4428674578666687,0.18177878856658936,0.06559382379055023,0.05199889466166496,0.04281361401081085,0.13975736498832703,0.08103711158037186,-0.4203342795372009,0.7995491623878479,0.14877094328403473,-0.08291217684745789,0.05464121699333191,0.23455527424812317,0.022242233157157898,0.419462114572525,0.1955675184726715,-0.02835175022482872,0.48128387331962585,0.034728068858385086,0.12271539866924286,0.4322766661643982,0.24307724833488464,-0.3271447718143463,0.21812207996845245,0.10569994151592255,31,-0.06743760406970978,0.18172699213027954,0.07229043543338776,-0.43963488936424255,0.0674116387963295,0.02870851568877697,-0.14751005172729492,0.08844596892595291,0.08527550101280212,-0.06716525554656982,0.23237557709217072,0.07796350121498108,-0.44364914298057556,0.10253632813692093,0.03176208585500717,-0.14412638545036316,0.08742519468069077,0.08846397697925568,-0.06391248852014542,0.012813447043299675,0.02243047207593918,-0.44679510593414307,-0.04994345083832741,0.008665181696414948,0.16786828637123108,0.07385696470737457,-0.18414953351020813,-0.07146567106246948,0.009297256357967854,0.02466306835412979,-0.4547919034957886,-0.021409988403320312,0.006228357553482056,0.163854718208313,0.07066158205270767,-0.21578334271907806,-0.09215036779642105,0.138289675116539,-0.11097511649131775,-0.43134406208992004,-0.25724583864212036,0.01827831193804741,0.02776986174285412,-0.011408223770558834,-0.533724308013916,-0.09498124569654465,0.13465183973312378,-0.09906502813100815,-0.4362201690673828,-0.2123667299747467,0.01780540868639946,0.02433602325618267,-0.022070083767175674,-0.5361360907554626,,,,,,,,,,,,,,,,,,,-0.0659472644329071,1.774242877960205,0.7896442413330078,0.00792560912668705,0.08226274698972702,0.1079082265496254,-0.0015792159829288721,0.20354069769382477,0.1625237762928009,-0.49289581179618835,1.0115280151367188,0.2600090205669403,0.02114154025912285,0.07789050042629242,0.26681625843048096,0.01849125325679779,0.5483471155166626,0.31845080852508545,0.16126398742198944,0.5966877937316895,0.08870761841535568,0.06205786019563675,1.1416164636611938,0.5539471507072449,-0.2448876053094864,0.3323807716369629,0.17477655410766602,4,7413.16357421875,11,0.4697650372982025,-0.09517664462327957,0.892477810382843,0.4428674578666687,0.19482003152370453,0.049736566841602325,0.05199889466166496,0.04381594434380531,0.1045432835817337,0.08103711158037186,-0.42826032638549805,0.6437675356864929,0.14877094328403473,-0.03675989434123039,0.04243597760796547,0.23455527424812317,0.020661119371652603,0.31594985723495483,0.1955675184726715,-0.028725646436214447,0.3619758188724518,0.034728068858385086,0.10404933989048004,0.3249286115169525,0.24307724833488464,-0.33860957622528076,0.17448970675468445,0.10569994151592255
0.5211632251739502,-0.046585191041231155,0.6937370300292969,0.5749515295028687,0.12092559784650803,0.05101699009537697,0.08147910982370377,-0.017481278628110886,0.10988140851259232,0.10317779332399368,-0.3500242829322815,0.34376856684684753,0.1674637645483017,-0.22506988048553467,0.05293047055602074,0.3289058804512024,0.03415456786751747,0.3215409517288208,0.23101945221424103,-0.2320968210697174,0.3541085124015808,0.039747707545757294,0.07696157693862915,0.31374499201774597,0.33683186769485474,-0.1759539693593979,0.13564150035381317,0.09303759783506393,32,-0.035002924501895905,0.2562263011932373,0.014228934422135353,-0.47259342670440674,-0.18596488237380981,0.04626835510134697,0.2121049463748932,0.048563290387392044,-0.07291235029697418,-0.03291217237710953,0.27160972356796265,0.009928285144269466,-0.48817193508148193,-0.16557900607585907,0.04692107066512108,0.21180057525634766,0.057188283652067184,-0.06863763183355331,,,,,,,,,,,,,,,,,,,-0.018211137503385544,0.1640440672636032,-0.135506272315979,-0.00970650464296341,-0.19614313542842865,-0.008462660014629364,-0.3142346441745758,0.08041176199913025,-0.1917109489440918,-0.03382587432861328,0.13742949068546295,-0.14812541007995605,-0.07742736488580704,-0.24729369580745697,-0.012457568198442459,-0.3155229687690735,0.0771181732416153,-0.2150728702545166,-0.02687777951359749,0.00026212073862552643,0.005276786163449287,-0.23243695497512817,0.017550935968756676,0.010845985263586044,-0.18272517621517181,0.03762618452310562,-0.1507192701101303,-0.028259016573429108,0.0006344383582472801,0.005315873306244612,-0.23556017875671387,0.0016580075025558472,0.011158236302435398,-0.182784765958786,0.03637108951807022,-0.1614682972431183,-0.09520482271909714,1.0709095001220703,0.8200476169586182,0.15815040469169617,0.06301060318946838,0.11377294361591339,-0.0025359392166137695,0.14970643818378448,0.1542457789182663,-0.38947877287864685,0.46666526794433594,0.2722964584827423,-0.1730947494506836,0.083112433552742,0.35447007417678833,0.019710281863808632,0.4013533890247345,0.3237314224243164,-0.04380282014608383,0.4221051335334778,0.07210385799407959,-0.06144195422530174,0.7067910432815552,0.5490694642066956,-0.2002398669719696,0.23868349194526672,0.156426802277565,4,7885.369140625,7,0.3109138011932373,-0.05306386202573776,0.4523601531982422,0.5749515295028687,0.11686341464519501,0.03297872841358185,0.08147910982370377,-0.016520457342267036,0.07029078155755997,0.10317779332399368,-0.3658114969730377,0.2345641851425171,0.1674637645483017,-0.22573252022266388,0.03282911330461502,0.3289058804512024,0.03122285194694996,0.20685787498950958,0.23101945221424103,-0.23331815004348755,0.23047983646392822,0.039747707545757294,0.07517442852258682,0.19769331812858582,0.33683186769485474,-0.19212351739406586,0.08665686845779419,0.09303759783506393
0.8048208355903625,-0.03647834435105324,1.1082760095596313,0.8301644921302795,0.13560283184051514,0.06803974509239197,0.11172753572463989,-0.03544372320175171,0.15258841216564178,0.12736527621746063,-0.3203161060810089,0.6435848474502563,0.21082152426242828,0.12375205755233765,0.07692594081163406,0.5439544916152954,0.024969259276986122,0.49521636962890625,0.3300521969795227,0.04985615983605385,0.5349438190460205,0.0614963173866272,0.06194159388542175,0.4472411274909973,0.4259513020515442,-0.3690125346183777,0.22094197571277618,0.16119912266731262,33,-0.03499721735715866,0.04775562137365341,0.009881161153316498,-0.37676867842674255,-0.06596000492572784,0.014826474711298943,0.08245637267827988,0.029737960547208786,-0.04417801648378372,-0.03705649450421333,0.058726999908685684,0.008480006828904152,-0.39758890867233276,-0.04896309971809387,0.01047793310135603,0.0830596461892128,0.02472674287855625,0.017781928181648254,,,,,,,,,,,,,,,,,,,-0.06204025447368622,0.15034228563308716,-0.08940694481134415,-0.318306565284729,0.21021759510040283,0.013268973678350449,-0.023552756756544113,0.03401990234851837,-0.6620968580245972,-0.07176794111728668,0.14047425985336304,-0.08083201944828033,-0.3368448317050934,0.2058740109205246,0.01220577210187912,-0.025011233985424042,0.031086742877960205,-0.676052987575531,,,,,,,,,,,,,,,,,,,-0.025223568081855774,1.580257534980774,1.078177809715271,0.2666325867176056,0.08514738082885742,0.16901366412639618,-0.011070264503359795,0.20238421857357025,0.18355019390583038,-0.34255656599998474,0.7741137742996216,0.28940385580062866,0.47192299365997314,0.14853143692016602,0.6169358491897583,0.02192997932434082,0.5862402319908142,0.42192772030830383,0.19023802876472473,0.600670337677002,0.09806367009878159,-0.008056038990616798,1.0106967687606812,0.6254315376281738,-0.3208845257759094,0.3189046084880829,0.23883600533008575,4,8477.013671875,5,0.473475843667984,-0.04487016797065735,0.7143944501876831,0.8301644921302795,0.12477941811084747,0.04376450926065445,0.11172753572463989,-0.035085342824459076,0.0969134271144867,0.12736527621746063,-0.3359374403953552,0.4346292316913605,0.21082152426242828,0.1300603300333023,0.05035204440355301,0.5439544916152954,0.02059277333319187,0.3144506514072418,0.3300521969795227,0.048743028193712234,0.3412032425403595,0.0614963173866272,0.0523257777094841,0.26506128907203674,0.4259513020515442,-0.36073291301727295,0.14851798117160797,0.16119912266731262
0.6536383628845215,-0.016376972198486328,1.1107360124588013,0.4996008574962616,0.30555909872055054,0.06968650966882706,0.07152281701564789,-0.004770807921886444,0.1499202847480774,0.08785264939069748,-0.347350537776947,0.6925771832466125,0.1462557017803192,0.08782641589641571,0.0705769956111908,0.30011194944381714,0.033563874661922455,0.4301277995109558,0.20859338343143463,-0.12203104794025421,0.44571012258529663,0.042854808270931244,0.18655994534492493,0.5237253904342651,0.27064046263694763,-0.21004582941532135,0.25259077548980713,0.08194825798273087,34,0.01971934735774994,0.04674827679991722,0.11383803188800812,-0.20895594358444214,0.14791330695152283,0.04041248932480812,-0.1736103892326355,0.06151566654443741,0.3228604793548584,0.013518517836928368,0.014500362798571587,0.11333474516868591,-0.22358915209770203,0.10521914809942245,0.02712082490324974,-0.1546444296836853,0.057268641889095306,0.3256766200065613,0.02135966345667839,0.011635329574346542,0.050589896738529205,-0.07183690369129181,-0.17521023750305176,0.01235469151288271,0.16215279698371887,0.06398223340511322,0.013103723526000977,0.01354198344051838,0.018296580761671066,0.05079597979784012,-0.08881236612796783,-0.1751348078250885,0.010491590015590191,0.16097554564476013,0.055194225162267685,-0.010561510920524597,-0.007741931825876236,0.32462432980537415,-0.039978258311748505,-0.4380393624305725,0.07577238976955414,0.016615889966487885,-0.1102394163608551,0.23512259125709534,-0.214474618434906,-0.027028538286685944,0.32562243938446045,-0.04809153079986572,-0.4510592818260193,0.04843179136514664,0.010750876739621162,-0.10850309580564499,0.20829743146896362,-0.23235711455345154,,,,,,,,,,,,,,,,,,,-0.054114364087581635,1.6798515319824219,0.7297318577766418,0.5236712694168091,0.10600653290748596,0.11766362190246582,0.007453537546098232,0.19988641142845154,0.12897001206874847,-0.4465969204902649,0.9614558815956116,0.2309619039297104,0.27756255865097046,0.13828498125076294,0.3244657814502716,0.037641867995262146,0.6737343072891235,0.29375937581062317,0.033259473741054535,0.6932001113891602,0.0776129961013794,0.03709470108151436,0.8820484280586243,0.4849923849105835,-0.2683083117008209,0.33872613310813904,0.12598884105682373,4,6472.2294921875,10,0.4157685339450836,-0.035011064261198044,0.7883363366127014,0.4996008574962616,0.29499807953834534,0.0474904365837574,0.07152281701564789,-0.005075888708233833,0.10190426558256149,0.08785264939069748,-0.3635982573032379,0.5152753591537476,0.1462557017803192,0.04586300998926163,0.05128396674990654,0.30011194944381714,0.025292010977864265,0.29836225509643555,0.20859338343143463,-0.11584006249904633,0.308200478553772,0.042854808270931244,0.16336500644683838,0.3482416868209839,0.27064046263694763,-0.2263757884502411,0.18819087743759155,0.08194825798273087
0.8494231104850769,-0.024628888815641403,1.1848028898239136,1.1881166696548462,0.16432344913482666,0.06839893758296967,0.13237114250659943,-0.03616952896118164,0.14863736927509308,0.16547855734825134,-0.3358724117279053,0.7452141642570496,0.2417488396167755,0.512908935546875,0.09793534129858017,0.9989757537841797,0.002805745229125023,0.49885404109954834,0.2748009264469147,-0.01157660037279129,0.5353298187255859,0.05161619931459427,-0.01373887900263071,0.47731924057006836,0.4455127716064453,-0.5449481010437012,0.2208704799413681,0.18346576392650604,35,-0.015522726811468601,0.2136184126138687,0.0527748167514801,-0.40693747997283936,0.30307579040527344,0.032725341618061066,0.1571374237537384,0.05331584811210632,-0.7330278754234314,-0.04375205561518669,0.1734599471092224,0.017477236688137054,-0.4213261008262634,0.06919281929731369,0.02308492735028267,0.1531447470188141,0.041564419865608215,-0.7273791432380676,,,,,,,,,,,,,,,,,,,0.001957464963197708,0.17844566702842712,-0.05058895796537399,-0.32010164856910706,0.4604107737541199,-0.015000615268945694,-0.1242336556315422,0.025601666420698166,-0.20856010913848877,-0.022408120334148407,0.14629945158958435,-0.07707779854536057,-0.341132789850235,0.26681387424468994,-0.03032311052083969,-0.1158224418759346,0.0023901122622191906,-0.17202861607074738,-0.022777816280722618,0.016592323780059814,0.02306731604039669,-0.0517679825425148,-0.07349857687950134,0.013656824827194214,-0.07524115592241287,-0.04145509749650955,-0.00987815111875534,-0.02250644937157631,0.016348663717508316,0.02670220658183098,-0.0500839538872242,-0.0825122818350792,0.014528319239616394,-0.07529184222221375,-0.04097826033830643,-0.002784445881843567,-0.08399692177772522,2.3821792602539062,1.5252141952514648,0.10616463422775269,0.1047496646642685,0.1885354071855545,0.03458380699157715,0.27701810002326965,0.24432598054409027,-0.40184494853019714,1.2301641702651978,0.38958778977394104,0.27296391129493713,0.22800631821155548,1.082527756690979,-0.041187115013599396,0.754021406173706,0.4308584928512573,0.09531226754188538,0.7667334675788879,0.10044748336076736,-0.10347588360309601,1.6326676607131958,0.7643697261810303,-0.30866172909736633,0.44692739844322205,0.356935054063797,4,7728.53076171875,6,0.5724599957466125,-0.04496586322784424,0.9166201949119568,1.1881166696548462,0.1264433115720749,0.05060262233018875,0.13237114250659943,-0.0528251938521862,0.10856260359287262,0.16547855734825134,-0.3518141508102417,0.6090145707130432,0.2417488396167755,0.28332728147506714,0.07533147931098938,0.9989757537841797,-0.005556143820285797,0.37599244713783264,0.2748009264469147,-0.009891826659440994,0.40183091163635254,0.05161619931459427,-0.007343787234276533,0.3431640565395355,0.4455127716064453,-0.5308223962783813,0.16932961344718933,0.18346576392650604
0.5617537498474121,-0.10023770481348038,0.971806526184082,0.296297550201416,-0.01029918622225523,0.05631018057465553,0.04448046535253525,-0.043283458799123764,0.11800159513950348,0.044183146208524704,-0.4880492687225342,0.6456189155578613,0.07097878307104111,-0.3015768527984619,0.10414320975542068,0.20550499856472015,0.03640582039952278,0.3654273748397827,0.13857465982437134,-0.1513189971446991,0.3903859853744507,0.03212025761604309,0.09953382611274719,0.42117130756378174,0.11678209155797958,-0.46633201837539673,0.1905767023563385,0.052139896899461746,36,0.09070847928524017,0.21580319106578827,0.15811142325401306,-0.23896637558937073,0.05823871120810509,0.04320301115512848,-0.10406418144702911,0.3640550374984741,-0.06881456077098846,0.05814230442047119,0.20837315917015076,0.13234007358551025,-0.2930383086204529,0.012799849733710289,0.03767239674925804,-0.10394693911075592,0.3271670937538147,-0.15007486939430237,-0.0295916385948658,0.07049725204706192,0.06757733225822449,-0.2013469636440277,-0.045393459498882294,0.021199673414230347,-0.10975965857505798,0.03516661003232002,-0.25249922275543213,-0.03419932723045349,0.07253729552030563,0.05029674246907234,-0.2013721466064453,-0.09425483644008636,0.01883559860289097,-0.11120185256004333,0.031793031841516495,-0.2558478116989136,-0.09419289231300354,-0.07835699617862701,-0.11166112124919891,-0.42388707399368286,-0.22563281655311584,0.03403663635253906,0.010772259905934334,-0.018202614039182663,-0.4072275161743164,-0.1100820004940033,-0.11785148084163666,-0.12886475026607513,-0.4285507798194885,-0.27656155824661255,0.025343315675854683,0.010068653151392937,-0.02191779762506485,-0.408050537109375,,,,,,,,,,,,,,,,,,,-0.11049381643533707,1.321130633354187,0.4892110228538513,0.15635377168655396,0.06419441103935242,0.07344453036785126,-0.03341192379593849,0.15338283777236938,0.08755286037921906,-0.4809025228023529,0.7668976783752441,0.14359433948993683,-0.059315573424100876,0.11248517036437988,0.27132493257522583,0.02832619845867157,0.4413265585899353,0.1987801343202591,0.11569478362798691,0.4556266963481903,0.052189916372299194,-0.0593072734773159,0.8059872984886169,0.2791846990585327,-0.31802427768707275,0.25489893555641174,0.10885696858167648,4,6903.62451171875,11,0.3661249876022339,-0.12266884744167328,0.7220993638038635,0.296297550201416,-0.06700168550014496,0.04276889190077782,0.04448046535253525,-0.0737389326095581,0.0844155102968216,0.044183146208524704,-0.5009944438934326,0.4941462576389313,0.07097878307104111,-0.3861576318740845,0.08786461502313614,0.20550499856472015,0.029173091053962708,0.2646772861480713,0.13857465982437134,-0.15058346092700958,0.27895665168762207,0.03212025761604309,0.07491546124219894,0.30329784750938416,0.11678209155797958,-0.48949331045150757,0.14391373097896576,0.052139896899461746
1.1556906700134277,-0.05561157688498497,1.7375807762145996,0.6315253973007202,0.1977638602256775,0.08602256327867508,0.08747649937868118,0.03531479090452194,0.197506383061409,0.09740903228521347,-0.3520300090312958,1.2382676601409912,0.16776765882968903,-0.09113135933876038,0.1257386952638626,0.40521442890167236,0.01862567663192749,0.6172711849212646,0.20536743104457855,0.02348678559064865,0.6983263492584229,0.05218564346432686,0.031613580882549286,0.6533074975013733,0.3535822927951813,0.08144138753414154,0.3580043315887451,0.13935339450836182,37,-0.044047802686691284,0.07231797277927399,0.06966381520032883,-0.37328505516052246,0.08861155807971954,0.032835207879543304,-0.03301652520895004,-0.07744605839252472,0.1428842842578888,-0.047938525676727295,0.11177115142345428,0.05707907676696777,-0.38176023960113525,0.07204914093017578,0.03476494178175926,-0.03546814247965813,-0.07372597604990005,0.12897001206874847,-0.009501693770289421,0.1744184046983719,0.24301576614379883,-0.42914730310440063,0.24799759685993195,0.010269133374094963,0.29602959752082825,0.09400199353694916,-0.26191842555999756,-0.040079765021800995,0.008702956140041351,0.19727444648742676,-0.4354604184627533,0.08882906287908554,-0.023955706506967545,0.28319981694221497,0.05302635207772255,-0.2868378162384033,-0.08979620784521103,0.21274268627166748,0.022283948957920074,-0.4542240500450134,-0.16756576299667358,-0.021563956514000893,0.08867964148521423,-0.04271591827273369,-0.054926738142967224,-0.10698367655277252,0.15036070346832275,-0.02632657065987587,-0.46783676743507385,-0.3636205196380615,-0.036031439900398254,0.08361958712339401,-0.03443978726863861,-0.05250443518161774,-0.02822190150618553,0.05308332294225693,0.022531218826770782,-0.11051185429096222,-0.14528772234916687,0.02964089810848236,-0.060563087463378906,0.023185301572084427,-0.4538743197917938,-0.02870742231607437,0.06347920000553131,0.018913229927420616,-0.11199721693992615,-0.11943785101175308,0.024940520524978638,-0.05717548727989197,0.01584741100668907,-0.4412141442298889,-0.07075216621160507,2.473726987838745,0.9774167537689209,0.3833422362804413,0.10559222102165222,0.14294832944869995,0.11509730666875839,0.269492506980896,0.1791638284921646,-0.42426759004592896,1.5509546995162964,0.3186606466770172,0.2849805951118469,0.16427963972091675,0.5057113766670227,0.01080416515469551,0.7761531472206116,0.3338957130908966,0.09071914851665497,0.8645825982093811,0.10512878745794296,0.00815664604306221,1.4164831638336182,0.6136283874511719,-0.13580718636512756,0.49674931168556213,0.21550598740577698,4,6642.67578125,6,0.7531794309616089,-0.07053851336240768,1.3277148008346558,0.6315253973007202,0.1729610562324524,0.06025604158639908,0.08747649937868118,0.003957104869186878,0.14294396340847015,0.09740903228521347,-0.35985109210014343,0.9680315256118774,0.16776765882968903,-0.22768008708953857,0.10156039893627167,0.40521442890167236,0.004164889454841614,0.4602395296096802,0.20536743104457855,0.02774328738451004,0.5134735703468323,0.05218564346432686,0.025502659380435944,0.49188998341560364,0.3535822927951813,0.05611914396286011,0.27190423011779785,0.13935339450836182
0.812028169631958,-0.06671307235956192,1.54102623462677,0.5130865573883057,0.053809016942977905,0.09298604726791382,0.07283905893564224,-0.06348863244056702,0.18305759131908417,0.07825588434934616,-0.3138737380504608,1.0837910175323486,0.14759978652000427,0.06780645251274109,0.12798207998275757,0.38281604647636414,0.034643564373254776,0.561906099319458,0.1731850504875183,0.061890192329883575,0.558146595954895,0.03206424415111542,0.07000144571065903,0.6385622024536133,0.208932563662529,-0.6240226030349731,0.3264894485473633,0.09391733258962631,38,-0.09579407423734665,-0.35241466760635376,-0.012494545429944992,-0.3607591390609741,-0.22201183438301086,0.005786554887890816,0.20841407775878906,0.03179309517145157,-0.7623507380485535,-0.10040988773107529,-0.29537197947502136,-0.01977407932281494,-0.3799480199813843,-0.20450454950332642,0.003729579970240593,0.20795650780200958,0.028011931106448174,-0.7827901840209961,,,,,,,,,,,,,,,,,,,-0.06010187417268753,0.15561866760253906,-0.0666663646697998,-0.3490462601184845,0.2141718864440918,0.031559258699417114,0.0646134465932846,0.059362828731536865,-0.2522868514060974,-0.07045529782772064,0.14103499054908752,-0.07329192757606506,-0.3496386408805847,0.18576540052890778,0.027764959260821342,0.06576845049858093,0.0438719168305397,-0.2903456687927246,,,,,,,,,,,,,,,,,,,-0.08445268124341965,2.1748197078704834,1.1121944189071655,0.10961215198040009,0.10217595845460892,0.15867531299591064,0.02808121219277382,0.2525927424430847,0.20871222019195557,-0.40351492166519165,1.272189974784851,0.29749971628189087,0.1598423570394516,0.1488291621208191,0.4477871060371399,-0.002571340650320053,0.7003549337387085,0.3989831507205963,0.09842899441719055,0.6675370931625366,0.1273157149553299,-0.029984423890709877,1.3770487308502197,0.7926109433174133,-0.3437348008155823,0.4273338317871094,0.27493560314178467,4,8698.859375,7,0.5381048917770386,-0.0742037370800972,1.1671020984649658,0.5130865573883057,0.061952706426382065,0.0686737671494484,0.07283905893564224,-0.07166681438684464,0.13436518609523773,0.07825588434934616,-0.3225419223308563,0.843776524066925,0.14759978652000427,0.06064946949481964,0.09264890104532242,0.38281604647636414,0.029726440086960793,0.41509538888931274,0.1731850504875183,0.06066453829407692,0.4085681736469269,0.03206424415111542,0.05699574202299118,0.4679720997810364,0.208932563662529,-0.6262612342834473,0.24613897502422333,0.09391733258962631
0.825736403465271,-0.03582748398184776,1.3504960536956787,0.5240878462791443,0.26623573899269104,0.07820521295070648,0.07286189496517181,0.012601060792803764,0.16622810065746307,0.0882352888584137,-0.42835116386413574,0.9078518152236938,0.15343107283115387,0.2793480157852173,0.2037397176027298,0.3444945514202118,0.029501808807253838,0.5023070573806763,0.19951888918876648,0.24689973890781403,0.5103934407234192,0.053592123091220856,0.04032035544514656,0.5824742913246155,0.2621833086013794,-0.11973077058792114,0.2688805162906647,0.0890851765871048,39,-0.0348733551800251,0.021172380074858665,-0.006932418793439865,-0.41900649666786194,-0.009110908955335617,0.00541089940816164,0.1294236034154892,0.06460283696651459,0.07290327548980713,-0.03772037848830223,0.007546598091721535,-0.01007724367082119,-0.41785070300102234,-0.03142886981368065,0.002076525241136551,0.1344364732503891,0.06461974233388901,0.0825132429599762,0.017683658748865128,0.09578738361597061,0.08017002046108246,-0.41118261218070984,0.014342855662107468,-0.031286273151636124,0.4506605863571167,0.103664830327034,0.3819991946220398,0.011428885161876678,0.11323505640029907,0.07936915010213852,-0.41759076714515686,0.02398529462516308,-0.04313327372074127,0.4458138644695282,0.09681490808725357,0.3849664032459259,0.057542238384485245,0.3331682085990906,0.14753273129463196,-0.2633703947067261,0.3879101872444153,0.08047221601009369,0.0640835240483284,-0.0058380113914608955,0.12071724236011505,0.04812593385577202,0.22227247059345245,0.12699899077415466,-0.27322572469711304,0.4028216600418091,0.06812796741724014,0.056385621428489685,-0.033814437687397,0.04654833674430847,-0.04982278496026993,-0.024974940344691277,-0.02511322870850563,-0.27931714057922363,0.012541424483060837,-0.016717707738280296,-0.21348260343074799,-0.05925549566745758,-0.40548914670944214,-0.0516478456556797,-0.028025392442941666,-0.03080923855304718,-0.308249831199646,-0.009685799479484558,-0.017283860594034195,-0.2078874707221985,-0.04788869991898537,-0.41857385635375977,-0.027655214071273804,1.7882695198059082,0.7479945421218872,0.26250192523002625,0.08941950649023056,0.1092073917388916,0.06205734610557556,0.2102290689945221,0.1465347409248352,-0.444078654050827,1.0521373748779297,0.2389669269323349,0.431343138217926,0.22965571284294128,0.4201621413230896,0.0289514921605587,0.5959190726280212,0.2826654613018036,0.2620885670185089,0.5920997858047485,0.08422412723302841,0.04090084135532379,1.0756094455718994,0.4262690544128418,-0.15029144287109375,0.3512030243873596,0.15413285791873932,4,8381.10546875,7,0.5358968377113342,-0.042250704020261765,1.007057785987854,0.5240878462791443,0.22672760486602783,0.05739482492208481,0.07286189496517181,-0.0013059945777058601,0.12196028977632523,0.0882352888584137,-0.4357534646987915,0.6888033151626587,0.15343107283115387,0.29453593492507935,0.15645526349544525,0.3444945514202118,0.02265862375497818,0.3753263056278229,0.19951888918876648,0.2279617190361023,0.37319180369377136,0.053592123091220856,0.028255116194486618,0.42480164766311646,0.2621833086013794,-0.14455276727676392,0.1909717321395874,0.0890851765871048
0.6431558132171631,-0.10825498402118683,0.96437007188797,0.2865743935108185,0.16581082344055176,0.0473991334438324,0.04352816939353943,-0.03260085731744766,0.14790131151676178,0.05374997481703758,-0.442014217376709,0.5985130071640015,0.09954051673412323,0.04151948541402817,0.06116751581430435,0.16696415841579437,0.03115357831120491,0.3875332474708557,0.12288041412830353,-0.23513512313365936,0.43102455139160156,0.020369334146380424,0.01861254870891571,0.4153217077255249,0.14713992178440094,-0.5046523809432983,0.18834137916564941,0.04889896512031555,40,-0.0761859118938446,0.03283294290304184,-0.008451750501990318,-0.4539298415184021,-0.09557659178972244,-0.0016481559723615646,0.09926764667034149,-0.04443275183439255,0.01857096329331398,-0.0799594298005104,-0.0278177373111248,-0.00743962824344635,-0.45913636684417725,-0.1254817247390747,-0.0050456346943974495,0.09637425094842911,-0.04587557911872864,0.022699587047100067,,,,,,,,,,,,,,,,,,,-0.07492904365062714,0.17216266691684723,-0.06835871934890747,-0.3419606685638428,-0.027092330157756805,0.018534332513809204,-0.035537756979465485,0.04477929323911667,-0.26276472210884094,-0.07991223782300949,0.20014619827270508,-0.07380858063697815,-0.34802597761154175,-0.008277863264083862,0.020754436030983925,-0.03929414227604866,0.03404594957828522,-0.2628036141395569,-0.06366035342216492,-0.024203523993492126,0.0048726093955338,-0.4098968207836151,-0.0353882722556591,0.032881345599889755,-0.22620755434036255,0.028599586337804794,-0.4152849018573761,-0.06823042780160904,-0.022086339071393013,-0.0038787329103797674,-0.41327911615371704,-0.03253468871116638,0.02902284264564514,-0.22368770837783813,0.02230912633240223,-0.43681442737579346,-0.06695467233657837,1.4138129949569702,0.751717209815979,0.057871464639902115,0.06148344650864601,0.14320345222949982,0.053578972816467285,0.1908426284790039,0.14405977725982666,-0.4217354357242584,0.7392138242721558,0.23730581998825073,0.22496940195560455,0.08080153912305832,0.24477481842041016,0.02209792099893093,0.4781162738800049,0.27931931614875793,0.03599365055561066,0.508940577507019,0.08470265567302704,0.005107954144477844,0.9171372652053833,0.5390869975090027,-0.2151278406381607,0.2773872911930084,0.17827194929122925,4,7784.10302734375,12,0.4200282096862793,-0.11898362636566162,0.7015478610992432,0.2865743935108185,0.1536899209022522,0.03307361900806427,0.04352816939353943,-0.04136184602975845,0.10610977560281754,0.05374997481703758,-0.45000964403152466,0.44707679748535156,0.09954051673412323,-0.013330906629562378,0.03881606459617615,0.16696415841579437,0.025641411542892456,0.2768867313861847,0.12288041412830353,-0.22923436760902405,0.3076472580432892,0.020369334146380424,0.008521423675119877,0.29423362016677856,0.14713992178440094,-0.5134081840515137,0.14333659410476685,0.04889896512031555
0.9215573072433472,-0.14920905232429504,1.5529073476791382,0.9182725548744202,-0.10294586420059204,0.08978423476219177,0.08210120350122452,-0.04847404360771179,0.1779569834470749,0.1178446114063263,-0.422843873500824,1.0358397960662842,0.20542216300964355,-0.43245744705200195,0.3406863212585449,0.7048572301864624,0.008655556477606297,0.5251386761665344,0.319852352142334,-0.13181562721729279,0.5810299515724182,0.05634590983390808,0.01456693559885025,0.6699710488319397,0.38593775033950806,-0.30499860644340515,0.3471773564815521,0.17072264850139618,41,,,,,,,,,,,,,,,,,,,,,,,,,,,,,,,,,,,,,-0.1803549826145172,-0.05679622292518616,-0.07385630905628204,-0.37321609258651733,-0.5026131272315979,-0.00402794498950243,-0.06342443823814392,0.02836652845144272,-0.21729107201099396,-0.20484194159507751,-0.08507537096738815,-0.08132624626159668,-0.3800722360610962,-0.5236191153526306,-0.012575594708323479,-0.05705975741147995,0.017918547615408897,-0.20527738332748413,-0.07463734596967697,-0.08216477930545807,-0.014990096911787987,-0.3389415442943573,-0.1628773808479309,0.010068679228425026,-0.1880047768354416,0.0012278803624212742,-0.38205525279045105,-0.07692563533782959,-0.07828093320131302,-0.01706908456981182,-0.34131088852882385,-0.16630885004997253,0.006387417670339346,-0.18964678049087524,-0.0035544391721487045,-0.3949796259403229,-0.328664630651474,2.2324635982513428,1.100254774093628,0.034710220992565155,0.12776125967502594,0.10021475702524185,-0.055324677377939224,0.21795833110809326,0.15828672051429749,-0.45759281516075134,1.2792316675186157,0.28152552247047424,-0.7045879364013672,0.9922773241996765,0.7941589951515198,-0.006990635767579079,0.7136018872261047,0.3848342001438141,-0.06196451187133789,0.8405959010124207,0.08451972156763077,-0.08378750085830688,0.9546514749526978,0.5177485942840576,-0.4469168186187744,0.4145221710205078,0.20545844733715057,4,7821.701171875,6,0.6024928092956543,-0.17299136519432068,1.2174088954925537,0.9182725548744202,-0.12353821843862534,0.07373332232236862,0.08210120350122452,-0.06410925090312958,0.13452991843223572,0.1178446114063263,-0.4296688735485077,0.8163836598396301,0.20542216300964355,-0.454595148563385,0.3211900591850281,0.7048572301864624,-0.00041862064972519875,0.3926548659801483,0.319852352142334,-0.13048262894153595,0.4279381036758423,0.05634590983390808,0.00462923850864172,0.5248968601226807,0.38593775033950806,-0.30558812618255615,0.275823175907135,0.17072264850139618
0.6648303270339966,-0.005324367433786392,1.1398438215255737,0.6873320937156677,0.13481086492538452,0.10278254747390747,0.05652550235390663,-0.048634372651576996,0.16072650253772736,0.09384556859731674,-0.42131155729293823,0.6346335411071777,0.1323506236076355,0.43545377254486084,0.13934758305549622,0.6090516448020935,0.06451642513275146,0.5119073987007141,0.1696624755859375,-0.06694236397743225,0.4812139570713043,0.03195863962173462,0.04368140920996666,0.542622983455658,0.17469313740730286,-0.5861630439758301,0.22937583923339844,0.10788081586360931,42,,,,,,,,,,,,,,,,,,,-0.07813794165849686,-0.001162579283118248,-0.029589492827653885,-0.5199257135391235,-0.25837069749832153,0.031422995030879974,0.40889641642570496,0.03334831818938255,-0.39918726682662964,-0.08397424966096878,0.002368159592151642,-0.037165556102991104,-0.526766300201416,-0.29796892404556274,0.025728654116392136,0.4063034951686859,0.028268197551369667,-0.39165693521499634,0.029440870508551598,0.10961924493312836,-0.07196268439292908,-0.3248484134674072,0.4276326596736908,0.04727335274219513,-0.21009129285812378,0.015748942270874977,-0.3309754729270935,0.023625511676073074,0.08004041016101837,-0.08328013867139816,-0.3548738658428192,0.40980690717697144,0.04582348093390465,-0.2145957201719284,0.00803339947015047,-0.3494107127189636,-0.029466010630130768,-0.03057745285332203,0.0028385918121784925,-0.2814103960990906,-0.03434993326663971,0.026953846216201782,-0.12200447916984558,0.013617588207125664,-0.35909220576286316,-0.030597709119319916,-0.025045718997716904,0.0015755444765090942,-0.28284990787506104,-0.021331772208213806,0.023735160008072853,-0.11857721954584122,0.007689480669796467,-0.36536121368408203,-0.02477356791496277,1.9902336597442627,0.9293047189712524,0.22835804522037506,0.12155428528785706,0.08762653917074203,0.01699177734553814,0.2641362249851227,0.14965249598026276,-0.4986152946949005,0.9270736575126648,0.19945211708545685,0.5592853426933289,0.17729642987251282,0.7836681008338928,0.029483404010534286,0.6970779895782471,0.2386149913072586,0.06282608211040497,0.6201704144477844,0.052255891263484955,-0.035468727350234985,1.39461088180542,0.3022947907447815,-0.3790092468261719,0.4124547243118286,0.16901561617851257,4,9915.2138671875,6,0.40915223956108093,-0.0109369195997715,0.7646998167037964,0.6873320937156677,0.11205624043941498,0.06856434047222137,0.05652550235390663,-0.057089537382125854,0.10358806699514389,0.09384556859731674,-0.44319090247154236,0.4473978579044342,0.1323506236076355,0.43741926550865173,0.09717326611280441,0.6090516448020935,0.05887807533144951,0.3308694362640381,0.1696624755859375,-0.06812549382448196,0.3169805705547333,0.03195863962173462,0.03345481678843498,0.35486629605293274,0.17469313740730286,-0.5979979038238525,0.15441930294036865,0.10788081586360931
0.5110375285148621,-0.05493935942649841,0.8153692483901978,0.6813797950744629,0.09925593435764313,0.05781981348991394,0.07358244061470032,-0.030963461846113205,0.10857398062944412,0.091314896941185,-0.40406909584999084,0.5327621698379517,0.13699223101139069,-0.11266424506902695,0.09252380579710007,0.5509867668151855,0.03550133481621742,0.31004729866981506,0.21339084208011627,0.0784379094839096,0.3491813838481903,0.041822902858257294,0.09825001657009125,0.3402973413467407,0.2619824707508087,-0.45184704661369324,0.15310193598270416,0.11069212108850479,43,-0.012093893252313137,0.011324860155582428,-0.107138492166996,-0.1402851939201355,-0.06345211714506149,0.022135285660624504,0.005369499325752258,0.06902141124010086,-0.20355224609375,-0.016750961542129517,0.018119636923074722,-0.12458210438489914,-0.14919111132621765,-0.08796961605548859,0.01872173883020878,0.0011123791337013245,0.0653126984834671,-0.1845971792936325,0.038478776812553406,0.4538983106613159,0.09412513673305511,-0.29849207401275635,0.18105487525463104,0.053200967609882355,0.4094192683696747,0.13923174142837524,-0.0028503593057394028,0.04702173173427582,0.4815128445625305,0.10495351254940033,-0.2987113893032074,0.243186816573143,0.05701425299048424,0.3923412561416626,0.14010250568389893,0.03871484845876694,-0.05043180286884308,0.013732610270380974,-0.14765194058418274,-0.27880290150642395,-0.14996127784252167,0.028029169887304306,-0.13023294508457184,0.09999646246433258,-0.20558756589889526,-0.05212107673287392,-0.00686031486839056,-0.13403113186359406,-0.2829466760158539,-0.12688866257667542,0.02793937548995018,-0.12211079150438309,0.07700714468955994,-0.2040460705757141,0.034395404160022736,0.02249123901128769,0.03471716493368149,-0.29877564311027527,0.19648109376430511,0.023413926362991333,-0.07389006018638611,0.12716245651245117,0.11025179177522659,0.035332661122083664,0.024000324308872223,0.03499087318778038,-0.2962205410003662,0.17838576436042786,0.024037089198827744,-0.0643787756562233,0.12966537475585938,0.10715378075838089,0.020084470510482788,1.2391277551651,1.1555756330490112,0.1712087243795395,0.07673022150993347,0.10416844487190247,0.03226345777511597,0.14424832165241241,0.1555359810590744,-0.46537870168685913,0.7000407576560974,0.27785319089889526,0.7286285161972046,0.3174206018447876,0.6885424852371216,-0.005414453335106373,0.42458197474479675,0.31992873549461365,0.026167556643486023,0.46351358294487,0.11575343459844589,-0.06293532252311707,0.6840431690216064,0.76446533203125,-0.18957361578941345,0.2343072146177292,0.22104035317897797,4,8824.98828125,11,0.3261648118495941,-0.055093519389629364,0.5757939219474792,0.6813797950744629,0.09533171355724335,0.04376506060361862,0.07358244061470032,-0.02514990046620369,0.07655702531337738,0.091314896941185,-0.40884727239608765,0.38280534744262695,0.13699223101139069,-0.07505948841571808,0.0731215849518776,0.5509867668151855,0.034490954130887985,0.21570542454719543,0.21339084208011627,0.08198988437652588,0.24108146131038666,0.041822902858257294,0.09294839203357697,0.2349560409784317,0.2619824707508087,-0.44635406136512756,0.10964538902044296,0.11069212108850479
0.5370017886161804,-0.038417715579271317,0.9880120754241943,0.47561463713645935,0.15216803550720215,0.0693400651216507,0.04712619259953499,-0.08107583224773407,0.14267225563526154,0.06503607332706451,-0.5583028197288513,0.5919638872146606,0.09671667963266373,0.22024747729301453,0.1584293395280838,0.421069860458374,0.03757695481181145,0.395551472902298,0.11340133100748062,0.015570029616355896,0.3724931478500366,0.02560979500412941,0.047031402587890625,0.4958535134792328,0.12211127579212189,-0.41055014729499817,0.1854742467403412,0.06839489191770554,44,,,,,,,,,,,,,,,,,,,-0.050453998148441315,0.01671506091952324,-0.03573627024888992,-0.5574464201927185,-0.29997676610946655,0.017135780304670334,0.4193076193332672,0.10009206086397171,-0.20178449153900146,-0.05328474938869476,0.023961100727319717,-0.029631055891513824,-0.5692221522331238,-0.26711034774780273,0.016673453152179718,0.4137836694717407,0.09382539242506027,-0.22580814361572266,-0.008257891982793808,0.10221858322620392,0.006258676759898663,-0.4077412188053131,0.12821313738822937,0.04157375544309616,-0.048877689987421036,0.018634701147675514,-0.04771412909030914,-0.01182408258318901,0.09120631963014603,0.003925047814846039,-0.4207748472690582,0.12765593826770782,0.03916744142770767,-0.049097802489995956,0.0007021790370345116,-0.05981570482254028,-0.06404215842485428,-0.07228242605924606,-0.08569983392953873,-0.4602363407611847,-0.24014271795749664,0.021173086017370224,-0.054921407252550125,0.11607039719820023,-0.4390574097633362,-0.0691034272313118,-0.06979412585496902,-0.08942146599292755,-0.46636584401130676,-0.2357209026813507,0.017593897879123688,-0.05835907906293869,0.10670942068099976,-0.4508518576622009,-0.045779209583997726,1.5864473581314087,0.6985615491867065,0.2087307870388031,0.08050467073917389,0.07083792984485626,-0.017492935061454773,0.1985817402601242,0.11774738132953644,-0.5016886591911316,0.8085584044456482,0.18790070712566376,0.5047197937965393,0.2051236927509308,0.4879419505596161,0.035288289189338684,0.5292634963989258,0.2137908786535263,0.11501553654670715,0.4888691008090973,0.07327184826135635,-0.055831700563430786,1.0796730518341064,0.35437634587287903,-0.3029305040836334,0.30041664838790894,0.13803577423095703,4,8555.0390625,14,0.33198750019073486,-0.03981113061308861,0.7001959681510925,0.47561463713645935,0.14356493949890137,0.050994209945201874,0.04712619259953499,-0.08190085738897324,0.0985778197646141,0.06503607332706451,-0.5700170397758484,0.43459352850914,0.09671667963266373,0.2263074815273285,0.12477602809667587,0.421069860458374,0.03353973478078842,0.269843727350235,0.11340133100748062,0.011858463287353516,0.2534094452857971,0.02560979500412941,0.038832999765872955,0.3441796898841858,0.12211127579212189,-0.4077637195587158,0.13425429165363312,0.06839489191770554
0.7957757115364075,-0.010594762861728668,1.2879555225372314,0.7154217958450317,0.2633216381072998,0.10740929841995239,0.09066291898488998,-0.10419494658708572,0.18461650609970093,0.08285293728113174,-0.4188525974750519,0.7444108128547668,0.10594478994607925,0.23891997337341309,0.09990528225898743,0.6316210627555847,0.061655670404434204,0.5491311550140381,0.19880999624729156,-0.0919542908668518,0.5733822584152222,0.03449214994907379,0.07408751547336578,0.6040028929710388,0.1985233575105667,-0.35237234830856323,0.2322697937488556,0.08029848337173462,45,,,,,,,,,,,,,,,,,,,,,,,,,,,,,,,,,,,,,0.012133674696087837,0.32029086351394653,-0.11426539719104767,-0.350403755903244,0.23850686848163605,0.05903589725494385,-0.00015430152416229248,0.09992904961109161,-0.5331728458404541,0.008746007457375526,0.3256163001060486,-0.10826987773180008,-0.36740922927856445,0.22467266023159027,0.060401685535907745,0.0021576732397079468,0.09311361610889435,-0.4993802607059479,-0.0006740542594343424,-0.0068863919004797935,0.013668147847056389,-0.10246562957763672,0.07235974818468094,0.016597645357251167,-0.08848908543586731,0.014957180246710777,-0.07993533462285995,-0.0027272298466414213,-0.014587807469069958,0.013848863542079926,-0.10192432254552841,0.03770947456359863,0.016677899286150932,-0.09106148034334183,0.01454597432166338,-0.06763884425163269,-0.0596352145075798,1.6939915418624878,0.9598807096481323,0.3203345835208893,0.12176864594221115,0.11856422573328018,-0.0280010849237442,0.22889037430286407,0.13842296600341797,-0.4143323004245758,0.8525529503822327,0.21489350497722626,0.2273724526166916,0.12281280010938644,0.7116761207580566,0.04458858072757721,0.6506331562995911,0.30195847153663635,0.033842965960502625,0.6480377316474915,0.07618771493434906,-0.09224775433540344,1.044105052947998,0.4673555791378021,-0.19969984889030457,0.3564102053642273,0.1417243480682373,4,9017.91796875,5,0.4911959767341614,-0.014427903108298779,0.8696721196174622,0.7154217958450317,0.2643541097640991,0.0658537819981575,0.09066291898488998,-0.09359313547611237,0.12003491818904877,0.08285293728113174,-0.42758315801620483,0.5317557454109192,0.10594478994607925,0.22263512015342712,0.06723682582378387,0.6316210627555847,0.05982068553566933,0.35495203733444214,0.19880999624729156,-0.09476403892040253,0.3799192011356354,0.03449214994907379,0.07613466680049896,0.39595067501068115,0.1985233575105667,-0.3233978748321533,0.15229277312755585,0.08029848337173462
0.556094765663147,-0.05321522802114487,0.8565409779548645,0.7258489727973938,0.04780523478984833,0.0444953516125679,0.07056822627782822,-0.028994720429182053,0.1173064187169075,0.09326212853193283,-0.41202670335769653,0.48491787910461426,0.13566361367702484,-0.09075967967510223,0.10334024578332901,0.6132463812828064,0.03523167967796326,0.35751521587371826,0.23143772780895233,-0.10157555341720581,0.3987809121608734,0.05059686675667763,0.07358063012361526,0.399111270904541,0.2325669527053833,-0.5223209857940674,0.1611335575580597,0.09215483069419861,46,-0.020517989993095398,0.09751635789871216,0.05495620518922806,-0.5546175837516785,0.09343414008617401,0.047409553080797195,0.24029484391212463,0.08535996079444885,0.34020891785621643,-0.030922625213861465,0.09458208829164505,0.045019786804914474,-0.5709932446479797,0.09721735119819641,0.03926932066679001,0.23488327860832214,0.07768410444259644,0.32603830099105835,-0.049680013209581375,-0.1405937522649765,0.02788727544248104,-0.2611541748046875,-0.278042733669281,-0.0013840561732649803,-0.11406092345714569,0.08008182048797607,-0.1903577446937561,-0.054766975343227386,-0.1593371331691742,0.011877771466970444,-0.2628881335258484,-0.2563917934894562,-0.014868030324578285,-0.11232680827379227,0.07063344866037369,-0.19303247332572937,0.009596176445484161,0.2290893793106079,-0.1376459151506424,0.2603752911090851,-0.09501972049474716,0.030149120837450027,-0.19137591123580933,0.15105152130126953,-0.48811429738998413,0.012806124985218048,0.24715739488601685,-0.15255770087242126,0.2814716398715973,-0.10353362560272217,0.018251055851578712,-0.2053314745426178,0.1771625280380249,-0.4562126100063324,-0.012926262803375721,-0.04566091671586037,0.0011736437445506454,-0.24536257982254028,-0.0013468973338603973,0.019409827888011932,-0.04853515326976776,0.020969340577721596,-0.14036744832992554,-0.01687532290816307,-0.05562294274568558,-0.00018430716590955853,-0.24974502623081207,-0.027372166514396667,0.018847383558750153,-0.0486079677939415,0.01883450150489807,-0.22168317437171936,-0.08084902167320251,1.638355016708374,0.8644654154777527,0.14894047379493713,0.05658428743481636,0.09570656716823578,0.005792750045657158,0.1809859573841095,0.12403225898742676,-0.49161297082901,0.7980624437332153,0.2085145115852356,0.3844696283340454,0.14371730387210846,0.6488271951675415,0.030558479949831963,0.5306689739227295,0.2892100214958191,0.08382841944694519,0.5555192232131958,0.07883109897375107,-0.1437378078699112,1.1400178670883179,0.38783901929855347,-0.33527228236198425,0.3175522983074188,0.13426044583320618,4,7068.3876953125,9,0.362042099237442,-0.0611288920044899,0.624252438545227,0.7258489727973938,0.01937766559422016,0.03228592872619629,0.07056822627782822,-0.03446965664625168,0.08226368576288223,0.09326212853193283,-0.42351627349853516,0.37312909960746765,0.13566361367702484,-0.07961072027683258,0.08447545766830444,0.6132463812828064,0.01771669276058674,0.2519933879375458,0.23143772780895233,-0.09930752217769623,0.28189536929130554,0.05059686675667763,0.06438864767551422,0.2800414264202118,0.2325669527053833,-0.5226677060127258,0.11887461692094803,0.09215483069419861
0.8078199028968811,-0.06233514845371246,1.335365653038025,0.570464015007019,0.2977968454360962,0.09087730944156647,0.05907517671585083,-0.0924387201666832,0.1622571498155594,0.09134220331907272,-0.43812060356140137,0.9102267026901245,0.1654248833656311,0.2853541374206543,0.08928155899047852,0.42460858821868896,0.04396276921033859,0.505271852016449,0.19607457518577576,0.004539772868156433,0.5432197451591492,0.0394856333732605,0.058356545865535736,0.5513074398040771,0.24375133216381073,-0.2502160966396332,0.24042578041553497,0.08074014633893967,47,,,,,,,,,,,,,,,,,,,-0.06723738461732864,-0.02731093391776085,-0.015394052490592003,-0.3442453444004059,-0.0028009451925754547,0.00415559858083725,-0.002174846827983856,0.02018767036497593,-0.2572444975376129,-0.06607965379953384,-0.020459720864892006,-0.013604002073407173,-0.3428722023963928,0.023552246391773224,0.0024831807240843773,-0.0026066377758979797,0.018686678260564804,-0.2508426308631897,-0.024538543075323105,0.3827109932899475,-0.17504867911338806,-0.500895619392395,0.31835314631462097,0.06063687056303024,0.1237211525440216,0.08190396428108215,0.11315673589706421,-0.04376444220542908,0.33885443210601807,-0.19400915503501892,-0.5104862451553345,0.21127277612686157,0.04589278995990753,0.12327035516500473,0.05643315613269806,0.07485741376876831,-0.028992043808102608,-0.005135116167366505,0.015062658116221428,-0.24695762991905212,0.047865889966487885,0.008490638807415962,-0.23756453394889832,0.041248880326747894,-0.019926734268665314,-0.031583208590745926,-0.003626430407166481,0.012263579294085503,-0.24816961586475372,0.03498989716172218,0.00458104582503438,-0.23891335725784302,0.0344829261302948,-0.009178578853607178,-0.10393300652503967,2.1856744289398193,0.918256938457489,0.3306431770324707,0.11233966797590256,0.11501185595989227,-0.029362093657255173,0.2539011836051941,0.16622604429721832,-0.4176180362701416,1.1976617574691772,0.28122854232788086,0.5975790023803711,0.17538782954216003,0.5021116137504578,0.03132128342986107,0.6713863611221313,0.3270164132118225,0.11430689692497253,0.6734516620635986,0.09116838127374649,-0.13300786912441254,1.4675118923187256,0.5671491026878357,-0.34410807490348816,0.4207671284675598,0.1849917322397232,4,8237.1796875,8,0.5283130407333374,-0.07091394066810608,0.9877716302871704,0.570464015007019,0.28792840242385864,0.06607521325349808,0.05907517671585083,-0.10347899049520493,0.11771322786808014,0.09134220331907272,-0.4449911117553711,0.6832181215286255,0.1654248833656311,0.22867384552955627,0.06922896206378937,0.42460858821868896,0.0343485064804554,0.36877933144569397,0.19607457518577576,0.006558157503604889,0.39300721883773804,0.0394856333732605,0.0464860200881958,0.4037502408027649,0.24375133216381073,-0.2448151409626007,0.1800657957792282,0.08074014633893967
0.6533794403076172,-0.0334913544356823,1.1591471433639526,0.7754579782485962,0.275179922580719,0.06725455075502396,0.08397263288497925,-0.048570044338703156,0.1491169035434723,0.09825904667377472,-0.3553173243999481,0.7780335545539856,0.15940362215042114,0.13512036204338074,0.14185084402561188,0.6497149467468262,0.0396304614841938,0.45457616448402405,0.19413220882415771,-0.05935999006032944,0.43761178851127625,0.034131571650505066,0.028727252036333084,0.5088509321212769,0.29252251982688904,-0.29823797941207886,0.18528945744037628,0.11255192011594772,48,-0.00949990563094616,-0.003309826599434018,-0.03279854729771614,-0.17789360880851746,-0.04785000532865524,0.008992438204586506,-0.0001650489866733551,0.040105558931827545,-0.20873364806175232,-0.0111750653013587,-0.004394537769258022,-0.03426078334450722,-0.18299540877342224,-0.05237913131713867,0.006704503670334816,0.0004436671733856201,0.041335560381412506,-0.23280233144760132,-0.005289943888783455,0.035806313157081604,0.07465357333421707,-0.17939706146717072,0.0023913050536066294,0.030592281371355057,0.22946961224079132,0.038531020283699036,-0.17256087064743042,-0.008511189371347427,0.04213227331638336,0.07385031133890152,-0.18340760469436646,0.014681220054626465,0.024186991155147552,0.2259441614151001,0.032167330384254456,-0.17024089395999908,-0.03976403921842575,0.3657749891281128,-0.030434083193540573,-0.36132484674453735,0.19141024351119995,0.029940951615571976,0.09846243262290955,-0.04001697152853012,-0.24324345588684082,-0.04249776899814606,0.34867995977401733,-0.0073263803496956825,-0.36544302105903625,0.1651260405778885,0.033693987876176834,0.10366754233837128,-0.03476133197546005,-0.24243897199630737,-0.017104828730225563,-0.10480087995529175,0.03320992738008499,-0.25931018590927124,-0.08702856302261353,0.025480397045612335,-0.020524946972727776,0.03171953186392784,-0.008255153894424438,-0.01847264915704727,-0.0899813175201416,0.02900964394211769,-0.2648770809173584,-0.06265582889318466,0.02421148121356964,-0.020359765738248825,0.026921316981315613,-0.001685597002506256,-0.06856679916381836,2.0869977474212646,1.1230416297912598,0.27214962244033813,0.08566316962242126,0.1456845998764038,0.05068177357316017,0.2390330731868744,0.1844549924135208,-0.42550593614578247,1.1069860458374023,0.2817848026752472,0.3674060106277466,0.18655788898468018,0.834406316280365,0.0009108018130064011,0.6589909791946411,0.3245247006416321,0.05675101280212402,0.6100897192955017,0.07931835949420929,-0.11242704093456268,1.4330028295516968,0.5282899737358093,-0.10484717786312103,0.41338440775871277,0.19909928739070892,4,8189.4111328125,8,0.40538501739501953,-0.03782438859343529,0.8355585932731628,0.7754579782485962,0.2500136196613312,0.04768816754221916,0.08397263288497925,-0.03438273072242737,0.10491533577442169,0.09825904667377472,-0.36062827706336975,0.5720604658126831,0.15940362215042114,0.11490680277347565,0.1078750491142273,0.6497149467468262,0.03674915432929993,0.31896063685417175,0.19413220882415771,-0.05751801282167435,0.30385440587997437,0.034131571650505066,0.02320973202586174,0.36575981974601746,0.29252251982688904,-0.2958660423755646,0.13469573855400085,0.11255192011594772
0.7887278199195862,-0.06597617268562317,1.3750791549682617,0.4240451455116272,0.20270991325378418,0.08363837003707886,0.04596572369337082,-0.01885819621384144,0.1643942892551422,0.0657360777258873,-0.4442960023880005,0.9214205145835876,0.10111451148986816,0.09725488722324371,0.13151605427265167,0.3041154742240906,0.02972923219203949,0.49526965618133545,0.17652668058872223,0.10446436703205109,0.548618733882904,0.03386082872748375,0.05661625415086746,0.6124369502067566,0.17758965492248535,-0.5633965134620667,0.2629752457141876,0.08260461688041687,49,0.02784842438995838,-0.06260238587856293,0.03303413838148117,-0.013811014592647552,-0.2820104956626892,0.03653483837842941,-0.023742033168673515,0.1520095020532608,0.0027780532836914062,0.014979487285017967,-0.07908275723457336,0.01894061267375946,-0.035894107073545456,-0.3339706361293793,0.03144615516066551,-0.02560533583164215,0.14290636777877808,-0.0038786381483078003,-0.07610215991735458,0.08838224411010742,0.03069411590695381,-0.49819397926330566,-0.37393778562545776,0.008186368271708488,0.2914201319217682,0.046762365847826004,-0.39841002225875854,-0.08302681893110275,0.08174833655357361,0.023939169943332672,-0.49870526790618896,-0.40377044677734375,-0.0008041579276323318,0.28375497460365295,0.041955895721912384,-0.4068097770214081,-0.06859172880649567,0.22289592027664185,-0.1035899668931961,-0.4647740125656128,0.01697637140750885,0.044137947261333466,0.0011566020548343658,0.11278840899467468,-0.6022310256958008,-0.08271781355142593,0.21124869585037231,-0.11338348686695099,-0.47249916195869446,-0.030728258192539215,0.03228825703263283,-0.0014280881732702255,0.10326234996318817,-0.6059274077415466,,,,,,,,,,,,,,,,,,,-0.09921673685312271,2.357532501220703,0.6996012926101685,0.2308841049671173,0.1077413558959961,0.09231510013341904,0.01193469949066639,0.25860312581062317,0.1183166578412056,-0.49227938055992126,1.258322834968567,0.18478143215179443,0.33788540959358215,0.21450817584991455,0.39373794198036194,0.01057479903101921,0.6932938694953918,0.26437056064605713,0.19476895034313202,0.7327156662940979,0.07596366107463837,-0.10429529845714569,1.6216782331466675,0.4272051751613617,-0.3317781686782837,0.45024046301841736,0.1399313062429428,4,7835.7216796875,10,0.4976915419101715,-0.07576192915439606,0.9715093970298767,0.4240451455116272,0.19442665576934814,0.05983041971921921,0.04596572369337082,-0.030600138008594513,0.11326738446950912,0.0657360777258873,-0.4505593776702881,0.6646465063095093,0.10111451148986816,0.042758502066135406,0.09713718295097351,0.3041154742240906,0.01905956119298935,0.34280848503112793,0.17652668058872223,0.10359862446784973,0.38151127099990845,0.03386082872748375,0.04948560893535614,0.42190414667129517,0.17758965492248535,-0.5617268085479736,0.18750756978988647,0.08260461688041687
0.8727560043334961,-0.010574731975793839,1.5243687629699707,0.6499964594841003,0.1185494139790535,0.11459509283304214,0.0514334961771965,-0.04412589222192764,0.18908213078975677,0.0753919705748558,-0.20027479529380798,1.0627144575119019,0.11031410098075867,0.13276323676109314,0.10899785161018372,0.5534528493881226,0.038922909647226334,0.5345332026481628,0.20679287612438202,-0.043371278792619705,0.5891603827476501,0.044364865869283676,0.0730191171169281,0.6321762800216675,0.21164658665657043,-0.32121843099594116,0.3179483711719513,0.07849147170782089,50,-0.04514141380786896,0.1004212275147438,-0.05588269978761673,-0.3651425540447235,-0.07786010205745697,0.0018298206850886345,0.029293257743120193,0.00811718124896288,-0.3224928379058838,-0.048761941492557526,0.0914992243051529,-0.06419970840215683,-0.3750811815261841,-0.07088566571474075,-0.007353858556598425,0.03010067529976368,0.003263775259256363,-0.3243575096130371,-0.08147598057985306,-0.06605543941259384,-0.035273902118206024,-0.5678850412368774,-0.3278033137321472,-0.007412102073431015,0.2626509666442871,0.05600079149007797,-0.34892064332962036,-0.08505607396364212,-0.05721700191497803,-0.03592011332511902,-0.5709080696105957,-0.2675582766532898,-0.015373745933175087,0.25344568490982056,0.05095621198415756,-0.36358413100242615,0.012647360563278198,0.07978580892086029,-0.07477622479200363,-0.29696962237358093,0.2056918740272522,0.10374443233013153,-0.08795958757400513,0.1929333209991455,-0.34605222940444946,0.010482978075742722,0.04754025489091873,-0.07616637647151947,-0.30144691467285156,0.24560093879699707,0.0942264050245285,-0.08537817001342773,0.17957916855812073,-0.3358256220817566,,,,,,,,,,,,,,,,,,,-0.045244671404361725,2.1470441818237305,0.8013420104980469,0.16799944639205933,0.11998137086629868,0.07207471877336502,-0.03739550709724426,0.2341834306716919,0.10455172508955002,-0.383078932762146,1.375319004058838,0.15652714669704437,0.3351137638092041,0.16714414954185486,0.6603988409042358,-0.0005823615938425064,0.6935483813285828,0.24786004424095154,0.006632298231124878,0.7785955667495728,0.06235708296298981,-0.04371097683906555,1.1562196016311646,0.2978617548942566,-0.382124662399292,0.4439121186733246,0.10654229670763016,4,7527.55029296875,9,0.5549553036689758,-0.011638399213552475,1.1248940229415894,0.6499964594841003,0.09053471684455872,0.08607453107833862,0.0514334961771965,-0.045121558010578156,0.1334000676870346,0.0753919705748558,-0.20678676664829254,0.8056230545043945,0.11031410098075867,0.17508532106876373,0.07646084576845169,0.5534528493881226,0.030358532443642616,0.3779354393482208,0.20679287612438202,-0.04475552961230278,0.4171934425830841,0.044364865869283676,0.06894689798355103,0.4590263366699219,0.21164658665657043,-0.30391931533813477,0.24024276435375214,0.07849147170782089
0.6500799655914307,-0.08511576801538467,1.2089672088623047,0.4373932182788849,0.1613195538520813,0.09259892255067825,0.05146650969982147,-0.0012050274526700377,0.1538320928812027,0.08410324156284332,-0.42882150411605835,0.8223969340324402,0.16731613874435425,0.1369810402393341,0.227996826171875,0.13364474475383759,0.04249691590666771,0.45375627279281616,0.22510850429534912,-0.02242494374513626,0.44642749428749084,0.04157675430178642,0.08479959517717361,0.5049926042556763,0.2722846269607544,-0.33622416853904724,0.2020740658044815,0.0958835706114769,51,0.0004075244069099426,0.0772009938955307,0.02729198709130287,-0.35914844274520874,-0.021343346685171127,0.029917560517787933,-0.014424419030547142,0.07851305603981018,0.3828312158584595,-0.006331149488687515,0.07757198810577393,0.026887819170951843,-0.3662094175815582,-0.010788872838020325,0.025882000103592873,-0.0148472860455513,0.07106749713420868,0.37640923261642456,-0.06451781094074249,-0.0044331918470561504,0.09150359034538269,-0.4136808514595032,-0.48624372482299805,0.03304975479841232,0.44549760222435,0.0751124694943428,-0.10023824125528336,-0.051366277039051056,0.029776638373732567,0.11046180129051208,-0.4148283898830414,-0.4312349855899811,0.03675206005573273,0.44161128997802734,0.07214996963739395,-0.0813252255320549,-0.04918661341071129,0.10106127709150314,0.02550521492958069,-0.3809644877910614,0.14249873161315918,0.043983280658721924,-0.034103795886039734,-0.01815686747431755,-0.4101315140724182,-0.06713862717151642,0.05047682672739029,0.01173747330904007,-0.3900615870952606,0.07699871808290482,0.03742280229926109,-0.032937031239271164,-0.03454272076487541,-0.411906361579895,-0.03182709962129593,-0.006236017681658268,-0.11258980631828308,-0.1499687135219574,-0.2171757072210312,-0.01457623578608036,-0.16731950640678406,0.04844968765974045,-0.11561323702335358,-0.03689976781606674,-0.008528510108590126,-0.12550556659698486,-0.15219396352767944,-0.20739653706550598,-0.022955194115638733,-0.16358932852745056,0.04576119780540466,-0.1524260938167572,-0.16260603070259094,1.7229888439178467,0.8357322812080383,0.19954097270965576,0.09931666404008865,0.09847105294466019,0.008398627862334251,0.2081308364868164,0.16222020983695984,-0.4667781889438629,0.9510478377342224,0.29927894473075867,0.2519913911819458,0.23429511487483978,0.1957845687866211,0.02394184283912182,0.5722098350524902,0.35721027851104736,0.10864058136940002,0.5432546138763428,0.09901472926139832,-0.16846917569637299,1.1141711473464966,0.6035513877868652,-0.22765541076660156,0.30363619327545166,0.18127235770225525,4,6409.62548828125,9,0.4292760193347931,-0.0973362848162651,0.9056366086006165,0.4373932182788849,0.1256680190563202,0.07160864025354385,0.05146650969982147,-0.009568935260176659,0.11331699043512344,0.08410324156284332,-0.43630748987197876,0.6236035823822021,0.16731613874435425,0.09724415093660355,0.18237565457820892,0.13364474475383759,0.03510052338242531,0.33098021149635315,0.22510850429534912,-0.02101583406329155,0.3253619968891144,0.04157675430178642,0.06879143416881561,0.3747120499610901,0.2722846269607544,-0.3432171642780304,0.15572242438793182,0.0958835706114769
0.6716564893722534,-0.021514076739549637,1.1852272748947144,0.6804044842720032,0.0777222141623497,0.07241558283567429,0.08656185865402222,0.0025164077524095774,0.17227959632873535,0.09641916304826736,-0.35525357723236084,0.7600187063217163,0.1611362099647522,0.2539058327674866,0.2832438051700592,0.43424490094184875,0.0286310575902462,0.4278717041015625,0.2100747674703598,-0.1816883385181427,0.443732351064682,0.03692123293876648,0.01625547930598259,0.542851448059082,0.4106251895427704,-0.3449968695640564,0.19319431483745575,0.13236123323440552,52,-0.02874765545129776,-0.10857182741165161,-0.02572929859161377,-0.3426322340965271,0.24356523156166077,0.03288207948207855,0.05415515601634979,-0.008564503863453865,-0.48857641220092773,-0.028642406687140465,-0.0828416645526886,-0.010858092457056046,-0.3537101447582245,0.23244906961917877,0.033439673483371735,0.048456743359565735,-0.0034008044749498367,-0.4771060645580292,0.022242862731218338,-0.10566812753677368,0.0817485898733139,-0.33744218945503235,0.14557163417339325,-0.049531228840351105,0.2573694586753845,0.05908147990703583,-0.17393234372138977,0.08302484452724457,0.13558852672576904,0.1566523015499115,-0.3193672001361847,0.234516441822052,-0.013855218887329102,0.2573646903038025,0.11253917217254639,-0.025239452719688416,-0.045049235224723816,0.1408557891845703,-0.15637271106243134,-0.21476484835147858,-0.19200310111045837,0.034093402326107025,-0.2190365195274353,0.0011259601451456547,-0.4325557351112366,-0.046805284917354584,0.14231233298778534,-0.14920476078987122,-0.2163851410150528,-0.2311002016067505,0.04269033670425415,-0.21825096011161804,0.0037065602373331785,-0.4194977879524231,-0.024225451052188873,0.6069551110267639,0.14378127455711365,-0.35639989376068115,0.41729381680488586,0.07624611258506775,0.00912611186504364,-0.16519583761692047,-0.21334733068943024,-0.033635031431913376,0.5967007279396057,0.13002988696098328,-0.36090922355651855,0.43503665924072266,0.07334084063768387,0.010082043707370758,-0.176443949341774,-0.25808125734329224,-0.09379208087921143,1.492069959640503,1.1936262845993042,0.1561684012413025,0.07836523652076721,0.17868119478225708,0.03749871626496315,0.19781915843486786,0.22291527688503265,-0.4576764702796936,0.8910143971443176,0.38316336274147034,0.39105501770973206,0.3028346300125122,0.49038612842559814,0.014519068412482738,0.4844001829624176,0.3950076401233673,0.007423296570777893,0.5090374946594238,0.1217065304517746,-0.10421869903802872,0.8519101142883301,0.8426228165626526,-0.01496555283665657,0.27544552087783813,0.2738177180290222,4,9121.0419921875,8,0.40702974796295166,-0.015597138553857803,0.8244122266769409,0.6804044842720032,0.09596125781536102,0.054231833666563034,0.08656185865402222,0.02455003559589386,0.1231907308101654,0.09641916304826736,-0.3552786111831665,0.5290769934654236,0.1611362099647522,0.276713490486145,0.19897189736366272,0.43424490094184875,0.029942387714982033,0.3006480634212494,0.2100747674703598,-0.17169970273971558,0.30324581265449524,0.03692123293876648,0.01680801808834076,0.37468835711479187,0.4106251895427704,-0.3082214891910553,0.13887959718704224,0.13236123323440552
0.6848333477973938,-0.06409291923046112,1.1302791833877563,0.45315906405448914,0.13035553693771362,0.06774287670850754,0.06342332065105438,0.019814593717455864,0.1539047658443451,0.0818464457988739,-0.47670474648475647,0.6769936084747314,0.16809038817882538,0.39656829833984375,0.08507050573825836,0.27421891689300537,0.04317813366651535,0.4389479160308838,0.2010473906993866,-0.09696266800165176,0.4772171676158905,0.038087110966444016,0.1259593814611435,0.5735454559326172,0.204073965549469,-0.33491501212120056,0.18528927862644196,0.08754725754261017,53,,,,,,,,,,,,,,,,,,,0.10042859613895416,0.0057398732751607895,0.13029108941555023,-0.30369946360588074,0.6533514857292175,0.08942530304193497,0.3293007016181946,0.31183844804763794,-0.16810715198516846,0.08828935027122498,0.006821250542998314,0.13265185058116913,-0.31957703828811646,0.6712280511856079,0.08270695805549622,0.3238275349140167,0.29661625623703003,-0.18859976530075073,-0.08326152712106705,0.18153923749923706,-0.09535327553749084,-0.548996090888977,-0.050151705741882324,0.03500692546367645,-0.11179511994123459,0.06281181424856186,-0.04989737272262573,-0.10247625410556793,0.13628584146499634,-0.11613596975803375,-0.5657148361206055,-0.15292087197303772,0.02630211040377617,-0.10945546627044678,0.060966551303863525,-0.07129962742328644,-0.04196300357580185,0.0007867272943258286,0.016285408288240433,-0.2904755473136902,-0.08851660043001175,0.01594565063714981,-0.21205873787403107,0.07457185536623001,-0.42971935868263245,-0.042075932025909424,-0.005164932459592819,0.011209817603230476,-0.28463706374168396,-0.11492598056793213,0.01378483697772026,-0.20967543125152588,0.07170679420232773,-0.4173389971256256,-0.0632447600364685,1.4567689895629883,0.6386662721633911,0.16385570168495178,0.07412317395210266,0.08217152953147888,0.01751791313290596,0.1848985105752945,0.12157163769006729,-0.4876551628112793,0.770539402961731,0.2273128479719162,0.48145002126693726,0.09732148796319962,0.31226846575737,0.03295062482357025,0.5188612937927246,0.258810430765152,0.022349625825881958,0.5435367822647095,0.05598342791199684,0.04799859970808029,0.919089674949646,0.3842453062534332,-0.3122897446155548,0.26441773772239685,0.1393507421016693,4,8556.2783203125,10,0.4454340934753418,-0.08298364281654358,0.8088041543960571,0.45315906405448914,0.07529901713132858,0.04772548750042915,0.06342332065105438,0.003978409804403782,0.10729359090328217,0.0818464457988739,-0.49087122082710266,0.5009844899177551,0.16809038817882538,0.27910852432250977,0.05939406901597977,0.27421891689300537,0.03376523405313492,0.30752894282341003,0.2010473906993866,-0.09878662973642349,0.3350732624530792,0.038087110966444016,0.11691659688949585,0.400888055562973,0.204073965549469,-0.3612818717956543,0.13528499007225037,0.08754725754261017
0.4191756844520569,-0.09354418516159058,0.745739221572876,0.43971192836761475,0.18401135504245758,0.048542559146881104,0.06779472529888153,-0.01261597964912653,0.09011589735746384,0.08699195832014084,-0.6319141983985901,0.46345391869544983,0.13249030709266663,-0.2562751770019531,0.05038217455148697,0.18904022872447968,0.026758741587400436,0.2933615744113922,0.214422807097435,0.08108316361904144,0.3127093017101288,0.03733505308628082,0.11132526397705078,0.34873947501182556,0.27618440985679626,-0.33412808179855347,0.15117710828781128,0.06514696776866913,54,-0.09993689507246017,0.10565315186977386,0.007488657254725695,-0.630084753036499,-0.04111998528242111,0.037286482751369476,-0.009705306962132454,0.008270389400422573,-0.24095559120178223,-0.10408657789230347,0.09301616996526718,-0.014730703085660934,-0.6357632875442505,-0.03959806263446808,0.028213270008563995,-0.015235569328069687,0.006122052203863859,-0.24316556751728058,0.0161630529910326,-0.008066434413194656,-0.02527749352157116,-0.3510429859161377,-0.4254463016986847,-0.01539598684757948,0.2088671773672104,0.24240966141223907,0.08801817893981934,0.014381082728505135,-0.013170793652534485,-0.03375780209898949,-0.35986071825027466,-0.3790327310562134,-0.01953735575079918,0.20597919821739197,0.24172766506671906,0.0753982663154602,-0.0033444631844758987,0.09027354419231415,0.12558682262897491,-0.3274424970149994,0.13196219503879547,0.12901800870895386,0.1347285360097885,0.0940311998128891,-0.215251624584198,-0.05332290008664131,0.012700318358838558,0.06315471231937408,-0.35339224338531494,-0.14990071952342987,0.07864178717136383,0.11780233681201935,0.037264324724674225,-0.2008710503578186,,,,,,,,,,,,,,,,,,,-0.08088409900665283,1.276999831199646,0.5617625117301941,0.21614333987236023,0.05790632218122482,0.09165847301483154,0.023110080510377884,0.14030975103378296,0.11647377908229828,-0.5733534693717957,0.6514999270439148,0.1783706694841385,0.5936360359191895,0.13315704464912415,0.255066454410553,-0.01778736338019371,0.4031362235546112,0.25911369919776917,0.1527545303106308,0.41813716292381287,0.05582896247506142,-0.036939650774002075,0.8667314052581787,0.3434184789657593,-0.14805641770362854,0.27735304832458496,0.09242089837789536,4,7805.17529296875,12,0.2811782956123352,-0.1113460436463356,0.5416797995567322,0.43971192836761475,0.159111887216568,0.03526284545660019,0.06779472529888153,-0.036019209772348404,0.06374215334653854,0.08699195832014084,-0.6426289081573486,0.3512903153896332,0.13249030709266663,-0.3171072006225586,0.0410698764026165,0.18904022872447968,0.012040350586175919,0.2073274552822113,0.214422807097435,0.07370474934577942,0.22047649323940277,0.03733505308628082,0.10597045719623566,0.24319198727607727,0.27618440985679626,-0.358646422624588,0.11082396656274796,0.06514696776866913
0.7408332824707031,-0.06925090402364731,1.1642568111419678,1.050947666168213,0.16465473175048828,0.08369822800159454,0.10382641851902008,0.006282598711550236,0.14812946319580078,0.1404653787612915,-0.5166112184524536,0.7893243432044983,0.2369433343410492,0.015804272145032883,0.07052425295114517,0.31326261162757874,0.03609861433506012,0.4602928161621094,0.301834374666214,0.07367940992116928,0.5054891109466553,0.05168090760707855,0.026912258937954903,0.4229733347892761,0.8930509090423584,-0.18515470623970032,0.22857016324996948,0.16849353909492493,55,-0.026066763326525688,0.001329832710325718,0.017382686957716942,-0.17532306909561157,0.025131255388259888,0.010716406628489494,-0.09986652433872223,-0.004765873309224844,-0.18654191493988037,-0.029490284621715546,0.0015116184949874878,0.0055368621833622456,-0.1907021403312683,0.013620847836136818,0.012701014056801796,-0.09141770750284195,-0.005411370657384396,-0.2018127292394638,-0.05382408946752548,0.0062624686397612095,0.028398752212524414,-0.48901858925819397,0.02357420325279236,0.014254258945584297,0.39992523193359375,0.01683945581316948,0.0534675270318985,-0.06154505908489227,0.003948967903852463,0.023415684700012207,-0.49496614933013916,0.010099707171320915,0.008298385888338089,0.3915017545223236,0.018495462834835052,0.004509240388870239,-0.08066821098327637,0.04669483006000519,0.0006120424950495362,-0.6159321069717407,-0.12207949161529541,-0.003179190680384636,0.11637958884239197,0.030173569917678833,-0.3038741946220398,-0.09467510133981705,0.006777122616767883,-0.03813057392835617,-0.6341870427131653,-0.1436150074005127,-0.026259856298565865,0.11428177356719971,0.011970797553658485,-0.3080672323703766,,,,,,,,,,,,,,,,,,,-0.06311173737049103,1.6999059915542603,1.4323809146881104,0.23855704069137573,0.09781971573829651,0.1641262024641037,0.040441855788230896,0.20460303127765656,0.23295946419239044,-0.47796475887298584,0.9863258004188538,0.3633762300014496,-0.40578919649124146,0.13059601187705994,0.39063316583633423,0.023409482091665268,0.585520327091217,0.4546772539615631,0.13851702213287354,0.6190879344940186,0.10333988070487976,0.036335188895463943,0.9968392848968506,1.1828482151031494,-0.2686021029949188,0.35855692625045776,0.2633073627948761,4,7401.990234375,5,0.4792708456516266,-0.0812285915017128,0.8450525999069214,1.050947666168213,0.12179538607597351,0.059735413640737534,0.10382641851902008,-0.018940750509500504,0.1033901646733284,0.1404653787612915,-0.5312046408653259,0.6004139184951782,0.2369433343410492,-0.04802573099732399,0.05229823291301727,0.31326261162757874,0.017387855798006058,0.32839518785476685,0.301834374666214,0.059744901955127716,0.35254350304603577,0.05168090760707855,0.02547161653637886,0.27588120102882385,0.8930509090423584,-0.18844778835773468,0.16847355663776398,0.16849353909492493
0.5652300715446472,-0.05834081023931503,0.8778076171875,0.7724258303642273,0.15756051242351532,0.04467185586690903,0.06670432537794113,-0.09222082793712616,0.11457221955060959,0.09012924134731293,-0.40256279706954956,0.5918328762054443,0.14264371991157532,0.056992605328559875,0.061388153582811356,0.6540892124176025,0.04228972643613815,0.3313862383365631,0.21802866458892822,-0.1607896089553833,0.3711332678794861,0.04298674315214157,0.011464356444776058,0.3576482832431793,0.2738319933414459,-0.5203135013580322,0.1609974205493927,0.10733465850353241,56,-0.017342761158943176,0.003028654959052801,-0.06131694093346596,-0.20228540897369385,0.011370174586772919,0.006674507632851601,-0.2254028469324112,0.0028060143813490868,0.2572261393070221,-0.018905119970440865,0.0010073985904455185,-0.07111544907093048,-0.20486247539520264,0.005319725722074509,0.005542284809052944,-0.22325119376182556,0.0005609113723039627,0.25036683678627014,-0.03308599069714546,-0.03623632714152336,0.028160322457551956,-0.10546931624412537,-0.16025474667549133,0.0025975587777793407,-0.161117285490036,0.04308890551328659,-0.32634586095809937,-0.03180757164955139,-0.0342940017580986,0.025754109025001526,-0.10717074573040009,-0.1380472332239151,0.001260725548490882,-0.16222675144672394,0.03809747099876404,-0.32034289836883545,-0.02000136859714985,0.22281968593597412,-0.15898850560188293,-0.4587061107158661,0.15479734539985657,0.057358741760253906,0.0364161916077137,0.09995617717504501,-0.46009865403175354,-0.02268710359930992,0.20986051857471466,-0.16083893179893494,-0.4671038091182709,0.16442087292671204,0.0560961589217186,0.03581664711236954,0.08761696517467499,-0.42498576641082764,-0.022372474893927574,-0.0073950765654444695,0.005253848619759083,-0.23107348382472992,-0.032821208238601685,0.00972348265349865,-0.21459248661994934,0.03149998188018799,-0.18602678179740906,-0.02252533659338951,-0.0003733453340828419,0.0070737325586378574,-0.2300819456577301,-0.034738607704639435,0.009181166999042034,-0.21071745455265045,0.0333266444504261,-0.1967865228652954,-0.07552097737789154,1.7223047018051147,0.9565752148628235,0.222535640001297,0.06221563369035721,0.09128925949335098,-0.008916137740015984,0.18914474546909332,0.12923657894134521,-0.42435017228126526,0.9160001873970032,0.2011251002550125,0.6211371421813965,0.11906278133392334,0.7666922807693481,0.013014819473028183,0.5263513326644897,0.27755895256996155,-0.0961531400680542,0.5671114325523376,0.07215728610754013,-0.15695112943649292,1.1534770727157593,0.39890575408935547,-0.548680305480957,0.3798471689224243,0.14269012212753296,4,8252.326171875,16,0.35174140334129333,-0.05664805322885513,0.6210200786590576,0.7724258303642273,0.15136492252349854,0.03134675696492195,0.06670432537794113,-0.09409801661968231,0.07859291136264801,0.09012924134731293,-0.4060366749763489,0.4303286671638489,0.14264371991157532,0.09315796196460724,0.045724332332611084,0.6540892124176025,0.03917378932237625,0.2287631779909134,0.21802866458892822,-0.16116319596767426,0.2563171684741974,0.04298674315214157,0.01733345538377762,0.24598750472068787,0.2738319933414459,-0.49878358840942383,0.11265894025564194,0.10733465850353241
0.7411822080612183,-0.026089156046509743,1.3051929473876953,0.6774736046791077,0.08802388608455658,0.06784241646528244,0.07512622326612473,-0.04990687221288681,0.16151341795921326,0.09070131182670593,-0.39255210757255554,0.8447469472885132,0.16925133764743805,0.43013179302215576,0.09434186667203903,0.5062443017959595,0.013511662371456623,0.4939296543598175,0.23701582849025726,0.0997234508395195,0.552445650100708,0.049553241580724716,0.07709342241287231,0.5955990552902222,0.29779645800590515,-0.21241621673107147,0.21550136804580688,0.11338285356760025,57,-0.07305459678173065,0.015850074589252472,0.0042659929022192955,-0.4614890515804291,-0.0616891048848629,0.012807823717594147,0.029474254697561264,-0.008576449006795883,-0.397213876247406,-0.07751917093992233,0.013752155005931854,-0.0011317104799672961,-0.4724719822406769,-0.06588006764650345,0.01014083344489336,0.028772246092557907,-0.010150125250220299,-0.39586353302001953,0.02519657462835312,0.15471617877483368,0.12174049019813538,-0.36590391397476196,0.7064599990844727,0.018307767808437347,0.09007039666175842,0.08229413628578186,-0.14319536089897156,-0.0025988370180130005,0.08795300126075745,0.09794947504997253,-0.3757389187812805,0.5310328602790833,0.004338887054473162,0.08132193982601166,0.06826185435056686,-0.1787811666727066,-0.03662697970867157,0.08235502988100052,-0.11740459501743317,-0.18547022342681885,-0.12889361381530762,0.010730491951107979,-0.09511777758598328,0.04452138766646385,0.03954875469207764,-0.043669603765010834,0.06630201637744904,-0.115230992436409,-0.1904168725013733,-0.13662990927696228,0.006413450464606285,-0.09393071383237839,0.03313037008047104,0.03583233058452606,,,,,,,,,,,,,,,,,,,-0.09002150595188141,1.8034216165542603,0.9501469731330872,0.06643012166023254,0.0773930773139,0.1137295663356781,-0.002674827817827463,0.21273529529571533,0.14988180994987488,-0.4192013442516327,1.0272877216339111,0.2581668496131897,0.26092177629470825,0.11918698996305466,0.6012008190155029,-0.015316887758672237,0.5966737866401672,0.3400985300540924,0.15954704582691193,0.647996723651886,0.10221637785434723,-0.09594468027353287,1.1141841411590576,0.534339427947998,-0.22437024116516113,0.3379826843738556,0.16629432141780853,4,7586.6572265625,8,0.5053364038467407,-0.04024802893400192,1.0124764442443848,0.6774736046791077,0.055700112134218216,0.04874206706881523,0.07512622326612473,-0.053849752992391586,0.12207713723182678,0.09070131182670593,-0.39770182967185974,0.6672635674476624,0.16925133764743805,0.32837027311325073,0.061579629778862,0.5062443017959595,0.0046706367284059525,0.3818482756614685,0.23701582849025726,0.09950771927833557,0.42058828473091125,0.049553241580724716,0.07148418575525284,0.4551570415496826,0.29779645800590515,-0.24491378664970398,0.1700783520936966,0.11338285356760025
0.7192163467407227,-0.08599080890417099,1.2796381711959839,0.5898397564888,0.27442145347595215,0.07528024166822433,0.06978151947259903,-0.048133354634046555,0.13938359916210175,0.08551473915576935,-0.4286663234233856,0.904447615146637,0.14138227701187134,-0.07206703722476959,0.15828126668930054,0.44979327917099,0.021928533911705017,0.439809113740921,0.18434873223304749,-0.02552085369825363,0.4884050488471985,0.03525281697511673,0.037047334015369415,0.5121279954910278,0.26137882471084595,-0.4452440142631531,0.2739593982696533,0.09939651191234589,58,-0.046781547367572784,0.02788112498819828,-0.017623767256736755,-0.33304157853126526,0.05123835802078247,0.011355498805642128,-0.2124609649181366,-0.011112680658698082,-0.20839610695838928,-0.04941899701952934,0.02422848902642727,-0.014757360331714153,-0.3375545144081116,0.0319502055644989,0.012727674096822739,-0.2058122158050537,-0.01472916454076767,-0.21445049345493317,-0.029543111100792885,0.40027427673339844,0.08596684783697128,-0.4674266278743744,0.017778921872377396,0.006987648084759712,0.3039581775665283,0.0709652304649353,-0.02685546875,-0.03219373896718025,0.43345534801483154,0.10348623991012573,-0.47194045782089233,0.015682939440011978,0.006025952752679586,0.29631489515304565,0.07204480469226837,-0.02398701012134552,-0.09864556789398193,0.15547099709510803,-0.06933879852294922,-0.4177796244621277,-0.1226288303732872,0.017772020772099495,-0.06227472424507141,-0.00458509661257267,-0.6602599024772644,-0.10812121629714966,0.14829248189926147,-0.08465951681137085,-0.42970010638237,-0.14789630472660065,0.015018862672150135,-0.06234367936849594,-0.015163451433181763,-0.670849084854126,,,,,,,,,,,,,,,,,,,-0.13913048803806305,2.110211133956909,1.1846623420715332,0.3507302403450012,0.10429921001195908,0.15184006094932556,0.08838388323783875,0.22971521317958832,0.20260615646839142,-0.4290021061897278,1.1753443479537964,0.3670916259288788,0.3164525628089905,0.21619713306427002,0.6227871775627136,-0.012136690318584442,0.6164574027061462,0.38701871037483215,0.17493616044521332,0.6218400001525879,0.11407548934221268,-0.17430773377418518,1.413977861404419,0.7506194114685059,-0.2972935438156128,0.44173505902290344,0.3007887601852417,4,8343.62109375,8,0.4703643321990967,-0.0922892689704895,0.960470974445343,0.5898397564888,0.2745260000228882,0.055288009345531464,0.06978151947259903,-0.0469912514090538,0.09840982407331467,0.08551473915576935,-0.43602845072746277,0.6962078213691711,0.14138227701187134,-0.09256613254547119,0.11444013565778732,0.44979327917099,0.01979903131723404,0.32142627239227295,0.18434873223304749,-0.023231975734233856,0.35292118787765503,0.03525281697511673,0.033011872321367264,0.37387463450431824,0.26137882471084595,-0.4480324983596802,0.21050135791301727,0.09939651191234589
0.7674316167831421,-0.11878183484077454,1.2619012594223022,0.6571084856987,0.15569087862968445,0.07696548849344254,0.08188723027706146,-0.040884461253881454,0.15246129035949707,0.11749593913555145,-0.6043955683708191,0.8391954898834229,0.2278631329536438,0.32887372374534607,0.12321247905492783,0.40775248408317566,0.026948990300297737,0.4861685633659363,0.275929719209671,0.035161666572093964,0.5395047664642334,0.04448993131518364,0.05987964943051338,0.49996718764305115,0.3211120367050171,-0.49034738540649414,0.2576889395713806,0.10893839597702026,59,-0.06534930318593979,-0.0632922425866127,-0.03405952453613281,-0.44984233379364014,-0.07301021367311478,0.022142665460705757,-0.033037565648555756,0.06746486574411392,-0.45112085342407227,-0.07203072309494019,-0.0697682723402977,-0.03896765410900116,-0.4598994255065918,-0.07545855641365051,0.01752355881035328,-0.03091241791844368,0.06102428585290909,-0.4563080668449402,-0.09295109659433365,0.045604728162288666,0.01246852520853281,-0.449076384305954,0.004796817898750305,-0.0016349919606000185,0.11305197328329086,0.0360712930560112,-0.3322318494319916,-0.09711016714572906,0.05280349776148796,0.012918740510940552,-0.4511995017528534,-0.007220449857413769,-0.0017980197444558144,0.10533536970615387,0.03540562465786934,-0.34460291266441345,-0.042031124234199524,0.20105183124542236,-0.08183787763118744,-0.5063571333885193,0.32340383529663086,0.024062808603048325,-0.027377784252166748,0.0690813660621643,-0.28547388315200806,-0.05105951800942421,0.17956200242042542,-0.08710300922393799,-0.519439160823822,0.3100644648075104,0.018503157421946526,-0.02551335096359253,0.05987171456217766,-0.3026755750179291,,,,,,,,,,,,,,,,,,,-0.11019148677587509,1.77962064743042,0.8088705539703369,0.18322542309761047,0.0864010900259018,0.11517491191625595,-0.04810722544789314,0.20756228268146515,0.15833204984664917,-0.6146728992462158,0.9833635687828064,0.2935434877872467,0.400511771440506,0.13321378827095032,0.45185041427612305,0.02220240980386734,0.606439471244812,0.34738489985466003,0.154310941696167,0.620931088924408,0.0798778310418129,0.002471995074301958,1.10947847366333,0.42160362005233765,-0.34353578090667725,0.3840387463569641,0.14420224726200104,4,8746.810546875,7,0.48399245738983154,-0.1291067898273468,0.8790093064308167,0.6571084856987,0.13303208351135254,0.0504177026450634,0.08188723027706146,-0.042001254856586456,0.10231666266918182,0.11749593913555145,-0.6098617315292358,0.6023567914962769,0.2278631329536438,0.3121987581253052,0.08443664759397507,0.40775248408317566,0.019118621945381165,0.3270937204360962,0.275929719209671,0.044205039739608765,0.37075892090797424,0.04448993131518364,0.05273662507534027,0.33698537945747375,0.3211120367050171,-0.5065447092056274,0.17796604335308075,0.10893839597702026
0.6509470343589783,-0.052104733884334564,1.045757532119751,0.9107696413993835,0.10924400389194489,0.0630338042974472,0.09723377227783203,-0.10692581534385681,0.14675898849964142,0.1265336275100708,-0.3480975925922394,0.5843397378921509,0.19966425001621246,-0.14322489500045776,0.10166960954666138,0.7682727575302124,0.01141602173447609,0.444929838180542,0.23454053699970245,0.17411407828330994,0.4841717481613159,0.04563857987523079,0.06667111814022064,0.499659925699234,0.3072896897792816,-0.42534440755844116,0.18510237336158752,0.14969412982463837,60,-0.02954869344830513,0.006064264103770256,0.01216043159365654,-0.25048935413360596,-0.004706880077719688,0.010643245652318,-0.004132857546210289,0.03428269922733307,-0.04391322284936905,-0.04605994001030922,0.015951165929436684,0.00027922727167606354,-0.2938084900379181,-0.010091631673276424,0.007372646126896143,-0.0024593062698841095,0.03142742067575455,-0.14908353984355927,0.00878634862601757,-0.008472652174532413,-0.04830784723162651,-0.15004388988018036,0.16150841116905212,0.02666640281677246,0.27572357654571533,-0.008003809489309788,0.15198495984077454,0.012221233919262886,0.025712333619594574,-0.04417075961828232,-0.15086409449577332,0.1998429149389267,0.026903387159109116,0.268596887588501,-0.014912460930645466,0.19231919944286346,-0.06158509850502014,0.11434611678123474,-0.18269848823547363,-0.27899855375289917,-0.1411798745393753,-0.010837046429514885,-0.028411943465471268,0.028671221807599068,-0.5732238292694092,-0.06837376952171326,0.10488323867321014,-0.192742258310318,-0.30399757623672485,-0.141658216714859,-0.015700198709964752,-0.029129203408956528,0.026698105037212372,-0.5685681700706482,,,,,,,,,,,,,,,,,,,-0.11321306973695755,1.631116271018982,1.3317461013793945,0.11902329325675964,0.0767856165766716,0.17716127634048462,-0.025330618023872375,0.20152691006660461,0.2279372662305832,-0.46667957305908203,0.7944127917289734,0.3735571503639221,-0.12456762790679932,0.12238417565822601,0.8847500085830688,-0.013763455674052238,0.5893698334693909,0.43747079372406006,0.1771402806043625,0.6160987019538879,0.12124191969633102,-0.10802300274372101,1.0689023733139038,0.7078912258148193,-0.289073646068573,0.3138069808483124,0.24634970724582672,4,7578.17919921875,6,0.39389050006866455,-0.0584540069103241,0.7021318078041077,0.9107696413993835,0.10370433330535889,0.04252392426133156,0.09723377227783203,-0.11046718060970306,0.09500549733638763,0.1265336275100708,-0.3593139946460724,0.42047688364982605,0.19966425001621246,-0.12073563784360886,0.06900833547115326,0.7682727575302124,0.003939073532819748,0.28934037685394287,0.23454053699970245,0.17562168836593628,0.31825968623161316,0.04563857987523079,0.054848551750183105,0.31394457817077637,0.3072896897792816,-0.4108074903488159,0.1304742395877838,0.14969412982463837
1.1508724689483643,-0.07485481351613998,2.468679189682007,0.969484269618988,-0.01631355658173561,0.138152614235878,0.06383442133665085,-0.11625833064317703,0.2827826738357544,0.09935270249843597,-0.5840600728988647,1.5939521789550781,0.14173662662506104,-0.01817137561738491,0.6343615651130676,0.8793784379959106,0.020667435601353645,0.8898736834526062,0.19837261736392975,-0.04316956549882889,0.7809635400772095,0.03419863432645798,-0.00853518582880497,1.165188193321228,0.2730580270290375,-0.46741053462028503,0.5410938858985901,0.13219791650772095,61,-0.129903644323349,0.019237590953707695,0.025515422224998474,-0.47674164175987244,0.01832568645477295,0.04217977449297905,-0.009542740881443024,0.03038538247346878,-0.5537059903144836,-0.144567608833313,0.023584268987178802,0.012633327394723892,-0.5009821057319641,0.02499101124703884,0.03639117255806923,-0.007445145398378372,0.02409454807639122,-0.5664560198783875,,,,,,,,,,,,,,,,,,,-0.0377698577940464,0.06345050036907196,-0.11503304541110992,-0.42295771837234497,-0.01189258974045515,0.0177552942186594,0.025132033973932266,-0.01262342557311058,-0.06737102568149567,-0.039482034742832184,0.06836271286010742,-0.1009608656167984,-0.4204563498497009,-0.020313169807195663,0.017590591683983803,0.025105269625782967,-0.006863693706691265,-0.07063768804073334,,,,,,,,,,,,,,,,,,,-0.017445500940084457,3.5325748920440674,1.4554888010025024,0.14386454224586487,0.1766354739665985,0.15125925838947296,0.03202666714787483,0.41318365931510925,0.19139759242534637,-0.49091431498527527,1.919225811958313,0.2533755898475647,0.32728925347328186,0.6853695511817932,1.2380691766738892,0.014080110006034374,1.1357645988464355,0.3368721902370453,0.081430584192276,1.0025578737258911,0.08032190054655075,-0.07757024466991425,2.2938425540924072,0.5328733325004578,-0.2876890301704407,0.7531324625015259,0.2408992499113083,4,8693.08984375,5,0.766977071762085,-0.07746776938438416,1.935799241065979,0.969484269618988,-0.02825581654906273,0.10643122345209122,0.06383442133665085,-0.10953488945960999,0.2205355316400528,0.09935270249843597,-0.5854097604751587,1.253942847251892,0.14173662662506104,-0.024277014657855034,0.5241791009902954,0.8793784379959106,0.01704319752752781,0.6945036053657532,0.19837261736392975,-0.04591798037290573,0.6021527051925659,0.03419863432645798,-0.011516787111759186,0.9058078527450562,0.2730580270290375,-0.47243818640708923,0.41810014843940735,0.13219791650772095
0.8923295140266418,-0.030835885554552078,1.5316088199615479,0.5013189315795898,0.336373895406723,0.1282590627670288,0.08335870504379272,-0.015770485624670982,0.2124757319688797,0.10463307797908783,-0.4237079620361328,0.8849726319313049,0.1531885713338852,0.11212091147899628,0.1283196061849594,0.1520877182483673,0.057520799338817596,0.6600171327590942,0.2683338224887848,-0.12593336403369904,0.6295258402824402,0.056312985718250275,0.1313008964061737,0.7179951071739197,0.3135991394519806,-0.1628272533416748,0.370330274105072,0.11535997688770294,62,-0.007941692136228085,0.1708264946937561,0.0523977130651474,-0.30849698185920715,-0.3107362389564514,0.027628500014543533,-0.09645736217498779,0.17619836330413818,-0.16024918854236603,-0.01133895292878151,0.1990889012813568,0.0376875065267086,-0.3249768614768982,-0.2336752563714981,0.022151131182909012,-0.09659158438444138,0.16655364632606506,-0.17654050886631012,,,,,,,,,,,,,,,,,,,0.007837861776351929,0.33148545026779175,-0.07643447816371918,-0.37947893142700195,0.16725605726242065,0.04235302284359932,0.07936250418424606,0.09478220343589783,0.3215405344963074,-0.003067314624786377,0.3540216386318207,-0.07918895781040192,-0.3915099799633026,0.2298622727394104,0.049336209893226624,0.08286365121603012,0.07339050620794296,0.2751338481903076,,,,,,,,,,,,,,,,,,,-0.085354745388031,1.9127683639526367,0.8688598871231079,0.31463372707366943,0.13628409802913666,0.13866069912910461,0.00037430395605042577,0.250826358795166,0.1708754599094391,-0.42060232162475586,0.9726345539093018,0.26561611890792847,-0.007641596719622612,0.15111252665519714,0.261062890291214,0.04194464534521103,0.7533581256866455,0.3814889192581177,0.0455632321536541,0.6983145475387573,0.09074386954307556,-0.05358579009771347,1.1690549850463867,0.6159562468528748,-0.18929171562194824,0.43181148171424866,0.18605439364910126,4,9142.6240234375,5,0.563245952129364,-0.04718535766005516,1.0768436193466187,0.5013189315795898,0.353370726108551,0.09226591885089874,0.08335870504379272,-0.029645029455423355,0.14190684258937836,0.10463307797908783,-0.4475800096988678,0.6562161445617676,0.1531885713338852,0.20651334524154663,0.10052452981472015,0.1520877182483673,0.0558287613093853,0.44835832715034485,0.2683338224887848,-0.11743173003196716,0.42635485529899597,0.056312985718250275,0.1011418029665947,0.48958781361579895,0.3135991394519806,-0.17790761590003967,0.26022496819496155,0.11535997688770294
0.8898348808288574,-0.028404349461197853,1.5270060300827026,0.5691132545471191,0.0992216020822525,0.0982414186000824,0.08215117454528809,0.06771750748157501,0.20142339169979095,0.09460203349590302,-0.36471882462501526,1.0223240852355957,0.11238223314285278,0.07923202216625214,0.16270294785499573,0.4283759891986847,0.023764755576848984,0.6310355067253113,0.2116657793521881,-0.05536811053752899,0.6403822898864746,0.02957824058830738,0.05689026415348053,0.5437402725219727,0.23426298797130585,0.006672888994216919,0.32551077008247375,0.10723510384559631,63,-0.025259215384721756,0.016276702284812927,0.016630761325359344,-0.3581177592277527,0.026591040194034576,0.015801098197698593,-0.03167130798101425,0.027220170944929123,0.05757426470518112,-0.02679414674639702,0.003801983781158924,0.024177631363272667,-0.3597799241542816,0.0077178459614515305,0.01447761245071888,-0.02643115445971489,0.024966953322291374,0.05565034598112106,0.055451538413763046,0.03086853213608265,0.16368335485458374,-0.29264363646507263,0.2323058545589447,0.03297725319862366,0.12500523030757904,0.1997509002685547,-0.018497765064239502,0.11606284976005554,0.16524207592010498,0.25882723927497864,-0.2788790166378021,0.39889320731163025,0.06832939386367798,0.1347486823797226,0.23899397253990173,0.04587320238351822,,,,,,,,,,,,,,,,,,,,,,,,,,,,,,,,,,,,,-0.10659439861774445,2.0835962295532227,1.1528232097625732,0.11155829578638077,0.12271208316087723,0.16148604452610016,0.08990702033042908,0.26130953431129456,0.22547300159931183,-0.4802037477493286,1.2863190174102783,0.3473789691925049,0.006233611144125462,0.18059109151363373,0.5537813305854797,0.01487204059958458,0.7210386395454407,0.41677209734916687,0.2801659107208252,0.7439945936203003,0.11046850681304932,-0.04929225891828537,1.1413776874542236,0.7384459972381592,-0.26346468925476074,0.44117358326911926,0.30583465099334717,4,8387.66015625,5,0.6078851819038391,-0.016196617856621742,1.2165377140045166,0.5691132545471191,0.14431345462799072,0.08244084566831589,0.08215117454528809,0.10567689687013626,0.15855289995670319,0.09460203349590302,-0.36163631081581116,0.8199045062065125,0.11238223314285278,0.15848538279533386,0.1560310274362564,0.4283759891986847,0.028870517387986183,0.4939178228378296,0.2116657793521881,-0.053385138511657715,0.4969543218612671,0.02957824058830738,0.061285343021154404,0.43709829449653625,0.23426298797130585,0.015705078840255737,0.2635643184185028,0.10723510384559631
